2025-12-23 17:44:31 - INFO - Created experiment checkpoint directory: /data/jiahao/openpi/checkpoints/pi05_csgo_exp10_3/pi05_csgo_exp10_3 - (1939281:train_csgo.py:618)
2025-12-23 17:44:33 - INFO - Using batch size per GPU: 128 (total batch size across 1 GPUs: 128) - (1939281:train_csgo.py:632)
2025-12-23 17:44:33 - INFO - Norm stats not found in /home/jiahao/task/openpi/assets/pi05_csgo_exp10_3/csgosquare/de_dust2, skipping. - (1939281:config.py:204)
2025-12-23 17:44:33 - INFO - data_config: DataConfig(is_csgo=True, csgo_config={'debug': False, 'data_dir': 'data/preprocessed_data', 'train_maps': ['de_dust2'], 'val_maps': ['de_dust2'], 'test_maps': ['de_dust2'], 'map_size': [224, 224], 'fps_size': [224, 224], 'is_dataset_aug': False, 'is_fps_dropout': True, 'is_fps_aug': False, 'erasing_p': 0.6}, repo_id='csgosquare/de_dust2', asset_id='csgosquare/de_dust2', norm_stats=None, repack_transforms=Group(inputs=[RepackTransform(structure={'observation/image': 'image', 'observation/wrist_image': 'wrist_image', 'observation/state': 'state', 'map_id': 'map_id', 'actions': 'actions', 'prompt': 'prompt'})], outputs=()), data_transforms=Group(inputs=[CsgoInputs(model_type=<ModelType.PI05: 'pi05'>)], outputs=[CsgoOutputs()]), model_transforms=Group(inputs=[InjectDefaultPrompt(prompt=None), ResizeImages(height=224, width=224), TokenizePrompt(tokenizer=<openpi.models.tokenizer.PaligemmaTokenizer object at 0x74ec7164e550>, discrete_state_input=False), PadStatesAndActions(model_action_dim=32)], outputs=()), use_quantile_norm=True, action_sequence_keys=('actions',), prompt_from_task=True, rlds_data_dir=None, action_space=None, filter_dict_path=None) - (1939281:data_loader.py:305)
2025-12-23 17:44:33 - INFO - local dataset: 20000 - (1939281:data_loader.py:405)
2025-12-23 17:44:33 - INFO - local_batch_size: 128 - (1939281:data_loader.py:406)
2025-12-23 17:44:34 - INFO - Unable to initialize backend 'rocm': module 'jaxlib.xla_extension' has no attribute 'GpuAllocatorConfig' - (1939281:xla_bridge.py:925)
2025-12-23 17:44:34 - INFO - Unable to initialize backend 'tpu': INTERNAL: Failed to open libtpu.so: libtpu.so: cannot open shared object file: No such file or directory - (1939281:xla_bridge.py:925)
2025-12-23 17:44:34 - INFO - local dataloader: 156 - (1939281:data_loader.py:418)
2025-12-23 17:44:56 - INFO - 
batch_sample: [<class 'openpi.models.model.Observation'>, <class 'torch.Tensor'>] - (1939281:train_csgo.py:640)
2025-12-23 17:44:56 - INFO - batch_sample[0].to_dict().keys() = dict_keys(['map_ids', 'state', 'tokenized_prompt', 'tokenized_prompt_mask', 'token_ar_mask', 'token_loss_mask', 'image', 'image_mask']) - (1939281:train_csgo.py:641)
2025-12-23 17:44:56 - INFO - batch_sample[1].shape = torch.Size([128, 1, 32]) - (1939281:train_csgo.py:642)
2025-12-23 17:44:56 - INFO - 
 - (1939281:train_csgo.py:643)
2025-12-23 17:44:56 - INFO - Norm stats not found in /home/jiahao/task/openpi/assets/pi05_csgo_exp10_3/csgosquare/de_dust2, skipping. - (1939281:config.py:204)
2025-12-23 17:44:56 - INFO - data_config: DataConfig(is_csgo=True, csgo_config={'debug': False, 'data_dir': 'data/preprocessed_data', 'train_maps': ['de_dust2'], 'val_maps': ['de_dust2'], 'test_maps': ['de_dust2'], 'map_size': [224, 224], 'fps_size': [224, 224], 'is_dataset_aug': False, 'is_fps_dropout': True, 'is_fps_aug': False, 'erasing_p': 0.6}, repo_id='csgosquare/de_dust2', asset_id='csgosquare/de_dust2', norm_stats=None, repack_transforms=Group(inputs=[RepackTransform(structure={'observation/image': 'image', 'observation/wrist_image': 'wrist_image', 'observation/state': 'state', 'map_id': 'map_id', 'actions': 'actions', 'prompt': 'prompt'})], outputs=()), data_transforms=Group(inputs=[CsgoInputs(model_type=<ModelType.PI05: 'pi05'>)], outputs=[CsgoOutputs()]), model_transforms=Group(inputs=[InjectDefaultPrompt(prompt=None), ResizeImages(height=224, width=224), TokenizePrompt(tokenizer=<openpi.models.tokenizer.PaligemmaTokenizer object at 0x74ea3a5e0a90>, discrete_state_input=False), PadStatesAndActions(model_action_dim=32)], outputs=()), use_quantile_norm=True, action_sequence_keys=('actions',), prompt_from_task=True, rlds_data_dir=None, action_space=None, filter_dict_path=None) - (1939281:data_loader.py:305)
2025-12-23 17:44:57 - INFO - local dataset: 20000 - (1939281:data_loader.py:405)
2025-12-23 17:44:57 - INFO - local_batch_size: 128 - (1939281:data_loader.py:406)
2025-12-23 17:44:57 - INFO - local dataloader: 156 - (1939281:data_loader.py:418)
2025-12-23 17:45:30 - INFO - Cleared sample batch and data loader from memory - (1939281:train_csgo.py:683)
2025-12-23 17:46:25 - INFO - Enabled gradient checkpointing for PI0Pytorch model - (1939281:pi0_pytorch.py:301)
2025-12-23 17:46:25 - INFO - Enabled gradient checkpointing for memory optimization - (1939281:train_csgo.py:707)
2025-12-23 17:46:25 - INFO - Step 0 (after_model_creation): GPU memory - allocated: 7.55GB, reserved: 7.60GB, free: 0.05GB, peak_allocated: 7.55GB, peak_reserved: 7.60GB - (1939281:train_csgo.py:354)
2025-12-23 17:46:25 - INFO - Loading weights from: /home/jiahao/.cache/openpi/openpi-assets/checkpoints/pi05_base - (1939281:train_csgo.py:736)
2025-12-23 17:46:30 - INFO - Loaded PyTorch weights from /home/jiahao/.cache/openpi/openpi-assets/checkpoints/pi05_base - (1939281:train_csgo.py:745)
2025-12-23 17:46:30 - INFO - Running on: gpu-05 | world_size=1 - (1939281:train_csgo.py:805)
2025-12-23 17:46:30 - INFO - Training config: batch_size=128, effective_batch_size=128, num_train_steps=30000 - (1939281:train_csgo.py:808)
2025-12-23 17:46:30 - INFO - Memory optimizations: gradient_checkpointing=True - (1939281:train_csgo.py:811)
2025-12-23 17:46:30 - INFO - LR schedule: warmup=1000, peak_lr=5.00e-05, decay_steps=8000, end_lr=5.00e-05 - (1939281:train_csgo.py:812)
2025-12-23 17:46:30 - INFO - Optimizer: AdamW, weight_decay=1e-10, clip_norm=1.0 - (1939281:train_csgo.py:815)
2025-12-23 17:46:30 - INFO - EMA is not supported for PyTorch training - (1939281:train_csgo.py:818)
2025-12-23 17:46:30 - INFO - Training precision: bfloat16 - (1939281:train_csgo.py:819)
2025-12-23 17:46:30 - INFO -     Parameters to be optimized: - (1939281:train_csgo.py:822)
2025-12-23 17:46:30 - INFO -         [TRAINABLE] fps_guided_map_attention.fps_pooling.query_token (shape: torch.Size([1, 1, 2048])) - (1939281:train_csgo.py:825)
2025-12-23 17:46:30 - INFO -         [TRAINABLE] fps_guided_map_attention.fps_pooling.mha.in_proj_weight (shape: torch.Size([6144, 2048])) - (1939281:train_csgo.py:825)
2025-12-23 17:46:30 - INFO -         [TRAINABLE] fps_guided_map_attention.fps_pooling.mha.in_proj_bias (shape: torch.Size([6144])) - (1939281:train_csgo.py:825)
2025-12-23 17:46:30 - INFO -         [TRAINABLE] fps_guided_map_attention.fps_pooling.mha.out_proj.weight (shape: torch.Size([2048, 2048])) - (1939281:train_csgo.py:825)
2025-12-23 17:46:30 - INFO -         [TRAINABLE] fps_guided_map_attention.fps_pooling.mha.out_proj.bias (shape: torch.Size([2048])) - (1939281:train_csgo.py:825)
2025-12-23 17:46:30 - INFO -         [TRAINABLE] fps_guided_map_attention.fps_pooling.norm.weight (shape: torch.Size([2048])) - (1939281:train_csgo.py:825)
2025-12-23 17:46:30 - INFO -         [TRAINABLE] fps_guided_map_attention.fps_pooling.norm.bias (shape: torch.Size([2048])) - (1939281:train_csgo.py:825)
2025-12-23 17:46:30 - INFO -         [TRAINABLE] fps_guided_map_attention.q_proj.weight (shape: torch.Size([2048, 2048])) - (1939281:train_csgo.py:825)
2025-12-23 17:46:30 - INFO -         [TRAINABLE] fps_guided_map_attention.q_proj.bias (shape: torch.Size([2048])) - (1939281:train_csgo.py:825)
2025-12-23 17:46:30 - INFO -         [TRAINABLE] fps_guided_map_attention.k_proj.weight (shape: torch.Size([2048, 2048])) - (1939281:train_csgo.py:825)
2025-12-23 17:46:30 - INFO -         [TRAINABLE] fps_guided_map_attention.k_proj.bias (shape: torch.Size([2048])) - (1939281:train_csgo.py:825)
2025-12-23 17:46:30 - INFO -         [TRAINABLE] fps_guided_map_attention.v_proj.weight (shape: torch.Size([2048, 2048])) - (1939281:train_csgo.py:825)
2025-12-23 17:46:30 - INFO -         [TRAINABLE] fps_guided_map_attention.v_proj.bias (shape: torch.Size([2048])) - (1939281:train_csgo.py:825)
2025-12-23 17:46:30 - INFO -         [TRAINABLE] fps_guided_map_attention.o_proj.weight (shape: torch.Size([2048, 2048])) - (1939281:train_csgo.py:825)
2025-12-23 17:46:30 - INFO -         [TRAINABLE] fps_guided_map_attention.o_proj.bias (shape: torch.Size([2048])) - (1939281:train_csgo.py:825)
2025-12-23 17:46:30 - INFO -         [TRAINABLE] paligemma_with_expert.paligemma.model.vision_tower.vision_model.embeddings.patch_embedding.weight (shape: torch.Size([1152, 3, 14, 14])) - (1939281:train_csgo.py:825)
2025-12-23 17:46:30 - INFO -         [TRAINABLE] paligemma_with_expert.paligemma.model.vision_tower.vision_model.embeddings.patch_embedding.bias (shape: torch.Size([1152])) - (1939281:train_csgo.py:825)
2025-12-23 17:46:30 - INFO -         [TRAINABLE] paligemma_with_expert.paligemma.model.vision_tower.vision_model.embeddings.position_embedding.weight (shape: torch.Size([256, 1152])) - (1939281:train_csgo.py:825)
2025-12-23 17:46:30 - INFO -         [TRAINABLE] paligemma_with_expert.paligemma.model.vision_tower.vision_model.encoder.layers.0.layer_norm1.weight (shape: torch.Size([1152])) - (1939281:train_csgo.py:825)
2025-12-23 17:46:30 - INFO -         [TRAINABLE] paligemma_with_expert.paligemma.model.vision_tower.vision_model.encoder.layers.0.layer_norm1.bias (shape: torch.Size([1152])) - (1939281:train_csgo.py:825)
2025-12-23 17:46:30 - INFO -         [TRAINABLE] paligemma_with_expert.paligemma.model.vision_tower.vision_model.encoder.layers.0.self_attn.k_proj.weight (shape: torch.Size([1152, 1152])) - (1939281:train_csgo.py:825)
2025-12-23 17:46:30 - INFO -         [TRAINABLE] paligemma_with_expert.paligemma.model.vision_tower.vision_model.encoder.layers.0.self_attn.k_proj.bias (shape: torch.Size([1152])) - (1939281:train_csgo.py:825)
2025-12-23 17:46:30 - INFO -         [TRAINABLE] paligemma_with_expert.paligemma.model.vision_tower.vision_model.encoder.layers.0.self_attn.v_proj.weight (shape: torch.Size([1152, 1152])) - (1939281:train_csgo.py:825)
2025-12-23 17:46:30 - INFO -         [TRAINABLE] paligemma_with_expert.paligemma.model.vision_tower.vision_model.encoder.layers.0.self_attn.v_proj.bias (shape: torch.Size([1152])) - (1939281:train_csgo.py:825)
2025-12-23 17:46:30 - INFO -         [TRAINABLE] paligemma_with_expert.paligemma.model.vision_tower.vision_model.encoder.layers.0.self_attn.q_proj.weight (shape: torch.Size([1152, 1152])) - (1939281:train_csgo.py:825)
2025-12-23 17:46:30 - INFO -         [TRAINABLE] paligemma_with_expert.paligemma.model.vision_tower.vision_model.encoder.layers.0.self_attn.q_proj.bias (shape: torch.Size([1152])) - (1939281:train_csgo.py:825)
2025-12-23 17:46:30 - INFO -         [TRAINABLE] paligemma_with_expert.paligemma.model.vision_tower.vision_model.encoder.layers.0.self_attn.out_proj.weight (shape: torch.Size([1152, 1152])) - (1939281:train_csgo.py:825)
2025-12-23 17:46:30 - INFO -         [TRAINABLE] paligemma_with_expert.paligemma.model.vision_tower.vision_model.encoder.layers.0.self_attn.out_proj.bias (shape: torch.Size([1152])) - (1939281:train_csgo.py:825)
2025-12-23 17:46:30 - INFO -         [TRAINABLE] paligemma_with_expert.paligemma.model.vision_tower.vision_model.encoder.layers.0.layer_norm2.weight (shape: torch.Size([1152])) - (1939281:train_csgo.py:825)
2025-12-23 17:46:30 - INFO -         [TRAINABLE] paligemma_with_expert.paligemma.model.vision_tower.vision_model.encoder.layers.0.layer_norm2.bias (shape: torch.Size([1152])) - (1939281:train_csgo.py:825)
2025-12-23 17:46:30 - INFO -         [TRAINABLE] paligemma_with_expert.paligemma.model.vision_tower.vision_model.encoder.layers.0.mlp.fc1.weight (shape: torch.Size([4304, 1152])) - (1939281:train_csgo.py:825)
2025-12-23 17:46:30 - INFO -         [TRAINABLE] paligemma_with_expert.paligemma.model.vision_tower.vision_model.encoder.layers.0.mlp.fc1.bias (shape: torch.Size([4304])) - (1939281:train_csgo.py:825)
2025-12-23 17:46:30 - INFO -         [TRAINABLE] paligemma_with_expert.paligemma.model.vision_tower.vision_model.encoder.layers.0.mlp.fc2.weight (shape: torch.Size([1152, 4304])) - (1939281:train_csgo.py:825)
2025-12-23 17:46:30 - INFO -         [TRAINABLE] paligemma_with_expert.paligemma.model.vision_tower.vision_model.encoder.layers.0.mlp.fc2.bias (shape: torch.Size([1152])) - (1939281:train_csgo.py:825)
2025-12-23 17:46:30 - INFO -         [TRAINABLE] paligemma_with_expert.paligemma.model.vision_tower.vision_model.encoder.layers.1.layer_norm1.weight (shape: torch.Size([1152])) - (1939281:train_csgo.py:825)
2025-12-23 17:46:30 - INFO -         [TRAINABLE] paligemma_with_expert.paligemma.model.vision_tower.vision_model.encoder.layers.1.layer_norm1.bias (shape: torch.Size([1152])) - (1939281:train_csgo.py:825)
2025-12-23 17:46:30 - INFO -         [TRAINABLE] paligemma_with_expert.paligemma.model.vision_tower.vision_model.encoder.layers.1.self_attn.k_proj.weight (shape: torch.Size([1152, 1152])) - (1939281:train_csgo.py:825)
2025-12-23 17:46:30 - INFO -         [TRAINABLE] paligemma_with_expert.paligemma.model.vision_tower.vision_model.encoder.layers.1.self_attn.k_proj.bias (shape: torch.Size([1152])) - (1939281:train_csgo.py:825)
2025-12-23 17:46:30 - INFO -         [TRAINABLE] paligemma_with_expert.paligemma.model.vision_tower.vision_model.encoder.layers.1.self_attn.v_proj.weight (shape: torch.Size([1152, 1152])) - (1939281:train_csgo.py:825)
2025-12-23 17:46:30 - INFO -         [TRAINABLE] paligemma_with_expert.paligemma.model.vision_tower.vision_model.encoder.layers.1.self_attn.v_proj.bias (shape: torch.Size([1152])) - (1939281:train_csgo.py:825)
2025-12-23 17:46:30 - INFO -         [TRAINABLE] paligemma_with_expert.paligemma.model.vision_tower.vision_model.encoder.layers.1.self_attn.q_proj.weight (shape: torch.Size([1152, 1152])) - (1939281:train_csgo.py:825)
2025-12-23 17:46:30 - INFO -         [TRAINABLE] paligemma_with_expert.paligemma.model.vision_tower.vision_model.encoder.layers.1.self_attn.q_proj.bias (shape: torch.Size([1152])) - (1939281:train_csgo.py:825)
2025-12-23 17:46:30 - INFO -         [TRAINABLE] paligemma_with_expert.paligemma.model.vision_tower.vision_model.encoder.layers.1.self_attn.out_proj.weight (shape: torch.Size([1152, 1152])) - (1939281:train_csgo.py:825)
2025-12-23 17:46:30 - INFO -         [TRAINABLE] paligemma_with_expert.paligemma.model.vision_tower.vision_model.encoder.layers.1.self_attn.out_proj.bias (shape: torch.Size([1152])) - (1939281:train_csgo.py:825)
2025-12-23 17:46:30 - INFO -         [TRAINABLE] paligemma_with_expert.paligemma.model.vision_tower.vision_model.encoder.layers.1.layer_norm2.weight (shape: torch.Size([1152])) - (1939281:train_csgo.py:825)
2025-12-23 17:46:30 - INFO -         [TRAINABLE] paligemma_with_expert.paligemma.model.vision_tower.vision_model.encoder.layers.1.layer_norm2.bias (shape: torch.Size([1152])) - (1939281:train_csgo.py:825)
2025-12-23 17:46:30 - INFO -         [TRAINABLE] paligemma_with_expert.paligemma.model.vision_tower.vision_model.encoder.layers.1.mlp.fc1.weight (shape: torch.Size([4304, 1152])) - (1939281:train_csgo.py:825)
2025-12-23 17:46:30 - INFO -         [TRAINABLE] paligemma_with_expert.paligemma.model.vision_tower.vision_model.encoder.layers.1.mlp.fc1.bias (shape: torch.Size([4304])) - (1939281:train_csgo.py:825)
2025-12-23 17:46:30 - INFO -         [TRAINABLE] paligemma_with_expert.paligemma.model.vision_tower.vision_model.encoder.layers.1.mlp.fc2.weight (shape: torch.Size([1152, 4304])) - (1939281:train_csgo.py:825)
2025-12-23 17:46:30 - INFO -         [TRAINABLE] paligemma_with_expert.paligemma.model.vision_tower.vision_model.encoder.layers.1.mlp.fc2.bias (shape: torch.Size([1152])) - (1939281:train_csgo.py:825)
2025-12-23 17:46:30 - INFO -         [TRAINABLE] paligemma_with_expert.paligemma.model.vision_tower.vision_model.encoder.layers.2.layer_norm1.weight (shape: torch.Size([1152])) - (1939281:train_csgo.py:825)
2025-12-23 17:46:30 - INFO -         [TRAINABLE] paligemma_with_expert.paligemma.model.vision_tower.vision_model.encoder.layers.2.layer_norm1.bias (shape: torch.Size([1152])) - (1939281:train_csgo.py:825)
2025-12-23 17:46:30 - INFO -         [TRAINABLE] paligemma_with_expert.paligemma.model.vision_tower.vision_model.encoder.layers.2.self_attn.k_proj.weight (shape: torch.Size([1152, 1152])) - (1939281:train_csgo.py:825)
2025-12-23 17:46:30 - INFO -         [TRAINABLE] paligemma_with_expert.paligemma.model.vision_tower.vision_model.encoder.layers.2.self_attn.k_proj.bias (shape: torch.Size([1152])) - (1939281:train_csgo.py:825)
2025-12-23 17:46:30 - INFO -         [TRAINABLE] paligemma_with_expert.paligemma.model.vision_tower.vision_model.encoder.layers.2.self_attn.v_proj.weight (shape: torch.Size([1152, 1152])) - (1939281:train_csgo.py:825)
2025-12-23 17:46:30 - INFO -         [TRAINABLE] paligemma_with_expert.paligemma.model.vision_tower.vision_model.encoder.layers.2.self_attn.v_proj.bias (shape: torch.Size([1152])) - (1939281:train_csgo.py:825)
2025-12-23 17:46:30 - INFO -         [TRAINABLE] paligemma_with_expert.paligemma.model.vision_tower.vision_model.encoder.layers.2.self_attn.q_proj.weight (shape: torch.Size([1152, 1152])) - (1939281:train_csgo.py:825)
2025-12-23 17:46:30 - INFO -         [TRAINABLE] paligemma_with_expert.paligemma.model.vision_tower.vision_model.encoder.layers.2.self_attn.q_proj.bias (shape: torch.Size([1152])) - (1939281:train_csgo.py:825)
2025-12-23 17:46:30 - INFO -         [TRAINABLE] paligemma_with_expert.paligemma.model.vision_tower.vision_model.encoder.layers.2.self_attn.out_proj.weight (shape: torch.Size([1152, 1152])) - (1939281:train_csgo.py:825)
2025-12-23 17:46:30 - INFO -         [TRAINABLE] paligemma_with_expert.paligemma.model.vision_tower.vision_model.encoder.layers.2.self_attn.out_proj.bias (shape: torch.Size([1152])) - (1939281:train_csgo.py:825)
2025-12-23 17:46:30 - INFO -         [TRAINABLE] paligemma_with_expert.paligemma.model.vision_tower.vision_model.encoder.layers.2.layer_norm2.weight (shape: torch.Size([1152])) - (1939281:train_csgo.py:825)
2025-12-23 17:46:30 - INFO -         [TRAINABLE] paligemma_with_expert.paligemma.model.vision_tower.vision_model.encoder.layers.2.layer_norm2.bias (shape: torch.Size([1152])) - (1939281:train_csgo.py:825)
2025-12-23 17:46:30 - INFO -         [TRAINABLE] paligemma_with_expert.paligemma.model.vision_tower.vision_model.encoder.layers.2.mlp.fc1.weight (shape: torch.Size([4304, 1152])) - (1939281:train_csgo.py:825)
2025-12-23 17:46:30 - INFO -         [TRAINABLE] paligemma_with_expert.paligemma.model.vision_tower.vision_model.encoder.layers.2.mlp.fc1.bias (shape: torch.Size([4304])) - (1939281:train_csgo.py:825)
2025-12-23 17:46:30 - INFO -         [TRAINABLE] paligemma_with_expert.paligemma.model.vision_tower.vision_model.encoder.layers.2.mlp.fc2.weight (shape: torch.Size([1152, 4304])) - (1939281:train_csgo.py:825)
2025-12-23 17:46:30 - INFO -         [TRAINABLE] paligemma_with_expert.paligemma.model.vision_tower.vision_model.encoder.layers.2.mlp.fc2.bias (shape: torch.Size([1152])) - (1939281:train_csgo.py:825)
2025-12-23 17:46:30 - INFO -         [TRAINABLE] paligemma_with_expert.paligemma.model.vision_tower.vision_model.encoder.layers.3.layer_norm1.weight (shape: torch.Size([1152])) - (1939281:train_csgo.py:825)
2025-12-23 17:46:30 - INFO -         [TRAINABLE] paligemma_with_expert.paligemma.model.vision_tower.vision_model.encoder.layers.3.layer_norm1.bias (shape: torch.Size([1152])) - (1939281:train_csgo.py:825)
2025-12-23 17:46:30 - INFO -         [TRAINABLE] paligemma_with_expert.paligemma.model.vision_tower.vision_model.encoder.layers.3.self_attn.k_proj.weight (shape: torch.Size([1152, 1152])) - (1939281:train_csgo.py:825)
2025-12-23 17:46:30 - INFO -         [TRAINABLE] paligemma_with_expert.paligemma.model.vision_tower.vision_model.encoder.layers.3.self_attn.k_proj.bias (shape: torch.Size([1152])) - (1939281:train_csgo.py:825)
2025-12-23 17:46:30 - INFO -         [TRAINABLE] paligemma_with_expert.paligemma.model.vision_tower.vision_model.encoder.layers.3.self_attn.v_proj.weight (shape: torch.Size([1152, 1152])) - (1939281:train_csgo.py:825)
2025-12-23 17:46:30 - INFO -         [TRAINABLE] paligemma_with_expert.paligemma.model.vision_tower.vision_model.encoder.layers.3.self_attn.v_proj.bias (shape: torch.Size([1152])) - (1939281:train_csgo.py:825)
2025-12-23 17:46:30 - INFO -         [TRAINABLE] paligemma_with_expert.paligemma.model.vision_tower.vision_model.encoder.layers.3.self_attn.q_proj.weight (shape: torch.Size([1152, 1152])) - (1939281:train_csgo.py:825)
2025-12-23 17:46:30 - INFO -         [TRAINABLE] paligemma_with_expert.paligemma.model.vision_tower.vision_model.encoder.layers.3.self_attn.q_proj.bias (shape: torch.Size([1152])) - (1939281:train_csgo.py:825)
2025-12-23 17:46:30 - INFO -         [TRAINABLE] paligemma_with_expert.paligemma.model.vision_tower.vision_model.encoder.layers.3.self_attn.out_proj.weight (shape: torch.Size([1152, 1152])) - (1939281:train_csgo.py:825)
2025-12-23 17:46:30 - INFO -         [TRAINABLE] paligemma_with_expert.paligemma.model.vision_tower.vision_model.encoder.layers.3.self_attn.out_proj.bias (shape: torch.Size([1152])) - (1939281:train_csgo.py:825)
2025-12-23 17:46:30 - INFO -         [TRAINABLE] paligemma_with_expert.paligemma.model.vision_tower.vision_model.encoder.layers.3.layer_norm2.weight (shape: torch.Size([1152])) - (1939281:train_csgo.py:825)
2025-12-23 17:46:30 - INFO -         [TRAINABLE] paligemma_with_expert.paligemma.model.vision_tower.vision_model.encoder.layers.3.layer_norm2.bias (shape: torch.Size([1152])) - (1939281:train_csgo.py:825)
2025-12-23 17:46:30 - INFO -         [TRAINABLE] paligemma_with_expert.paligemma.model.vision_tower.vision_model.encoder.layers.3.mlp.fc1.weight (shape: torch.Size([4304, 1152])) - (1939281:train_csgo.py:825)
2025-12-23 17:46:30 - INFO -         [TRAINABLE] paligemma_with_expert.paligemma.model.vision_tower.vision_model.encoder.layers.3.mlp.fc1.bias (shape: torch.Size([4304])) - (1939281:train_csgo.py:825)
2025-12-23 17:46:30 - INFO -         [TRAINABLE] paligemma_with_expert.paligemma.model.vision_tower.vision_model.encoder.layers.3.mlp.fc2.weight (shape: torch.Size([1152, 4304])) - (1939281:train_csgo.py:825)
2025-12-23 17:46:30 - INFO -         [TRAINABLE] paligemma_with_expert.paligemma.model.vision_tower.vision_model.encoder.layers.3.mlp.fc2.bias (shape: torch.Size([1152])) - (1939281:train_csgo.py:825)
2025-12-23 17:46:30 - INFO -         [TRAINABLE] paligemma_with_expert.paligemma.model.vision_tower.vision_model.encoder.layers.4.layer_norm1.weight (shape: torch.Size([1152])) - (1939281:train_csgo.py:825)
2025-12-23 17:46:30 - INFO -         [TRAINABLE] paligemma_with_expert.paligemma.model.vision_tower.vision_model.encoder.layers.4.layer_norm1.bias (shape: torch.Size([1152])) - (1939281:train_csgo.py:825)
2025-12-23 17:46:30 - INFO -         [TRAINABLE] paligemma_with_expert.paligemma.model.vision_tower.vision_model.encoder.layers.4.self_attn.k_proj.weight (shape: torch.Size([1152, 1152])) - (1939281:train_csgo.py:825)
2025-12-23 17:46:30 - INFO -         [TRAINABLE] paligemma_with_expert.paligemma.model.vision_tower.vision_model.encoder.layers.4.self_attn.k_proj.bias (shape: torch.Size([1152])) - (1939281:train_csgo.py:825)
2025-12-23 17:46:30 - INFO -         [TRAINABLE] paligemma_with_expert.paligemma.model.vision_tower.vision_model.encoder.layers.4.self_attn.v_proj.weight (shape: torch.Size([1152, 1152])) - (1939281:train_csgo.py:825)
2025-12-23 17:46:30 - INFO -         [TRAINABLE] paligemma_with_expert.paligemma.model.vision_tower.vision_model.encoder.layers.4.self_attn.v_proj.bias (shape: torch.Size([1152])) - (1939281:train_csgo.py:825)
2025-12-23 17:46:30 - INFO -         [TRAINABLE] paligemma_with_expert.paligemma.model.vision_tower.vision_model.encoder.layers.4.self_attn.q_proj.weight (shape: torch.Size([1152, 1152])) - (1939281:train_csgo.py:825)
2025-12-23 17:46:30 - INFO -         [TRAINABLE] paligemma_with_expert.paligemma.model.vision_tower.vision_model.encoder.layers.4.self_attn.q_proj.bias (shape: torch.Size([1152])) - (1939281:train_csgo.py:825)
2025-12-23 17:46:30 - INFO -         [TRAINABLE] paligemma_with_expert.paligemma.model.vision_tower.vision_model.encoder.layers.4.self_attn.out_proj.weight (shape: torch.Size([1152, 1152])) - (1939281:train_csgo.py:825)
2025-12-23 17:46:30 - INFO -         [TRAINABLE] paligemma_with_expert.paligemma.model.vision_tower.vision_model.encoder.layers.4.self_attn.out_proj.bias (shape: torch.Size([1152])) - (1939281:train_csgo.py:825)
2025-12-23 17:46:30 - INFO -         [TRAINABLE] paligemma_with_expert.paligemma.model.vision_tower.vision_model.encoder.layers.4.layer_norm2.weight (shape: torch.Size([1152])) - (1939281:train_csgo.py:825)
2025-12-23 17:46:30 - INFO -         [TRAINABLE] paligemma_with_expert.paligemma.model.vision_tower.vision_model.encoder.layers.4.layer_norm2.bias (shape: torch.Size([1152])) - (1939281:train_csgo.py:825)
2025-12-23 17:46:30 - INFO -         [TRAINABLE] paligemma_with_expert.paligemma.model.vision_tower.vision_model.encoder.layers.4.mlp.fc1.weight (shape: torch.Size([4304, 1152])) - (1939281:train_csgo.py:825)
2025-12-23 17:46:30 - INFO -         [TRAINABLE] paligemma_with_expert.paligemma.model.vision_tower.vision_model.encoder.layers.4.mlp.fc1.bias (shape: torch.Size([4304])) - (1939281:train_csgo.py:825)
2025-12-23 17:46:30 - INFO -         [TRAINABLE] paligemma_with_expert.paligemma.model.vision_tower.vision_model.encoder.layers.4.mlp.fc2.weight (shape: torch.Size([1152, 4304])) - (1939281:train_csgo.py:825)
2025-12-23 17:46:30 - INFO -         [TRAINABLE] paligemma_with_expert.paligemma.model.vision_tower.vision_model.encoder.layers.4.mlp.fc2.bias (shape: torch.Size([1152])) - (1939281:train_csgo.py:825)
2025-12-23 17:46:30 - INFO -         [TRAINABLE] paligemma_with_expert.paligemma.model.vision_tower.vision_model.encoder.layers.5.layer_norm1.weight (shape: torch.Size([1152])) - (1939281:train_csgo.py:825)
2025-12-23 17:46:30 - INFO -         [TRAINABLE] paligemma_with_expert.paligemma.model.vision_tower.vision_model.encoder.layers.5.layer_norm1.bias (shape: torch.Size([1152])) - (1939281:train_csgo.py:825)
2025-12-23 17:46:30 - INFO -         [TRAINABLE] paligemma_with_expert.paligemma.model.vision_tower.vision_model.encoder.layers.5.self_attn.k_proj.weight (shape: torch.Size([1152, 1152])) - (1939281:train_csgo.py:825)
2025-12-23 17:46:30 - INFO -         [TRAINABLE] paligemma_with_expert.paligemma.model.vision_tower.vision_model.encoder.layers.5.self_attn.k_proj.bias (shape: torch.Size([1152])) - (1939281:train_csgo.py:825)
2025-12-23 17:46:30 - INFO -         [TRAINABLE] paligemma_with_expert.paligemma.model.vision_tower.vision_model.encoder.layers.5.self_attn.v_proj.weight (shape: torch.Size([1152, 1152])) - (1939281:train_csgo.py:825)
2025-12-23 17:46:30 - INFO -         [TRAINABLE] paligemma_with_expert.paligemma.model.vision_tower.vision_model.encoder.layers.5.self_attn.v_proj.bias (shape: torch.Size([1152])) - (1939281:train_csgo.py:825)
2025-12-23 17:46:30 - INFO -         [TRAINABLE] paligemma_with_expert.paligemma.model.vision_tower.vision_model.encoder.layers.5.self_attn.q_proj.weight (shape: torch.Size([1152, 1152])) - (1939281:train_csgo.py:825)
2025-12-23 17:46:30 - INFO -         [TRAINABLE] paligemma_with_expert.paligemma.model.vision_tower.vision_model.encoder.layers.5.self_attn.q_proj.bias (shape: torch.Size([1152])) - (1939281:train_csgo.py:825)
2025-12-23 17:46:30 - INFO -         [TRAINABLE] paligemma_with_expert.paligemma.model.vision_tower.vision_model.encoder.layers.5.self_attn.out_proj.weight (shape: torch.Size([1152, 1152])) - (1939281:train_csgo.py:825)
2025-12-23 17:46:30 - INFO -         [TRAINABLE] paligemma_with_expert.paligemma.model.vision_tower.vision_model.encoder.layers.5.self_attn.out_proj.bias (shape: torch.Size([1152])) - (1939281:train_csgo.py:825)
2025-12-23 17:46:30 - INFO -         [TRAINABLE] paligemma_with_expert.paligemma.model.vision_tower.vision_model.encoder.layers.5.layer_norm2.weight (shape: torch.Size([1152])) - (1939281:train_csgo.py:825)
2025-12-23 17:46:30 - INFO -         [TRAINABLE] paligemma_with_expert.paligemma.model.vision_tower.vision_model.encoder.layers.5.layer_norm2.bias (shape: torch.Size([1152])) - (1939281:train_csgo.py:825)
2025-12-23 17:46:30 - INFO -         [TRAINABLE] paligemma_with_expert.paligemma.model.vision_tower.vision_model.encoder.layers.5.mlp.fc1.weight (shape: torch.Size([4304, 1152])) - (1939281:train_csgo.py:825)
2025-12-23 17:46:30 - INFO -         [TRAINABLE] paligemma_with_expert.paligemma.model.vision_tower.vision_model.encoder.layers.5.mlp.fc1.bias (shape: torch.Size([4304])) - (1939281:train_csgo.py:825)
2025-12-23 17:46:30 - INFO -         [TRAINABLE] paligemma_with_expert.paligemma.model.vision_tower.vision_model.encoder.layers.5.mlp.fc2.weight (shape: torch.Size([1152, 4304])) - (1939281:train_csgo.py:825)
2025-12-23 17:46:30 - INFO -         [TRAINABLE] paligemma_with_expert.paligemma.model.vision_tower.vision_model.encoder.layers.5.mlp.fc2.bias (shape: torch.Size([1152])) - (1939281:train_csgo.py:825)
2025-12-23 17:46:30 - INFO -         [TRAINABLE] paligemma_with_expert.paligemma.model.vision_tower.vision_model.encoder.layers.6.layer_norm1.weight (shape: torch.Size([1152])) - (1939281:train_csgo.py:825)
2025-12-23 17:46:30 - INFO -         [TRAINABLE] paligemma_with_expert.paligemma.model.vision_tower.vision_model.encoder.layers.6.layer_norm1.bias (shape: torch.Size([1152])) - (1939281:train_csgo.py:825)
2025-12-23 17:46:30 - INFO -         [TRAINABLE] paligemma_with_expert.paligemma.model.vision_tower.vision_model.encoder.layers.6.self_attn.k_proj.weight (shape: torch.Size([1152, 1152])) - (1939281:train_csgo.py:825)
2025-12-23 17:46:30 - INFO -         [TRAINABLE] paligemma_with_expert.paligemma.model.vision_tower.vision_model.encoder.layers.6.self_attn.k_proj.bias (shape: torch.Size([1152])) - (1939281:train_csgo.py:825)
2025-12-23 17:46:30 - INFO -         [TRAINABLE] paligemma_with_expert.paligemma.model.vision_tower.vision_model.encoder.layers.6.self_attn.v_proj.weight (shape: torch.Size([1152, 1152])) - (1939281:train_csgo.py:825)
2025-12-23 17:46:30 - INFO -         [TRAINABLE] paligemma_with_expert.paligemma.model.vision_tower.vision_model.encoder.layers.6.self_attn.v_proj.bias (shape: torch.Size([1152])) - (1939281:train_csgo.py:825)
2025-12-23 17:46:30 - INFO -         [TRAINABLE] paligemma_with_expert.paligemma.model.vision_tower.vision_model.encoder.layers.6.self_attn.q_proj.weight (shape: torch.Size([1152, 1152])) - (1939281:train_csgo.py:825)
2025-12-23 17:46:30 - INFO -         [TRAINABLE] paligemma_with_expert.paligemma.model.vision_tower.vision_model.encoder.layers.6.self_attn.q_proj.bias (shape: torch.Size([1152])) - (1939281:train_csgo.py:825)
2025-12-23 17:46:30 - INFO -         [TRAINABLE] paligemma_with_expert.paligemma.model.vision_tower.vision_model.encoder.layers.6.self_attn.out_proj.weight (shape: torch.Size([1152, 1152])) - (1939281:train_csgo.py:825)
2025-12-23 17:46:30 - INFO -         [TRAINABLE] paligemma_with_expert.paligemma.model.vision_tower.vision_model.encoder.layers.6.self_attn.out_proj.bias (shape: torch.Size([1152])) - (1939281:train_csgo.py:825)
2025-12-23 17:46:30 - INFO -         [TRAINABLE] paligemma_with_expert.paligemma.model.vision_tower.vision_model.encoder.layers.6.layer_norm2.weight (shape: torch.Size([1152])) - (1939281:train_csgo.py:825)
2025-12-23 17:46:30 - INFO -         [TRAINABLE] paligemma_with_expert.paligemma.model.vision_tower.vision_model.encoder.layers.6.layer_norm2.bias (shape: torch.Size([1152])) - (1939281:train_csgo.py:825)
2025-12-23 17:46:30 - INFO -         [TRAINABLE] paligemma_with_expert.paligemma.model.vision_tower.vision_model.encoder.layers.6.mlp.fc1.weight (shape: torch.Size([4304, 1152])) - (1939281:train_csgo.py:825)
2025-12-23 17:46:30 - INFO -         [TRAINABLE] paligemma_with_expert.paligemma.model.vision_tower.vision_model.encoder.layers.6.mlp.fc1.bias (shape: torch.Size([4304])) - (1939281:train_csgo.py:825)
2025-12-23 17:46:30 - INFO -         [TRAINABLE] paligemma_with_expert.paligemma.model.vision_tower.vision_model.encoder.layers.6.mlp.fc2.weight (shape: torch.Size([1152, 4304])) - (1939281:train_csgo.py:825)
2025-12-23 17:46:30 - INFO -         [TRAINABLE] paligemma_with_expert.paligemma.model.vision_tower.vision_model.encoder.layers.6.mlp.fc2.bias (shape: torch.Size([1152])) - (1939281:train_csgo.py:825)
2025-12-23 17:46:30 - INFO -         [TRAINABLE] paligemma_with_expert.paligemma.model.vision_tower.vision_model.encoder.layers.7.layer_norm1.weight (shape: torch.Size([1152])) - (1939281:train_csgo.py:825)
2025-12-23 17:46:30 - INFO -         [TRAINABLE] paligemma_with_expert.paligemma.model.vision_tower.vision_model.encoder.layers.7.layer_norm1.bias (shape: torch.Size([1152])) - (1939281:train_csgo.py:825)
2025-12-23 17:46:30 - INFO -         [TRAINABLE] paligemma_with_expert.paligemma.model.vision_tower.vision_model.encoder.layers.7.self_attn.k_proj.weight (shape: torch.Size([1152, 1152])) - (1939281:train_csgo.py:825)
2025-12-23 17:46:30 - INFO -         [TRAINABLE] paligemma_with_expert.paligemma.model.vision_tower.vision_model.encoder.layers.7.self_attn.k_proj.bias (shape: torch.Size([1152])) - (1939281:train_csgo.py:825)
2025-12-23 17:46:30 - INFO -         [TRAINABLE] paligemma_with_expert.paligemma.model.vision_tower.vision_model.encoder.layers.7.self_attn.v_proj.weight (shape: torch.Size([1152, 1152])) - (1939281:train_csgo.py:825)
2025-12-23 17:46:30 - INFO -         [TRAINABLE] paligemma_with_expert.paligemma.model.vision_tower.vision_model.encoder.layers.7.self_attn.v_proj.bias (shape: torch.Size([1152])) - (1939281:train_csgo.py:825)
2025-12-23 17:46:30 - INFO -         [TRAINABLE] paligemma_with_expert.paligemma.model.vision_tower.vision_model.encoder.layers.7.self_attn.q_proj.weight (shape: torch.Size([1152, 1152])) - (1939281:train_csgo.py:825)
2025-12-23 17:46:30 - INFO -         [TRAINABLE] paligemma_with_expert.paligemma.model.vision_tower.vision_model.encoder.layers.7.self_attn.q_proj.bias (shape: torch.Size([1152])) - (1939281:train_csgo.py:825)
2025-12-23 17:46:30 - INFO -         [TRAINABLE] paligemma_with_expert.paligemma.model.vision_tower.vision_model.encoder.layers.7.self_attn.out_proj.weight (shape: torch.Size([1152, 1152])) - (1939281:train_csgo.py:825)
2025-12-23 17:46:30 - INFO -         [TRAINABLE] paligemma_with_expert.paligemma.model.vision_tower.vision_model.encoder.layers.7.self_attn.out_proj.bias (shape: torch.Size([1152])) - (1939281:train_csgo.py:825)
2025-12-23 17:46:30 - INFO -         [TRAINABLE] paligemma_with_expert.paligemma.model.vision_tower.vision_model.encoder.layers.7.layer_norm2.weight (shape: torch.Size([1152])) - (1939281:train_csgo.py:825)
2025-12-23 17:46:30 - INFO -         [TRAINABLE] paligemma_with_expert.paligemma.model.vision_tower.vision_model.encoder.layers.7.layer_norm2.bias (shape: torch.Size([1152])) - (1939281:train_csgo.py:825)
2025-12-23 17:46:30 - INFO -         [TRAINABLE] paligemma_with_expert.paligemma.model.vision_tower.vision_model.encoder.layers.7.mlp.fc1.weight (shape: torch.Size([4304, 1152])) - (1939281:train_csgo.py:825)
2025-12-23 17:46:30 - INFO -         [TRAINABLE] paligemma_with_expert.paligemma.model.vision_tower.vision_model.encoder.layers.7.mlp.fc1.bias (shape: torch.Size([4304])) - (1939281:train_csgo.py:825)
2025-12-23 17:46:30 - INFO -         [TRAINABLE] paligemma_with_expert.paligemma.model.vision_tower.vision_model.encoder.layers.7.mlp.fc2.weight (shape: torch.Size([1152, 4304])) - (1939281:train_csgo.py:825)
2025-12-23 17:46:30 - INFO -         [TRAINABLE] paligemma_with_expert.paligemma.model.vision_tower.vision_model.encoder.layers.7.mlp.fc2.bias (shape: torch.Size([1152])) - (1939281:train_csgo.py:825)
2025-12-23 17:46:30 - INFO -         [TRAINABLE] paligemma_with_expert.paligemma.model.vision_tower.vision_model.encoder.layers.8.layer_norm1.weight (shape: torch.Size([1152])) - (1939281:train_csgo.py:825)
2025-12-23 17:46:30 - INFO -         [TRAINABLE] paligemma_with_expert.paligemma.model.vision_tower.vision_model.encoder.layers.8.layer_norm1.bias (shape: torch.Size([1152])) - (1939281:train_csgo.py:825)
2025-12-23 17:46:30 - INFO -         [TRAINABLE] paligemma_with_expert.paligemma.model.vision_tower.vision_model.encoder.layers.8.self_attn.k_proj.weight (shape: torch.Size([1152, 1152])) - (1939281:train_csgo.py:825)
2025-12-23 17:46:30 - INFO -         [TRAINABLE] paligemma_with_expert.paligemma.model.vision_tower.vision_model.encoder.layers.8.self_attn.k_proj.bias (shape: torch.Size([1152])) - (1939281:train_csgo.py:825)
2025-12-23 17:46:30 - INFO -         [TRAINABLE] paligemma_with_expert.paligemma.model.vision_tower.vision_model.encoder.layers.8.self_attn.v_proj.weight (shape: torch.Size([1152, 1152])) - (1939281:train_csgo.py:825)
2025-12-23 17:46:30 - INFO -         [TRAINABLE] paligemma_with_expert.paligemma.model.vision_tower.vision_model.encoder.layers.8.self_attn.v_proj.bias (shape: torch.Size([1152])) - (1939281:train_csgo.py:825)
2025-12-23 17:46:30 - INFO -         [TRAINABLE] paligemma_with_expert.paligemma.model.vision_tower.vision_model.encoder.layers.8.self_attn.q_proj.weight (shape: torch.Size([1152, 1152])) - (1939281:train_csgo.py:825)
2025-12-23 17:46:30 - INFO -         [TRAINABLE] paligemma_with_expert.paligemma.model.vision_tower.vision_model.encoder.layers.8.self_attn.q_proj.bias (shape: torch.Size([1152])) - (1939281:train_csgo.py:825)
2025-12-23 17:46:30 - INFO -         [TRAINABLE] paligemma_with_expert.paligemma.model.vision_tower.vision_model.encoder.layers.8.self_attn.out_proj.weight (shape: torch.Size([1152, 1152])) - (1939281:train_csgo.py:825)
2025-12-23 17:46:30 - INFO -         [TRAINABLE] paligemma_with_expert.paligemma.model.vision_tower.vision_model.encoder.layers.8.self_attn.out_proj.bias (shape: torch.Size([1152])) - (1939281:train_csgo.py:825)
2025-12-23 17:46:30 - INFO -         [TRAINABLE] paligemma_with_expert.paligemma.model.vision_tower.vision_model.encoder.layers.8.layer_norm2.weight (shape: torch.Size([1152])) - (1939281:train_csgo.py:825)
2025-12-23 17:46:30 - INFO -         [TRAINABLE] paligemma_with_expert.paligemma.model.vision_tower.vision_model.encoder.layers.8.layer_norm2.bias (shape: torch.Size([1152])) - (1939281:train_csgo.py:825)
2025-12-23 17:46:30 - INFO -         [TRAINABLE] paligemma_with_expert.paligemma.model.vision_tower.vision_model.encoder.layers.8.mlp.fc1.weight (shape: torch.Size([4304, 1152])) - (1939281:train_csgo.py:825)
2025-12-23 17:46:30 - INFO -         [TRAINABLE] paligemma_with_expert.paligemma.model.vision_tower.vision_model.encoder.layers.8.mlp.fc1.bias (shape: torch.Size([4304])) - (1939281:train_csgo.py:825)
2025-12-23 17:46:30 - INFO -         [TRAINABLE] paligemma_with_expert.paligemma.model.vision_tower.vision_model.encoder.layers.8.mlp.fc2.weight (shape: torch.Size([1152, 4304])) - (1939281:train_csgo.py:825)
2025-12-23 17:46:30 - INFO -         [TRAINABLE] paligemma_with_expert.paligemma.model.vision_tower.vision_model.encoder.layers.8.mlp.fc2.bias (shape: torch.Size([1152])) - (1939281:train_csgo.py:825)
2025-12-23 17:46:30 - INFO -         [TRAINABLE] paligemma_with_expert.paligemma.model.vision_tower.vision_model.encoder.layers.9.layer_norm1.weight (shape: torch.Size([1152])) - (1939281:train_csgo.py:825)
2025-12-23 17:46:30 - INFO -         [TRAINABLE] paligemma_with_expert.paligemma.model.vision_tower.vision_model.encoder.layers.9.layer_norm1.bias (shape: torch.Size([1152])) - (1939281:train_csgo.py:825)
2025-12-23 17:46:30 - INFO -         [TRAINABLE] paligemma_with_expert.paligemma.model.vision_tower.vision_model.encoder.layers.9.self_attn.k_proj.weight (shape: torch.Size([1152, 1152])) - (1939281:train_csgo.py:825)
2025-12-23 17:46:30 - INFO -         [TRAINABLE] paligemma_with_expert.paligemma.model.vision_tower.vision_model.encoder.layers.9.self_attn.k_proj.bias (shape: torch.Size([1152])) - (1939281:train_csgo.py:825)
2025-12-23 17:46:30 - INFO -         [TRAINABLE] paligemma_with_expert.paligemma.model.vision_tower.vision_model.encoder.layers.9.self_attn.v_proj.weight (shape: torch.Size([1152, 1152])) - (1939281:train_csgo.py:825)
2025-12-23 17:46:30 - INFO -         [TRAINABLE] paligemma_with_expert.paligemma.model.vision_tower.vision_model.encoder.layers.9.self_attn.v_proj.bias (shape: torch.Size([1152])) - (1939281:train_csgo.py:825)
2025-12-23 17:46:30 - INFO -         [TRAINABLE] paligemma_with_expert.paligemma.model.vision_tower.vision_model.encoder.layers.9.self_attn.q_proj.weight (shape: torch.Size([1152, 1152])) - (1939281:train_csgo.py:825)
2025-12-23 17:46:30 - INFO -         [TRAINABLE] paligemma_with_expert.paligemma.model.vision_tower.vision_model.encoder.layers.9.self_attn.q_proj.bias (shape: torch.Size([1152])) - (1939281:train_csgo.py:825)
2025-12-23 17:46:30 - INFO -         [TRAINABLE] paligemma_with_expert.paligemma.model.vision_tower.vision_model.encoder.layers.9.self_attn.out_proj.weight (shape: torch.Size([1152, 1152])) - (1939281:train_csgo.py:825)
2025-12-23 17:46:30 - INFO -         [TRAINABLE] paligemma_with_expert.paligemma.model.vision_tower.vision_model.encoder.layers.9.self_attn.out_proj.bias (shape: torch.Size([1152])) - (1939281:train_csgo.py:825)
2025-12-23 17:46:30 - INFO -         [TRAINABLE] paligemma_with_expert.paligemma.model.vision_tower.vision_model.encoder.layers.9.layer_norm2.weight (shape: torch.Size([1152])) - (1939281:train_csgo.py:825)
2025-12-23 17:46:30 - INFO -         [TRAINABLE] paligemma_with_expert.paligemma.model.vision_tower.vision_model.encoder.layers.9.layer_norm2.bias (shape: torch.Size([1152])) - (1939281:train_csgo.py:825)
2025-12-23 17:46:30 - INFO -         [TRAINABLE] paligemma_with_expert.paligemma.model.vision_tower.vision_model.encoder.layers.9.mlp.fc1.weight (shape: torch.Size([4304, 1152])) - (1939281:train_csgo.py:825)
2025-12-23 17:46:30 - INFO -         [TRAINABLE] paligemma_with_expert.paligemma.model.vision_tower.vision_model.encoder.layers.9.mlp.fc1.bias (shape: torch.Size([4304])) - (1939281:train_csgo.py:825)
2025-12-23 17:46:30 - INFO -         [TRAINABLE] paligemma_with_expert.paligemma.model.vision_tower.vision_model.encoder.layers.9.mlp.fc2.weight (shape: torch.Size([1152, 4304])) - (1939281:train_csgo.py:825)
2025-12-23 17:46:30 - INFO -         [TRAINABLE] paligemma_with_expert.paligemma.model.vision_tower.vision_model.encoder.layers.9.mlp.fc2.bias (shape: torch.Size([1152])) - (1939281:train_csgo.py:825)
2025-12-23 17:46:30 - INFO -         [TRAINABLE] paligemma_with_expert.paligemma.model.vision_tower.vision_model.encoder.layers.10.layer_norm1.weight (shape: torch.Size([1152])) - (1939281:train_csgo.py:825)
2025-12-23 17:46:30 - INFO -         [TRAINABLE] paligemma_with_expert.paligemma.model.vision_tower.vision_model.encoder.layers.10.layer_norm1.bias (shape: torch.Size([1152])) - (1939281:train_csgo.py:825)
2025-12-23 17:46:30 - INFO -         [TRAINABLE] paligemma_with_expert.paligemma.model.vision_tower.vision_model.encoder.layers.10.self_attn.k_proj.weight (shape: torch.Size([1152, 1152])) - (1939281:train_csgo.py:825)
2025-12-23 17:46:30 - INFO -         [TRAINABLE] paligemma_with_expert.paligemma.model.vision_tower.vision_model.encoder.layers.10.self_attn.k_proj.bias (shape: torch.Size([1152])) - (1939281:train_csgo.py:825)
2025-12-23 17:46:30 - INFO -         [TRAINABLE] paligemma_with_expert.paligemma.model.vision_tower.vision_model.encoder.layers.10.self_attn.v_proj.weight (shape: torch.Size([1152, 1152])) - (1939281:train_csgo.py:825)
2025-12-23 17:46:30 - INFO -         [TRAINABLE] paligemma_with_expert.paligemma.model.vision_tower.vision_model.encoder.layers.10.self_attn.v_proj.bias (shape: torch.Size([1152])) - (1939281:train_csgo.py:825)
2025-12-23 17:46:30 - INFO -         [TRAINABLE] paligemma_with_expert.paligemma.model.vision_tower.vision_model.encoder.layers.10.self_attn.q_proj.weight (shape: torch.Size([1152, 1152])) - (1939281:train_csgo.py:825)
2025-12-23 17:46:30 - INFO -         [TRAINABLE] paligemma_with_expert.paligemma.model.vision_tower.vision_model.encoder.layers.10.self_attn.q_proj.bias (shape: torch.Size([1152])) - (1939281:train_csgo.py:825)
2025-12-23 17:46:30 - INFO -         [TRAINABLE] paligemma_with_expert.paligemma.model.vision_tower.vision_model.encoder.layers.10.self_attn.out_proj.weight (shape: torch.Size([1152, 1152])) - (1939281:train_csgo.py:825)
2025-12-23 17:46:30 - INFO -         [TRAINABLE] paligemma_with_expert.paligemma.model.vision_tower.vision_model.encoder.layers.10.self_attn.out_proj.bias (shape: torch.Size([1152])) - (1939281:train_csgo.py:825)
2025-12-23 17:46:30 - INFO -         [TRAINABLE] paligemma_with_expert.paligemma.model.vision_tower.vision_model.encoder.layers.10.layer_norm2.weight (shape: torch.Size([1152])) - (1939281:train_csgo.py:825)
2025-12-23 17:46:30 - INFO -         [TRAINABLE] paligemma_with_expert.paligemma.model.vision_tower.vision_model.encoder.layers.10.layer_norm2.bias (shape: torch.Size([1152])) - (1939281:train_csgo.py:825)
2025-12-23 17:46:30 - INFO -         [TRAINABLE] paligemma_with_expert.paligemma.model.vision_tower.vision_model.encoder.layers.10.mlp.fc1.weight (shape: torch.Size([4304, 1152])) - (1939281:train_csgo.py:825)
2025-12-23 17:46:30 - INFO -         [TRAINABLE] paligemma_with_expert.paligemma.model.vision_tower.vision_model.encoder.layers.10.mlp.fc1.bias (shape: torch.Size([4304])) - (1939281:train_csgo.py:825)
2025-12-23 17:46:30 - INFO -         [TRAINABLE] paligemma_with_expert.paligemma.model.vision_tower.vision_model.encoder.layers.10.mlp.fc2.weight (shape: torch.Size([1152, 4304])) - (1939281:train_csgo.py:825)
2025-12-23 17:46:30 - INFO -         [TRAINABLE] paligemma_with_expert.paligemma.model.vision_tower.vision_model.encoder.layers.10.mlp.fc2.bias (shape: torch.Size([1152])) - (1939281:train_csgo.py:825)
2025-12-23 17:46:30 - INFO -         [TRAINABLE] paligemma_with_expert.paligemma.model.vision_tower.vision_model.encoder.layers.11.layer_norm1.weight (shape: torch.Size([1152])) - (1939281:train_csgo.py:825)
2025-12-23 17:46:30 - INFO -         [TRAINABLE] paligemma_with_expert.paligemma.model.vision_tower.vision_model.encoder.layers.11.layer_norm1.bias (shape: torch.Size([1152])) - (1939281:train_csgo.py:825)
2025-12-23 17:46:30 - INFO -         [TRAINABLE] paligemma_with_expert.paligemma.model.vision_tower.vision_model.encoder.layers.11.self_attn.k_proj.weight (shape: torch.Size([1152, 1152])) - (1939281:train_csgo.py:825)
2025-12-23 17:46:30 - INFO -         [TRAINABLE] paligemma_with_expert.paligemma.model.vision_tower.vision_model.encoder.layers.11.self_attn.k_proj.bias (shape: torch.Size([1152])) - (1939281:train_csgo.py:825)
2025-12-23 17:46:30 - INFO -         [TRAINABLE] paligemma_with_expert.paligemma.model.vision_tower.vision_model.encoder.layers.11.self_attn.v_proj.weight (shape: torch.Size([1152, 1152])) - (1939281:train_csgo.py:825)
2025-12-23 17:46:30 - INFO -         [TRAINABLE] paligemma_with_expert.paligemma.model.vision_tower.vision_model.encoder.layers.11.self_attn.v_proj.bias (shape: torch.Size([1152])) - (1939281:train_csgo.py:825)
2025-12-23 17:46:30 - INFO -         [TRAINABLE] paligemma_with_expert.paligemma.model.vision_tower.vision_model.encoder.layers.11.self_attn.q_proj.weight (shape: torch.Size([1152, 1152])) - (1939281:train_csgo.py:825)
2025-12-23 17:46:30 - INFO -         [TRAINABLE] paligemma_with_expert.paligemma.model.vision_tower.vision_model.encoder.layers.11.self_attn.q_proj.bias (shape: torch.Size([1152])) - (1939281:train_csgo.py:825)
2025-12-23 17:46:30 - INFO -         [TRAINABLE] paligemma_with_expert.paligemma.model.vision_tower.vision_model.encoder.layers.11.self_attn.out_proj.weight (shape: torch.Size([1152, 1152])) - (1939281:train_csgo.py:825)
2025-12-23 17:46:30 - INFO -         [TRAINABLE] paligemma_with_expert.paligemma.model.vision_tower.vision_model.encoder.layers.11.self_attn.out_proj.bias (shape: torch.Size([1152])) - (1939281:train_csgo.py:825)
2025-12-23 17:46:30 - INFO -         [TRAINABLE] paligemma_with_expert.paligemma.model.vision_tower.vision_model.encoder.layers.11.layer_norm2.weight (shape: torch.Size([1152])) - (1939281:train_csgo.py:825)
2025-12-23 17:46:30 - INFO -         [TRAINABLE] paligemma_with_expert.paligemma.model.vision_tower.vision_model.encoder.layers.11.layer_norm2.bias (shape: torch.Size([1152])) - (1939281:train_csgo.py:825)
2025-12-23 17:46:30 - INFO -         [TRAINABLE] paligemma_with_expert.paligemma.model.vision_tower.vision_model.encoder.layers.11.mlp.fc1.weight (shape: torch.Size([4304, 1152])) - (1939281:train_csgo.py:825)
2025-12-23 17:46:30 - INFO -         [TRAINABLE] paligemma_with_expert.paligemma.model.vision_tower.vision_model.encoder.layers.11.mlp.fc1.bias (shape: torch.Size([4304])) - (1939281:train_csgo.py:825)
2025-12-23 17:46:30 - INFO -         [TRAINABLE] paligemma_with_expert.paligemma.model.vision_tower.vision_model.encoder.layers.11.mlp.fc2.weight (shape: torch.Size([1152, 4304])) - (1939281:train_csgo.py:825)
2025-12-23 17:46:30 - INFO -         [TRAINABLE] paligemma_with_expert.paligemma.model.vision_tower.vision_model.encoder.layers.11.mlp.fc2.bias (shape: torch.Size([1152])) - (1939281:train_csgo.py:825)
2025-12-23 17:46:30 - INFO -         [TRAINABLE] paligemma_with_expert.paligemma.model.vision_tower.vision_model.encoder.layers.12.layer_norm1.weight (shape: torch.Size([1152])) - (1939281:train_csgo.py:825)
2025-12-23 17:46:30 - INFO -         [TRAINABLE] paligemma_with_expert.paligemma.model.vision_tower.vision_model.encoder.layers.12.layer_norm1.bias (shape: torch.Size([1152])) - (1939281:train_csgo.py:825)
2025-12-23 17:46:30 - INFO -         [TRAINABLE] paligemma_with_expert.paligemma.model.vision_tower.vision_model.encoder.layers.12.self_attn.k_proj.weight (shape: torch.Size([1152, 1152])) - (1939281:train_csgo.py:825)
2025-12-23 17:46:30 - INFO -         [TRAINABLE] paligemma_with_expert.paligemma.model.vision_tower.vision_model.encoder.layers.12.self_attn.k_proj.bias (shape: torch.Size([1152])) - (1939281:train_csgo.py:825)
2025-12-23 17:46:30 - INFO -         [TRAINABLE] paligemma_with_expert.paligemma.model.vision_tower.vision_model.encoder.layers.12.self_attn.v_proj.weight (shape: torch.Size([1152, 1152])) - (1939281:train_csgo.py:825)
2025-12-23 17:46:30 - INFO -         [TRAINABLE] paligemma_with_expert.paligemma.model.vision_tower.vision_model.encoder.layers.12.self_attn.v_proj.bias (shape: torch.Size([1152])) - (1939281:train_csgo.py:825)
2025-12-23 17:46:30 - INFO -         [TRAINABLE] paligemma_with_expert.paligemma.model.vision_tower.vision_model.encoder.layers.12.self_attn.q_proj.weight (shape: torch.Size([1152, 1152])) - (1939281:train_csgo.py:825)
2025-12-23 17:46:30 - INFO -         [TRAINABLE] paligemma_with_expert.paligemma.model.vision_tower.vision_model.encoder.layers.12.self_attn.q_proj.bias (shape: torch.Size([1152])) - (1939281:train_csgo.py:825)
2025-12-23 17:46:30 - INFO -         [TRAINABLE] paligemma_with_expert.paligemma.model.vision_tower.vision_model.encoder.layers.12.self_attn.out_proj.weight (shape: torch.Size([1152, 1152])) - (1939281:train_csgo.py:825)
2025-12-23 17:46:30 - INFO -         [TRAINABLE] paligemma_with_expert.paligemma.model.vision_tower.vision_model.encoder.layers.12.self_attn.out_proj.bias (shape: torch.Size([1152])) - (1939281:train_csgo.py:825)
2025-12-23 17:46:30 - INFO -         [TRAINABLE] paligemma_with_expert.paligemma.model.vision_tower.vision_model.encoder.layers.12.layer_norm2.weight (shape: torch.Size([1152])) - (1939281:train_csgo.py:825)
2025-12-23 17:46:30 - INFO -         [TRAINABLE] paligemma_with_expert.paligemma.model.vision_tower.vision_model.encoder.layers.12.layer_norm2.bias (shape: torch.Size([1152])) - (1939281:train_csgo.py:825)
2025-12-23 17:46:30 - INFO -         [TRAINABLE] paligemma_with_expert.paligemma.model.vision_tower.vision_model.encoder.layers.12.mlp.fc1.weight (shape: torch.Size([4304, 1152])) - (1939281:train_csgo.py:825)
2025-12-23 17:46:30 - INFO -         [TRAINABLE] paligemma_with_expert.paligemma.model.vision_tower.vision_model.encoder.layers.12.mlp.fc1.bias (shape: torch.Size([4304])) - (1939281:train_csgo.py:825)
2025-12-23 17:46:30 - INFO -         [TRAINABLE] paligemma_with_expert.paligemma.model.vision_tower.vision_model.encoder.layers.12.mlp.fc2.weight (shape: torch.Size([1152, 4304])) - (1939281:train_csgo.py:825)
2025-12-23 17:46:30 - INFO -         [TRAINABLE] paligemma_with_expert.paligemma.model.vision_tower.vision_model.encoder.layers.12.mlp.fc2.bias (shape: torch.Size([1152])) - (1939281:train_csgo.py:825)
2025-12-23 17:46:30 - INFO -         [TRAINABLE] paligemma_with_expert.paligemma.model.vision_tower.vision_model.encoder.layers.13.layer_norm1.weight (shape: torch.Size([1152])) - (1939281:train_csgo.py:825)
2025-12-23 17:46:30 - INFO -         [TRAINABLE] paligemma_with_expert.paligemma.model.vision_tower.vision_model.encoder.layers.13.layer_norm1.bias (shape: torch.Size([1152])) - (1939281:train_csgo.py:825)
2025-12-23 17:46:30 - INFO -         [TRAINABLE] paligemma_with_expert.paligemma.model.vision_tower.vision_model.encoder.layers.13.self_attn.k_proj.weight (shape: torch.Size([1152, 1152])) - (1939281:train_csgo.py:825)
2025-12-23 17:46:30 - INFO -         [TRAINABLE] paligemma_with_expert.paligemma.model.vision_tower.vision_model.encoder.layers.13.self_attn.k_proj.bias (shape: torch.Size([1152])) - (1939281:train_csgo.py:825)
2025-12-23 17:46:30 - INFO -         [TRAINABLE] paligemma_with_expert.paligemma.model.vision_tower.vision_model.encoder.layers.13.self_attn.v_proj.weight (shape: torch.Size([1152, 1152])) - (1939281:train_csgo.py:825)
2025-12-23 17:46:30 - INFO -         [TRAINABLE] paligemma_with_expert.paligemma.model.vision_tower.vision_model.encoder.layers.13.self_attn.v_proj.bias (shape: torch.Size([1152])) - (1939281:train_csgo.py:825)
2025-12-23 17:46:30 - INFO -         [TRAINABLE] paligemma_with_expert.paligemma.model.vision_tower.vision_model.encoder.layers.13.self_attn.q_proj.weight (shape: torch.Size([1152, 1152])) - (1939281:train_csgo.py:825)
2025-12-23 17:46:30 - INFO -         [TRAINABLE] paligemma_with_expert.paligemma.model.vision_tower.vision_model.encoder.layers.13.self_attn.q_proj.bias (shape: torch.Size([1152])) - (1939281:train_csgo.py:825)
2025-12-23 17:46:30 - INFO -         [TRAINABLE] paligemma_with_expert.paligemma.model.vision_tower.vision_model.encoder.layers.13.self_attn.out_proj.weight (shape: torch.Size([1152, 1152])) - (1939281:train_csgo.py:825)
2025-12-23 17:46:30 - INFO -         [TRAINABLE] paligemma_with_expert.paligemma.model.vision_tower.vision_model.encoder.layers.13.self_attn.out_proj.bias (shape: torch.Size([1152])) - (1939281:train_csgo.py:825)
2025-12-23 17:46:30 - INFO -         [TRAINABLE] paligemma_with_expert.paligemma.model.vision_tower.vision_model.encoder.layers.13.layer_norm2.weight (shape: torch.Size([1152])) - (1939281:train_csgo.py:825)
2025-12-23 17:46:30 - INFO -         [TRAINABLE] paligemma_with_expert.paligemma.model.vision_tower.vision_model.encoder.layers.13.layer_norm2.bias (shape: torch.Size([1152])) - (1939281:train_csgo.py:825)
2025-12-23 17:46:30 - INFO -         [TRAINABLE] paligemma_with_expert.paligemma.model.vision_tower.vision_model.encoder.layers.13.mlp.fc1.weight (shape: torch.Size([4304, 1152])) - (1939281:train_csgo.py:825)
2025-12-23 17:46:30 - INFO -         [TRAINABLE] paligemma_with_expert.paligemma.model.vision_tower.vision_model.encoder.layers.13.mlp.fc1.bias (shape: torch.Size([4304])) - (1939281:train_csgo.py:825)
2025-12-23 17:46:30 - INFO -         [TRAINABLE] paligemma_with_expert.paligemma.model.vision_tower.vision_model.encoder.layers.13.mlp.fc2.weight (shape: torch.Size([1152, 4304])) - (1939281:train_csgo.py:825)
2025-12-23 17:46:30 - INFO -         [TRAINABLE] paligemma_with_expert.paligemma.model.vision_tower.vision_model.encoder.layers.13.mlp.fc2.bias (shape: torch.Size([1152])) - (1939281:train_csgo.py:825)
2025-12-23 17:46:30 - INFO -         [TRAINABLE] paligemma_with_expert.paligemma.model.vision_tower.vision_model.encoder.layers.14.layer_norm1.weight (shape: torch.Size([1152])) - (1939281:train_csgo.py:825)
2025-12-23 17:46:30 - INFO -         [TRAINABLE] paligemma_with_expert.paligemma.model.vision_tower.vision_model.encoder.layers.14.layer_norm1.bias (shape: torch.Size([1152])) - (1939281:train_csgo.py:825)
2025-12-23 17:46:30 - INFO -         [TRAINABLE] paligemma_with_expert.paligemma.model.vision_tower.vision_model.encoder.layers.14.self_attn.k_proj.weight (shape: torch.Size([1152, 1152])) - (1939281:train_csgo.py:825)
2025-12-23 17:46:30 - INFO -         [TRAINABLE] paligemma_with_expert.paligemma.model.vision_tower.vision_model.encoder.layers.14.self_attn.k_proj.bias (shape: torch.Size([1152])) - (1939281:train_csgo.py:825)
2025-12-23 17:46:30 - INFO -         [TRAINABLE] paligemma_with_expert.paligemma.model.vision_tower.vision_model.encoder.layers.14.self_attn.v_proj.weight (shape: torch.Size([1152, 1152])) - (1939281:train_csgo.py:825)
2025-12-23 17:46:30 - INFO -         [TRAINABLE] paligemma_with_expert.paligemma.model.vision_tower.vision_model.encoder.layers.14.self_attn.v_proj.bias (shape: torch.Size([1152])) - (1939281:train_csgo.py:825)
2025-12-23 17:46:30 - INFO -         [TRAINABLE] paligemma_with_expert.paligemma.model.vision_tower.vision_model.encoder.layers.14.self_attn.q_proj.weight (shape: torch.Size([1152, 1152])) - (1939281:train_csgo.py:825)
2025-12-23 17:46:30 - INFO -         [TRAINABLE] paligemma_with_expert.paligemma.model.vision_tower.vision_model.encoder.layers.14.self_attn.q_proj.bias (shape: torch.Size([1152])) - (1939281:train_csgo.py:825)
2025-12-23 17:46:30 - INFO -         [TRAINABLE] paligemma_with_expert.paligemma.model.vision_tower.vision_model.encoder.layers.14.self_attn.out_proj.weight (shape: torch.Size([1152, 1152])) - (1939281:train_csgo.py:825)
2025-12-23 17:46:30 - INFO -         [TRAINABLE] paligemma_with_expert.paligemma.model.vision_tower.vision_model.encoder.layers.14.self_attn.out_proj.bias (shape: torch.Size([1152])) - (1939281:train_csgo.py:825)
2025-12-23 17:46:30 - INFO -         [TRAINABLE] paligemma_with_expert.paligemma.model.vision_tower.vision_model.encoder.layers.14.layer_norm2.weight (shape: torch.Size([1152])) - (1939281:train_csgo.py:825)
2025-12-23 17:46:30 - INFO -         [TRAINABLE] paligemma_with_expert.paligemma.model.vision_tower.vision_model.encoder.layers.14.layer_norm2.bias (shape: torch.Size([1152])) - (1939281:train_csgo.py:825)
2025-12-23 17:46:30 - INFO -         [TRAINABLE] paligemma_with_expert.paligemma.model.vision_tower.vision_model.encoder.layers.14.mlp.fc1.weight (shape: torch.Size([4304, 1152])) - (1939281:train_csgo.py:825)
2025-12-23 17:46:30 - INFO -         [TRAINABLE] paligemma_with_expert.paligemma.model.vision_tower.vision_model.encoder.layers.14.mlp.fc1.bias (shape: torch.Size([4304])) - (1939281:train_csgo.py:825)
2025-12-23 17:46:30 - INFO -         [TRAINABLE] paligemma_with_expert.paligemma.model.vision_tower.vision_model.encoder.layers.14.mlp.fc2.weight (shape: torch.Size([1152, 4304])) - (1939281:train_csgo.py:825)
2025-12-23 17:46:30 - INFO -         [TRAINABLE] paligemma_with_expert.paligemma.model.vision_tower.vision_model.encoder.layers.14.mlp.fc2.bias (shape: torch.Size([1152])) - (1939281:train_csgo.py:825)
2025-12-23 17:46:30 - INFO -         [TRAINABLE] paligemma_with_expert.paligemma.model.vision_tower.vision_model.encoder.layers.15.layer_norm1.weight (shape: torch.Size([1152])) - (1939281:train_csgo.py:825)
2025-12-23 17:46:30 - INFO -         [TRAINABLE] paligemma_with_expert.paligemma.model.vision_tower.vision_model.encoder.layers.15.layer_norm1.bias (shape: torch.Size([1152])) - (1939281:train_csgo.py:825)
2025-12-23 17:46:30 - INFO -         [TRAINABLE] paligemma_with_expert.paligemma.model.vision_tower.vision_model.encoder.layers.15.self_attn.k_proj.weight (shape: torch.Size([1152, 1152])) - (1939281:train_csgo.py:825)
2025-12-23 17:46:30 - INFO -         [TRAINABLE] paligemma_with_expert.paligemma.model.vision_tower.vision_model.encoder.layers.15.self_attn.k_proj.bias (shape: torch.Size([1152])) - (1939281:train_csgo.py:825)
2025-12-23 17:46:30 - INFO -         [TRAINABLE] paligemma_with_expert.paligemma.model.vision_tower.vision_model.encoder.layers.15.self_attn.v_proj.weight (shape: torch.Size([1152, 1152])) - (1939281:train_csgo.py:825)
2025-12-23 17:46:30 - INFO -         [TRAINABLE] paligemma_with_expert.paligemma.model.vision_tower.vision_model.encoder.layers.15.self_attn.v_proj.bias (shape: torch.Size([1152])) - (1939281:train_csgo.py:825)
2025-12-23 17:46:30 - INFO -         [TRAINABLE] paligemma_with_expert.paligemma.model.vision_tower.vision_model.encoder.layers.15.self_attn.q_proj.weight (shape: torch.Size([1152, 1152])) - (1939281:train_csgo.py:825)
2025-12-23 17:46:30 - INFO -         [TRAINABLE] paligemma_with_expert.paligemma.model.vision_tower.vision_model.encoder.layers.15.self_attn.q_proj.bias (shape: torch.Size([1152])) - (1939281:train_csgo.py:825)
2025-12-23 17:46:30 - INFO -         [TRAINABLE] paligemma_with_expert.paligemma.model.vision_tower.vision_model.encoder.layers.15.self_attn.out_proj.weight (shape: torch.Size([1152, 1152])) - (1939281:train_csgo.py:825)
2025-12-23 17:46:30 - INFO -         [TRAINABLE] paligemma_with_expert.paligemma.model.vision_tower.vision_model.encoder.layers.15.self_attn.out_proj.bias (shape: torch.Size([1152])) - (1939281:train_csgo.py:825)
2025-12-23 17:46:30 - INFO -         [TRAINABLE] paligemma_with_expert.paligemma.model.vision_tower.vision_model.encoder.layers.15.layer_norm2.weight (shape: torch.Size([1152])) - (1939281:train_csgo.py:825)
2025-12-23 17:46:30 - INFO -         [TRAINABLE] paligemma_with_expert.paligemma.model.vision_tower.vision_model.encoder.layers.15.layer_norm2.bias (shape: torch.Size([1152])) - (1939281:train_csgo.py:825)
2025-12-23 17:46:30 - INFO -         [TRAINABLE] paligemma_with_expert.paligemma.model.vision_tower.vision_model.encoder.layers.15.mlp.fc1.weight (shape: torch.Size([4304, 1152])) - (1939281:train_csgo.py:825)
2025-12-23 17:46:30 - INFO -         [TRAINABLE] paligemma_with_expert.paligemma.model.vision_tower.vision_model.encoder.layers.15.mlp.fc1.bias (shape: torch.Size([4304])) - (1939281:train_csgo.py:825)
2025-12-23 17:46:30 - INFO -         [TRAINABLE] paligemma_with_expert.paligemma.model.vision_tower.vision_model.encoder.layers.15.mlp.fc2.weight (shape: torch.Size([1152, 4304])) - (1939281:train_csgo.py:825)
2025-12-23 17:46:30 - INFO -         [TRAINABLE] paligemma_with_expert.paligemma.model.vision_tower.vision_model.encoder.layers.15.mlp.fc2.bias (shape: torch.Size([1152])) - (1939281:train_csgo.py:825)
2025-12-23 17:46:30 - INFO -         [TRAINABLE] paligemma_with_expert.paligemma.model.vision_tower.vision_model.encoder.layers.16.layer_norm1.weight (shape: torch.Size([1152])) - (1939281:train_csgo.py:825)
2025-12-23 17:46:30 - INFO -         [TRAINABLE] paligemma_with_expert.paligemma.model.vision_tower.vision_model.encoder.layers.16.layer_norm1.bias (shape: torch.Size([1152])) - (1939281:train_csgo.py:825)
2025-12-23 17:46:30 - INFO -         [TRAINABLE] paligemma_with_expert.paligemma.model.vision_tower.vision_model.encoder.layers.16.self_attn.k_proj.weight (shape: torch.Size([1152, 1152])) - (1939281:train_csgo.py:825)
2025-12-23 17:46:30 - INFO -         [TRAINABLE] paligemma_with_expert.paligemma.model.vision_tower.vision_model.encoder.layers.16.self_attn.k_proj.bias (shape: torch.Size([1152])) - (1939281:train_csgo.py:825)
2025-12-23 17:46:30 - INFO -         [TRAINABLE] paligemma_with_expert.paligemma.model.vision_tower.vision_model.encoder.layers.16.self_attn.v_proj.weight (shape: torch.Size([1152, 1152])) - (1939281:train_csgo.py:825)
2025-12-23 17:46:30 - INFO -         [TRAINABLE] paligemma_with_expert.paligemma.model.vision_tower.vision_model.encoder.layers.16.self_attn.v_proj.bias (shape: torch.Size([1152])) - (1939281:train_csgo.py:825)
2025-12-23 17:46:30 - INFO -         [TRAINABLE] paligemma_with_expert.paligemma.model.vision_tower.vision_model.encoder.layers.16.self_attn.q_proj.weight (shape: torch.Size([1152, 1152])) - (1939281:train_csgo.py:825)
2025-12-23 17:46:30 - INFO -         [TRAINABLE] paligemma_with_expert.paligemma.model.vision_tower.vision_model.encoder.layers.16.self_attn.q_proj.bias (shape: torch.Size([1152])) - (1939281:train_csgo.py:825)
2025-12-23 17:46:30 - INFO -         [TRAINABLE] paligemma_with_expert.paligemma.model.vision_tower.vision_model.encoder.layers.16.self_attn.out_proj.weight (shape: torch.Size([1152, 1152])) - (1939281:train_csgo.py:825)
2025-12-23 17:46:30 - INFO -         [TRAINABLE] paligemma_with_expert.paligemma.model.vision_tower.vision_model.encoder.layers.16.self_attn.out_proj.bias (shape: torch.Size([1152])) - (1939281:train_csgo.py:825)
2025-12-23 17:46:30 - INFO -         [TRAINABLE] paligemma_with_expert.paligemma.model.vision_tower.vision_model.encoder.layers.16.layer_norm2.weight (shape: torch.Size([1152])) - (1939281:train_csgo.py:825)
2025-12-23 17:46:30 - INFO -         [TRAINABLE] paligemma_with_expert.paligemma.model.vision_tower.vision_model.encoder.layers.16.layer_norm2.bias (shape: torch.Size([1152])) - (1939281:train_csgo.py:825)
2025-12-23 17:46:30 - INFO -         [TRAINABLE] paligemma_with_expert.paligemma.model.vision_tower.vision_model.encoder.layers.16.mlp.fc1.weight (shape: torch.Size([4304, 1152])) - (1939281:train_csgo.py:825)
2025-12-23 17:46:30 - INFO -         [TRAINABLE] paligemma_with_expert.paligemma.model.vision_tower.vision_model.encoder.layers.16.mlp.fc1.bias (shape: torch.Size([4304])) - (1939281:train_csgo.py:825)
2025-12-23 17:46:30 - INFO -         [TRAINABLE] paligemma_with_expert.paligemma.model.vision_tower.vision_model.encoder.layers.16.mlp.fc2.weight (shape: torch.Size([1152, 4304])) - (1939281:train_csgo.py:825)
2025-12-23 17:46:30 - INFO -         [TRAINABLE] paligemma_with_expert.paligemma.model.vision_tower.vision_model.encoder.layers.16.mlp.fc2.bias (shape: torch.Size([1152])) - (1939281:train_csgo.py:825)
2025-12-23 17:46:30 - INFO -         [TRAINABLE] paligemma_with_expert.paligemma.model.vision_tower.vision_model.encoder.layers.17.layer_norm1.weight (shape: torch.Size([1152])) - (1939281:train_csgo.py:825)
2025-12-23 17:46:30 - INFO -         [TRAINABLE] paligemma_with_expert.paligemma.model.vision_tower.vision_model.encoder.layers.17.layer_norm1.bias (shape: torch.Size([1152])) - (1939281:train_csgo.py:825)
2025-12-23 17:46:30 - INFO -         [TRAINABLE] paligemma_with_expert.paligemma.model.vision_tower.vision_model.encoder.layers.17.self_attn.k_proj.weight (shape: torch.Size([1152, 1152])) - (1939281:train_csgo.py:825)
2025-12-23 17:46:30 - INFO -         [TRAINABLE] paligemma_with_expert.paligemma.model.vision_tower.vision_model.encoder.layers.17.self_attn.k_proj.bias (shape: torch.Size([1152])) - (1939281:train_csgo.py:825)
2025-12-23 17:46:30 - INFO -         [TRAINABLE] paligemma_with_expert.paligemma.model.vision_tower.vision_model.encoder.layers.17.self_attn.v_proj.weight (shape: torch.Size([1152, 1152])) - (1939281:train_csgo.py:825)
2025-12-23 17:46:30 - INFO -         [TRAINABLE] paligemma_with_expert.paligemma.model.vision_tower.vision_model.encoder.layers.17.self_attn.v_proj.bias (shape: torch.Size([1152])) - (1939281:train_csgo.py:825)
2025-12-23 17:46:30 - INFO -         [TRAINABLE] paligemma_with_expert.paligemma.model.vision_tower.vision_model.encoder.layers.17.self_attn.q_proj.weight (shape: torch.Size([1152, 1152])) - (1939281:train_csgo.py:825)
2025-12-23 17:46:30 - INFO -         [TRAINABLE] paligemma_with_expert.paligemma.model.vision_tower.vision_model.encoder.layers.17.self_attn.q_proj.bias (shape: torch.Size([1152])) - (1939281:train_csgo.py:825)
2025-12-23 17:46:30 - INFO -         [TRAINABLE] paligemma_with_expert.paligemma.model.vision_tower.vision_model.encoder.layers.17.self_attn.out_proj.weight (shape: torch.Size([1152, 1152])) - (1939281:train_csgo.py:825)
2025-12-23 17:46:30 - INFO -         [TRAINABLE] paligemma_with_expert.paligemma.model.vision_tower.vision_model.encoder.layers.17.self_attn.out_proj.bias (shape: torch.Size([1152])) - (1939281:train_csgo.py:825)
2025-12-23 17:46:30 - INFO -         [TRAINABLE] paligemma_with_expert.paligemma.model.vision_tower.vision_model.encoder.layers.17.layer_norm2.weight (shape: torch.Size([1152])) - (1939281:train_csgo.py:825)
2025-12-23 17:46:30 - INFO -         [TRAINABLE] paligemma_with_expert.paligemma.model.vision_tower.vision_model.encoder.layers.17.layer_norm2.bias (shape: torch.Size([1152])) - (1939281:train_csgo.py:825)
2025-12-23 17:46:30 - INFO -         [TRAINABLE] paligemma_with_expert.paligemma.model.vision_tower.vision_model.encoder.layers.17.mlp.fc1.weight (shape: torch.Size([4304, 1152])) - (1939281:train_csgo.py:825)
2025-12-23 17:46:30 - INFO -         [TRAINABLE] paligemma_with_expert.paligemma.model.vision_tower.vision_model.encoder.layers.17.mlp.fc1.bias (shape: torch.Size([4304])) - (1939281:train_csgo.py:825)
2025-12-23 17:46:30 - INFO -         [TRAINABLE] paligemma_with_expert.paligemma.model.vision_tower.vision_model.encoder.layers.17.mlp.fc2.weight (shape: torch.Size([1152, 4304])) - (1939281:train_csgo.py:825)
2025-12-23 17:46:30 - INFO -         [TRAINABLE] paligemma_with_expert.paligemma.model.vision_tower.vision_model.encoder.layers.17.mlp.fc2.bias (shape: torch.Size([1152])) - (1939281:train_csgo.py:825)
2025-12-23 17:46:30 - INFO -         [TRAINABLE] paligemma_with_expert.paligemma.model.vision_tower.vision_model.encoder.layers.18.layer_norm1.weight (shape: torch.Size([1152])) - (1939281:train_csgo.py:825)
2025-12-23 17:46:30 - INFO -         [TRAINABLE] paligemma_with_expert.paligemma.model.vision_tower.vision_model.encoder.layers.18.layer_norm1.bias (shape: torch.Size([1152])) - (1939281:train_csgo.py:825)
2025-12-23 17:46:30 - INFO -         [TRAINABLE] paligemma_with_expert.paligemma.model.vision_tower.vision_model.encoder.layers.18.self_attn.k_proj.weight (shape: torch.Size([1152, 1152])) - (1939281:train_csgo.py:825)
2025-12-23 17:46:30 - INFO -         [TRAINABLE] paligemma_with_expert.paligemma.model.vision_tower.vision_model.encoder.layers.18.self_attn.k_proj.bias (shape: torch.Size([1152])) - (1939281:train_csgo.py:825)
2025-12-23 17:46:30 - INFO -         [TRAINABLE] paligemma_with_expert.paligemma.model.vision_tower.vision_model.encoder.layers.18.self_attn.v_proj.weight (shape: torch.Size([1152, 1152])) - (1939281:train_csgo.py:825)
2025-12-23 17:46:30 - INFO -         [TRAINABLE] paligemma_with_expert.paligemma.model.vision_tower.vision_model.encoder.layers.18.self_attn.v_proj.bias (shape: torch.Size([1152])) - (1939281:train_csgo.py:825)
2025-12-23 17:46:30 - INFO -         [TRAINABLE] paligemma_with_expert.paligemma.model.vision_tower.vision_model.encoder.layers.18.self_attn.q_proj.weight (shape: torch.Size([1152, 1152])) - (1939281:train_csgo.py:825)
2025-12-23 17:46:30 - INFO -         [TRAINABLE] paligemma_with_expert.paligemma.model.vision_tower.vision_model.encoder.layers.18.self_attn.q_proj.bias (shape: torch.Size([1152])) - (1939281:train_csgo.py:825)
2025-12-23 17:46:30 - INFO -         [TRAINABLE] paligemma_with_expert.paligemma.model.vision_tower.vision_model.encoder.layers.18.self_attn.out_proj.weight (shape: torch.Size([1152, 1152])) - (1939281:train_csgo.py:825)
2025-12-23 17:46:30 - INFO -         [TRAINABLE] paligemma_with_expert.paligemma.model.vision_tower.vision_model.encoder.layers.18.self_attn.out_proj.bias (shape: torch.Size([1152])) - (1939281:train_csgo.py:825)
2025-12-23 17:46:30 - INFO -         [TRAINABLE] paligemma_with_expert.paligemma.model.vision_tower.vision_model.encoder.layers.18.layer_norm2.weight (shape: torch.Size([1152])) - (1939281:train_csgo.py:825)
2025-12-23 17:46:30 - INFO -         [TRAINABLE] paligemma_with_expert.paligemma.model.vision_tower.vision_model.encoder.layers.18.layer_norm2.bias (shape: torch.Size([1152])) - (1939281:train_csgo.py:825)
2025-12-23 17:46:30 - INFO -         [TRAINABLE] paligemma_with_expert.paligemma.model.vision_tower.vision_model.encoder.layers.18.mlp.fc1.weight (shape: torch.Size([4304, 1152])) - (1939281:train_csgo.py:825)
2025-12-23 17:46:30 - INFO -         [TRAINABLE] paligemma_with_expert.paligemma.model.vision_tower.vision_model.encoder.layers.18.mlp.fc1.bias (shape: torch.Size([4304])) - (1939281:train_csgo.py:825)
2025-12-23 17:46:30 - INFO -         [TRAINABLE] paligemma_with_expert.paligemma.model.vision_tower.vision_model.encoder.layers.18.mlp.fc2.weight (shape: torch.Size([1152, 4304])) - (1939281:train_csgo.py:825)
2025-12-23 17:46:30 - INFO -         [TRAINABLE] paligemma_with_expert.paligemma.model.vision_tower.vision_model.encoder.layers.18.mlp.fc2.bias (shape: torch.Size([1152])) - (1939281:train_csgo.py:825)
2025-12-23 17:46:30 - INFO -         [TRAINABLE] paligemma_with_expert.paligemma.model.vision_tower.vision_model.encoder.layers.19.layer_norm1.weight (shape: torch.Size([1152])) - (1939281:train_csgo.py:825)
2025-12-23 17:46:30 - INFO -         [TRAINABLE] paligemma_with_expert.paligemma.model.vision_tower.vision_model.encoder.layers.19.layer_norm1.bias (shape: torch.Size([1152])) - (1939281:train_csgo.py:825)
2025-12-23 17:46:30 - INFO -         [TRAINABLE] paligemma_with_expert.paligemma.model.vision_tower.vision_model.encoder.layers.19.self_attn.k_proj.weight (shape: torch.Size([1152, 1152])) - (1939281:train_csgo.py:825)
2025-12-23 17:46:30 - INFO -         [TRAINABLE] paligemma_with_expert.paligemma.model.vision_tower.vision_model.encoder.layers.19.self_attn.k_proj.bias (shape: torch.Size([1152])) - (1939281:train_csgo.py:825)
2025-12-23 17:46:30 - INFO -         [TRAINABLE] paligemma_with_expert.paligemma.model.vision_tower.vision_model.encoder.layers.19.self_attn.v_proj.weight (shape: torch.Size([1152, 1152])) - (1939281:train_csgo.py:825)
2025-12-23 17:46:30 - INFO -         [TRAINABLE] paligemma_with_expert.paligemma.model.vision_tower.vision_model.encoder.layers.19.self_attn.v_proj.bias (shape: torch.Size([1152])) - (1939281:train_csgo.py:825)
2025-12-23 17:46:30 - INFO -         [TRAINABLE] paligemma_with_expert.paligemma.model.vision_tower.vision_model.encoder.layers.19.self_attn.q_proj.weight (shape: torch.Size([1152, 1152])) - (1939281:train_csgo.py:825)
2025-12-23 17:46:30 - INFO -         [TRAINABLE] paligemma_with_expert.paligemma.model.vision_tower.vision_model.encoder.layers.19.self_attn.q_proj.bias (shape: torch.Size([1152])) - (1939281:train_csgo.py:825)
2025-12-23 17:46:30 - INFO -         [TRAINABLE] paligemma_with_expert.paligemma.model.vision_tower.vision_model.encoder.layers.19.self_attn.out_proj.weight (shape: torch.Size([1152, 1152])) - (1939281:train_csgo.py:825)
2025-12-23 17:46:30 - INFO -         [TRAINABLE] paligemma_with_expert.paligemma.model.vision_tower.vision_model.encoder.layers.19.self_attn.out_proj.bias (shape: torch.Size([1152])) - (1939281:train_csgo.py:825)
2025-12-23 17:46:30 - INFO -         [TRAINABLE] paligemma_with_expert.paligemma.model.vision_tower.vision_model.encoder.layers.19.layer_norm2.weight (shape: torch.Size([1152])) - (1939281:train_csgo.py:825)
2025-12-23 17:46:30 - INFO -         [TRAINABLE] paligemma_with_expert.paligemma.model.vision_tower.vision_model.encoder.layers.19.layer_norm2.bias (shape: torch.Size([1152])) - (1939281:train_csgo.py:825)
2025-12-23 17:46:30 - INFO -         [TRAINABLE] paligemma_with_expert.paligemma.model.vision_tower.vision_model.encoder.layers.19.mlp.fc1.weight (shape: torch.Size([4304, 1152])) - (1939281:train_csgo.py:825)
2025-12-23 17:46:30 - INFO -         [TRAINABLE] paligemma_with_expert.paligemma.model.vision_tower.vision_model.encoder.layers.19.mlp.fc1.bias (shape: torch.Size([4304])) - (1939281:train_csgo.py:825)
2025-12-23 17:46:30 - INFO -         [TRAINABLE] paligemma_with_expert.paligemma.model.vision_tower.vision_model.encoder.layers.19.mlp.fc2.weight (shape: torch.Size([1152, 4304])) - (1939281:train_csgo.py:825)
2025-12-23 17:46:30 - INFO -         [TRAINABLE] paligemma_with_expert.paligemma.model.vision_tower.vision_model.encoder.layers.19.mlp.fc2.bias (shape: torch.Size([1152])) - (1939281:train_csgo.py:825)
2025-12-23 17:46:30 - INFO -         [TRAINABLE] paligemma_with_expert.paligemma.model.vision_tower.vision_model.encoder.layers.20.layer_norm1.weight (shape: torch.Size([1152])) - (1939281:train_csgo.py:825)
2025-12-23 17:46:30 - INFO -         [TRAINABLE] paligemma_with_expert.paligemma.model.vision_tower.vision_model.encoder.layers.20.layer_norm1.bias (shape: torch.Size([1152])) - (1939281:train_csgo.py:825)
2025-12-23 17:46:30 - INFO -         [TRAINABLE] paligemma_with_expert.paligemma.model.vision_tower.vision_model.encoder.layers.20.self_attn.k_proj.weight (shape: torch.Size([1152, 1152])) - (1939281:train_csgo.py:825)
2025-12-23 17:46:30 - INFO -         [TRAINABLE] paligemma_with_expert.paligemma.model.vision_tower.vision_model.encoder.layers.20.self_attn.k_proj.bias (shape: torch.Size([1152])) - (1939281:train_csgo.py:825)
2025-12-23 17:46:30 - INFO -         [TRAINABLE] paligemma_with_expert.paligemma.model.vision_tower.vision_model.encoder.layers.20.self_attn.v_proj.weight (shape: torch.Size([1152, 1152])) - (1939281:train_csgo.py:825)
2025-12-23 17:46:30 - INFO -         [TRAINABLE] paligemma_with_expert.paligemma.model.vision_tower.vision_model.encoder.layers.20.self_attn.v_proj.bias (shape: torch.Size([1152])) - (1939281:train_csgo.py:825)
2025-12-23 17:46:30 - INFO -         [TRAINABLE] paligemma_with_expert.paligemma.model.vision_tower.vision_model.encoder.layers.20.self_attn.q_proj.weight (shape: torch.Size([1152, 1152])) - (1939281:train_csgo.py:825)
2025-12-23 17:46:30 - INFO -         [TRAINABLE] paligemma_with_expert.paligemma.model.vision_tower.vision_model.encoder.layers.20.self_attn.q_proj.bias (shape: torch.Size([1152])) - (1939281:train_csgo.py:825)
2025-12-23 17:46:30 - INFO -         [TRAINABLE] paligemma_with_expert.paligemma.model.vision_tower.vision_model.encoder.layers.20.self_attn.out_proj.weight (shape: torch.Size([1152, 1152])) - (1939281:train_csgo.py:825)
2025-12-23 17:46:30 - INFO -         [TRAINABLE] paligemma_with_expert.paligemma.model.vision_tower.vision_model.encoder.layers.20.self_attn.out_proj.bias (shape: torch.Size([1152])) - (1939281:train_csgo.py:825)
2025-12-23 17:46:30 - INFO -         [TRAINABLE] paligemma_with_expert.paligemma.model.vision_tower.vision_model.encoder.layers.20.layer_norm2.weight (shape: torch.Size([1152])) - (1939281:train_csgo.py:825)
2025-12-23 17:46:30 - INFO -         [TRAINABLE] paligemma_with_expert.paligemma.model.vision_tower.vision_model.encoder.layers.20.layer_norm2.bias (shape: torch.Size([1152])) - (1939281:train_csgo.py:825)
2025-12-23 17:46:30 - INFO -         [TRAINABLE] paligemma_with_expert.paligemma.model.vision_tower.vision_model.encoder.layers.20.mlp.fc1.weight (shape: torch.Size([4304, 1152])) - (1939281:train_csgo.py:825)
2025-12-23 17:46:30 - INFO -         [TRAINABLE] paligemma_with_expert.paligemma.model.vision_tower.vision_model.encoder.layers.20.mlp.fc1.bias (shape: torch.Size([4304])) - (1939281:train_csgo.py:825)
2025-12-23 17:46:30 - INFO -         [TRAINABLE] paligemma_with_expert.paligemma.model.vision_tower.vision_model.encoder.layers.20.mlp.fc2.weight (shape: torch.Size([1152, 4304])) - (1939281:train_csgo.py:825)
2025-12-23 17:46:30 - INFO -         [TRAINABLE] paligemma_with_expert.paligemma.model.vision_tower.vision_model.encoder.layers.20.mlp.fc2.bias (shape: torch.Size([1152])) - (1939281:train_csgo.py:825)
2025-12-23 17:46:30 - INFO -         [TRAINABLE] paligemma_with_expert.paligemma.model.vision_tower.vision_model.encoder.layers.21.layer_norm1.weight (shape: torch.Size([1152])) - (1939281:train_csgo.py:825)
2025-12-23 17:46:30 - INFO -         [TRAINABLE] paligemma_with_expert.paligemma.model.vision_tower.vision_model.encoder.layers.21.layer_norm1.bias (shape: torch.Size([1152])) - (1939281:train_csgo.py:825)
2025-12-23 17:46:30 - INFO -         [TRAINABLE] paligemma_with_expert.paligemma.model.vision_tower.vision_model.encoder.layers.21.self_attn.k_proj.weight (shape: torch.Size([1152, 1152])) - (1939281:train_csgo.py:825)
2025-12-23 17:46:30 - INFO -         [TRAINABLE] paligemma_with_expert.paligemma.model.vision_tower.vision_model.encoder.layers.21.self_attn.k_proj.bias (shape: torch.Size([1152])) - (1939281:train_csgo.py:825)
2025-12-23 17:46:30 - INFO -         [TRAINABLE] paligemma_with_expert.paligemma.model.vision_tower.vision_model.encoder.layers.21.self_attn.v_proj.weight (shape: torch.Size([1152, 1152])) - (1939281:train_csgo.py:825)
2025-12-23 17:46:30 - INFO -         [TRAINABLE] paligemma_with_expert.paligemma.model.vision_tower.vision_model.encoder.layers.21.self_attn.v_proj.bias (shape: torch.Size([1152])) - (1939281:train_csgo.py:825)
2025-12-23 17:46:30 - INFO -         [TRAINABLE] paligemma_with_expert.paligemma.model.vision_tower.vision_model.encoder.layers.21.self_attn.q_proj.weight (shape: torch.Size([1152, 1152])) - (1939281:train_csgo.py:825)
2025-12-23 17:46:30 - INFO -         [TRAINABLE] paligemma_with_expert.paligemma.model.vision_tower.vision_model.encoder.layers.21.self_attn.q_proj.bias (shape: torch.Size([1152])) - (1939281:train_csgo.py:825)
2025-12-23 17:46:30 - INFO -         [TRAINABLE] paligemma_with_expert.paligemma.model.vision_tower.vision_model.encoder.layers.21.self_attn.out_proj.weight (shape: torch.Size([1152, 1152])) - (1939281:train_csgo.py:825)
2025-12-23 17:46:30 - INFO -         [TRAINABLE] paligemma_with_expert.paligemma.model.vision_tower.vision_model.encoder.layers.21.self_attn.out_proj.bias (shape: torch.Size([1152])) - (1939281:train_csgo.py:825)
2025-12-23 17:46:30 - INFO -         [TRAINABLE] paligemma_with_expert.paligemma.model.vision_tower.vision_model.encoder.layers.21.layer_norm2.weight (shape: torch.Size([1152])) - (1939281:train_csgo.py:825)
2025-12-23 17:46:30 - INFO -         [TRAINABLE] paligemma_with_expert.paligemma.model.vision_tower.vision_model.encoder.layers.21.layer_norm2.bias (shape: torch.Size([1152])) - (1939281:train_csgo.py:825)
2025-12-23 17:46:30 - INFO -         [TRAINABLE] paligemma_with_expert.paligemma.model.vision_tower.vision_model.encoder.layers.21.mlp.fc1.weight (shape: torch.Size([4304, 1152])) - (1939281:train_csgo.py:825)
2025-12-23 17:46:30 - INFO -         [TRAINABLE] paligemma_with_expert.paligemma.model.vision_tower.vision_model.encoder.layers.21.mlp.fc1.bias (shape: torch.Size([4304])) - (1939281:train_csgo.py:825)
2025-12-23 17:46:30 - INFO -         [TRAINABLE] paligemma_with_expert.paligemma.model.vision_tower.vision_model.encoder.layers.21.mlp.fc2.weight (shape: torch.Size([1152, 4304])) - (1939281:train_csgo.py:825)
2025-12-23 17:46:30 - INFO -         [TRAINABLE] paligemma_with_expert.paligemma.model.vision_tower.vision_model.encoder.layers.21.mlp.fc2.bias (shape: torch.Size([1152])) - (1939281:train_csgo.py:825)
2025-12-23 17:46:30 - INFO -         [TRAINABLE] paligemma_with_expert.paligemma.model.vision_tower.vision_model.encoder.layers.22.layer_norm1.weight (shape: torch.Size([1152])) - (1939281:train_csgo.py:825)
2025-12-23 17:46:30 - INFO -         [TRAINABLE] paligemma_with_expert.paligemma.model.vision_tower.vision_model.encoder.layers.22.layer_norm1.bias (shape: torch.Size([1152])) - (1939281:train_csgo.py:825)
2025-12-23 17:46:30 - INFO -         [TRAINABLE] paligemma_with_expert.paligemma.model.vision_tower.vision_model.encoder.layers.22.self_attn.k_proj.weight (shape: torch.Size([1152, 1152])) - (1939281:train_csgo.py:825)
2025-12-23 17:46:30 - INFO -         [TRAINABLE] paligemma_with_expert.paligemma.model.vision_tower.vision_model.encoder.layers.22.self_attn.k_proj.bias (shape: torch.Size([1152])) - (1939281:train_csgo.py:825)
2025-12-23 17:46:30 - INFO -         [TRAINABLE] paligemma_with_expert.paligemma.model.vision_tower.vision_model.encoder.layers.22.self_attn.v_proj.weight (shape: torch.Size([1152, 1152])) - (1939281:train_csgo.py:825)
2025-12-23 17:46:30 - INFO -         [TRAINABLE] paligemma_with_expert.paligemma.model.vision_tower.vision_model.encoder.layers.22.self_attn.v_proj.bias (shape: torch.Size([1152])) - (1939281:train_csgo.py:825)
2025-12-23 17:46:30 - INFO -         [TRAINABLE] paligemma_with_expert.paligemma.model.vision_tower.vision_model.encoder.layers.22.self_attn.q_proj.weight (shape: torch.Size([1152, 1152])) - (1939281:train_csgo.py:825)
2025-12-23 17:46:30 - INFO -         [TRAINABLE] paligemma_with_expert.paligemma.model.vision_tower.vision_model.encoder.layers.22.self_attn.q_proj.bias (shape: torch.Size([1152])) - (1939281:train_csgo.py:825)
2025-12-23 17:46:30 - INFO -         [TRAINABLE] paligemma_with_expert.paligemma.model.vision_tower.vision_model.encoder.layers.22.self_attn.out_proj.weight (shape: torch.Size([1152, 1152])) - (1939281:train_csgo.py:825)
2025-12-23 17:46:30 - INFO -         [TRAINABLE] paligemma_with_expert.paligemma.model.vision_tower.vision_model.encoder.layers.22.self_attn.out_proj.bias (shape: torch.Size([1152])) - (1939281:train_csgo.py:825)
2025-12-23 17:46:30 - INFO -         [TRAINABLE] paligemma_with_expert.paligemma.model.vision_tower.vision_model.encoder.layers.22.layer_norm2.weight (shape: torch.Size([1152])) - (1939281:train_csgo.py:825)
2025-12-23 17:46:30 - INFO -         [TRAINABLE] paligemma_with_expert.paligemma.model.vision_tower.vision_model.encoder.layers.22.layer_norm2.bias (shape: torch.Size([1152])) - (1939281:train_csgo.py:825)
2025-12-23 17:46:30 - INFO -         [TRAINABLE] paligemma_with_expert.paligemma.model.vision_tower.vision_model.encoder.layers.22.mlp.fc1.weight (shape: torch.Size([4304, 1152])) - (1939281:train_csgo.py:825)
2025-12-23 17:46:30 - INFO -         [TRAINABLE] paligemma_with_expert.paligemma.model.vision_tower.vision_model.encoder.layers.22.mlp.fc1.bias (shape: torch.Size([4304])) - (1939281:train_csgo.py:825)
2025-12-23 17:46:30 - INFO -         [TRAINABLE] paligemma_with_expert.paligemma.model.vision_tower.vision_model.encoder.layers.22.mlp.fc2.weight (shape: torch.Size([1152, 4304])) - (1939281:train_csgo.py:825)
2025-12-23 17:46:30 - INFO -         [TRAINABLE] paligemma_with_expert.paligemma.model.vision_tower.vision_model.encoder.layers.22.mlp.fc2.bias (shape: torch.Size([1152])) - (1939281:train_csgo.py:825)
2025-12-23 17:46:30 - INFO -         [TRAINABLE] paligemma_with_expert.paligemma.model.vision_tower.vision_model.encoder.layers.23.layer_norm1.weight (shape: torch.Size([1152])) - (1939281:train_csgo.py:825)
2025-12-23 17:46:30 - INFO -         [TRAINABLE] paligemma_with_expert.paligemma.model.vision_tower.vision_model.encoder.layers.23.layer_norm1.bias (shape: torch.Size([1152])) - (1939281:train_csgo.py:825)
2025-12-23 17:46:30 - INFO -         [TRAINABLE] paligemma_with_expert.paligemma.model.vision_tower.vision_model.encoder.layers.23.self_attn.k_proj.weight (shape: torch.Size([1152, 1152])) - (1939281:train_csgo.py:825)
2025-12-23 17:46:30 - INFO -         [TRAINABLE] paligemma_with_expert.paligemma.model.vision_tower.vision_model.encoder.layers.23.self_attn.k_proj.bias (shape: torch.Size([1152])) - (1939281:train_csgo.py:825)
2025-12-23 17:46:30 - INFO -         [TRAINABLE] paligemma_with_expert.paligemma.model.vision_tower.vision_model.encoder.layers.23.self_attn.v_proj.weight (shape: torch.Size([1152, 1152])) - (1939281:train_csgo.py:825)
2025-12-23 17:46:30 - INFO -         [TRAINABLE] paligemma_with_expert.paligemma.model.vision_tower.vision_model.encoder.layers.23.self_attn.v_proj.bias (shape: torch.Size([1152])) - (1939281:train_csgo.py:825)
2025-12-23 17:46:30 - INFO -         [TRAINABLE] paligemma_with_expert.paligemma.model.vision_tower.vision_model.encoder.layers.23.self_attn.q_proj.weight (shape: torch.Size([1152, 1152])) - (1939281:train_csgo.py:825)
2025-12-23 17:46:30 - INFO -         [TRAINABLE] paligemma_with_expert.paligemma.model.vision_tower.vision_model.encoder.layers.23.self_attn.q_proj.bias (shape: torch.Size([1152])) - (1939281:train_csgo.py:825)
2025-12-23 17:46:30 - INFO -         [TRAINABLE] paligemma_with_expert.paligemma.model.vision_tower.vision_model.encoder.layers.23.self_attn.out_proj.weight (shape: torch.Size([1152, 1152])) - (1939281:train_csgo.py:825)
2025-12-23 17:46:30 - INFO -         [TRAINABLE] paligemma_with_expert.paligemma.model.vision_tower.vision_model.encoder.layers.23.self_attn.out_proj.bias (shape: torch.Size([1152])) - (1939281:train_csgo.py:825)
2025-12-23 17:46:30 - INFO -         [TRAINABLE] paligemma_with_expert.paligemma.model.vision_tower.vision_model.encoder.layers.23.layer_norm2.weight (shape: torch.Size([1152])) - (1939281:train_csgo.py:825)
2025-12-23 17:46:30 - INFO -         [TRAINABLE] paligemma_with_expert.paligemma.model.vision_tower.vision_model.encoder.layers.23.layer_norm2.bias (shape: torch.Size([1152])) - (1939281:train_csgo.py:825)
2025-12-23 17:46:30 - INFO -         [TRAINABLE] paligemma_with_expert.paligemma.model.vision_tower.vision_model.encoder.layers.23.mlp.fc1.weight (shape: torch.Size([4304, 1152])) - (1939281:train_csgo.py:825)
2025-12-23 17:46:30 - INFO -         [TRAINABLE] paligemma_with_expert.paligemma.model.vision_tower.vision_model.encoder.layers.23.mlp.fc1.bias (shape: torch.Size([4304])) - (1939281:train_csgo.py:825)
2025-12-23 17:46:30 - INFO -         [TRAINABLE] paligemma_with_expert.paligemma.model.vision_tower.vision_model.encoder.layers.23.mlp.fc2.weight (shape: torch.Size([1152, 4304])) - (1939281:train_csgo.py:825)
2025-12-23 17:46:30 - INFO -         [TRAINABLE] paligemma_with_expert.paligemma.model.vision_tower.vision_model.encoder.layers.23.mlp.fc2.bias (shape: torch.Size([1152])) - (1939281:train_csgo.py:825)
2025-12-23 17:46:30 - INFO -         [TRAINABLE] paligemma_with_expert.paligemma.model.vision_tower.vision_model.encoder.layers.24.layer_norm1.weight (shape: torch.Size([1152])) - (1939281:train_csgo.py:825)
2025-12-23 17:46:30 - INFO -         [TRAINABLE] paligemma_with_expert.paligemma.model.vision_tower.vision_model.encoder.layers.24.layer_norm1.bias (shape: torch.Size([1152])) - (1939281:train_csgo.py:825)
2025-12-23 17:46:30 - INFO -         [TRAINABLE] paligemma_with_expert.paligemma.model.vision_tower.vision_model.encoder.layers.24.self_attn.k_proj.weight (shape: torch.Size([1152, 1152])) - (1939281:train_csgo.py:825)
2025-12-23 17:46:30 - INFO -         [TRAINABLE] paligemma_with_expert.paligemma.model.vision_tower.vision_model.encoder.layers.24.self_attn.k_proj.bias (shape: torch.Size([1152])) - (1939281:train_csgo.py:825)
2025-12-23 17:46:30 - INFO -         [TRAINABLE] paligemma_with_expert.paligemma.model.vision_tower.vision_model.encoder.layers.24.self_attn.v_proj.weight (shape: torch.Size([1152, 1152])) - (1939281:train_csgo.py:825)
2025-12-23 17:46:30 - INFO -         [TRAINABLE] paligemma_with_expert.paligemma.model.vision_tower.vision_model.encoder.layers.24.self_attn.v_proj.bias (shape: torch.Size([1152])) - (1939281:train_csgo.py:825)
2025-12-23 17:46:30 - INFO -         [TRAINABLE] paligemma_with_expert.paligemma.model.vision_tower.vision_model.encoder.layers.24.self_attn.q_proj.weight (shape: torch.Size([1152, 1152])) - (1939281:train_csgo.py:825)
2025-12-23 17:46:30 - INFO -         [TRAINABLE] paligemma_with_expert.paligemma.model.vision_tower.vision_model.encoder.layers.24.self_attn.q_proj.bias (shape: torch.Size([1152])) - (1939281:train_csgo.py:825)
2025-12-23 17:46:30 - INFO -         [TRAINABLE] paligemma_with_expert.paligemma.model.vision_tower.vision_model.encoder.layers.24.self_attn.out_proj.weight (shape: torch.Size([1152, 1152])) - (1939281:train_csgo.py:825)
2025-12-23 17:46:30 - INFO -         [TRAINABLE] paligemma_with_expert.paligemma.model.vision_tower.vision_model.encoder.layers.24.self_attn.out_proj.bias (shape: torch.Size([1152])) - (1939281:train_csgo.py:825)
2025-12-23 17:46:30 - INFO -         [TRAINABLE] paligemma_with_expert.paligemma.model.vision_tower.vision_model.encoder.layers.24.layer_norm2.weight (shape: torch.Size([1152])) - (1939281:train_csgo.py:825)
2025-12-23 17:46:30 - INFO -         [TRAINABLE] paligemma_with_expert.paligemma.model.vision_tower.vision_model.encoder.layers.24.layer_norm2.bias (shape: torch.Size([1152])) - (1939281:train_csgo.py:825)
2025-12-23 17:46:30 - INFO -         [TRAINABLE] paligemma_with_expert.paligemma.model.vision_tower.vision_model.encoder.layers.24.mlp.fc1.weight (shape: torch.Size([4304, 1152])) - (1939281:train_csgo.py:825)
2025-12-23 17:46:30 - INFO -         [TRAINABLE] paligemma_with_expert.paligemma.model.vision_tower.vision_model.encoder.layers.24.mlp.fc1.bias (shape: torch.Size([4304])) - (1939281:train_csgo.py:825)
2025-12-23 17:46:30 - INFO -         [TRAINABLE] paligemma_with_expert.paligemma.model.vision_tower.vision_model.encoder.layers.24.mlp.fc2.weight (shape: torch.Size([1152, 4304])) - (1939281:train_csgo.py:825)
2025-12-23 17:46:30 - INFO -         [TRAINABLE] paligemma_with_expert.paligemma.model.vision_tower.vision_model.encoder.layers.24.mlp.fc2.bias (shape: torch.Size([1152])) - (1939281:train_csgo.py:825)
2025-12-23 17:46:30 - INFO -         [TRAINABLE] paligemma_with_expert.paligemma.model.vision_tower.vision_model.encoder.layers.25.layer_norm1.weight (shape: torch.Size([1152])) - (1939281:train_csgo.py:825)
2025-12-23 17:46:30 - INFO -         [TRAINABLE] paligemma_with_expert.paligemma.model.vision_tower.vision_model.encoder.layers.25.layer_norm1.bias (shape: torch.Size([1152])) - (1939281:train_csgo.py:825)
2025-12-23 17:46:30 - INFO -         [TRAINABLE] paligemma_with_expert.paligemma.model.vision_tower.vision_model.encoder.layers.25.self_attn.k_proj.weight (shape: torch.Size([1152, 1152])) - (1939281:train_csgo.py:825)
2025-12-23 17:46:30 - INFO -         [TRAINABLE] paligemma_with_expert.paligemma.model.vision_tower.vision_model.encoder.layers.25.self_attn.k_proj.bias (shape: torch.Size([1152])) - (1939281:train_csgo.py:825)
2025-12-23 17:46:30 - INFO -         [TRAINABLE] paligemma_with_expert.paligemma.model.vision_tower.vision_model.encoder.layers.25.self_attn.v_proj.weight (shape: torch.Size([1152, 1152])) - (1939281:train_csgo.py:825)
2025-12-23 17:46:30 - INFO -         [TRAINABLE] paligemma_with_expert.paligemma.model.vision_tower.vision_model.encoder.layers.25.self_attn.v_proj.bias (shape: torch.Size([1152])) - (1939281:train_csgo.py:825)
2025-12-23 17:46:30 - INFO -         [TRAINABLE] paligemma_with_expert.paligemma.model.vision_tower.vision_model.encoder.layers.25.self_attn.q_proj.weight (shape: torch.Size([1152, 1152])) - (1939281:train_csgo.py:825)
2025-12-23 17:46:30 - INFO -         [TRAINABLE] paligemma_with_expert.paligemma.model.vision_tower.vision_model.encoder.layers.25.self_attn.q_proj.bias (shape: torch.Size([1152])) - (1939281:train_csgo.py:825)
2025-12-23 17:46:30 - INFO -         [TRAINABLE] paligemma_with_expert.paligemma.model.vision_tower.vision_model.encoder.layers.25.self_attn.out_proj.weight (shape: torch.Size([1152, 1152])) - (1939281:train_csgo.py:825)
2025-12-23 17:46:30 - INFO -         [TRAINABLE] paligemma_with_expert.paligemma.model.vision_tower.vision_model.encoder.layers.25.self_attn.out_proj.bias (shape: torch.Size([1152])) - (1939281:train_csgo.py:825)
2025-12-23 17:46:30 - INFO -         [TRAINABLE] paligemma_with_expert.paligemma.model.vision_tower.vision_model.encoder.layers.25.layer_norm2.weight (shape: torch.Size([1152])) - (1939281:train_csgo.py:825)
2025-12-23 17:46:30 - INFO -         [TRAINABLE] paligemma_with_expert.paligemma.model.vision_tower.vision_model.encoder.layers.25.layer_norm2.bias (shape: torch.Size([1152])) - (1939281:train_csgo.py:825)
2025-12-23 17:46:30 - INFO -         [TRAINABLE] paligemma_with_expert.paligemma.model.vision_tower.vision_model.encoder.layers.25.mlp.fc1.weight (shape: torch.Size([4304, 1152])) - (1939281:train_csgo.py:825)
2025-12-23 17:46:30 - INFO -         [TRAINABLE] paligemma_with_expert.paligemma.model.vision_tower.vision_model.encoder.layers.25.mlp.fc1.bias (shape: torch.Size([4304])) - (1939281:train_csgo.py:825)
2025-12-23 17:46:30 - INFO -         [TRAINABLE] paligemma_with_expert.paligemma.model.vision_tower.vision_model.encoder.layers.25.mlp.fc2.weight (shape: torch.Size([1152, 4304])) - (1939281:train_csgo.py:825)
2025-12-23 17:46:30 - INFO -         [TRAINABLE] paligemma_with_expert.paligemma.model.vision_tower.vision_model.encoder.layers.25.mlp.fc2.bias (shape: torch.Size([1152])) - (1939281:train_csgo.py:825)
2025-12-23 17:46:30 - INFO -         [TRAINABLE] paligemma_with_expert.paligemma.model.vision_tower.vision_model.encoder.layers.26.layer_norm1.weight (shape: torch.Size([1152])) - (1939281:train_csgo.py:825)
2025-12-23 17:46:30 - INFO -         [TRAINABLE] paligemma_with_expert.paligemma.model.vision_tower.vision_model.encoder.layers.26.layer_norm1.bias (shape: torch.Size([1152])) - (1939281:train_csgo.py:825)
2025-12-23 17:46:30 - INFO -         [TRAINABLE] paligemma_with_expert.paligemma.model.vision_tower.vision_model.encoder.layers.26.self_attn.k_proj.weight (shape: torch.Size([1152, 1152])) - (1939281:train_csgo.py:825)
2025-12-23 17:46:30 - INFO -         [TRAINABLE] paligemma_with_expert.paligemma.model.vision_tower.vision_model.encoder.layers.26.self_attn.k_proj.bias (shape: torch.Size([1152])) - (1939281:train_csgo.py:825)
2025-12-23 17:46:30 - INFO -         [TRAINABLE] paligemma_with_expert.paligemma.model.vision_tower.vision_model.encoder.layers.26.self_attn.v_proj.weight (shape: torch.Size([1152, 1152])) - (1939281:train_csgo.py:825)
2025-12-23 17:46:30 - INFO -         [TRAINABLE] paligemma_with_expert.paligemma.model.vision_tower.vision_model.encoder.layers.26.self_attn.v_proj.bias (shape: torch.Size([1152])) - (1939281:train_csgo.py:825)
2025-12-23 17:46:30 - INFO -         [TRAINABLE] paligemma_with_expert.paligemma.model.vision_tower.vision_model.encoder.layers.26.self_attn.q_proj.weight (shape: torch.Size([1152, 1152])) - (1939281:train_csgo.py:825)
2025-12-23 17:46:30 - INFO -         [TRAINABLE] paligemma_with_expert.paligemma.model.vision_tower.vision_model.encoder.layers.26.self_attn.q_proj.bias (shape: torch.Size([1152])) - (1939281:train_csgo.py:825)
2025-12-23 17:46:30 - INFO -         [TRAINABLE] paligemma_with_expert.paligemma.model.vision_tower.vision_model.encoder.layers.26.self_attn.out_proj.weight (shape: torch.Size([1152, 1152])) - (1939281:train_csgo.py:825)
2025-12-23 17:46:30 - INFO -         [TRAINABLE] paligemma_with_expert.paligemma.model.vision_tower.vision_model.encoder.layers.26.self_attn.out_proj.bias (shape: torch.Size([1152])) - (1939281:train_csgo.py:825)
2025-12-23 17:46:30 - INFO -         [TRAINABLE] paligemma_with_expert.paligemma.model.vision_tower.vision_model.encoder.layers.26.layer_norm2.weight (shape: torch.Size([1152])) - (1939281:train_csgo.py:825)
2025-12-23 17:46:30 - INFO -         [TRAINABLE] paligemma_with_expert.paligemma.model.vision_tower.vision_model.encoder.layers.26.layer_norm2.bias (shape: torch.Size([1152])) - (1939281:train_csgo.py:825)
2025-12-23 17:46:30 - INFO -         [TRAINABLE] paligemma_with_expert.paligemma.model.vision_tower.vision_model.encoder.layers.26.mlp.fc1.weight (shape: torch.Size([4304, 1152])) - (1939281:train_csgo.py:825)
2025-12-23 17:46:30 - INFO -         [TRAINABLE] paligemma_with_expert.paligemma.model.vision_tower.vision_model.encoder.layers.26.mlp.fc1.bias (shape: torch.Size([4304])) - (1939281:train_csgo.py:825)
2025-12-23 17:46:30 - INFO -         [TRAINABLE] paligemma_with_expert.paligemma.model.vision_tower.vision_model.encoder.layers.26.mlp.fc2.weight (shape: torch.Size([1152, 4304])) - (1939281:train_csgo.py:825)
2025-12-23 17:46:30 - INFO -         [TRAINABLE] paligemma_with_expert.paligemma.model.vision_tower.vision_model.encoder.layers.26.mlp.fc2.bias (shape: torch.Size([1152])) - (1939281:train_csgo.py:825)
2025-12-23 17:46:30 - INFO -         [TRAINABLE] paligemma_with_expert.paligemma.model.vision_tower.vision_model.post_layernorm.weight (shape: torch.Size([1152])) - (1939281:train_csgo.py:825)
2025-12-23 17:46:30 - INFO -         [TRAINABLE] paligemma_with_expert.paligemma.model.vision_tower.vision_model.post_layernorm.bias (shape: torch.Size([1152])) - (1939281:train_csgo.py:825)
2025-12-23 17:46:30 - INFO -         [TRAINABLE] paligemma_with_expert.paligemma.model.multi_modal_projector.linear.weight (shape: torch.Size([2048, 1152])) - (1939281:train_csgo.py:825)
2025-12-23 17:46:30 - INFO -         [TRAINABLE] paligemma_with_expert.paligemma.model.multi_modal_projector.linear.bias (shape: torch.Size([2048])) - (1939281:train_csgo.py:825)
2025-12-23 17:46:30 - INFO -         [TRAINABLE] paligemma_with_expert.paligemma.model.language_model.embed_tokens.weight (shape: torch.Size([257152, 2048])) - (1939281:train_csgo.py:825)
2025-12-23 17:46:30 - INFO -         [TRAINABLE] paligemma_with_expert.paligemma.model.language_model.layers.0.self_attn.q_proj.weight (shape: torch.Size([2048, 2048])) - (1939281:train_csgo.py:825)
2025-12-23 17:46:30 - INFO -         [TRAINABLE] paligemma_with_expert.paligemma.model.language_model.layers.0.self_attn.k_proj.weight (shape: torch.Size([256, 2048])) - (1939281:train_csgo.py:825)
2025-12-23 17:46:30 - INFO -         [TRAINABLE] paligemma_with_expert.paligemma.model.language_model.layers.0.self_attn.v_proj.weight (shape: torch.Size([256, 2048])) - (1939281:train_csgo.py:825)
2025-12-23 17:46:30 - INFO -         [TRAINABLE] paligemma_with_expert.paligemma.model.language_model.layers.0.self_attn.o_proj.weight (shape: torch.Size([2048, 2048])) - (1939281:train_csgo.py:825)
2025-12-23 17:46:30 - INFO -         [TRAINABLE] paligemma_with_expert.paligemma.model.language_model.layers.0.mlp.gate_proj.weight (shape: torch.Size([16384, 2048])) - (1939281:train_csgo.py:825)
2025-12-23 17:46:30 - INFO -         [TRAINABLE] paligemma_with_expert.paligemma.model.language_model.layers.0.mlp.up_proj.weight (shape: torch.Size([16384, 2048])) - (1939281:train_csgo.py:825)
2025-12-23 17:46:30 - INFO -         [TRAINABLE] paligemma_with_expert.paligemma.model.language_model.layers.0.mlp.down_proj.weight (shape: torch.Size([2048, 16384])) - (1939281:train_csgo.py:825)
2025-12-23 17:46:30 - INFO -         [TRAINABLE] paligemma_with_expert.paligemma.model.language_model.layers.0.input_layernorm.weight (shape: torch.Size([2048])) - (1939281:train_csgo.py:825)
2025-12-23 17:46:30 - INFO -         [TRAINABLE] paligemma_with_expert.paligemma.model.language_model.layers.0.post_attention_layernorm.weight (shape: torch.Size([2048])) - (1939281:train_csgo.py:825)
2025-12-23 17:46:30 - INFO -         [TRAINABLE] paligemma_with_expert.paligemma.model.language_model.layers.1.self_attn.q_proj.weight (shape: torch.Size([2048, 2048])) - (1939281:train_csgo.py:825)
2025-12-23 17:46:30 - INFO -         [TRAINABLE] paligemma_with_expert.paligemma.model.language_model.layers.1.self_attn.k_proj.weight (shape: torch.Size([256, 2048])) - (1939281:train_csgo.py:825)
2025-12-23 17:46:30 - INFO -         [TRAINABLE] paligemma_with_expert.paligemma.model.language_model.layers.1.self_attn.v_proj.weight (shape: torch.Size([256, 2048])) - (1939281:train_csgo.py:825)
2025-12-23 17:46:30 - INFO -         [TRAINABLE] paligemma_with_expert.paligemma.model.language_model.layers.1.self_attn.o_proj.weight (shape: torch.Size([2048, 2048])) - (1939281:train_csgo.py:825)
2025-12-23 17:46:30 - INFO -         [TRAINABLE] paligemma_with_expert.paligemma.model.language_model.layers.1.mlp.gate_proj.weight (shape: torch.Size([16384, 2048])) - (1939281:train_csgo.py:825)
2025-12-23 17:46:30 - INFO -         [TRAINABLE] paligemma_with_expert.paligemma.model.language_model.layers.1.mlp.up_proj.weight (shape: torch.Size([16384, 2048])) - (1939281:train_csgo.py:825)
2025-12-23 17:46:30 - INFO -         [TRAINABLE] paligemma_with_expert.paligemma.model.language_model.layers.1.mlp.down_proj.weight (shape: torch.Size([2048, 16384])) - (1939281:train_csgo.py:825)
2025-12-23 17:46:30 - INFO -         [TRAINABLE] paligemma_with_expert.paligemma.model.language_model.layers.1.input_layernorm.weight (shape: torch.Size([2048])) - (1939281:train_csgo.py:825)
2025-12-23 17:46:30 - INFO -         [TRAINABLE] paligemma_with_expert.paligemma.model.language_model.layers.1.post_attention_layernorm.weight (shape: torch.Size([2048])) - (1939281:train_csgo.py:825)
2025-12-23 17:46:30 - INFO -         [TRAINABLE] paligemma_with_expert.paligemma.model.language_model.layers.2.self_attn.q_proj.weight (shape: torch.Size([2048, 2048])) - (1939281:train_csgo.py:825)
2025-12-23 17:46:30 - INFO -         [TRAINABLE] paligemma_with_expert.paligemma.model.language_model.layers.2.self_attn.k_proj.weight (shape: torch.Size([256, 2048])) - (1939281:train_csgo.py:825)
2025-12-23 17:46:30 - INFO -         [TRAINABLE] paligemma_with_expert.paligemma.model.language_model.layers.2.self_attn.v_proj.weight (shape: torch.Size([256, 2048])) - (1939281:train_csgo.py:825)
2025-12-23 17:46:30 - INFO -         [TRAINABLE] paligemma_with_expert.paligemma.model.language_model.layers.2.self_attn.o_proj.weight (shape: torch.Size([2048, 2048])) - (1939281:train_csgo.py:825)
2025-12-23 17:46:30 - INFO -         [TRAINABLE] paligemma_with_expert.paligemma.model.language_model.layers.2.mlp.gate_proj.weight (shape: torch.Size([16384, 2048])) - (1939281:train_csgo.py:825)
2025-12-23 17:46:30 - INFO -         [TRAINABLE] paligemma_with_expert.paligemma.model.language_model.layers.2.mlp.up_proj.weight (shape: torch.Size([16384, 2048])) - (1939281:train_csgo.py:825)
2025-12-23 17:46:30 - INFO -         [TRAINABLE] paligemma_with_expert.paligemma.model.language_model.layers.2.mlp.down_proj.weight (shape: torch.Size([2048, 16384])) - (1939281:train_csgo.py:825)
2025-12-23 17:46:30 - INFO -         [TRAINABLE] paligemma_with_expert.paligemma.model.language_model.layers.2.input_layernorm.weight (shape: torch.Size([2048])) - (1939281:train_csgo.py:825)
2025-12-23 17:46:30 - INFO -         [TRAINABLE] paligemma_with_expert.paligemma.model.language_model.layers.2.post_attention_layernorm.weight (shape: torch.Size([2048])) - (1939281:train_csgo.py:825)
2025-12-23 17:46:30 - INFO -         [TRAINABLE] paligemma_with_expert.paligemma.model.language_model.layers.3.self_attn.q_proj.weight (shape: torch.Size([2048, 2048])) - (1939281:train_csgo.py:825)
2025-12-23 17:46:30 - INFO -         [TRAINABLE] paligemma_with_expert.paligemma.model.language_model.layers.3.self_attn.k_proj.weight (shape: torch.Size([256, 2048])) - (1939281:train_csgo.py:825)
2025-12-23 17:46:30 - INFO -         [TRAINABLE] paligemma_with_expert.paligemma.model.language_model.layers.3.self_attn.v_proj.weight (shape: torch.Size([256, 2048])) - (1939281:train_csgo.py:825)
2025-12-23 17:46:30 - INFO -         [TRAINABLE] paligemma_with_expert.paligemma.model.language_model.layers.3.self_attn.o_proj.weight (shape: torch.Size([2048, 2048])) - (1939281:train_csgo.py:825)
2025-12-23 17:46:30 - INFO -         [TRAINABLE] paligemma_with_expert.paligemma.model.language_model.layers.3.mlp.gate_proj.weight (shape: torch.Size([16384, 2048])) - (1939281:train_csgo.py:825)
2025-12-23 17:46:30 - INFO -         [TRAINABLE] paligemma_with_expert.paligemma.model.language_model.layers.3.mlp.up_proj.weight (shape: torch.Size([16384, 2048])) - (1939281:train_csgo.py:825)
2025-12-23 17:46:30 - INFO -         [TRAINABLE] paligemma_with_expert.paligemma.model.language_model.layers.3.mlp.down_proj.weight (shape: torch.Size([2048, 16384])) - (1939281:train_csgo.py:825)
2025-12-23 17:46:30 - INFO -         [TRAINABLE] paligemma_with_expert.paligemma.model.language_model.layers.3.input_layernorm.weight (shape: torch.Size([2048])) - (1939281:train_csgo.py:825)
2025-12-23 17:46:30 - INFO -         [TRAINABLE] paligemma_with_expert.paligemma.model.language_model.layers.3.post_attention_layernorm.weight (shape: torch.Size([2048])) - (1939281:train_csgo.py:825)
2025-12-23 17:46:30 - INFO -         [TRAINABLE] paligemma_with_expert.paligemma.model.language_model.layers.4.self_attn.q_proj.weight (shape: torch.Size([2048, 2048])) - (1939281:train_csgo.py:825)
2025-12-23 17:46:30 - INFO -         [TRAINABLE] paligemma_with_expert.paligemma.model.language_model.layers.4.self_attn.k_proj.weight (shape: torch.Size([256, 2048])) - (1939281:train_csgo.py:825)
2025-12-23 17:46:30 - INFO -         [TRAINABLE] paligemma_with_expert.paligemma.model.language_model.layers.4.self_attn.v_proj.weight (shape: torch.Size([256, 2048])) - (1939281:train_csgo.py:825)
2025-12-23 17:46:30 - INFO -         [TRAINABLE] paligemma_with_expert.paligemma.model.language_model.layers.4.self_attn.o_proj.weight (shape: torch.Size([2048, 2048])) - (1939281:train_csgo.py:825)
2025-12-23 17:46:30 - INFO -         [TRAINABLE] paligemma_with_expert.paligemma.model.language_model.layers.4.mlp.gate_proj.weight (shape: torch.Size([16384, 2048])) - (1939281:train_csgo.py:825)
2025-12-23 17:46:30 - INFO -         [TRAINABLE] paligemma_with_expert.paligemma.model.language_model.layers.4.mlp.up_proj.weight (shape: torch.Size([16384, 2048])) - (1939281:train_csgo.py:825)
2025-12-23 17:46:30 - INFO -         [TRAINABLE] paligemma_with_expert.paligemma.model.language_model.layers.4.mlp.down_proj.weight (shape: torch.Size([2048, 16384])) - (1939281:train_csgo.py:825)
2025-12-23 17:46:30 - INFO -         [TRAINABLE] paligemma_with_expert.paligemma.model.language_model.layers.4.input_layernorm.weight (shape: torch.Size([2048])) - (1939281:train_csgo.py:825)
2025-12-23 17:46:30 - INFO -         [TRAINABLE] paligemma_with_expert.paligemma.model.language_model.layers.4.post_attention_layernorm.weight (shape: torch.Size([2048])) - (1939281:train_csgo.py:825)
2025-12-23 17:46:30 - INFO -         [TRAINABLE] paligemma_with_expert.paligemma.model.language_model.layers.5.self_attn.q_proj.weight (shape: torch.Size([2048, 2048])) - (1939281:train_csgo.py:825)
2025-12-23 17:46:30 - INFO -         [TRAINABLE] paligemma_with_expert.paligemma.model.language_model.layers.5.self_attn.k_proj.weight (shape: torch.Size([256, 2048])) - (1939281:train_csgo.py:825)
2025-12-23 17:46:30 - INFO -         [TRAINABLE] paligemma_with_expert.paligemma.model.language_model.layers.5.self_attn.v_proj.weight (shape: torch.Size([256, 2048])) - (1939281:train_csgo.py:825)
2025-12-23 17:46:30 - INFO -         [TRAINABLE] paligemma_with_expert.paligemma.model.language_model.layers.5.self_attn.o_proj.weight (shape: torch.Size([2048, 2048])) - (1939281:train_csgo.py:825)
2025-12-23 17:46:30 - INFO -         [TRAINABLE] paligemma_with_expert.paligemma.model.language_model.layers.5.mlp.gate_proj.weight (shape: torch.Size([16384, 2048])) - (1939281:train_csgo.py:825)
2025-12-23 17:46:30 - INFO -         [TRAINABLE] paligemma_with_expert.paligemma.model.language_model.layers.5.mlp.up_proj.weight (shape: torch.Size([16384, 2048])) - (1939281:train_csgo.py:825)
2025-12-23 17:46:30 - INFO -         [TRAINABLE] paligemma_with_expert.paligemma.model.language_model.layers.5.mlp.down_proj.weight (shape: torch.Size([2048, 16384])) - (1939281:train_csgo.py:825)
2025-12-23 17:46:30 - INFO -         [TRAINABLE] paligemma_with_expert.paligemma.model.language_model.layers.5.input_layernorm.weight (shape: torch.Size([2048])) - (1939281:train_csgo.py:825)
2025-12-23 17:46:30 - INFO -         [TRAINABLE] paligemma_with_expert.paligemma.model.language_model.layers.5.post_attention_layernorm.weight (shape: torch.Size([2048])) - (1939281:train_csgo.py:825)
2025-12-23 17:46:30 - INFO -         [TRAINABLE] paligemma_with_expert.paligemma.model.language_model.layers.6.self_attn.q_proj.weight (shape: torch.Size([2048, 2048])) - (1939281:train_csgo.py:825)
2025-12-23 17:46:30 - INFO -         [TRAINABLE] paligemma_with_expert.paligemma.model.language_model.layers.6.self_attn.k_proj.weight (shape: torch.Size([256, 2048])) - (1939281:train_csgo.py:825)
2025-12-23 17:46:30 - INFO -         [TRAINABLE] paligemma_with_expert.paligemma.model.language_model.layers.6.self_attn.v_proj.weight (shape: torch.Size([256, 2048])) - (1939281:train_csgo.py:825)
2025-12-23 17:46:30 - INFO -         [TRAINABLE] paligemma_with_expert.paligemma.model.language_model.layers.6.self_attn.o_proj.weight (shape: torch.Size([2048, 2048])) - (1939281:train_csgo.py:825)
2025-12-23 17:46:30 - INFO -         [TRAINABLE] paligemma_with_expert.paligemma.model.language_model.layers.6.mlp.gate_proj.weight (shape: torch.Size([16384, 2048])) - (1939281:train_csgo.py:825)
2025-12-23 17:46:30 - INFO -         [TRAINABLE] paligemma_with_expert.paligemma.model.language_model.layers.6.mlp.up_proj.weight (shape: torch.Size([16384, 2048])) - (1939281:train_csgo.py:825)
2025-12-23 17:46:30 - INFO -         [TRAINABLE] paligemma_with_expert.paligemma.model.language_model.layers.6.mlp.down_proj.weight (shape: torch.Size([2048, 16384])) - (1939281:train_csgo.py:825)
2025-12-23 17:46:30 - INFO -         [TRAINABLE] paligemma_with_expert.paligemma.model.language_model.layers.6.input_layernorm.weight (shape: torch.Size([2048])) - (1939281:train_csgo.py:825)
2025-12-23 17:46:30 - INFO -         [TRAINABLE] paligemma_with_expert.paligemma.model.language_model.layers.6.post_attention_layernorm.weight (shape: torch.Size([2048])) - (1939281:train_csgo.py:825)
2025-12-23 17:46:30 - INFO -         [TRAINABLE] paligemma_with_expert.paligemma.model.language_model.layers.7.self_attn.q_proj.weight (shape: torch.Size([2048, 2048])) - (1939281:train_csgo.py:825)
2025-12-23 17:46:30 - INFO -         [TRAINABLE] paligemma_with_expert.paligemma.model.language_model.layers.7.self_attn.k_proj.weight (shape: torch.Size([256, 2048])) - (1939281:train_csgo.py:825)
2025-12-23 17:46:30 - INFO -         [TRAINABLE] paligemma_with_expert.paligemma.model.language_model.layers.7.self_attn.v_proj.weight (shape: torch.Size([256, 2048])) - (1939281:train_csgo.py:825)
2025-12-23 17:46:30 - INFO -         [TRAINABLE] paligemma_with_expert.paligemma.model.language_model.layers.7.self_attn.o_proj.weight (shape: torch.Size([2048, 2048])) - (1939281:train_csgo.py:825)
2025-12-23 17:46:30 - INFO -         [TRAINABLE] paligemma_with_expert.paligemma.model.language_model.layers.7.mlp.gate_proj.weight (shape: torch.Size([16384, 2048])) - (1939281:train_csgo.py:825)
2025-12-23 17:46:30 - INFO -         [TRAINABLE] paligemma_with_expert.paligemma.model.language_model.layers.7.mlp.up_proj.weight (shape: torch.Size([16384, 2048])) - (1939281:train_csgo.py:825)
2025-12-23 17:46:30 - INFO -         [TRAINABLE] paligemma_with_expert.paligemma.model.language_model.layers.7.mlp.down_proj.weight (shape: torch.Size([2048, 16384])) - (1939281:train_csgo.py:825)
2025-12-23 17:46:30 - INFO -         [TRAINABLE] paligemma_with_expert.paligemma.model.language_model.layers.7.input_layernorm.weight (shape: torch.Size([2048])) - (1939281:train_csgo.py:825)
2025-12-23 17:46:30 - INFO -         [TRAINABLE] paligemma_with_expert.paligemma.model.language_model.layers.7.post_attention_layernorm.weight (shape: torch.Size([2048])) - (1939281:train_csgo.py:825)
2025-12-23 17:46:30 - INFO -         [TRAINABLE] paligemma_with_expert.paligemma.model.language_model.layers.8.self_attn.q_proj.weight (shape: torch.Size([2048, 2048])) - (1939281:train_csgo.py:825)
2025-12-23 17:46:30 - INFO -         [TRAINABLE] paligemma_with_expert.paligemma.model.language_model.layers.8.self_attn.k_proj.weight (shape: torch.Size([256, 2048])) - (1939281:train_csgo.py:825)
2025-12-23 17:46:30 - INFO -         [TRAINABLE] paligemma_with_expert.paligemma.model.language_model.layers.8.self_attn.v_proj.weight (shape: torch.Size([256, 2048])) - (1939281:train_csgo.py:825)
2025-12-23 17:46:30 - INFO -         [TRAINABLE] paligemma_with_expert.paligemma.model.language_model.layers.8.self_attn.o_proj.weight (shape: torch.Size([2048, 2048])) - (1939281:train_csgo.py:825)
2025-12-23 17:46:30 - INFO -         [TRAINABLE] paligemma_with_expert.paligemma.model.language_model.layers.8.mlp.gate_proj.weight (shape: torch.Size([16384, 2048])) - (1939281:train_csgo.py:825)
2025-12-23 17:46:30 - INFO -         [TRAINABLE] paligemma_with_expert.paligemma.model.language_model.layers.8.mlp.up_proj.weight (shape: torch.Size([16384, 2048])) - (1939281:train_csgo.py:825)
2025-12-23 17:46:30 - INFO -         [TRAINABLE] paligemma_with_expert.paligemma.model.language_model.layers.8.mlp.down_proj.weight (shape: torch.Size([2048, 16384])) - (1939281:train_csgo.py:825)
2025-12-23 17:46:30 - INFO -         [TRAINABLE] paligemma_with_expert.paligemma.model.language_model.layers.8.input_layernorm.weight (shape: torch.Size([2048])) - (1939281:train_csgo.py:825)
2025-12-23 17:46:30 - INFO -         [TRAINABLE] paligemma_with_expert.paligemma.model.language_model.layers.8.post_attention_layernorm.weight (shape: torch.Size([2048])) - (1939281:train_csgo.py:825)
2025-12-23 17:46:30 - INFO -         [TRAINABLE] paligemma_with_expert.paligemma.model.language_model.layers.9.self_attn.q_proj.weight (shape: torch.Size([2048, 2048])) - (1939281:train_csgo.py:825)
2025-12-23 17:46:30 - INFO -         [TRAINABLE] paligemma_with_expert.paligemma.model.language_model.layers.9.self_attn.k_proj.weight (shape: torch.Size([256, 2048])) - (1939281:train_csgo.py:825)
2025-12-23 17:46:30 - INFO -         [TRAINABLE] paligemma_with_expert.paligemma.model.language_model.layers.9.self_attn.v_proj.weight (shape: torch.Size([256, 2048])) - (1939281:train_csgo.py:825)
2025-12-23 17:46:30 - INFO -         [TRAINABLE] paligemma_with_expert.paligemma.model.language_model.layers.9.self_attn.o_proj.weight (shape: torch.Size([2048, 2048])) - (1939281:train_csgo.py:825)
2025-12-23 17:46:30 - INFO -         [TRAINABLE] paligemma_with_expert.paligemma.model.language_model.layers.9.mlp.gate_proj.weight (shape: torch.Size([16384, 2048])) - (1939281:train_csgo.py:825)
2025-12-23 17:46:30 - INFO -         [TRAINABLE] paligemma_with_expert.paligemma.model.language_model.layers.9.mlp.up_proj.weight (shape: torch.Size([16384, 2048])) - (1939281:train_csgo.py:825)
2025-12-23 17:46:30 - INFO -         [TRAINABLE] paligemma_with_expert.paligemma.model.language_model.layers.9.mlp.down_proj.weight (shape: torch.Size([2048, 16384])) - (1939281:train_csgo.py:825)
2025-12-23 17:46:30 - INFO -         [TRAINABLE] paligemma_with_expert.paligemma.model.language_model.layers.9.input_layernorm.weight (shape: torch.Size([2048])) - (1939281:train_csgo.py:825)
2025-12-23 17:46:30 - INFO -         [TRAINABLE] paligemma_with_expert.paligemma.model.language_model.layers.9.post_attention_layernorm.weight (shape: torch.Size([2048])) - (1939281:train_csgo.py:825)
2025-12-23 17:46:30 - INFO -         [TRAINABLE] paligemma_with_expert.paligemma.model.language_model.layers.10.self_attn.q_proj.weight (shape: torch.Size([2048, 2048])) - (1939281:train_csgo.py:825)
2025-12-23 17:46:30 - INFO -         [TRAINABLE] paligemma_with_expert.paligemma.model.language_model.layers.10.self_attn.k_proj.weight (shape: torch.Size([256, 2048])) - (1939281:train_csgo.py:825)
2025-12-23 17:46:30 - INFO -         [TRAINABLE] paligemma_with_expert.paligemma.model.language_model.layers.10.self_attn.v_proj.weight (shape: torch.Size([256, 2048])) - (1939281:train_csgo.py:825)
2025-12-23 17:46:30 - INFO -         [TRAINABLE] paligemma_with_expert.paligemma.model.language_model.layers.10.self_attn.o_proj.weight (shape: torch.Size([2048, 2048])) - (1939281:train_csgo.py:825)
2025-12-23 17:46:30 - INFO -         [TRAINABLE] paligemma_with_expert.paligemma.model.language_model.layers.10.mlp.gate_proj.weight (shape: torch.Size([16384, 2048])) - (1939281:train_csgo.py:825)
2025-12-23 17:46:30 - INFO -         [TRAINABLE] paligemma_with_expert.paligemma.model.language_model.layers.10.mlp.up_proj.weight (shape: torch.Size([16384, 2048])) - (1939281:train_csgo.py:825)
2025-12-23 17:46:30 - INFO -         [TRAINABLE] paligemma_with_expert.paligemma.model.language_model.layers.10.mlp.down_proj.weight (shape: torch.Size([2048, 16384])) - (1939281:train_csgo.py:825)
2025-12-23 17:46:30 - INFO -         [TRAINABLE] paligemma_with_expert.paligemma.model.language_model.layers.10.input_layernorm.weight (shape: torch.Size([2048])) - (1939281:train_csgo.py:825)
2025-12-23 17:46:30 - INFO -         [TRAINABLE] paligemma_with_expert.paligemma.model.language_model.layers.10.post_attention_layernorm.weight (shape: torch.Size([2048])) - (1939281:train_csgo.py:825)
2025-12-23 17:46:30 - INFO -         [TRAINABLE] paligemma_with_expert.paligemma.model.language_model.layers.11.self_attn.q_proj.weight (shape: torch.Size([2048, 2048])) - (1939281:train_csgo.py:825)
2025-12-23 17:46:30 - INFO -         [TRAINABLE] paligemma_with_expert.paligemma.model.language_model.layers.11.self_attn.k_proj.weight (shape: torch.Size([256, 2048])) - (1939281:train_csgo.py:825)
2025-12-23 17:46:30 - INFO -         [TRAINABLE] paligemma_with_expert.paligemma.model.language_model.layers.11.self_attn.v_proj.weight (shape: torch.Size([256, 2048])) - (1939281:train_csgo.py:825)
2025-12-23 17:46:30 - INFO -         [TRAINABLE] paligemma_with_expert.paligemma.model.language_model.layers.11.self_attn.o_proj.weight (shape: torch.Size([2048, 2048])) - (1939281:train_csgo.py:825)
2025-12-23 17:46:30 - INFO -         [TRAINABLE] paligemma_with_expert.paligemma.model.language_model.layers.11.mlp.gate_proj.weight (shape: torch.Size([16384, 2048])) - (1939281:train_csgo.py:825)
2025-12-23 17:46:30 - INFO -         [TRAINABLE] paligemma_with_expert.paligemma.model.language_model.layers.11.mlp.up_proj.weight (shape: torch.Size([16384, 2048])) - (1939281:train_csgo.py:825)
2025-12-23 17:46:30 - INFO -         [TRAINABLE] paligemma_with_expert.paligemma.model.language_model.layers.11.mlp.down_proj.weight (shape: torch.Size([2048, 16384])) - (1939281:train_csgo.py:825)
2025-12-23 17:46:30 - INFO -         [TRAINABLE] paligemma_with_expert.paligemma.model.language_model.layers.11.input_layernorm.weight (shape: torch.Size([2048])) - (1939281:train_csgo.py:825)
2025-12-23 17:46:30 - INFO -         [TRAINABLE] paligemma_with_expert.paligemma.model.language_model.layers.11.post_attention_layernorm.weight (shape: torch.Size([2048])) - (1939281:train_csgo.py:825)
2025-12-23 17:46:30 - INFO -         [TRAINABLE] paligemma_with_expert.paligemma.model.language_model.layers.12.self_attn.q_proj.weight (shape: torch.Size([2048, 2048])) - (1939281:train_csgo.py:825)
2025-12-23 17:46:30 - INFO -         [TRAINABLE] paligemma_with_expert.paligemma.model.language_model.layers.12.self_attn.k_proj.weight (shape: torch.Size([256, 2048])) - (1939281:train_csgo.py:825)
2025-12-23 17:46:30 - INFO -         [TRAINABLE] paligemma_with_expert.paligemma.model.language_model.layers.12.self_attn.v_proj.weight (shape: torch.Size([256, 2048])) - (1939281:train_csgo.py:825)
2025-12-23 17:46:30 - INFO -         [TRAINABLE] paligemma_with_expert.paligemma.model.language_model.layers.12.self_attn.o_proj.weight (shape: torch.Size([2048, 2048])) - (1939281:train_csgo.py:825)
2025-12-23 17:46:30 - INFO -         [TRAINABLE] paligemma_with_expert.paligemma.model.language_model.layers.12.mlp.gate_proj.weight (shape: torch.Size([16384, 2048])) - (1939281:train_csgo.py:825)
2025-12-23 17:46:30 - INFO -         [TRAINABLE] paligemma_with_expert.paligemma.model.language_model.layers.12.mlp.up_proj.weight (shape: torch.Size([16384, 2048])) - (1939281:train_csgo.py:825)
2025-12-23 17:46:30 - INFO -         [TRAINABLE] paligemma_with_expert.paligemma.model.language_model.layers.12.mlp.down_proj.weight (shape: torch.Size([2048, 16384])) - (1939281:train_csgo.py:825)
2025-12-23 17:46:30 - INFO -         [TRAINABLE] paligemma_with_expert.paligemma.model.language_model.layers.12.input_layernorm.weight (shape: torch.Size([2048])) - (1939281:train_csgo.py:825)
2025-12-23 17:46:30 - INFO -         [TRAINABLE] paligemma_with_expert.paligemma.model.language_model.layers.12.post_attention_layernorm.weight (shape: torch.Size([2048])) - (1939281:train_csgo.py:825)
2025-12-23 17:46:30 - INFO -         [TRAINABLE] paligemma_with_expert.paligemma.model.language_model.layers.13.self_attn.q_proj.weight (shape: torch.Size([2048, 2048])) - (1939281:train_csgo.py:825)
2025-12-23 17:46:30 - INFO -         [TRAINABLE] paligemma_with_expert.paligemma.model.language_model.layers.13.self_attn.k_proj.weight (shape: torch.Size([256, 2048])) - (1939281:train_csgo.py:825)
2025-12-23 17:46:30 - INFO -         [TRAINABLE] paligemma_with_expert.paligemma.model.language_model.layers.13.self_attn.v_proj.weight (shape: torch.Size([256, 2048])) - (1939281:train_csgo.py:825)
2025-12-23 17:46:30 - INFO -         [TRAINABLE] paligemma_with_expert.paligemma.model.language_model.layers.13.self_attn.o_proj.weight (shape: torch.Size([2048, 2048])) - (1939281:train_csgo.py:825)
2025-12-23 17:46:30 - INFO -         [TRAINABLE] paligemma_with_expert.paligemma.model.language_model.layers.13.mlp.gate_proj.weight (shape: torch.Size([16384, 2048])) - (1939281:train_csgo.py:825)
2025-12-23 17:46:30 - INFO -         [TRAINABLE] paligemma_with_expert.paligemma.model.language_model.layers.13.mlp.up_proj.weight (shape: torch.Size([16384, 2048])) - (1939281:train_csgo.py:825)
2025-12-23 17:46:30 - INFO -         [TRAINABLE] paligemma_with_expert.paligemma.model.language_model.layers.13.mlp.down_proj.weight (shape: torch.Size([2048, 16384])) - (1939281:train_csgo.py:825)
2025-12-23 17:46:30 - INFO -         [TRAINABLE] paligemma_with_expert.paligemma.model.language_model.layers.13.input_layernorm.weight (shape: torch.Size([2048])) - (1939281:train_csgo.py:825)
2025-12-23 17:46:30 - INFO -         [TRAINABLE] paligemma_with_expert.paligemma.model.language_model.layers.13.post_attention_layernorm.weight (shape: torch.Size([2048])) - (1939281:train_csgo.py:825)
2025-12-23 17:46:30 - INFO -         [TRAINABLE] paligemma_with_expert.paligemma.model.language_model.layers.14.self_attn.q_proj.weight (shape: torch.Size([2048, 2048])) - (1939281:train_csgo.py:825)
2025-12-23 17:46:30 - INFO -         [TRAINABLE] paligemma_with_expert.paligemma.model.language_model.layers.14.self_attn.k_proj.weight (shape: torch.Size([256, 2048])) - (1939281:train_csgo.py:825)
2025-12-23 17:46:30 - INFO -         [TRAINABLE] paligemma_with_expert.paligemma.model.language_model.layers.14.self_attn.v_proj.weight (shape: torch.Size([256, 2048])) - (1939281:train_csgo.py:825)
2025-12-23 17:46:30 - INFO -         [TRAINABLE] paligemma_with_expert.paligemma.model.language_model.layers.14.self_attn.o_proj.weight (shape: torch.Size([2048, 2048])) - (1939281:train_csgo.py:825)
2025-12-23 17:46:30 - INFO -         [TRAINABLE] paligemma_with_expert.paligemma.model.language_model.layers.14.mlp.gate_proj.weight (shape: torch.Size([16384, 2048])) - (1939281:train_csgo.py:825)
2025-12-23 17:46:30 - INFO -         [TRAINABLE] paligemma_with_expert.paligemma.model.language_model.layers.14.mlp.up_proj.weight (shape: torch.Size([16384, 2048])) - (1939281:train_csgo.py:825)
2025-12-23 17:46:30 - INFO -         [TRAINABLE] paligemma_with_expert.paligemma.model.language_model.layers.14.mlp.down_proj.weight (shape: torch.Size([2048, 16384])) - (1939281:train_csgo.py:825)
2025-12-23 17:46:30 - INFO -         [TRAINABLE] paligemma_with_expert.paligemma.model.language_model.layers.14.input_layernorm.weight (shape: torch.Size([2048])) - (1939281:train_csgo.py:825)
2025-12-23 17:46:30 - INFO -         [TRAINABLE] paligemma_with_expert.paligemma.model.language_model.layers.14.post_attention_layernorm.weight (shape: torch.Size([2048])) - (1939281:train_csgo.py:825)
2025-12-23 17:46:30 - INFO -         [TRAINABLE] paligemma_with_expert.paligemma.model.language_model.layers.15.self_attn.q_proj.weight (shape: torch.Size([2048, 2048])) - (1939281:train_csgo.py:825)
2025-12-23 17:46:30 - INFO -         [TRAINABLE] paligemma_with_expert.paligemma.model.language_model.layers.15.self_attn.k_proj.weight (shape: torch.Size([256, 2048])) - (1939281:train_csgo.py:825)
2025-12-23 17:46:30 - INFO -         [TRAINABLE] paligemma_with_expert.paligemma.model.language_model.layers.15.self_attn.v_proj.weight (shape: torch.Size([256, 2048])) - (1939281:train_csgo.py:825)
2025-12-23 17:46:30 - INFO -         [TRAINABLE] paligemma_with_expert.paligemma.model.language_model.layers.15.self_attn.o_proj.weight (shape: torch.Size([2048, 2048])) - (1939281:train_csgo.py:825)
2025-12-23 17:46:30 - INFO -         [TRAINABLE] paligemma_with_expert.paligemma.model.language_model.layers.15.mlp.gate_proj.weight (shape: torch.Size([16384, 2048])) - (1939281:train_csgo.py:825)
2025-12-23 17:46:30 - INFO -         [TRAINABLE] paligemma_with_expert.paligemma.model.language_model.layers.15.mlp.up_proj.weight (shape: torch.Size([16384, 2048])) - (1939281:train_csgo.py:825)
2025-12-23 17:46:30 - INFO -         [TRAINABLE] paligemma_with_expert.paligemma.model.language_model.layers.15.mlp.down_proj.weight (shape: torch.Size([2048, 16384])) - (1939281:train_csgo.py:825)
2025-12-23 17:46:30 - INFO -         [TRAINABLE] paligemma_with_expert.paligemma.model.language_model.layers.15.input_layernorm.weight (shape: torch.Size([2048])) - (1939281:train_csgo.py:825)
2025-12-23 17:46:30 - INFO -         [TRAINABLE] paligemma_with_expert.paligemma.model.language_model.layers.15.post_attention_layernorm.weight (shape: torch.Size([2048])) - (1939281:train_csgo.py:825)
2025-12-23 17:46:30 - INFO -         [TRAINABLE] paligemma_with_expert.paligemma.model.language_model.layers.16.self_attn.q_proj.weight (shape: torch.Size([2048, 2048])) - (1939281:train_csgo.py:825)
2025-12-23 17:46:30 - INFO -         [TRAINABLE] paligemma_with_expert.paligemma.model.language_model.layers.16.self_attn.k_proj.weight (shape: torch.Size([256, 2048])) - (1939281:train_csgo.py:825)
2025-12-23 17:46:30 - INFO -         [TRAINABLE] paligemma_with_expert.paligemma.model.language_model.layers.16.self_attn.v_proj.weight (shape: torch.Size([256, 2048])) - (1939281:train_csgo.py:825)
2025-12-23 17:46:30 - INFO -         [TRAINABLE] paligemma_with_expert.paligemma.model.language_model.layers.16.self_attn.o_proj.weight (shape: torch.Size([2048, 2048])) - (1939281:train_csgo.py:825)
2025-12-23 17:46:30 - INFO -         [TRAINABLE] paligemma_with_expert.paligemma.model.language_model.layers.16.mlp.gate_proj.weight (shape: torch.Size([16384, 2048])) - (1939281:train_csgo.py:825)
2025-12-23 17:46:30 - INFO -         [TRAINABLE] paligemma_with_expert.paligemma.model.language_model.layers.16.mlp.up_proj.weight (shape: torch.Size([16384, 2048])) - (1939281:train_csgo.py:825)
2025-12-23 17:46:30 - INFO -         [TRAINABLE] paligemma_with_expert.paligemma.model.language_model.layers.16.mlp.down_proj.weight (shape: torch.Size([2048, 16384])) - (1939281:train_csgo.py:825)
2025-12-23 17:46:30 - INFO -         [TRAINABLE] paligemma_with_expert.paligemma.model.language_model.layers.16.input_layernorm.weight (shape: torch.Size([2048])) - (1939281:train_csgo.py:825)
2025-12-23 17:46:30 - INFO -         [TRAINABLE] paligemma_with_expert.paligemma.model.language_model.layers.16.post_attention_layernorm.weight (shape: torch.Size([2048])) - (1939281:train_csgo.py:825)
2025-12-23 17:46:30 - INFO -         [TRAINABLE] paligemma_with_expert.paligemma.model.language_model.layers.17.self_attn.q_proj.weight (shape: torch.Size([2048, 2048])) - (1939281:train_csgo.py:825)
2025-12-23 17:46:30 - INFO -         [TRAINABLE] paligemma_with_expert.paligemma.model.language_model.layers.17.self_attn.k_proj.weight (shape: torch.Size([256, 2048])) - (1939281:train_csgo.py:825)
2025-12-23 17:46:30 - INFO -         [TRAINABLE] paligemma_with_expert.paligemma.model.language_model.layers.17.self_attn.v_proj.weight (shape: torch.Size([256, 2048])) - (1939281:train_csgo.py:825)
2025-12-23 17:46:30 - INFO -         [TRAINABLE] paligemma_with_expert.paligemma.model.language_model.layers.17.self_attn.o_proj.weight (shape: torch.Size([2048, 2048])) - (1939281:train_csgo.py:825)
2025-12-23 17:46:30 - INFO -         [TRAINABLE] paligemma_with_expert.paligemma.model.language_model.layers.17.mlp.gate_proj.weight (shape: torch.Size([16384, 2048])) - (1939281:train_csgo.py:825)
2025-12-23 17:46:30 - INFO -         [TRAINABLE] paligemma_with_expert.paligemma.model.language_model.layers.17.mlp.up_proj.weight (shape: torch.Size([16384, 2048])) - (1939281:train_csgo.py:825)
2025-12-23 17:46:30 - INFO -         [TRAINABLE] paligemma_with_expert.paligemma.model.language_model.layers.17.mlp.down_proj.weight (shape: torch.Size([2048, 16384])) - (1939281:train_csgo.py:825)
2025-12-23 17:46:30 - INFO -         [TRAINABLE] paligemma_with_expert.paligemma.model.language_model.layers.17.input_layernorm.weight (shape: torch.Size([2048])) - (1939281:train_csgo.py:825)
2025-12-23 17:46:30 - INFO -         [TRAINABLE] paligemma_with_expert.paligemma.model.language_model.layers.17.post_attention_layernorm.weight (shape: torch.Size([2048])) - (1939281:train_csgo.py:825)
2025-12-23 17:46:30 - INFO -         [TRAINABLE] paligemma_with_expert.paligemma.model.language_model.norm.weight (shape: torch.Size([2048])) - (1939281:train_csgo.py:825)
2025-12-23 17:46:30 - INFO -         [TRAINABLE] paligemma_with_expert.gemma_expert.model.layers.0.self_attn.q_proj.weight (shape: torch.Size([2048, 1024])) - (1939281:train_csgo.py:825)
2025-12-23 17:46:30 - INFO -         [TRAINABLE] paligemma_with_expert.gemma_expert.model.layers.0.self_attn.k_proj.weight (shape: torch.Size([256, 1024])) - (1939281:train_csgo.py:825)
2025-12-23 17:46:30 - INFO -         [TRAINABLE] paligemma_with_expert.gemma_expert.model.layers.0.self_attn.v_proj.weight (shape: torch.Size([256, 1024])) - (1939281:train_csgo.py:825)
2025-12-23 17:46:30 - INFO -         [TRAINABLE] paligemma_with_expert.gemma_expert.model.layers.0.self_attn.o_proj.weight (shape: torch.Size([1024, 2048])) - (1939281:train_csgo.py:825)
2025-12-23 17:46:30 - INFO -         [TRAINABLE] paligemma_with_expert.gemma_expert.model.layers.0.mlp.gate_proj.weight (shape: torch.Size([4096, 1024])) - (1939281:train_csgo.py:825)
2025-12-23 17:46:30 - INFO -         [TRAINABLE] paligemma_with_expert.gemma_expert.model.layers.0.mlp.up_proj.weight (shape: torch.Size([4096, 1024])) - (1939281:train_csgo.py:825)
2025-12-23 17:46:30 - INFO -         [TRAINABLE] paligemma_with_expert.gemma_expert.model.layers.0.mlp.down_proj.weight (shape: torch.Size([1024, 4096])) - (1939281:train_csgo.py:825)
2025-12-23 17:46:30 - INFO -         [TRAINABLE] paligemma_with_expert.gemma_expert.model.layers.0.input_layernorm.dense.weight (shape: torch.Size([3072, 1024])) - (1939281:train_csgo.py:825)
2025-12-23 17:46:30 - INFO -         [TRAINABLE] paligemma_with_expert.gemma_expert.model.layers.0.input_layernorm.dense.bias (shape: torch.Size([3072])) - (1939281:train_csgo.py:825)
2025-12-23 17:46:30 - INFO -         [TRAINABLE] paligemma_with_expert.gemma_expert.model.layers.0.post_attention_layernorm.dense.weight (shape: torch.Size([3072, 1024])) - (1939281:train_csgo.py:825)
2025-12-23 17:46:30 - INFO -         [TRAINABLE] paligemma_with_expert.gemma_expert.model.layers.0.post_attention_layernorm.dense.bias (shape: torch.Size([3072])) - (1939281:train_csgo.py:825)
2025-12-23 17:46:30 - INFO -         [TRAINABLE] paligemma_with_expert.gemma_expert.model.layers.1.self_attn.q_proj.weight (shape: torch.Size([2048, 1024])) - (1939281:train_csgo.py:825)
2025-12-23 17:46:30 - INFO -         [TRAINABLE] paligemma_with_expert.gemma_expert.model.layers.1.self_attn.k_proj.weight (shape: torch.Size([256, 1024])) - (1939281:train_csgo.py:825)
2025-12-23 17:46:30 - INFO -         [TRAINABLE] paligemma_with_expert.gemma_expert.model.layers.1.self_attn.v_proj.weight (shape: torch.Size([256, 1024])) - (1939281:train_csgo.py:825)
2025-12-23 17:46:30 - INFO -         [TRAINABLE] paligemma_with_expert.gemma_expert.model.layers.1.self_attn.o_proj.weight (shape: torch.Size([1024, 2048])) - (1939281:train_csgo.py:825)
2025-12-23 17:46:30 - INFO -         [TRAINABLE] paligemma_with_expert.gemma_expert.model.layers.1.mlp.gate_proj.weight (shape: torch.Size([4096, 1024])) - (1939281:train_csgo.py:825)
2025-12-23 17:46:30 - INFO -         [TRAINABLE] paligemma_with_expert.gemma_expert.model.layers.1.mlp.up_proj.weight (shape: torch.Size([4096, 1024])) - (1939281:train_csgo.py:825)
2025-12-23 17:46:30 - INFO -         [TRAINABLE] paligemma_with_expert.gemma_expert.model.layers.1.mlp.down_proj.weight (shape: torch.Size([1024, 4096])) - (1939281:train_csgo.py:825)
2025-12-23 17:46:30 - INFO -         [TRAINABLE] paligemma_with_expert.gemma_expert.model.layers.1.input_layernorm.dense.weight (shape: torch.Size([3072, 1024])) - (1939281:train_csgo.py:825)
2025-12-23 17:46:30 - INFO -         [TRAINABLE] paligemma_with_expert.gemma_expert.model.layers.1.input_layernorm.dense.bias (shape: torch.Size([3072])) - (1939281:train_csgo.py:825)
2025-12-23 17:46:30 - INFO -         [TRAINABLE] paligemma_with_expert.gemma_expert.model.layers.1.post_attention_layernorm.dense.weight (shape: torch.Size([3072, 1024])) - (1939281:train_csgo.py:825)
2025-12-23 17:46:30 - INFO -         [TRAINABLE] paligemma_with_expert.gemma_expert.model.layers.1.post_attention_layernorm.dense.bias (shape: torch.Size([3072])) - (1939281:train_csgo.py:825)
2025-12-23 17:46:30 - INFO -         [TRAINABLE] paligemma_with_expert.gemma_expert.model.layers.2.self_attn.q_proj.weight (shape: torch.Size([2048, 1024])) - (1939281:train_csgo.py:825)
2025-12-23 17:46:30 - INFO -         [TRAINABLE] paligemma_with_expert.gemma_expert.model.layers.2.self_attn.k_proj.weight (shape: torch.Size([256, 1024])) - (1939281:train_csgo.py:825)
2025-12-23 17:46:30 - INFO -         [TRAINABLE] paligemma_with_expert.gemma_expert.model.layers.2.self_attn.v_proj.weight (shape: torch.Size([256, 1024])) - (1939281:train_csgo.py:825)
2025-12-23 17:46:30 - INFO -         [TRAINABLE] paligemma_with_expert.gemma_expert.model.layers.2.self_attn.o_proj.weight (shape: torch.Size([1024, 2048])) - (1939281:train_csgo.py:825)
2025-12-23 17:46:30 - INFO -         [TRAINABLE] paligemma_with_expert.gemma_expert.model.layers.2.mlp.gate_proj.weight (shape: torch.Size([4096, 1024])) - (1939281:train_csgo.py:825)
2025-12-23 17:46:30 - INFO -         [TRAINABLE] paligemma_with_expert.gemma_expert.model.layers.2.mlp.up_proj.weight (shape: torch.Size([4096, 1024])) - (1939281:train_csgo.py:825)
2025-12-23 17:46:30 - INFO -         [TRAINABLE] paligemma_with_expert.gemma_expert.model.layers.2.mlp.down_proj.weight (shape: torch.Size([1024, 4096])) - (1939281:train_csgo.py:825)
2025-12-23 17:46:30 - INFO -         [TRAINABLE] paligemma_with_expert.gemma_expert.model.layers.2.input_layernorm.dense.weight (shape: torch.Size([3072, 1024])) - (1939281:train_csgo.py:825)
2025-12-23 17:46:30 - INFO -         [TRAINABLE] paligemma_with_expert.gemma_expert.model.layers.2.input_layernorm.dense.bias (shape: torch.Size([3072])) - (1939281:train_csgo.py:825)
2025-12-23 17:46:30 - INFO -         [TRAINABLE] paligemma_with_expert.gemma_expert.model.layers.2.post_attention_layernorm.dense.weight (shape: torch.Size([3072, 1024])) - (1939281:train_csgo.py:825)
2025-12-23 17:46:30 - INFO -         [TRAINABLE] paligemma_with_expert.gemma_expert.model.layers.2.post_attention_layernorm.dense.bias (shape: torch.Size([3072])) - (1939281:train_csgo.py:825)
2025-12-23 17:46:30 - INFO -         [TRAINABLE] paligemma_with_expert.gemma_expert.model.layers.3.self_attn.q_proj.weight (shape: torch.Size([2048, 1024])) - (1939281:train_csgo.py:825)
2025-12-23 17:46:30 - INFO -         [TRAINABLE] paligemma_with_expert.gemma_expert.model.layers.3.self_attn.k_proj.weight (shape: torch.Size([256, 1024])) - (1939281:train_csgo.py:825)
2025-12-23 17:46:30 - INFO -         [TRAINABLE] paligemma_with_expert.gemma_expert.model.layers.3.self_attn.v_proj.weight (shape: torch.Size([256, 1024])) - (1939281:train_csgo.py:825)
2025-12-23 17:46:30 - INFO -         [TRAINABLE] paligemma_with_expert.gemma_expert.model.layers.3.self_attn.o_proj.weight (shape: torch.Size([1024, 2048])) - (1939281:train_csgo.py:825)
2025-12-23 17:46:30 - INFO -         [TRAINABLE] paligemma_with_expert.gemma_expert.model.layers.3.mlp.gate_proj.weight (shape: torch.Size([4096, 1024])) - (1939281:train_csgo.py:825)
2025-12-23 17:46:30 - INFO -         [TRAINABLE] paligemma_with_expert.gemma_expert.model.layers.3.mlp.up_proj.weight (shape: torch.Size([4096, 1024])) - (1939281:train_csgo.py:825)
2025-12-23 17:46:30 - INFO -         [TRAINABLE] paligemma_with_expert.gemma_expert.model.layers.3.mlp.down_proj.weight (shape: torch.Size([1024, 4096])) - (1939281:train_csgo.py:825)
2025-12-23 17:46:30 - INFO -         [TRAINABLE] paligemma_with_expert.gemma_expert.model.layers.3.input_layernorm.dense.weight (shape: torch.Size([3072, 1024])) - (1939281:train_csgo.py:825)
2025-12-23 17:46:30 - INFO -         [TRAINABLE] paligemma_with_expert.gemma_expert.model.layers.3.input_layernorm.dense.bias (shape: torch.Size([3072])) - (1939281:train_csgo.py:825)
2025-12-23 17:46:30 - INFO -         [TRAINABLE] paligemma_with_expert.gemma_expert.model.layers.3.post_attention_layernorm.dense.weight (shape: torch.Size([3072, 1024])) - (1939281:train_csgo.py:825)
2025-12-23 17:46:30 - INFO -         [TRAINABLE] paligemma_with_expert.gemma_expert.model.layers.3.post_attention_layernorm.dense.bias (shape: torch.Size([3072])) - (1939281:train_csgo.py:825)
2025-12-23 17:46:30 - INFO -         [TRAINABLE] paligemma_with_expert.gemma_expert.model.layers.4.self_attn.q_proj.weight (shape: torch.Size([2048, 1024])) - (1939281:train_csgo.py:825)
2025-12-23 17:46:30 - INFO -         [TRAINABLE] paligemma_with_expert.gemma_expert.model.layers.4.self_attn.k_proj.weight (shape: torch.Size([256, 1024])) - (1939281:train_csgo.py:825)
2025-12-23 17:46:30 - INFO -         [TRAINABLE] paligemma_with_expert.gemma_expert.model.layers.4.self_attn.v_proj.weight (shape: torch.Size([256, 1024])) - (1939281:train_csgo.py:825)
2025-12-23 17:46:30 - INFO -         [TRAINABLE] paligemma_with_expert.gemma_expert.model.layers.4.self_attn.o_proj.weight (shape: torch.Size([1024, 2048])) - (1939281:train_csgo.py:825)
2025-12-23 17:46:30 - INFO -         [TRAINABLE] paligemma_with_expert.gemma_expert.model.layers.4.mlp.gate_proj.weight (shape: torch.Size([4096, 1024])) - (1939281:train_csgo.py:825)
2025-12-23 17:46:30 - INFO -         [TRAINABLE] paligemma_with_expert.gemma_expert.model.layers.4.mlp.up_proj.weight (shape: torch.Size([4096, 1024])) - (1939281:train_csgo.py:825)
2025-12-23 17:46:30 - INFO -         [TRAINABLE] paligemma_with_expert.gemma_expert.model.layers.4.mlp.down_proj.weight (shape: torch.Size([1024, 4096])) - (1939281:train_csgo.py:825)
2025-12-23 17:46:30 - INFO -         [TRAINABLE] paligemma_with_expert.gemma_expert.model.layers.4.input_layernorm.dense.weight (shape: torch.Size([3072, 1024])) - (1939281:train_csgo.py:825)
2025-12-23 17:46:30 - INFO -         [TRAINABLE] paligemma_with_expert.gemma_expert.model.layers.4.input_layernorm.dense.bias (shape: torch.Size([3072])) - (1939281:train_csgo.py:825)
2025-12-23 17:46:30 - INFO -         [TRAINABLE] paligemma_with_expert.gemma_expert.model.layers.4.post_attention_layernorm.dense.weight (shape: torch.Size([3072, 1024])) - (1939281:train_csgo.py:825)
2025-12-23 17:46:30 - INFO -         [TRAINABLE] paligemma_with_expert.gemma_expert.model.layers.4.post_attention_layernorm.dense.bias (shape: torch.Size([3072])) - (1939281:train_csgo.py:825)
2025-12-23 17:46:30 - INFO -         [TRAINABLE] paligemma_with_expert.gemma_expert.model.layers.5.self_attn.q_proj.weight (shape: torch.Size([2048, 1024])) - (1939281:train_csgo.py:825)
2025-12-23 17:46:30 - INFO -         [TRAINABLE] paligemma_with_expert.gemma_expert.model.layers.5.self_attn.k_proj.weight (shape: torch.Size([256, 1024])) - (1939281:train_csgo.py:825)
2025-12-23 17:46:30 - INFO -         [TRAINABLE] paligemma_with_expert.gemma_expert.model.layers.5.self_attn.v_proj.weight (shape: torch.Size([256, 1024])) - (1939281:train_csgo.py:825)
2025-12-23 17:46:30 - INFO -         [TRAINABLE] paligemma_with_expert.gemma_expert.model.layers.5.self_attn.o_proj.weight (shape: torch.Size([1024, 2048])) - (1939281:train_csgo.py:825)
2025-12-23 17:46:30 - INFO -         [TRAINABLE] paligemma_with_expert.gemma_expert.model.layers.5.mlp.gate_proj.weight (shape: torch.Size([4096, 1024])) - (1939281:train_csgo.py:825)
2025-12-23 17:46:30 - INFO -         [TRAINABLE] paligemma_with_expert.gemma_expert.model.layers.5.mlp.up_proj.weight (shape: torch.Size([4096, 1024])) - (1939281:train_csgo.py:825)
2025-12-23 17:46:30 - INFO -         [TRAINABLE] paligemma_with_expert.gemma_expert.model.layers.5.mlp.down_proj.weight (shape: torch.Size([1024, 4096])) - (1939281:train_csgo.py:825)
2025-12-23 17:46:30 - INFO -         [TRAINABLE] paligemma_with_expert.gemma_expert.model.layers.5.input_layernorm.dense.weight (shape: torch.Size([3072, 1024])) - (1939281:train_csgo.py:825)
2025-12-23 17:46:30 - INFO -         [TRAINABLE] paligemma_with_expert.gemma_expert.model.layers.5.input_layernorm.dense.bias (shape: torch.Size([3072])) - (1939281:train_csgo.py:825)
2025-12-23 17:46:30 - INFO -         [TRAINABLE] paligemma_with_expert.gemma_expert.model.layers.5.post_attention_layernorm.dense.weight (shape: torch.Size([3072, 1024])) - (1939281:train_csgo.py:825)
2025-12-23 17:46:30 - INFO -         [TRAINABLE] paligemma_with_expert.gemma_expert.model.layers.5.post_attention_layernorm.dense.bias (shape: torch.Size([3072])) - (1939281:train_csgo.py:825)
2025-12-23 17:46:30 - INFO -         [TRAINABLE] paligemma_with_expert.gemma_expert.model.layers.6.self_attn.q_proj.weight (shape: torch.Size([2048, 1024])) - (1939281:train_csgo.py:825)
2025-12-23 17:46:30 - INFO -         [TRAINABLE] paligemma_with_expert.gemma_expert.model.layers.6.self_attn.k_proj.weight (shape: torch.Size([256, 1024])) - (1939281:train_csgo.py:825)
2025-12-23 17:46:30 - INFO -         [TRAINABLE] paligemma_with_expert.gemma_expert.model.layers.6.self_attn.v_proj.weight (shape: torch.Size([256, 1024])) - (1939281:train_csgo.py:825)
2025-12-23 17:46:30 - INFO -         [TRAINABLE] paligemma_with_expert.gemma_expert.model.layers.6.self_attn.o_proj.weight (shape: torch.Size([1024, 2048])) - (1939281:train_csgo.py:825)
2025-12-23 17:46:30 - INFO -         [TRAINABLE] paligemma_with_expert.gemma_expert.model.layers.6.mlp.gate_proj.weight (shape: torch.Size([4096, 1024])) - (1939281:train_csgo.py:825)
2025-12-23 17:46:30 - INFO -         [TRAINABLE] paligemma_with_expert.gemma_expert.model.layers.6.mlp.up_proj.weight (shape: torch.Size([4096, 1024])) - (1939281:train_csgo.py:825)
2025-12-23 17:46:30 - INFO -         [TRAINABLE] paligemma_with_expert.gemma_expert.model.layers.6.mlp.down_proj.weight (shape: torch.Size([1024, 4096])) - (1939281:train_csgo.py:825)
2025-12-23 17:46:30 - INFO -         [TRAINABLE] paligemma_with_expert.gemma_expert.model.layers.6.input_layernorm.dense.weight (shape: torch.Size([3072, 1024])) - (1939281:train_csgo.py:825)
2025-12-23 17:46:30 - INFO -         [TRAINABLE] paligemma_with_expert.gemma_expert.model.layers.6.input_layernorm.dense.bias (shape: torch.Size([3072])) - (1939281:train_csgo.py:825)
2025-12-23 17:46:30 - INFO -         [TRAINABLE] paligemma_with_expert.gemma_expert.model.layers.6.post_attention_layernorm.dense.weight (shape: torch.Size([3072, 1024])) - (1939281:train_csgo.py:825)
2025-12-23 17:46:30 - INFO -         [TRAINABLE] paligemma_with_expert.gemma_expert.model.layers.6.post_attention_layernorm.dense.bias (shape: torch.Size([3072])) - (1939281:train_csgo.py:825)
2025-12-23 17:46:30 - INFO -         [TRAINABLE] paligemma_with_expert.gemma_expert.model.layers.7.self_attn.q_proj.weight (shape: torch.Size([2048, 1024])) - (1939281:train_csgo.py:825)
2025-12-23 17:46:30 - INFO -         [TRAINABLE] paligemma_with_expert.gemma_expert.model.layers.7.self_attn.k_proj.weight (shape: torch.Size([256, 1024])) - (1939281:train_csgo.py:825)
2025-12-23 17:46:30 - INFO -         [TRAINABLE] paligemma_with_expert.gemma_expert.model.layers.7.self_attn.v_proj.weight (shape: torch.Size([256, 1024])) - (1939281:train_csgo.py:825)
2025-12-23 17:46:30 - INFO -         [TRAINABLE] paligemma_with_expert.gemma_expert.model.layers.7.self_attn.o_proj.weight (shape: torch.Size([1024, 2048])) - (1939281:train_csgo.py:825)
2025-12-23 17:46:30 - INFO -         [TRAINABLE] paligemma_with_expert.gemma_expert.model.layers.7.mlp.gate_proj.weight (shape: torch.Size([4096, 1024])) - (1939281:train_csgo.py:825)
2025-12-23 17:46:30 - INFO -         [TRAINABLE] paligemma_with_expert.gemma_expert.model.layers.7.mlp.up_proj.weight (shape: torch.Size([4096, 1024])) - (1939281:train_csgo.py:825)
2025-12-23 17:46:30 - INFO -         [TRAINABLE] paligemma_with_expert.gemma_expert.model.layers.7.mlp.down_proj.weight (shape: torch.Size([1024, 4096])) - (1939281:train_csgo.py:825)
2025-12-23 17:46:30 - INFO -         [TRAINABLE] paligemma_with_expert.gemma_expert.model.layers.7.input_layernorm.dense.weight (shape: torch.Size([3072, 1024])) - (1939281:train_csgo.py:825)
2025-12-23 17:46:30 - INFO -         [TRAINABLE] paligemma_with_expert.gemma_expert.model.layers.7.input_layernorm.dense.bias (shape: torch.Size([3072])) - (1939281:train_csgo.py:825)
2025-12-23 17:46:30 - INFO -         [TRAINABLE] paligemma_with_expert.gemma_expert.model.layers.7.post_attention_layernorm.dense.weight (shape: torch.Size([3072, 1024])) - (1939281:train_csgo.py:825)
2025-12-23 17:46:30 - INFO -         [TRAINABLE] paligemma_with_expert.gemma_expert.model.layers.7.post_attention_layernorm.dense.bias (shape: torch.Size([3072])) - (1939281:train_csgo.py:825)
2025-12-23 17:46:30 - INFO -         [TRAINABLE] paligemma_with_expert.gemma_expert.model.layers.8.self_attn.q_proj.weight (shape: torch.Size([2048, 1024])) - (1939281:train_csgo.py:825)
2025-12-23 17:46:30 - INFO -         [TRAINABLE] paligemma_with_expert.gemma_expert.model.layers.8.self_attn.k_proj.weight (shape: torch.Size([256, 1024])) - (1939281:train_csgo.py:825)
2025-12-23 17:46:30 - INFO -         [TRAINABLE] paligemma_with_expert.gemma_expert.model.layers.8.self_attn.v_proj.weight (shape: torch.Size([256, 1024])) - (1939281:train_csgo.py:825)
2025-12-23 17:46:30 - INFO -         [TRAINABLE] paligemma_with_expert.gemma_expert.model.layers.8.self_attn.o_proj.weight (shape: torch.Size([1024, 2048])) - (1939281:train_csgo.py:825)
2025-12-23 17:46:30 - INFO -         [TRAINABLE] paligemma_with_expert.gemma_expert.model.layers.8.mlp.gate_proj.weight (shape: torch.Size([4096, 1024])) - (1939281:train_csgo.py:825)
2025-12-23 17:46:30 - INFO -         [TRAINABLE] paligemma_with_expert.gemma_expert.model.layers.8.mlp.up_proj.weight (shape: torch.Size([4096, 1024])) - (1939281:train_csgo.py:825)
2025-12-23 17:46:30 - INFO -         [TRAINABLE] paligemma_with_expert.gemma_expert.model.layers.8.mlp.down_proj.weight (shape: torch.Size([1024, 4096])) - (1939281:train_csgo.py:825)
2025-12-23 17:46:30 - INFO -         [TRAINABLE] paligemma_with_expert.gemma_expert.model.layers.8.input_layernorm.dense.weight (shape: torch.Size([3072, 1024])) - (1939281:train_csgo.py:825)
2025-12-23 17:46:30 - INFO -         [TRAINABLE] paligemma_with_expert.gemma_expert.model.layers.8.input_layernorm.dense.bias (shape: torch.Size([3072])) - (1939281:train_csgo.py:825)
2025-12-23 17:46:30 - INFO -         [TRAINABLE] paligemma_with_expert.gemma_expert.model.layers.8.post_attention_layernorm.dense.weight (shape: torch.Size([3072, 1024])) - (1939281:train_csgo.py:825)
2025-12-23 17:46:30 - INFO -         [TRAINABLE] paligemma_with_expert.gemma_expert.model.layers.8.post_attention_layernorm.dense.bias (shape: torch.Size([3072])) - (1939281:train_csgo.py:825)
2025-12-23 17:46:30 - INFO -         [TRAINABLE] paligemma_with_expert.gemma_expert.model.layers.9.self_attn.q_proj.weight (shape: torch.Size([2048, 1024])) - (1939281:train_csgo.py:825)
2025-12-23 17:46:30 - INFO -         [TRAINABLE] paligemma_with_expert.gemma_expert.model.layers.9.self_attn.k_proj.weight (shape: torch.Size([256, 1024])) - (1939281:train_csgo.py:825)
2025-12-23 17:46:30 - INFO -         [TRAINABLE] paligemma_with_expert.gemma_expert.model.layers.9.self_attn.v_proj.weight (shape: torch.Size([256, 1024])) - (1939281:train_csgo.py:825)
2025-12-23 17:46:30 - INFO -         [TRAINABLE] paligemma_with_expert.gemma_expert.model.layers.9.self_attn.o_proj.weight (shape: torch.Size([1024, 2048])) - (1939281:train_csgo.py:825)
2025-12-23 17:46:30 - INFO -         [TRAINABLE] paligemma_with_expert.gemma_expert.model.layers.9.mlp.gate_proj.weight (shape: torch.Size([4096, 1024])) - (1939281:train_csgo.py:825)
2025-12-23 17:46:30 - INFO -         [TRAINABLE] paligemma_with_expert.gemma_expert.model.layers.9.mlp.up_proj.weight (shape: torch.Size([4096, 1024])) - (1939281:train_csgo.py:825)
2025-12-23 17:46:30 - INFO -         [TRAINABLE] paligemma_with_expert.gemma_expert.model.layers.9.mlp.down_proj.weight (shape: torch.Size([1024, 4096])) - (1939281:train_csgo.py:825)
2025-12-23 17:46:30 - INFO -         [TRAINABLE] paligemma_with_expert.gemma_expert.model.layers.9.input_layernorm.dense.weight (shape: torch.Size([3072, 1024])) - (1939281:train_csgo.py:825)
2025-12-23 17:46:30 - INFO -         [TRAINABLE] paligemma_with_expert.gemma_expert.model.layers.9.input_layernorm.dense.bias (shape: torch.Size([3072])) - (1939281:train_csgo.py:825)
2025-12-23 17:46:30 - INFO -         [TRAINABLE] paligemma_with_expert.gemma_expert.model.layers.9.post_attention_layernorm.dense.weight (shape: torch.Size([3072, 1024])) - (1939281:train_csgo.py:825)
2025-12-23 17:46:30 - INFO -         [TRAINABLE] paligemma_with_expert.gemma_expert.model.layers.9.post_attention_layernorm.dense.bias (shape: torch.Size([3072])) - (1939281:train_csgo.py:825)
2025-12-23 17:46:30 - INFO -         [TRAINABLE] paligemma_with_expert.gemma_expert.model.layers.10.self_attn.q_proj.weight (shape: torch.Size([2048, 1024])) - (1939281:train_csgo.py:825)
2025-12-23 17:46:30 - INFO -         [TRAINABLE] paligemma_with_expert.gemma_expert.model.layers.10.self_attn.k_proj.weight (shape: torch.Size([256, 1024])) - (1939281:train_csgo.py:825)
2025-12-23 17:46:30 - INFO -         [TRAINABLE] paligemma_with_expert.gemma_expert.model.layers.10.self_attn.v_proj.weight (shape: torch.Size([256, 1024])) - (1939281:train_csgo.py:825)
2025-12-23 17:46:30 - INFO -         [TRAINABLE] paligemma_with_expert.gemma_expert.model.layers.10.self_attn.o_proj.weight (shape: torch.Size([1024, 2048])) - (1939281:train_csgo.py:825)
2025-12-23 17:46:30 - INFO -         [TRAINABLE] paligemma_with_expert.gemma_expert.model.layers.10.mlp.gate_proj.weight (shape: torch.Size([4096, 1024])) - (1939281:train_csgo.py:825)
2025-12-23 17:46:30 - INFO -         [TRAINABLE] paligemma_with_expert.gemma_expert.model.layers.10.mlp.up_proj.weight (shape: torch.Size([4096, 1024])) - (1939281:train_csgo.py:825)
2025-12-23 17:46:30 - INFO -         [TRAINABLE] paligemma_with_expert.gemma_expert.model.layers.10.mlp.down_proj.weight (shape: torch.Size([1024, 4096])) - (1939281:train_csgo.py:825)
2025-12-23 17:46:30 - INFO -         [TRAINABLE] paligemma_with_expert.gemma_expert.model.layers.10.input_layernorm.dense.weight (shape: torch.Size([3072, 1024])) - (1939281:train_csgo.py:825)
2025-12-23 17:46:30 - INFO -         [TRAINABLE] paligemma_with_expert.gemma_expert.model.layers.10.input_layernorm.dense.bias (shape: torch.Size([3072])) - (1939281:train_csgo.py:825)
2025-12-23 17:46:30 - INFO -         [TRAINABLE] paligemma_with_expert.gemma_expert.model.layers.10.post_attention_layernorm.dense.weight (shape: torch.Size([3072, 1024])) - (1939281:train_csgo.py:825)
2025-12-23 17:46:30 - INFO -         [TRAINABLE] paligemma_with_expert.gemma_expert.model.layers.10.post_attention_layernorm.dense.bias (shape: torch.Size([3072])) - (1939281:train_csgo.py:825)
2025-12-23 17:46:30 - INFO -         [TRAINABLE] paligemma_with_expert.gemma_expert.model.layers.11.self_attn.q_proj.weight (shape: torch.Size([2048, 1024])) - (1939281:train_csgo.py:825)
2025-12-23 17:46:30 - INFO -         [TRAINABLE] paligemma_with_expert.gemma_expert.model.layers.11.self_attn.k_proj.weight (shape: torch.Size([256, 1024])) - (1939281:train_csgo.py:825)
2025-12-23 17:46:30 - INFO -         [TRAINABLE] paligemma_with_expert.gemma_expert.model.layers.11.self_attn.v_proj.weight (shape: torch.Size([256, 1024])) - (1939281:train_csgo.py:825)
2025-12-23 17:46:30 - INFO -         [TRAINABLE] paligemma_with_expert.gemma_expert.model.layers.11.self_attn.o_proj.weight (shape: torch.Size([1024, 2048])) - (1939281:train_csgo.py:825)
2025-12-23 17:46:30 - INFO -         [TRAINABLE] paligemma_with_expert.gemma_expert.model.layers.11.mlp.gate_proj.weight (shape: torch.Size([4096, 1024])) - (1939281:train_csgo.py:825)
2025-12-23 17:46:30 - INFO -         [TRAINABLE] paligemma_with_expert.gemma_expert.model.layers.11.mlp.up_proj.weight (shape: torch.Size([4096, 1024])) - (1939281:train_csgo.py:825)
2025-12-23 17:46:30 - INFO -         [TRAINABLE] paligemma_with_expert.gemma_expert.model.layers.11.mlp.down_proj.weight (shape: torch.Size([1024, 4096])) - (1939281:train_csgo.py:825)
2025-12-23 17:46:30 - INFO -         [TRAINABLE] paligemma_with_expert.gemma_expert.model.layers.11.input_layernorm.dense.weight (shape: torch.Size([3072, 1024])) - (1939281:train_csgo.py:825)
2025-12-23 17:46:30 - INFO -         [TRAINABLE] paligemma_with_expert.gemma_expert.model.layers.11.input_layernorm.dense.bias (shape: torch.Size([3072])) - (1939281:train_csgo.py:825)
2025-12-23 17:46:30 - INFO -         [TRAINABLE] paligemma_with_expert.gemma_expert.model.layers.11.post_attention_layernorm.dense.weight (shape: torch.Size([3072, 1024])) - (1939281:train_csgo.py:825)
2025-12-23 17:46:30 - INFO -         [TRAINABLE] paligemma_with_expert.gemma_expert.model.layers.11.post_attention_layernorm.dense.bias (shape: torch.Size([3072])) - (1939281:train_csgo.py:825)
2025-12-23 17:46:30 - INFO -         [TRAINABLE] paligemma_with_expert.gemma_expert.model.layers.12.self_attn.q_proj.weight (shape: torch.Size([2048, 1024])) - (1939281:train_csgo.py:825)
2025-12-23 17:46:30 - INFO -         [TRAINABLE] paligemma_with_expert.gemma_expert.model.layers.12.self_attn.k_proj.weight (shape: torch.Size([256, 1024])) - (1939281:train_csgo.py:825)
2025-12-23 17:46:30 - INFO -         [TRAINABLE] paligemma_with_expert.gemma_expert.model.layers.12.self_attn.v_proj.weight (shape: torch.Size([256, 1024])) - (1939281:train_csgo.py:825)
2025-12-23 17:46:30 - INFO -         [TRAINABLE] paligemma_with_expert.gemma_expert.model.layers.12.self_attn.o_proj.weight (shape: torch.Size([1024, 2048])) - (1939281:train_csgo.py:825)
2025-12-23 17:46:30 - INFO -         [TRAINABLE] paligemma_with_expert.gemma_expert.model.layers.12.mlp.gate_proj.weight (shape: torch.Size([4096, 1024])) - (1939281:train_csgo.py:825)
2025-12-23 17:46:30 - INFO -         [TRAINABLE] paligemma_with_expert.gemma_expert.model.layers.12.mlp.up_proj.weight (shape: torch.Size([4096, 1024])) - (1939281:train_csgo.py:825)
2025-12-23 17:46:30 - INFO -         [TRAINABLE] paligemma_with_expert.gemma_expert.model.layers.12.mlp.down_proj.weight (shape: torch.Size([1024, 4096])) - (1939281:train_csgo.py:825)
2025-12-23 17:46:30 - INFO -         [TRAINABLE] paligemma_with_expert.gemma_expert.model.layers.12.input_layernorm.dense.weight (shape: torch.Size([3072, 1024])) - (1939281:train_csgo.py:825)
2025-12-23 17:46:30 - INFO -         [TRAINABLE] paligemma_with_expert.gemma_expert.model.layers.12.input_layernorm.dense.bias (shape: torch.Size([3072])) - (1939281:train_csgo.py:825)
2025-12-23 17:46:30 - INFO -         [TRAINABLE] paligemma_with_expert.gemma_expert.model.layers.12.post_attention_layernorm.dense.weight (shape: torch.Size([3072, 1024])) - (1939281:train_csgo.py:825)
2025-12-23 17:46:30 - INFO -         [TRAINABLE] paligemma_with_expert.gemma_expert.model.layers.12.post_attention_layernorm.dense.bias (shape: torch.Size([3072])) - (1939281:train_csgo.py:825)
2025-12-23 17:46:30 - INFO -         [TRAINABLE] paligemma_with_expert.gemma_expert.model.layers.13.self_attn.q_proj.weight (shape: torch.Size([2048, 1024])) - (1939281:train_csgo.py:825)
2025-12-23 17:46:30 - INFO -         [TRAINABLE] paligemma_with_expert.gemma_expert.model.layers.13.self_attn.k_proj.weight (shape: torch.Size([256, 1024])) - (1939281:train_csgo.py:825)
2025-12-23 17:46:30 - INFO -         [TRAINABLE] paligemma_with_expert.gemma_expert.model.layers.13.self_attn.v_proj.weight (shape: torch.Size([256, 1024])) - (1939281:train_csgo.py:825)
2025-12-23 17:46:30 - INFO -         [TRAINABLE] paligemma_with_expert.gemma_expert.model.layers.13.self_attn.o_proj.weight (shape: torch.Size([1024, 2048])) - (1939281:train_csgo.py:825)
2025-12-23 17:46:30 - INFO -         [TRAINABLE] paligemma_with_expert.gemma_expert.model.layers.13.mlp.gate_proj.weight (shape: torch.Size([4096, 1024])) - (1939281:train_csgo.py:825)
2025-12-23 17:46:30 - INFO -         [TRAINABLE] paligemma_with_expert.gemma_expert.model.layers.13.mlp.up_proj.weight (shape: torch.Size([4096, 1024])) - (1939281:train_csgo.py:825)
2025-12-23 17:46:30 - INFO -         [TRAINABLE] paligemma_with_expert.gemma_expert.model.layers.13.mlp.down_proj.weight (shape: torch.Size([1024, 4096])) - (1939281:train_csgo.py:825)
2025-12-23 17:46:30 - INFO -         [TRAINABLE] paligemma_with_expert.gemma_expert.model.layers.13.input_layernorm.dense.weight (shape: torch.Size([3072, 1024])) - (1939281:train_csgo.py:825)
2025-12-23 17:46:30 - INFO -         [TRAINABLE] paligemma_with_expert.gemma_expert.model.layers.13.input_layernorm.dense.bias (shape: torch.Size([3072])) - (1939281:train_csgo.py:825)
2025-12-23 17:46:30 - INFO -         [TRAINABLE] paligemma_with_expert.gemma_expert.model.layers.13.post_attention_layernorm.dense.weight (shape: torch.Size([3072, 1024])) - (1939281:train_csgo.py:825)
2025-12-23 17:46:30 - INFO -         [TRAINABLE] paligemma_with_expert.gemma_expert.model.layers.13.post_attention_layernorm.dense.bias (shape: torch.Size([3072])) - (1939281:train_csgo.py:825)
2025-12-23 17:46:30 - INFO -         [TRAINABLE] paligemma_with_expert.gemma_expert.model.layers.14.self_attn.q_proj.weight (shape: torch.Size([2048, 1024])) - (1939281:train_csgo.py:825)
2025-12-23 17:46:30 - INFO -         [TRAINABLE] paligemma_with_expert.gemma_expert.model.layers.14.self_attn.k_proj.weight (shape: torch.Size([256, 1024])) - (1939281:train_csgo.py:825)
2025-12-23 17:46:30 - INFO -         [TRAINABLE] paligemma_with_expert.gemma_expert.model.layers.14.self_attn.v_proj.weight (shape: torch.Size([256, 1024])) - (1939281:train_csgo.py:825)
2025-12-23 17:46:30 - INFO -         [TRAINABLE] paligemma_with_expert.gemma_expert.model.layers.14.self_attn.o_proj.weight (shape: torch.Size([1024, 2048])) - (1939281:train_csgo.py:825)
2025-12-23 17:46:30 - INFO -         [TRAINABLE] paligemma_with_expert.gemma_expert.model.layers.14.mlp.gate_proj.weight (shape: torch.Size([4096, 1024])) - (1939281:train_csgo.py:825)
2025-12-23 17:46:30 - INFO -         [TRAINABLE] paligemma_with_expert.gemma_expert.model.layers.14.mlp.up_proj.weight (shape: torch.Size([4096, 1024])) - (1939281:train_csgo.py:825)
2025-12-23 17:46:30 - INFO -         [TRAINABLE] paligemma_with_expert.gemma_expert.model.layers.14.mlp.down_proj.weight (shape: torch.Size([1024, 4096])) - (1939281:train_csgo.py:825)
2025-12-23 17:46:30 - INFO -         [TRAINABLE] paligemma_with_expert.gemma_expert.model.layers.14.input_layernorm.dense.weight (shape: torch.Size([3072, 1024])) - (1939281:train_csgo.py:825)
2025-12-23 17:46:30 - INFO -         [TRAINABLE] paligemma_with_expert.gemma_expert.model.layers.14.input_layernorm.dense.bias (shape: torch.Size([3072])) - (1939281:train_csgo.py:825)
2025-12-23 17:46:30 - INFO -         [TRAINABLE] paligemma_with_expert.gemma_expert.model.layers.14.post_attention_layernorm.dense.weight (shape: torch.Size([3072, 1024])) - (1939281:train_csgo.py:825)
2025-12-23 17:46:30 - INFO -         [TRAINABLE] paligemma_with_expert.gemma_expert.model.layers.14.post_attention_layernorm.dense.bias (shape: torch.Size([3072])) - (1939281:train_csgo.py:825)
2025-12-23 17:46:30 - INFO -         [TRAINABLE] paligemma_with_expert.gemma_expert.model.layers.15.self_attn.q_proj.weight (shape: torch.Size([2048, 1024])) - (1939281:train_csgo.py:825)
2025-12-23 17:46:30 - INFO -         [TRAINABLE] paligemma_with_expert.gemma_expert.model.layers.15.self_attn.k_proj.weight (shape: torch.Size([256, 1024])) - (1939281:train_csgo.py:825)
2025-12-23 17:46:30 - INFO -         [TRAINABLE] paligemma_with_expert.gemma_expert.model.layers.15.self_attn.v_proj.weight (shape: torch.Size([256, 1024])) - (1939281:train_csgo.py:825)
2025-12-23 17:46:30 - INFO -         [TRAINABLE] paligemma_with_expert.gemma_expert.model.layers.15.self_attn.o_proj.weight (shape: torch.Size([1024, 2048])) - (1939281:train_csgo.py:825)
2025-12-23 17:46:30 - INFO -         [TRAINABLE] paligemma_with_expert.gemma_expert.model.layers.15.mlp.gate_proj.weight (shape: torch.Size([4096, 1024])) - (1939281:train_csgo.py:825)
2025-12-23 17:46:30 - INFO -         [TRAINABLE] paligemma_with_expert.gemma_expert.model.layers.15.mlp.up_proj.weight (shape: torch.Size([4096, 1024])) - (1939281:train_csgo.py:825)
2025-12-23 17:46:30 - INFO -         [TRAINABLE] paligemma_with_expert.gemma_expert.model.layers.15.mlp.down_proj.weight (shape: torch.Size([1024, 4096])) - (1939281:train_csgo.py:825)
2025-12-23 17:46:30 - INFO -         [TRAINABLE] paligemma_with_expert.gemma_expert.model.layers.15.input_layernorm.dense.weight (shape: torch.Size([3072, 1024])) - (1939281:train_csgo.py:825)
2025-12-23 17:46:30 - INFO -         [TRAINABLE] paligemma_with_expert.gemma_expert.model.layers.15.input_layernorm.dense.bias (shape: torch.Size([3072])) - (1939281:train_csgo.py:825)
2025-12-23 17:46:30 - INFO -         [TRAINABLE] paligemma_with_expert.gemma_expert.model.layers.15.post_attention_layernorm.dense.weight (shape: torch.Size([3072, 1024])) - (1939281:train_csgo.py:825)
2025-12-23 17:46:30 - INFO -         [TRAINABLE] paligemma_with_expert.gemma_expert.model.layers.15.post_attention_layernorm.dense.bias (shape: torch.Size([3072])) - (1939281:train_csgo.py:825)
2025-12-23 17:46:30 - INFO -         [TRAINABLE] paligemma_with_expert.gemma_expert.model.layers.16.self_attn.q_proj.weight (shape: torch.Size([2048, 1024])) - (1939281:train_csgo.py:825)
2025-12-23 17:46:30 - INFO -         [TRAINABLE] paligemma_with_expert.gemma_expert.model.layers.16.self_attn.k_proj.weight (shape: torch.Size([256, 1024])) - (1939281:train_csgo.py:825)
2025-12-23 17:46:30 - INFO -         [TRAINABLE] paligemma_with_expert.gemma_expert.model.layers.16.self_attn.v_proj.weight (shape: torch.Size([256, 1024])) - (1939281:train_csgo.py:825)
2025-12-23 17:46:30 - INFO -         [TRAINABLE] paligemma_with_expert.gemma_expert.model.layers.16.self_attn.o_proj.weight (shape: torch.Size([1024, 2048])) - (1939281:train_csgo.py:825)
2025-12-23 17:46:30 - INFO -         [TRAINABLE] paligemma_with_expert.gemma_expert.model.layers.16.mlp.gate_proj.weight (shape: torch.Size([4096, 1024])) - (1939281:train_csgo.py:825)
2025-12-23 17:46:30 - INFO -         [TRAINABLE] paligemma_with_expert.gemma_expert.model.layers.16.mlp.up_proj.weight (shape: torch.Size([4096, 1024])) - (1939281:train_csgo.py:825)
2025-12-23 17:46:30 - INFO -         [TRAINABLE] paligemma_with_expert.gemma_expert.model.layers.16.mlp.down_proj.weight (shape: torch.Size([1024, 4096])) - (1939281:train_csgo.py:825)
2025-12-23 17:46:30 - INFO -         [TRAINABLE] paligemma_with_expert.gemma_expert.model.layers.16.input_layernorm.dense.weight (shape: torch.Size([3072, 1024])) - (1939281:train_csgo.py:825)
2025-12-23 17:46:30 - INFO -         [TRAINABLE] paligemma_with_expert.gemma_expert.model.layers.16.input_layernorm.dense.bias (shape: torch.Size([3072])) - (1939281:train_csgo.py:825)
2025-12-23 17:46:30 - INFO -         [TRAINABLE] paligemma_with_expert.gemma_expert.model.layers.16.post_attention_layernorm.dense.weight (shape: torch.Size([3072, 1024])) - (1939281:train_csgo.py:825)
2025-12-23 17:46:30 - INFO -         [TRAINABLE] paligemma_with_expert.gemma_expert.model.layers.16.post_attention_layernorm.dense.bias (shape: torch.Size([3072])) - (1939281:train_csgo.py:825)
2025-12-23 17:46:30 - INFO -         [TRAINABLE] paligemma_with_expert.gemma_expert.model.layers.17.self_attn.q_proj.weight (shape: torch.Size([2048, 1024])) - (1939281:train_csgo.py:825)
2025-12-23 17:46:30 - INFO -         [TRAINABLE] paligemma_with_expert.gemma_expert.model.layers.17.self_attn.k_proj.weight (shape: torch.Size([256, 1024])) - (1939281:train_csgo.py:825)
2025-12-23 17:46:30 - INFO -         [TRAINABLE] paligemma_with_expert.gemma_expert.model.layers.17.self_attn.v_proj.weight (shape: torch.Size([256, 1024])) - (1939281:train_csgo.py:825)
2025-12-23 17:46:30 - INFO -         [TRAINABLE] paligemma_with_expert.gemma_expert.model.layers.17.self_attn.o_proj.weight (shape: torch.Size([1024, 2048])) - (1939281:train_csgo.py:825)
2025-12-23 17:46:30 - INFO -         [TRAINABLE] paligemma_with_expert.gemma_expert.model.layers.17.mlp.gate_proj.weight (shape: torch.Size([4096, 1024])) - (1939281:train_csgo.py:825)
2025-12-23 17:46:30 - INFO -         [TRAINABLE] paligemma_with_expert.gemma_expert.model.layers.17.mlp.up_proj.weight (shape: torch.Size([4096, 1024])) - (1939281:train_csgo.py:825)
2025-12-23 17:46:30 - INFO -         [TRAINABLE] paligemma_with_expert.gemma_expert.model.layers.17.mlp.down_proj.weight (shape: torch.Size([1024, 4096])) - (1939281:train_csgo.py:825)
2025-12-23 17:46:30 - INFO -         [TRAINABLE] paligemma_with_expert.gemma_expert.model.layers.17.input_layernorm.dense.weight (shape: torch.Size([3072, 1024])) - (1939281:train_csgo.py:825)
2025-12-23 17:46:30 - INFO -         [TRAINABLE] paligemma_with_expert.gemma_expert.model.layers.17.input_layernorm.dense.bias (shape: torch.Size([3072])) - (1939281:train_csgo.py:825)
2025-12-23 17:46:30 - INFO -         [TRAINABLE] paligemma_with_expert.gemma_expert.model.layers.17.post_attention_layernorm.dense.weight (shape: torch.Size([3072, 1024])) - (1939281:train_csgo.py:825)
2025-12-23 17:46:30 - INFO -         [TRAINABLE] paligemma_with_expert.gemma_expert.model.layers.17.post_attention_layernorm.dense.bias (shape: torch.Size([3072])) - (1939281:train_csgo.py:825)
2025-12-23 17:46:30 - INFO -         [TRAINABLE] paligemma_with_expert.gemma_expert.model.norm.dense.weight (shape: torch.Size([3072, 1024])) - (1939281:train_csgo.py:825)
2025-12-23 17:46:30 - INFO -         [TRAINABLE] paligemma_with_expert.gemma_expert.model.norm.dense.bias (shape: torch.Size([3072])) - (1939281:train_csgo.py:825)
2025-12-23 17:46:30 - INFO -         [TRAINABLE] paligemma_with_expert.gemma_expert.lm_head.weight (shape: torch.Size([257152, 1024])) - (1939281:train_csgo.py:825)
2025-12-23 17:46:30 - INFO -         [TRAINABLE] action_in_proj.weight (shape: torch.Size([1024, 32])) - (1939281:train_csgo.py:825)
2025-12-23 17:46:30 - INFO -         [TRAINABLE] action_in_proj.bias (shape: torch.Size([1024])) - (1939281:train_csgo.py:825)
2025-12-23 17:46:30 - INFO -         [TRAINABLE] action_out_proj.weight (shape: torch.Size([32, 1024])) - (1939281:train_csgo.py:825)
2025-12-23 17:46:30 - INFO -         [TRAINABLE] action_out_proj.bias (shape: torch.Size([32])) - (1939281:train_csgo.py:825)
2025-12-23 17:46:30 - INFO -         [TRAINABLE] time_mlp_in.weight (shape: torch.Size([1024, 1024])) - (1939281:train_csgo.py:825)
2025-12-23 17:46:30 - INFO -         [TRAINABLE] time_mlp_in.bias (shape: torch.Size([1024])) - (1939281:train_csgo.py:825)
2025-12-23 17:46:30 - INFO -         [TRAINABLE] time_mlp_out.weight (shape: torch.Size([1024, 1024])) - (1939281:train_csgo.py:825)
2025-12-23 17:46:30 - INFO -         [TRAINABLE] time_mlp_out.bias (shape: torch.Size([1024])) - (1939281:train_csgo.py:825)
2025-12-23 17:46:30 - INFO - model.training_params: 3650334480, model.total_params: 3650334480 - (1939281:train_csgo.py:826)
2025-12-23 17:46:54 - INFO - Step 0 (after_backward): GPU memory - allocated: 14.62GB, reserved: 61.88GB, free: 47.26GB, peak_allocated: 56.51GB, peak_reserved: 61.88GB - (1939281:train_csgo.py:354)
2025-12-23 17:46:54 - INFO - step=0 loss=0.2057 lr=5.00e-08 grad_norm=3.09 time=24.4s - (1939281:train_csgo.py:961)
2025-12-23 17:47:07 - INFO - Step 1 (after_backward): GPU memory - allocated: 28.24GB, reserved: 78.28GB, free: 50.05GB, peak_allocated: 70.12GB, peak_reserved: 78.28GB - (1939281:train_csgo.py:354)
2025-12-23 17:47:21 - INFO - Step 2 (after_backward): GPU memory - allocated: 28.24GB, reserved: 78.29GB, free: 50.05GB, peak_allocated: 70.12GB, peak_reserved: 78.29GB - (1939281:train_csgo.py:354)
2025-12-23 17:47:35 - INFO - Step 3 (after_backward): GPU memory - allocated: 28.24GB, reserved: 78.29GB, free: 50.05GB, peak_allocated: 70.12GB, peak_reserved: 78.29GB - (1939281:train_csgo.py:354)
2025-12-23 17:47:48 - INFO - Step 4 (after_backward): GPU memory - allocated: 28.24GB, reserved: 78.29GB, free: 50.05GB, peak_allocated: 70.12GB, peak_reserved: 78.29GB - (1939281:train_csgo.py:354)
2025-12-23 18:13:38 - INFO - step=100 loss=0.1202 lr=2.57e-06 grad_norm=2.59 time=1604.3s - (1939281:train_csgo.py:961)
2025-12-23 18:44:33 - INFO - step=200 loss=0.0398 lr=7.57e-06 grad_norm=0.68 time=1854.9s - (1939281:train_csgo.py:961)
2025-12-23 19:11:34 - INFO - step=300 loss=0.0332 lr=1.26e-05 grad_norm=0.47 time=1620.4s - (1939281:train_csgo.py:961)
2025-12-23 19:38:39 - INFO - step=400 loss=0.0302 lr=1.76e-05 grad_norm=0.39 time=1625.6s - (1939281:train_csgo.py:961)
2025-12-23 20:05:41 - INFO - step=500 loss=0.0254 lr=2.26e-05 grad_norm=0.42 time=1621.9s - (1939281:train_csgo.py:961)
2025-12-23 20:32:36 - INFO - step=600 loss=0.0203 lr=2.75e-05 grad_norm=0.36 time=1615.1s - (1939281:train_csgo.py:961)
2025-12-23 20:59:41 - INFO - step=700 loss=0.0170 lr=3.25e-05 grad_norm=0.37 time=1625.1s - (1939281:train_csgo.py:961)
2025-12-23 21:26:44 - INFO - step=800 loss=0.0146 lr=3.75e-05 grad_norm=0.32 time=1622.8s - (1939281:train_csgo.py:961)
2025-12-23 21:53:45 - INFO - step=900 loss=0.0131 lr=4.25e-05 grad_norm=0.30 time=1621.0s - (1939281:train_csgo.py:961)
2025-12-23 22:20:48 - INFO - step=1000 loss=0.0114 lr=4.75e-05 grad_norm=0.28 time=1622.3s - (1939281:train_csgo.py:961)
2025-12-23 22:47:51 - INFO - step=1100 loss=0.0106 lr=5.00e-05 grad_norm=0.29 time=1623.1s - (1939281:train_csgo.py:961)
2025-12-23 23:14:50 - INFO - step=1200 loss=0.0088 lr=5.00e-05 grad_norm=0.24 time=1619.0s - (1939281:train_csgo.py:961)
2025-12-23 23:41:53 - INFO - step=1300 loss=0.0081 lr=5.00e-05 grad_norm=0.22 time=1623.6s - (1939281:train_csgo.py:961)
2025-12-24 00:08:53 - INFO - step=1400 loss=0.0071 lr=5.00e-05 grad_norm=0.21 time=1620.0s - (1939281:train_csgo.py:961)
2025-12-24 00:35:58 - INFO - step=1500 loss=0.0069 lr=5.00e-05 grad_norm=0.20 time=1624.3s - (1939281:train_csgo.py:961)
2025-12-24 01:03:04 - INFO - step=1600 loss=0.0065 lr=5.00e-05 grad_norm=0.20 time=1626.7s - (1939281:train_csgo.py:961)
2025-12-24 01:30:03 - INFO - step=1700 loss=0.0063 lr=5.00e-05 grad_norm=0.23 time=1619.1s - (1939281:train_csgo.py:961)
2025-12-24 01:57:14 - INFO - step=1800 loss=0.0060 lr=5.00e-05 grad_norm=0.20 time=1630.2s - (1939281:train_csgo.py:961)
2025-12-24 02:24:20 - INFO - step=1900 loss=0.0059 lr=5.00e-05 grad_norm=0.23 time=1626.3s - (1939281:train_csgo.py:961)
2025-12-24 02:51:18 - INFO - step=2000 loss=0.0055 lr=5.00e-05 grad_norm=0.18 time=1618.3s - (1939281:train_csgo.py:961)
2025-12-24 03:18:25 - INFO - step=2100 loss=0.0053 lr=5.00e-05 grad_norm=0.18 time=1627.2s - (1939281:train_csgo.py:961)
2025-12-24 03:45:30 - INFO - step=2200 loss=0.0055 lr=5.00e-05 grad_norm=0.20 time=1624.7s - (1939281:train_csgo.py:961)
2025-12-24 04:12:28 - INFO - step=2300 loss=0.0050 lr=5.00e-05 grad_norm=0.17 time=1617.6s - (1939281:train_csgo.py:961)
2025-12-24 04:39:34 - INFO - step=2400 loss=0.0050 lr=5.00e-05 grad_norm=0.19 time=1626.0s - (1939281:train_csgo.py:961)
2025-12-24 05:06:37 - INFO - step=2500 loss=0.0050 lr=5.00e-05 grad_norm=0.18 time=1623.6s - (1939281:train_csgo.py:961)
2025-12-24 05:33:35 - INFO - step=2600 loss=0.0050 lr=5.00e-05 grad_norm=0.20 time=1617.4s - (1939281:train_csgo.py:961)
2025-12-24 06:00:41 - INFO - step=2700 loss=0.0044 lr=5.00e-05 grad_norm=0.17 time=1626.4s - (1939281:train_csgo.py:961)
2025-12-24 06:27:37 - INFO - step=2800 loss=0.0048 lr=5.00e-05 grad_norm=0.17 time=1615.7s - (1939281:train_csgo.py:961)
2025-12-24 06:54:42 - INFO - step=2900 loss=0.0041 lr=5.00e-05 grad_norm=0.16 time=1624.8s - (1939281:train_csgo.py:961)
2025-12-24 07:22:08 - INFO - Saved checkpoint at step 3000 -> /data/jiahao/openpi/checkpoints/pi05_csgo_exp10_3/pi05_csgo_exp10_3/3000 - (1939281:train_csgo.py:240)
2025-12-24 07:22:21 - INFO - step=3000 loss=0.0045 lr=5.00e-05 grad_norm=0.19 time=1659.8s - (1939281:train_csgo.py:961)
2025-12-24 07:49:13 - INFO - step=3100 loss=0.0042 lr=5.00e-05 grad_norm=0.17 time=1611.8s - (1939281:train_csgo.py:961)
2025-12-24 08:16:15 - INFO - step=3200 loss=0.0045 lr=5.00e-05 grad_norm=0.20 time=1622.0s - (1939281:train_csgo.py:961)
2025-12-24 08:43:18 - INFO - step=3300 loss=0.0040 lr=5.00e-05 grad_norm=0.13 time=1622.3s - (1939281:train_csgo.py:961)
2025-12-24 09:10:13 - INFO - step=3400 loss=0.0041 lr=5.00e-05 grad_norm=0.15 time=1615.5s - (1939281:train_csgo.py:961)
2025-12-24 09:37:15 - INFO - step=3500 loss=0.0037 lr=5.00e-05 grad_norm=0.17 time=1622.2s - (1939281:train_csgo.py:961)
2025-12-24 10:04:20 - INFO - step=3600 loss=0.0036 lr=5.00e-05 grad_norm=0.14 time=1624.8s - (1939281:train_csgo.py:961)
2025-12-24 10:31:22 - INFO - step=3700 loss=0.0038 lr=5.00e-05 grad_norm=0.16 time=1621.7s - (1939281:train_csgo.py:961)
2025-12-24 10:58:27 - INFO - step=3800 loss=0.0037 lr=5.00e-05 grad_norm=0.16 time=1624.9s - (1939281:train_csgo.py:961)
2025-12-24 11:25:31 - INFO - step=3900 loss=0.0038 lr=5.00e-05 grad_norm=0.15 time=1624.5s - (1939281:train_csgo.py:961)
2025-12-24 11:52:30 - INFO - step=4000 loss=0.0033 lr=5.00e-05 grad_norm=0.13 time=1618.2s - (1939281:train_csgo.py:961)
2025-12-24 12:19:32 - INFO - step=4100 loss=0.0039 lr=5.00e-05 grad_norm=0.17 time=1622.7s - (1939281:train_csgo.py:961)
2025-12-24 12:46:32 - INFO - step=4200 loss=0.0035 lr=5.00e-05 grad_norm=0.15 time=1619.5s - (1939281:train_csgo.py:961)
2025-12-24 13:13:39 - INFO - step=4300 loss=0.0040 lr=5.00e-05 grad_norm=0.17 time=1626.9s - (1939281:train_csgo.py:961)
2025-12-24 13:40:47 - INFO - step=4400 loss=0.0033 lr=5.00e-05 grad_norm=0.13 time=1627.8s - (1939281:train_csgo.py:961)
2025-12-24 14:07:48 - INFO - step=4500 loss=0.0033 lr=5.00e-05 grad_norm=0.13 time=1621.1s - (1939281:train_csgo.py:961)
2025-12-24 14:34:51 - INFO - step=4600 loss=0.0034 lr=5.00e-05 grad_norm=0.16 time=1623.4s - (1939281:train_csgo.py:961)
2025-12-24 15:01:56 - INFO - step=4700 loss=0.0035 lr=5.00e-05 grad_norm=0.15 time=1624.5s - (1939281:train_csgo.py:961)
2025-12-24 15:28:55 - INFO - step=4800 loss=0.0037 lr=5.00e-05 grad_norm=0.15 time=1619.1s - (1939281:train_csgo.py:961)
2025-12-24 15:55:58 - INFO - step=4900 loss=0.0035 lr=5.00e-05 grad_norm=0.16 time=1623.3s - (1939281:train_csgo.py:961)
2025-12-24 16:23:03 - INFO - step=5000 loss=0.0031 lr=5.00e-05 grad_norm=0.15 time=1625.2s - (1939281:train_csgo.py:961)
2025-12-24 16:50:03 - INFO - step=5100 loss=0.0035 lr=5.00e-05 grad_norm=0.14 time=1619.7s - (1939281:train_csgo.py:961)
2025-12-24 17:17:08 - INFO - step=5200 loss=0.0031 lr=5.00e-05 grad_norm=0.13 time=1625.1s - (1939281:train_csgo.py:961)
2025-12-24 17:44:06 - INFO - step=5300 loss=0.0035 lr=5.00e-05 grad_norm=0.17 time=1618.0s - (1939281:train_csgo.py:961)
2025-12-24 18:11:10 - INFO - step=5400 loss=0.0030 lr=5.00e-05 grad_norm=0.13 time=1624.3s - (1939281:train_csgo.py:961)
2025-12-24 18:38:14 - INFO - step=5500 loss=0.0032 lr=5.00e-05 grad_norm=0.13 time=1624.0s - (1939281:train_csgo.py:961)
2025-12-24 19:05:16 - INFO - step=5600 loss=0.0035 lr=5.00e-05 grad_norm=0.14 time=1621.2s - (1939281:train_csgo.py:961)
2025-12-24 19:32:19 - INFO - step=5700 loss=0.0030 lr=5.00e-05 grad_norm=0.11 time=1623.1s - (1939281:train_csgo.py:961)
2025-12-24 19:59:22 - INFO - step=5800 loss=0.0030 lr=5.00e-05 grad_norm=0.13 time=1623.0s - (1939281:train_csgo.py:961)
2025-12-24 20:26:21 - INFO - step=5900 loss=0.0030 lr=5.00e-05 grad_norm=0.12 time=1619.3s - (1939281:train_csgo.py:961)
2025-12-24 20:53:39 - INFO - Saved checkpoint at step 6000 -> /data/jiahao/openpi/checkpoints/pi05_csgo_exp10_3/pi05_csgo_exp10_3/6000 - (1939281:train_csgo.py:240)
2025-12-24 20:53:53 - INFO - step=6000 loss=0.0029 lr=5.00e-05 grad_norm=0.12 time=1651.7s - (1939281:train_csgo.py:961)
2025-12-24 21:20:57 - INFO - step=6100 loss=0.0028 lr=5.00e-05 grad_norm=0.11 time=1624.5s - (1939281:train_csgo.py:961)
2025-12-24 21:47:54 - INFO - step=6200 loss=0.0030 lr=5.00e-05 grad_norm=0.14 time=1616.9s - (1939281:train_csgo.py:961)
2025-12-24 22:14:57 - INFO - step=6300 loss=0.0028 lr=5.00e-05 grad_norm=0.12 time=1622.9s - (1939281:train_csgo.py:961)
2025-12-24 22:42:01 - INFO - step=6400 loss=0.0029 lr=5.00e-05 grad_norm=0.11 time=1624.0s - (1939281:train_csgo.py:961)
2025-12-24 23:09:02 - INFO - step=6500 loss=0.0029 lr=5.00e-05 grad_norm=0.12 time=1620.7s - (1939281:train_csgo.py:961)
2025-12-24 23:36:04 - INFO - step=6600 loss=0.0028 lr=5.00e-05 grad_norm=0.12 time=1622.6s - (1939281:train_csgo.py:961)
2025-12-25 00:03:04 - INFO - step=6700 loss=0.0031 lr=5.00e-05 grad_norm=0.13 time=1619.3s - (1939281:train_csgo.py:961)
2025-12-25 00:30:10 - INFO - step=6800 loss=0.0029 lr=5.00e-05 grad_norm=0.13 time=1626.6s - (1939281:train_csgo.py:961)
2025-12-25 00:57:14 - INFO - step=6900 loss=0.0032 lr=5.00e-05 grad_norm=0.14 time=1624.2s - (1939281:train_csgo.py:961)
2025-12-25 01:24:12 - INFO - step=7000 loss=0.0027 lr=5.00e-05 grad_norm=0.11 time=1617.4s - (1939281:train_csgo.py:961)
2025-12-25 01:51:17 - INFO - step=7100 loss=0.0028 lr=5.00e-05 grad_norm=0.12 time=1625.1s - (1939281:train_csgo.py:961)
2025-12-25 02:18:24 - INFO - step=7200 loss=0.0028 lr=5.00e-05 grad_norm=0.12 time=1626.7s - (1939281:train_csgo.py:961)
2025-12-25 02:45:20 - INFO - step=7300 loss=0.0026 lr=5.00e-05 grad_norm=0.12 time=1616.8s - (1939281:train_csgo.py:961)
2025-12-25 03:12:24 - INFO - step=7400 loss=0.0028 lr=5.00e-05 grad_norm=0.13 time=1624.0s - (1939281:train_csgo.py:961)
2025-12-25 03:39:28 - INFO - step=7500 loss=0.0027 lr=5.00e-05 grad_norm=0.10 time=1623.3s - (1939281:train_csgo.py:961)
2025-12-25 04:06:28 - INFO - step=7600 loss=0.0028 lr=5.00e-05 grad_norm=0.11 time=1620.7s - (1939281:train_csgo.py:961)
2025-12-25 04:33:36 - INFO - step=7700 loss=0.0024 lr=5.00e-05 grad_norm=0.10 time=1627.3s - (1939281:train_csgo.py:961)
2025-12-25 05:00:42 - INFO - step=7800 loss=0.0026 lr=5.00e-05 grad_norm=0.11 time=1625.9s - (1939281:train_csgo.py:961)
2025-12-25 05:27:40 - INFO - step=7900 loss=0.0024 lr=5.00e-05 grad_norm=0.10 time=1618.7s - (1939281:train_csgo.py:961)
2025-12-25 05:54:46 - INFO - step=8000 loss=0.0026 lr=5.00e-05 grad_norm=0.11 time=1625.2s - (1939281:train_csgo.py:961)
2025-12-25 06:21:43 - INFO - step=8100 loss=0.0027 lr=5.00e-05 grad_norm=0.12 time=1617.6s - (1939281:train_csgo.py:961)
2025-12-25 06:48:50 - INFO - step=8200 loss=0.0027 lr=5.00e-05 grad_norm=0.10 time=1626.3s - (1939281:train_csgo.py:961)
2025-12-25 07:15:51 - INFO - step=8300 loss=0.0025 lr=5.00e-05 grad_norm=0.11 time=1621.7s - (1939281:train_csgo.py:961)
2025-12-25 07:42:48 - INFO - step=8400 loss=0.0025 lr=5.00e-05 grad_norm=0.11 time=1616.9s - (1939281:train_csgo.py:961)
2025-12-25 08:09:52 - INFO - step=8500 loss=0.0024 lr=5.00e-05 grad_norm=0.11 time=1624.0s - (1939281:train_csgo.py:961)
2025-12-25 08:36:59 - INFO - step=8600 loss=0.0021 lr=5.00e-05 grad_norm=0.09 time=1626.3s - (1939281:train_csgo.py:961)
2025-12-25 09:03:55 - INFO - step=8700 loss=0.0025 lr=5.00e-05 grad_norm=0.11 time=1616.4s - (1939281:train_csgo.py:961)
2025-12-25 09:30:54 - INFO - step=8800 loss=0.0026 lr=5.00e-05 grad_norm=0.11 time=1619.0s - (1939281:train_csgo.py:961)
2025-12-25 09:57:56 - INFO - step=8900 loss=0.0023 lr=5.00e-05 grad_norm=0.09 time=1622.3s - (1939281:train_csgo.py:961)
2025-12-25 10:24:59 - INFO - Saved checkpoint at step 9000 -> /data/jiahao/openpi/checkpoints/pi05_csgo_exp10_3/pi05_csgo_exp10_3/9000 - (1939281:train_csgo.py:240)
2025-12-25 10:25:13 - INFO - step=9000 loss=0.0024 lr=5.00e-05 grad_norm=0.10 time=1636.6s - (1939281:train_csgo.py:961)
2025-12-25 10:52:09 - INFO - step=9100 loss=0.0028 lr=5.00e-05 grad_norm=0.12 time=1616.2s - (1939281:train_csgo.py:961)
2025-12-25 11:19:01 - INFO - step=9200 loss=0.0024 lr=5.00e-05 grad_norm=0.10 time=1611.9s - (1939281:train_csgo.py:961)
2025-12-25 11:46:00 - INFO - step=9300 loss=0.0026 lr=5.00e-05 grad_norm=0.12 time=1619.2s - (1939281:train_csgo.py:961)
2025-12-25 12:13:00 - INFO - step=9400 loss=0.0025 lr=5.00e-05 grad_norm=0.11 time=1620.0s - (1939281:train_csgo.py:961)
2025-12-25 12:39:53 - INFO - step=9500 loss=0.0024 lr=5.00e-05 grad_norm=0.11 time=1612.6s - (1939281:train_csgo.py:961)
2025-12-25 13:06:55 - INFO - step=9600 loss=0.0025 lr=5.00e-05 grad_norm=0.11 time=1622.3s - (1939281:train_csgo.py:961)
2025-12-25 13:33:54 - INFO - step=9700 loss=0.0026 lr=5.00e-05 grad_norm=0.11 time=1618.5s - (1939281:train_csgo.py:961)
2025-12-25 14:00:52 - INFO - step=9800 loss=0.0025 lr=5.00e-05 grad_norm=0.11 time=1618.1s - (1939281:train_csgo.py:961)
2025-12-25 14:27:57 - INFO - step=9900 loss=0.0025 lr=5.00e-05 grad_norm=0.11 time=1625.6s - (1939281:train_csgo.py:961)
2025-12-25 14:55:02 - INFO - step=10000 loss=0.0024 lr=5.00e-05 grad_norm=0.10 time=1624.3s - (1939281:train_csgo.py:961)
2025-12-25 15:22:01 - INFO - step=10100 loss=0.0025 lr=5.00e-05 grad_norm=0.12 time=1619.3s - (1939281:train_csgo.py:961)
2025-12-25 15:49:05 - INFO - step=10200 loss=0.0024 lr=5.00e-05 grad_norm=0.10 time=1624.2s - (1939281:train_csgo.py:961)
2025-12-25 16:17:11 - INFO - step=10300 loss=0.0026 lr=5.00e-05 grad_norm=0.11 time=1686.2s - (1939281:train_csgo.py:961)
2025-12-25 16:48:49 - INFO - step=10400 loss=0.0027 lr=5.00e-05 grad_norm=0.11 time=1897.9s - (1939281:train_csgo.py:961)
2025-12-25 17:17:06 - INFO - step=10500 loss=0.0021 lr=5.00e-05 grad_norm=0.09 time=1696.3s - (1939281:train_csgo.py:961)
2025-12-25 17:44:00 - INFO - step=10600 loss=0.0023 lr=5.00e-05 grad_norm=0.10 time=1614.8s - (1939281:train_csgo.py:961)
2025-12-25 18:11:05 - INFO - step=10700 loss=0.0025 lr=5.00e-05 grad_norm=0.11 time=1624.7s - (1939281:train_csgo.py:961)
2025-12-25 21:40:23 - INFO - step=10800 loss=0.0019 lr=5.00e-05 grad_norm=0.09 time=12557.5s - (1939281:train_csgo.py:961)
2025-12-25 22:07:43 - INFO - step=10900 loss=0.0024 lr=5.00e-05 grad_norm=0.10 time=1640.4s - (1939281:train_csgo.py:961)
2025-12-25 22:41:54 - INFO - step=11000 loss=0.0025 lr=5.00e-05 grad_norm=0.10 time=2050.8s - (1939281:train_csgo.py:961)
2025-12-25 23:08:56 - INFO - step=11100 loss=0.0021 lr=5.00e-05 grad_norm=0.09 time=1622.1s - (1939281:train_csgo.py:961)
2025-12-25 23:43:27 - INFO - step=11200 loss=0.0022 lr=5.00e-05 grad_norm=0.09 time=2070.8s - (1939281:train_csgo.py:961)
2025-12-26 00:14:19 - INFO - step=11300 loss=0.0022 lr=5.00e-05 grad_norm=0.09 time=1852.1s - (1939281:train_csgo.py:961)
2025-12-26 00:41:16 - INFO - step=11400 loss=0.0020 lr=5.00e-05 grad_norm=0.08 time=1617.2s - (1939281:train_csgo.py:961)
2025-12-26 01:08:06 - INFO - step=11500 loss=0.0021 lr=5.00e-05 grad_norm=0.09 time=1610.2s - (1939281:train_csgo.py:961)
2025-12-26 01:35:05 - INFO - step=11600 loss=0.0022 lr=5.00e-05 grad_norm=0.09 time=1619.3s - (1939281:train_csgo.py:961)
2025-12-26 02:02:03 - INFO - step=11700 loss=0.0020 lr=5.00e-05 grad_norm=0.08 time=1617.7s - (1939281:train_csgo.py:961)
2025-12-26 02:36:47 - INFO - step=11800 loss=0.0023 lr=5.00e-05 grad_norm=0.10 time=2084.0s - (1939281:train_csgo.py:961)
2025-12-26 03:05:05 - INFO - step=11900 loss=0.0024 lr=5.00e-05 grad_norm=0.10 time=1696.8s - (1939281:train_csgo.py:961)
2025-12-26 03:32:04 - INFO - Saved checkpoint at step 12000 -> /data/jiahao/openpi/checkpoints/pi05_csgo_exp10_3/pi05_csgo_exp10_3/12000 - (1939281:train_csgo.py:240)
2025-12-26 03:32:18 - INFO - step=12000 loss=0.0022 lr=5.00e-05 grad_norm=0.09 time=1633.4s - (1939281:train_csgo.py:961)
2025-12-26 03:59:19 - INFO - step=12100 loss=0.0019 lr=5.00e-05 grad_norm=0.08 time=1621.0s - (1939281:train_csgo.py:961)
2025-12-26 04:26:24 - INFO - step=12200 loss=0.0023 lr=5.00e-05 grad_norm=0.11 time=1625.4s - (1939281:train_csgo.py:961)
2025-12-26 04:53:16 - INFO - step=12300 loss=0.0023 lr=5.00e-05 grad_norm=0.10 time=1612.0s - (1939281:train_csgo.py:961)
2025-12-26 05:20:20 - INFO - step=12400 loss=0.0026 lr=5.00e-05 grad_norm=0.12 time=1623.6s - (1939281:train_csgo.py:961)
2025-12-26 05:47:22 - INFO - step=12500 loss=0.0021 lr=5.00e-05 grad_norm=0.10 time=1622.3s - (1939281:train_csgo.py:961)
2025-12-26 06:14:15 - INFO - step=12600 loss=0.0023 lr=5.00e-05 grad_norm=0.09 time=1612.3s - (1939281:train_csgo.py:961)
2025-12-26 06:41:12 - INFO - step=12700 loss=0.0018 lr=5.00e-05 grad_norm=0.08 time=1617.3s - (1939281:train_csgo.py:961)
2025-12-26 07:08:12 - INFO - step=12800 loss=0.0022 lr=5.00e-05 grad_norm=0.09 time=1620.1s - (1939281:train_csgo.py:961)
2025-12-26 07:35:09 - INFO - step=12900 loss=0.0018 lr=5.00e-05 grad_norm=0.09 time=1617.0s - (1939281:train_csgo.py:961)
2025-12-26 08:02:10 - INFO - step=13000 loss=0.0021 lr=5.00e-05 grad_norm=0.10 time=1620.8s - (1939281:train_csgo.py:961)
2025-12-26 08:29:03 - INFO - step=13100 loss=0.0022 lr=5.00e-05 grad_norm=0.10 time=1612.8s - (1939281:train_csgo.py:961)
2025-12-26 08:56:00 - INFO - step=13200 loss=0.0023 lr=5.00e-05 grad_norm=0.10 time=1617.4s - (1939281:train_csgo.py:961)
2025-12-26 09:22:59 - INFO - step=13300 loss=0.0020 lr=5.00e-05 grad_norm=0.09 time=1619.5s - (1939281:train_csgo.py:961)
2025-12-26 09:49:53 - INFO - step=13400 loss=0.0021 lr=5.00e-05 grad_norm=0.10 time=1613.5s - (1939281:train_csgo.py:961)
2025-12-26 10:16:49 - INFO - step=13500 loss=0.0021 lr=5.00e-05 grad_norm=0.09 time=1615.7s - (1939281:train_csgo.py:961)
2025-12-26 10:43:46 - INFO - step=13600 loss=0.0022 lr=5.00e-05 grad_norm=0.10 time=1617.8s - (1939281:train_csgo.py:961)
2025-12-26 11:10:38 - INFO - step=13700 loss=0.0021 lr=5.00e-05 grad_norm=0.10 time=1611.3s - (1939281:train_csgo.py:961)
2025-12-26 11:37:40 - INFO - step=13800 loss=0.0020 lr=5.00e-05 grad_norm=0.09 time=1622.0s - (1939281:train_csgo.py:961)
2025-12-26 12:04:39 - INFO - step=13900 loss=0.0018 lr=5.00e-05 grad_norm=0.09 time=1619.4s - (1939281:train_csgo.py:961)
2025-12-26 12:31:29 - INFO - step=14000 loss=0.0022 lr=5.00e-05 grad_norm=0.10 time=1609.5s - (1939281:train_csgo.py:961)
2025-12-26 12:58:29 - INFO - step=14100 loss=0.0017 lr=5.00e-05 grad_norm=0.08 time=1620.2s - (1939281:train_csgo.py:961)
2025-12-26 13:25:26 - INFO - step=14200 loss=0.0023 lr=5.00e-05 grad_norm=0.10 time=1617.2s - (1939281:train_csgo.py:961)
2025-12-26 13:52:20 - INFO - step=14300 loss=0.0020 lr=5.00e-05 grad_norm=0.10 time=1613.8s - (1939281:train_csgo.py:961)
2025-12-26 14:19:24 - INFO - step=14400 loss=0.0023 lr=5.00e-05 grad_norm=0.10 time=1624.2s - (1939281:train_csgo.py:961)
2025-12-26 14:46:19 - INFO - step=14500 loss=0.0019 lr=5.00e-05 grad_norm=0.09 time=1615.2s - (1939281:train_csgo.py:961)
2025-12-26 15:17:13 - INFO - step=14600 loss=0.0020 lr=5.00e-05 grad_norm=0.09 time=1853.7s - (1939281:train_csgo.py:961)
2025-12-26 15:44:17 - INFO - step=14700 loss=0.0019 lr=5.00e-05 grad_norm=0.09 time=1623.8s - (1939281:train_csgo.py:961)
2025-12-26 16:11:17 - INFO - step=14800 loss=0.0019 lr=5.00e-05 grad_norm=0.09 time=1620.1s - (1939281:train_csgo.py:961)
2025-12-26 16:42:10 - INFO - step=14900 loss=0.0018 lr=5.00e-05 grad_norm=0.09 time=1852.6s - (1939281:train_csgo.py:961)
2025-12-26 17:09:21 - INFO - Saved checkpoint at step 15000 -> /data/jiahao/openpi/checkpoints/pi05_csgo_exp10_3/pi05_csgo_exp10_3/15000 - (1939281:train_csgo.py:240)
2025-12-26 17:09:34 - INFO - step=15000 loss=0.0018 lr=5.00e-05 grad_norm=0.08 time=1644.9s - (1939281:train_csgo.py:961)
2025-12-26 17:36:25 - INFO - step=15100 loss=0.0018 lr=5.00e-05 grad_norm=0.09 time=1611.0s - (1939281:train_csgo.py:961)
2025-12-26 18:03:28 - INFO - step=15200 loss=0.0020 lr=5.00e-05 grad_norm=0.09 time=1623.0s - (1939281:train_csgo.py:961)
2025-12-26 18:30:25 - INFO - step=15300 loss=0.0019 lr=5.00e-05 grad_norm=0.09 time=1616.7s - (1939281:train_csgo.py:961)
2025-12-26 18:57:15 - INFO - step=15400 loss=0.0020 lr=5.00e-05 grad_norm=0.08 time=1610.2s - (1939281:train_csgo.py:961)
2025-12-26 19:24:15 - INFO - step=15500 loss=0.0020 lr=5.00e-05 grad_norm=0.08 time=1619.4s - (1939281:train_csgo.py:961)
2025-12-26 19:51:21 - INFO - step=15600 loss=0.0018 lr=5.00e-05 grad_norm=0.08 time=1625.9s - (1939281:train_csgo.py:961)
2025-12-26 20:18:14 - INFO - step=15700 loss=0.0018 lr=5.00e-05 grad_norm=0.09 time=1613.2s - (1939281:train_csgo.py:961)
2025-12-26 20:45:14 - INFO - step=15800 loss=0.0020 lr=5.00e-05 grad_norm=0.09 time=1620.6s - (1939281:train_csgo.py:961)
2025-12-26 21:12:13 - INFO - step=15900 loss=0.0018 lr=5.00e-05 grad_norm=0.08 time=1618.7s - (1939281:train_csgo.py:961)
2025-12-26 21:39:14 - INFO - step=16000 loss=0.0017 lr=5.00e-05 grad_norm=0.08 time=1621.3s - (1939281:train_csgo.py:961)
2025-12-26 22:06:20 - INFO - step=16100 loss=0.0020 lr=5.00e-05 grad_norm=0.09 time=1625.2s - (1939281:train_csgo.py:961)
2025-12-26 22:33:16 - INFO - step=16200 loss=0.0019 lr=5.00e-05 grad_norm=0.09 time=1616.9s - (1939281:train_csgo.py:961)
2025-12-26 23:00:18 - INFO - step=16300 loss=0.0018 lr=5.00e-05 grad_norm=0.08 time=1622.0s - (1939281:train_csgo.py:961)
2025-12-26 23:27:16 - INFO - step=16400 loss=0.0019 lr=5.00e-05 grad_norm=0.09 time=1618.0s - (1939281:train_csgo.py:961)
2025-12-26 23:54:14 - INFO - step=16500 loss=0.0019 lr=5.00e-05 grad_norm=0.09 time=1617.1s - (1939281:train_csgo.py:961)
2025-12-27 00:21:09 - INFO - step=16600 loss=0.0019 lr=5.00e-05 grad_norm=0.09 time=1615.2s - (1939281:train_csgo.py:961)
2025-12-27 00:48:12 - INFO - step=16700 loss=0.0017 lr=5.00e-05 grad_norm=0.08 time=1623.2s - (1939281:train_csgo.py:961)
2025-12-27 01:15:03 - INFO - step=16800 loss=0.0022 lr=5.00e-05 grad_norm=0.09 time=1611.4s - (1939281:train_csgo.py:961)
2025-12-27 01:41:57 - INFO - step=16900 loss=0.0018 lr=5.00e-05 grad_norm=0.09 time=1613.5s - (1939281:train_csgo.py:961)
2025-12-27 02:08:48 - INFO - step=17000 loss=0.0018 lr=5.00e-05 grad_norm=0.09 time=1611.1s - (1939281:train_csgo.py:961)
2025-12-27 02:35:46 - INFO - step=17100 loss=0.0020 lr=5.00e-05 grad_norm=0.09 time=1618.2s - (1939281:train_csgo.py:961)
2025-12-27 03:02:46 - INFO - step=17200 loss=0.0020 lr=5.00e-05 grad_norm=0.09 time=1619.5s - (1939281:train_csgo.py:961)
2025-12-27 03:29:42 - INFO - step=17300 loss=0.0020 lr=5.00e-05 grad_norm=0.09 time=1616.4s - (1939281:train_csgo.py:961)
2025-12-27 03:56:39 - INFO - step=17400 loss=0.0017 lr=5.00e-05 grad_norm=0.07 time=1617.0s - (1939281:train_csgo.py:961)
2025-12-27 04:23:35 - INFO - step=17500 loss=0.0019 lr=5.00e-05 grad_norm=0.09 time=1615.6s - (1939281:train_csgo.py:961)
2025-12-27 04:50:24 - INFO - step=17600 loss=0.0019 lr=5.00e-05 grad_norm=0.08 time=1608.8s - (1939281:train_csgo.py:961)
2025-12-27 05:17:23 - INFO - step=17700 loss=0.0018 lr=5.00e-05 grad_norm=0.09 time=1619.3s - (1939281:train_csgo.py:961)
2025-12-27 05:44:21 - INFO - step=17800 loss=0.0017 lr=5.00e-05 grad_norm=0.07 time=1618.0s - (1939281:train_csgo.py:961)
2025-12-27 06:11:13 - INFO - step=17900 loss=0.0021 lr=5.00e-05 grad_norm=0.10 time=1612.4s - (1939281:train_csgo.py:961)
2025-12-27 06:38:29 - INFO - Saved checkpoint at step 18000 -> /data/jiahao/openpi/checkpoints/pi05_csgo_exp10_3/pi05_csgo_exp10_3/18000 - (1939281:train_csgo.py:240)
2025-12-27 06:38:43 - INFO - step=18000 loss=0.0021 lr=5.00e-05 grad_norm=0.10 time=1649.8s - (1939281:train_csgo.py:961)
2025-12-27 07:05:38 - INFO - step=18100 loss=0.0017 lr=5.00e-05 grad_norm=0.08 time=1615.0s - (1939281:train_csgo.py:961)
2025-12-27 07:32:31 - INFO - step=18200 loss=0.0020 lr=5.00e-05 grad_norm=0.08 time=1613.0s - (1939281:train_csgo.py:961)
2025-12-27 07:59:25 - INFO - step=18300 loss=0.0019 lr=5.00e-05 grad_norm=0.09 time=1614.4s - (1939281:train_csgo.py:961)
2025-12-27 08:26:15 - INFO - step=18400 loss=0.0019 lr=5.00e-05 grad_norm=0.09 time=1609.2s - (1939281:train_csgo.py:961)
2025-12-27 08:53:15 - INFO - step=18500 loss=0.0017 lr=5.00e-05 grad_norm=0.07 time=1620.0s - (1939281:train_csgo.py:961)
2025-12-27 09:20:13 - INFO - step=18600 loss=0.0018 lr=5.00e-05 grad_norm=0.09 time=1618.4s - (1939281:train_csgo.py:961)
2025-12-27 09:47:04 - INFO - step=18700 loss=0.0017 lr=5.00e-05 grad_norm=0.08 time=1611.0s - (1939281:train_csgo.py:961)
2025-12-27 10:13:59 - INFO - step=18800 loss=0.0018 lr=5.00e-05 grad_norm=0.09 time=1615.4s - (1939281:train_csgo.py:961)
2025-12-27 10:40:56 - INFO - step=18900 loss=0.0016 lr=5.00e-05 grad_norm=0.08 time=1616.3s - (1939281:train_csgo.py:961)
2025-12-27 11:07:46 - INFO - step=19000 loss=0.0019 lr=5.00e-05 grad_norm=0.09 time=1610.5s - (1939281:train_csgo.py:961)
2025-12-27 11:34:47 - INFO - step=19100 loss=0.0018 lr=5.00e-05 grad_norm=0.08 time=1620.8s - (1939281:train_csgo.py:961)
2025-12-27 12:01:44 - INFO - step=19200 loss=0.0016 lr=5.00e-05 grad_norm=0.07 time=1617.2s - (1939281:train_csgo.py:961)
2025-12-27 12:28:39 - INFO - step=19300 loss=0.0018 lr=5.00e-05 grad_norm=0.09 time=1614.5s - (1939281:train_csgo.py:961)
2025-12-27 12:55:37 - INFO - step=19400 loss=0.0019 lr=5.00e-05 grad_norm=0.09 time=1618.2s - (1939281:train_csgo.py:961)
2025-12-27 13:22:35 - INFO - step=19500 loss=0.0020 lr=5.00e-05 grad_norm=0.09 time=1618.3s - (1939281:train_csgo.py:961)
2025-12-27 13:49:28 - INFO - step=19600 loss=0.0017 lr=5.00e-05 grad_norm=0.08 time=1612.7s - (1939281:train_csgo.py:961)
2025-12-27 14:16:31 - INFO - step=19700 loss=0.0018 lr=5.00e-05 grad_norm=0.08 time=1622.8s - (1939281:train_csgo.py:961)
2025-12-27 14:43:26 - INFO - step=19800 loss=0.0018 lr=5.00e-05 grad_norm=0.08 time=1615.0s - (1939281:train_csgo.py:961)
2025-12-27 15:10:25 - INFO - step=19900 loss=0.0018 lr=5.00e-05 grad_norm=0.08 time=1619.4s - (1939281:train_csgo.py:961)
2025-12-27 15:37:26 - INFO - step=20000 loss=0.0014 lr=5.00e-05 grad_norm=0.07 time=1620.8s - (1939281:train_csgo.py:961)
2025-12-27 16:04:23 - INFO - step=20100 loss=0.0018 lr=5.00e-05 grad_norm=0.09 time=1617.2s - (1939281:train_csgo.py:961)
2025-12-27 16:31:26 - INFO - step=20200 loss=0.0017 lr=5.00e-05 grad_norm=0.08 time=1623.1s - (1939281:train_csgo.py:961)
2025-12-27 16:58:33 - INFO - step=20300 loss=0.0014 lr=5.00e-05 grad_norm=0.06 time=1627.0s - (1939281:train_csgo.py:961)
2025-12-27 17:26:41 - INFO - step=20400 loss=0.0017 lr=5.00e-05 grad_norm=0.08 time=1687.9s - (1939281:train_csgo.py:961)
2025-12-27 18:00:21 - INFO - step=20500 loss=0.0018 lr=5.00e-05 grad_norm=0.09 time=2019.6s - (1939281:train_csgo.py:961)
2025-12-27 18:27:27 - INFO - step=20600 loss=0.0020 lr=5.00e-05 grad_norm=0.10 time=1626.7s - (1939281:train_csgo.py:961)
2025-12-27 18:54:29 - INFO - step=20700 loss=0.0015 lr=5.00e-05 grad_norm=0.08 time=1621.3s - (1939281:train_csgo.py:961)
2025-12-27 19:21:32 - INFO - step=20800 loss=0.0019 lr=5.00e-05 grad_norm=0.09 time=1623.0s - (1939281:train_csgo.py:961)
2025-12-27 19:48:29 - INFO - step=20900 loss=0.0020 lr=5.00e-05 grad_norm=0.09 time=1617.2s - (1939281:train_csgo.py:961)
2025-12-27 20:15:36 - INFO - Saved checkpoint at step 21000 -> /data/jiahao/openpi/checkpoints/pi05_csgo_exp10_3/pi05_csgo_exp10_3/21000 - (1939281:train_csgo.py:240)
2025-12-27 20:15:49 - INFO - step=21000 loss=0.0017 lr=5.00e-05 grad_norm=0.08 time=1640.2s - (1939281:train_csgo.py:961)
2025-12-27 20:42:43 - INFO - step=21100 loss=0.0018 lr=5.00e-05 grad_norm=0.09 time=1613.9s - (1939281:train_csgo.py:961)
2025-12-27 21:09:35 - INFO - step=21200 loss=0.0019 lr=5.00e-05 grad_norm=0.09 time=1612.2s - (1939281:train_csgo.py:961)
2025-12-27 21:36:33 - INFO - step=21300 loss=0.0016 lr=5.00e-05 grad_norm=0.07 time=1617.7s - (1939281:train_csgo.py:961)
2025-12-27 22:03:30 - INFO - step=21400 loss=0.0019 lr=5.00e-05 grad_norm=0.10 time=1616.9s - (1939281:train_csgo.py:961)
2025-12-27 22:30:25 - INFO - step=21500 loss=0.0017 lr=5.00e-05 grad_norm=0.09 time=1615.2s - (1939281:train_csgo.py:961)
2025-12-27 22:57:23 - INFO - step=21600 loss=0.0019 lr=5.00e-05 grad_norm=0.09 time=1617.5s - (1939281:train_csgo.py:961)
2025-12-27 23:24:22 - INFO - step=21700 loss=0.0015 lr=5.00e-05 grad_norm=0.07 time=1619.8s - (1939281:train_csgo.py:961)
2025-12-27 23:51:15 - INFO - step=21800 loss=0.0016 lr=5.00e-05 grad_norm=0.08 time=1613.0s - (1939281:train_csgo.py:961)
2025-12-28 00:18:14 - INFO - step=21900 loss=0.0017 lr=5.00e-05 grad_norm=0.09 time=1618.9s - (1939281:train_csgo.py:961)
2025-12-28 00:45:12 - INFO - step=22000 loss=0.0017 lr=5.00e-05 grad_norm=0.09 time=1617.6s - (1939281:train_csgo.py:961)
2025-12-28 01:12:05 - INFO - step=22100 loss=0.0018 lr=5.00e-05 grad_norm=0.09 time=1613.0s - (1939281:train_csgo.py:961)
2025-12-28 01:39:04 - INFO - step=22200 loss=0.0015 lr=5.00e-05 grad_norm=0.07 time=1619.3s - (1939281:train_csgo.py:961)
2025-12-28 02:05:56 - INFO - step=22300 loss=0.0017 lr=5.00e-05 grad_norm=0.08 time=1611.9s - (1939281:train_csgo.py:961)
2025-12-28 02:32:54 - INFO - step=22400 loss=0.0017 lr=5.00e-05 grad_norm=0.08 time=1618.0s - (1939281:train_csgo.py:961)
2025-12-28 02:59:55 - INFO - step=22500 loss=0.0016 lr=5.00e-05 grad_norm=0.08 time=1621.0s - (1939281:train_csgo.py:961)
2025-12-28 03:26:50 - INFO - step=22600 loss=0.0017 lr=5.00e-05 grad_norm=0.09 time=1614.5s - (1939281:train_csgo.py:961)
2025-12-28 03:53:48 - INFO - step=22700 loss=0.0018 lr=5.00e-05 grad_norm=0.09 time=1618.7s - (1939281:train_csgo.py:961)
2025-12-28 04:20:48 - INFO - step=22800 loss=0.0016 lr=5.00e-05 grad_norm=0.07 time=1619.6s - (1939281:train_csgo.py:961)
2025-12-28 04:47:41 - INFO - step=22900 loss=0.0017 lr=5.00e-05 grad_norm=0.07 time=1612.9s - (1939281:train_csgo.py:961)
2025-12-28 05:14:39 - INFO - step=23000 loss=0.0020 lr=5.00e-05 grad_norm=0.09 time=1618.1s - (1939281:train_csgo.py:961)
2025-12-28 05:41:38 - INFO - step=23100 loss=0.0020 lr=5.00e-05 grad_norm=0.09 time=1618.7s - (1939281:train_csgo.py:961)
2025-12-28 06:08:30 - INFO - step=23200 loss=0.0018 lr=5.00e-05 grad_norm=0.08 time=1612.9s - (1939281:train_csgo.py:961)
2025-12-28 06:35:26 - INFO - step=23300 loss=0.0018 lr=5.00e-05 grad_norm=0.08 time=1615.7s - (1939281:train_csgo.py:961)
2025-12-28 07:02:27 - INFO - step=23400 loss=0.0015 lr=5.00e-05 grad_norm=0.08 time=1620.7s - (1939281:train_csgo.py:961)
2025-12-28 07:29:20 - INFO - step=23500 loss=0.0014 lr=5.00e-05 grad_norm=0.07 time=1613.4s - (1939281:train_csgo.py:961)
2025-12-28 07:56:22 - INFO - step=23600 loss=0.0019 lr=5.00e-05 grad_norm=0.08 time=1621.3s - (1939281:train_csgo.py:961)
2025-12-28 08:23:10 - INFO - step=23700 loss=0.0017 lr=5.00e-05 grad_norm=0.08 time=1608.2s - (1939281:train_csgo.py:961)
2025-12-28 08:50:08 - INFO - step=23800 loss=0.0016 lr=5.00e-05 grad_norm=0.09 time=1618.2s - (1939281:train_csgo.py:961)
2025-12-28 09:17:08 - INFO - step=23900 loss=0.0017 lr=5.00e-05 grad_norm=0.09 time=1619.9s - (1939281:train_csgo.py:961)
2025-12-28 09:44:12 - INFO - Saved checkpoint at step 24000 -> /data/jiahao/openpi/checkpoints/pi05_csgo_exp10_3/pi05_csgo_exp10_3/24000 - (1939281:train_csgo.py:240)
2025-12-28 09:44:25 - INFO - step=24000 loss=0.0015 lr=5.00e-05 grad_norm=0.08 time=1637.4s - (1939281:train_csgo.py:961)
2025-12-28 10:11:23 - INFO - step=24100 loss=0.0017 lr=5.00e-05 grad_norm=0.08 time=1617.8s - (1939281:train_csgo.py:961)
2025-12-28 10:38:23 - INFO - step=24200 loss=0.0017 lr=5.00e-05 grad_norm=0.08 time=1620.1s - (1939281:train_csgo.py:961)
2025-12-28 11:05:16 - INFO - step=24300 loss=0.0017 lr=5.00e-05 grad_norm=0.08 time=1612.9s - (1939281:train_csgo.py:961)
2025-12-28 11:32:13 - INFO - step=24400 loss=0.0014 lr=5.00e-05 grad_norm=0.07 time=1617.4s - (1939281:train_csgo.py:961)
2025-12-28 11:59:12 - INFO - step=24500 loss=0.0017 lr=5.00e-05 grad_norm=0.08 time=1618.8s - (1939281:train_csgo.py:961)
2025-12-28 12:26:07 - INFO - step=24600 loss=0.0015 lr=5.00e-05 grad_norm=0.07 time=1614.4s - (1939281:train_csgo.py:961)
2025-12-28 12:53:05 - INFO - step=24700 loss=0.0017 lr=5.00e-05 grad_norm=0.09 time=1618.4s - (1939281:train_csgo.py:961)
2025-12-28 13:20:00 - INFO - step=24800 loss=0.0017 lr=5.00e-05 grad_norm=0.09 time=1615.3s - (1939281:train_csgo.py:961)
2025-12-28 13:47:04 - INFO - step=24900 loss=0.0017 lr=5.00e-05 grad_norm=0.08 time=1624.0s - (1939281:train_csgo.py:961)
2025-12-28 14:14:06 - INFO - step=25000 loss=0.0015 lr=5.00e-05 grad_norm=0.07 time=1621.2s - (1939281:train_csgo.py:961)
2025-12-28 14:42:34 - INFO - step=25100 loss=0.0017 lr=5.00e-05 grad_norm=0.08 time=1708.4s - (1939281:train_csgo.py:961)
2025-12-28 15:11:49 - INFO - step=25200 loss=0.0016 lr=5.00e-05 grad_norm=0.08 time=1754.9s - (1939281:train_csgo.py:961)
2025-12-28 15:38:51 - INFO - step=25300 loss=0.0017 lr=5.00e-05 grad_norm=0.08 time=1622.4s - (1939281:train_csgo.py:961)
2025-12-28 16:05:46 - INFO - step=25400 loss=0.0020 lr=5.00e-05 grad_norm=0.09 time=1614.8s - (1939281:train_csgo.py:961)
2025-12-28 16:32:50 - INFO - step=25500 loss=0.0017 lr=5.00e-05 grad_norm=0.09 time=1623.6s - (1939281:train_csgo.py:961)
2025-12-28 16:59:53 - INFO - step=25600 loss=0.0015 lr=5.00e-05 grad_norm=0.08 time=1622.9s - (1939281:train_csgo.py:961)
2025-12-28 17:26:50 - INFO - step=25700 loss=0.0019 lr=5.00e-05 grad_norm=0.08 time=1617.1s - (1939281:train_csgo.py:961)
2025-12-28 17:53:56 - INFO - step=25800 loss=0.0016 lr=5.00e-05 grad_norm=0.08 time=1626.0s - (1939281:train_csgo.py:961)
2025-12-28 18:20:55 - INFO - step=25900 loss=0.0017 lr=5.00e-05 grad_norm=0.08 time=1619.0s - (1939281:train_csgo.py:961)
2025-12-28 18:47:47 - INFO - step=26000 loss=0.0018 lr=5.00e-05 grad_norm=0.08 time=1612.3s - (1939281:train_csgo.py:961)
2025-12-28 19:14:50 - INFO - step=26100 loss=0.0016 lr=5.00e-05 grad_norm=0.08 time=1622.8s - (1939281:train_csgo.py:961)
2025-12-28 19:41:44 - INFO - step=26200 loss=0.0014 lr=5.00e-05 grad_norm=0.07 time=1613.8s - (1939281:train_csgo.py:961)
2025-12-28 20:08:45 - INFO - step=26300 loss=0.0017 lr=5.00e-05 grad_norm=0.09 time=1621.7s - (1939281:train_csgo.py:961)
2025-12-28 20:35:45 - INFO - step=26400 loss=0.0016 lr=5.00e-05 grad_norm=0.07 time=1620.2s - (1939281:train_csgo.py:961)
2025-12-28 21:02:40 - INFO - step=26500 loss=0.0015 lr=5.00e-05 grad_norm=0.07 time=1614.9s - (1939281:train_csgo.py:961)
2025-12-28 21:29:45 - INFO - step=26600 loss=0.0014 lr=5.00e-05 grad_norm=0.07 time=1624.8s - (1939281:train_csgo.py:961)
2025-12-28 21:56:47 - INFO - step=26700 loss=0.0014 lr=5.00e-05 grad_norm=0.07 time=1621.7s - (1939281:train_csgo.py:961)
2025-12-28 22:23:38 - INFO - step=26800 loss=0.0017 lr=5.00e-05 grad_norm=0.09 time=1611.5s - (1939281:train_csgo.py:961)
2025-12-28 22:50:40 - INFO - step=26900 loss=0.0015 lr=5.00e-05 grad_norm=0.07 time=1621.5s - (1939281:train_csgo.py:961)
2025-12-28 23:17:51 - INFO - Saved checkpoint at step 27000 -> /data/jiahao/openpi/checkpoints/pi05_csgo_exp10_3/pi05_csgo_exp10_3/27000 - (1939281:train_csgo.py:240)
2025-12-28 23:18:05 - INFO - step=27000 loss=0.0016 lr=5.00e-05 grad_norm=0.08 time=1645.0s - (1939281:train_csgo.py:961)
2025-12-28 23:44:56 - INFO - step=27100 loss=0.0016 lr=5.00e-05 grad_norm=0.08 time=1611.2s - (1939281:train_csgo.py:961)
2025-12-29 00:11:56 - INFO - step=27200 loss=0.0014 lr=5.00e-05 grad_norm=0.07 time=1620.5s - (1939281:train_csgo.py:961)
2025-12-29 00:39:00 - INFO - step=27300 loss=0.0017 lr=5.00e-05 grad_norm=0.08 time=1623.1s - (1939281:train_csgo.py:961)
2025-12-29 01:05:55 - INFO - step=27400 loss=0.0016 lr=5.00e-05 grad_norm=0.08 time=1615.0s - (1939281:train_csgo.py:961)
2025-12-29 01:32:57 - INFO - step=27500 loss=0.0014 lr=5.00e-05 grad_norm=0.07 time=1622.1s - (1939281:train_csgo.py:961)
2025-12-29 01:59:55 - INFO - step=27600 loss=0.0015 lr=5.00e-05 grad_norm=0.07 time=1618.2s - (1939281:train_csgo.py:961)
2025-12-29 02:26:56 - INFO - step=27700 loss=0.0014 lr=5.00e-05 grad_norm=0.08 time=1621.4s - (1939281:train_csgo.py:961)
2025-12-29 02:53:57 - INFO - step=27800 loss=0.0014 lr=5.00e-05 grad_norm=0.07 time=1621.0s - (1939281:train_csgo.py:961)
2025-12-29 03:20:53 - INFO - step=27900 loss=0.0016 lr=5.00e-05 grad_norm=0.08 time=1616.0s - (1939281:train_csgo.py:961)
2025-12-29 03:47:58 - INFO - step=28000 loss=0.0017 lr=5.00e-05 grad_norm=0.08 time=1624.6s - (1939281:train_csgo.py:961)
2025-12-29 04:15:02 - INFO - step=28100 loss=0.0015 lr=5.00e-05 grad_norm=0.07 time=1624.1s - (1939281:train_csgo.py:961)
2025-12-29 04:41:59 - INFO - step=28200 loss=0.0016 lr=5.00e-05 grad_norm=0.07 time=1617.1s - (1939281:train_csgo.py:961)
2025-12-29 05:09:04 - INFO - step=28300 loss=0.0014 lr=5.00e-05 grad_norm=0.07 time=1624.5s - (1939281:train_csgo.py:961)
2025-12-29 05:36:05 - INFO - step=28400 loss=0.0014 lr=5.00e-05 grad_norm=0.07 time=1621.1s - (1939281:train_csgo.py:961)
2025-12-29 06:03:03 - INFO - step=28500 loss=0.0017 lr=5.00e-05 grad_norm=0.08 time=1618.5s - (1939281:train_csgo.py:961)
2025-12-29 06:30:05 - INFO - step=28600 loss=0.0015 lr=5.00e-05 grad_norm=0.07 time=1621.8s - (1939281:train_csgo.py:961)
2025-12-29 06:57:00 - INFO - step=28700 loss=0.0015 lr=5.00e-05 grad_norm=0.07 time=1615.4s - (1939281:train_csgo.py:961)
2025-12-29 07:24:06 - INFO - step=28800 loss=0.0013 lr=5.00e-05 grad_norm=0.06 time=1625.1s - (1939281:train_csgo.py:961)
2025-12-29 07:51:10 - INFO - step=28900 loss=0.0015 lr=5.00e-05 grad_norm=0.07 time=1624.2s - (1939281:train_csgo.py:961)
2025-12-29 08:18:05 - INFO - step=29000 loss=0.0015 lr=5.00e-05 grad_norm=0.07 time=1615.7s - (1939281:train_csgo.py:961)
2025-12-29 08:45:08 - INFO - step=29100 loss=0.0015 lr=5.00e-05 grad_norm=0.08 time=1622.2s - (1939281:train_csgo.py:961)
2025-12-29 09:12:10 - INFO - step=29200 loss=0.0014 lr=5.00e-05 grad_norm=0.07 time=1622.8s - (1939281:train_csgo.py:961)
2025-12-29 09:39:05 - INFO - step=29300 loss=0.0013 lr=5.00e-05 grad_norm=0.06 time=1614.6s - (1939281:train_csgo.py:961)
2025-12-29 10:06:06 - INFO - step=29400 loss=0.0015 lr=5.00e-05 grad_norm=0.08 time=1621.3s - (1939281:train_csgo.py:961)
2025-12-29 10:33:06 - INFO - step=29500 loss=0.0015 lr=5.00e-05 grad_norm=0.08 time=1619.4s - (1939281:train_csgo.py:961)
2025-12-29 11:00:02 - INFO - step=29600 loss=0.0015 lr=5.00e-05 grad_norm=0.09 time=1615.9s - (1939281:train_csgo.py:961)
2025-12-29 11:27:04 - INFO - step=29700 loss=0.0014 lr=5.00e-05 grad_norm=0.07 time=1621.8s - (1939281:train_csgo.py:961)
2025-12-29 11:54:06 - INFO - step=29800 loss=0.0013 lr=5.00e-05 grad_norm=0.07 time=1622.6s - (1939281:train_csgo.py:961)
2025-12-29 12:21:01 - INFO - step=29900 loss=0.0013 lr=5.00e-05 grad_norm=0.07 time=1614.7s - (1939281:train_csgo.py:961)
2025-12-29 12:48:00 - INFO - Saved checkpoint at step 29999 -> /data/jiahao/openpi/checkpoints/pi05_csgo_exp10_3/pi05_csgo_exp10_3/29999 - (1939281:train_csgo.py:240)
2025-12-29 12:48:39 - INFO - Saved checkpoint at step 30000 -> /data/jiahao/openpi/checkpoints/pi05_csgo_exp10_3/pi05_csgo_exp10_3/30000 - (1939281:train_csgo.py:240)
