2025-12-18 00:42:44 - INFO - Created experiment checkpoint directory: /data/jiahao/openpi/checkpoints/pi05_csgo_exp10/pi05_csgo_exp10 - (531192:train_csgo.py:618)
2025-12-18 00:42:46 - INFO - Using batch size per GPU: 128 (total batch size across 1 GPUs: 128) - (531192:train_csgo.py:632)
2025-12-18 00:42:46 - INFO - Norm stats not found in /home/jiahao/task/openpi/assets/pi05_csgo_exp10/csgosquare/de_dust2, skipping. - (531192:config.py:204)
2025-12-18 00:42:46 - INFO - data_config: DataConfig(is_csgo=True, csgo_config={'debug': False, 'data_dir': 'data/preprocessed_data', 'train_maps': ['de_dust2'], 'val_maps': ['de_dust2'], 'test_maps': ['de_dust2'], 'map_size': [224, 224], 'fps_size': [224, 224], 'is_dataset_aug': False, 'is_fps_dropout': True, 'is_fps_aug': False, 'erasing_p': 0.6}, repo_id='csgosquare/de_dust2', asset_id='csgosquare/de_dust2', norm_stats=None, repack_transforms=Group(inputs=[RepackTransform(structure={'observation/image': 'image', 'observation/wrist_image': 'wrist_image', 'observation/state': 'state', 'map_id': 'map_id', 'actions': 'actions', 'prompt': 'prompt'})], outputs=()), data_transforms=Group(inputs=[CsgoInputs(model_type=<ModelType.PI05: 'pi05'>)], outputs=[CsgoOutputs()]), model_transforms=Group(inputs=[InjectDefaultPrompt(prompt=None), ResizeImages(height=224, width=224), TokenizePrompt(tokenizer=<openpi.models.tokenizer.PaligemmaTokenizer object at 0x712a24b9c890>, discrete_state_input=False), PadStatesAndActions(model_action_dim=32)], outputs=()), use_quantile_norm=True, action_sequence_keys=('actions',), prompt_from_task=True, rlds_data_dir=None, action_space=None, filter_dict_path=None) - (531192:data_loader.py:305)
2025-12-18 00:42:46 - INFO - local dataset: 20000 - (531192:data_loader.py:405)
2025-12-18 00:42:46 - INFO - local_batch_size: 128 - (531192:data_loader.py:406)
2025-12-18 00:42:46 - INFO - Unable to initialize backend 'rocm': module 'jaxlib.xla_extension' has no attribute 'GpuAllocatorConfig' - (531192:xla_bridge.py:925)
2025-12-18 00:42:46 - INFO - Unable to initialize backend 'tpu': INTERNAL: Failed to open libtpu.so: libtpu.so: cannot open shared object file: No such file or directory - (531192:xla_bridge.py:925)
2025-12-18 00:42:46 - INFO - local dataloader: 156 - (531192:data_loader.py:418)
2025-12-18 00:43:08 - INFO - 
batch_sample: [<class 'openpi.models.model.Observation'>, <class 'torch.Tensor'>] - (531192:train_csgo.py:640)
2025-12-18 00:43:08 - INFO - batch_sample[0].to_dict().keys() = dict_keys(['map_ids', 'state', 'tokenized_prompt', 'tokenized_prompt_mask', 'token_ar_mask', 'token_loss_mask', 'image', 'image_mask']) - (531192:train_csgo.py:641)
2025-12-18 00:43:08 - INFO - batch_sample[1].shape = torch.Size([128, 1, 32]) - (531192:train_csgo.py:642)
2025-12-18 00:43:08 - INFO - 
 - (531192:train_csgo.py:643)
2025-12-18 00:43:09 - INFO - Norm stats not found in /home/jiahao/task/openpi/assets/pi05_csgo_exp10/csgosquare/de_dust2, skipping. - (531192:config.py:204)
2025-12-18 00:43:09 - INFO - data_config: DataConfig(is_csgo=True, csgo_config={'debug': False, 'data_dir': 'data/preprocessed_data', 'train_maps': ['de_dust2'], 'val_maps': ['de_dust2'], 'test_maps': ['de_dust2'], 'map_size': [224, 224], 'fps_size': [224, 224], 'is_dataset_aug': False, 'is_fps_dropout': True, 'is_fps_aug': False, 'erasing_p': 0.6}, repo_id='csgosquare/de_dust2', asset_id='csgosquare/de_dust2', norm_stats=None, repack_transforms=Group(inputs=[RepackTransform(structure={'observation/image': 'image', 'observation/wrist_image': 'wrist_image', 'observation/state': 'state', 'map_id': 'map_id', 'actions': 'actions', 'prompt': 'prompt'})], outputs=()), data_transforms=Group(inputs=[CsgoInputs(model_type=<ModelType.PI05: 'pi05'>)], outputs=[CsgoOutputs()]), model_transforms=Group(inputs=[InjectDefaultPrompt(prompt=None), ResizeImages(height=224, width=224), TokenizePrompt(tokenizer=<openpi.models.tokenizer.PaligemmaTokenizer object at 0x7128183b4410>, discrete_state_input=False), PadStatesAndActions(model_action_dim=32)], outputs=()), use_quantile_norm=True, action_sequence_keys=('actions',), prompt_from_task=True, rlds_data_dir=None, action_space=None, filter_dict_path=None) - (531192:data_loader.py:305)
2025-12-18 00:43:09 - INFO - local dataset: 20000 - (531192:data_loader.py:405)
2025-12-18 00:43:09 - INFO - local_batch_size: 128 - (531192:data_loader.py:406)
2025-12-18 00:43:09 - INFO - local dataloader: 156 - (531192:data_loader.py:418)
2025-12-18 00:43:42 - INFO - Cleared sample batch and data loader from memory - (531192:train_csgo.py:683)
2025-12-18 00:44:38 - INFO - Enabled gradient checkpointing for PI0Pytorch model - (531192:pi0_pytorch.py:301)
2025-12-18 00:44:38 - INFO - Enabled gradient checkpointing for memory optimization - (531192:train_csgo.py:707)
2025-12-18 00:44:38 - INFO - Step 0 (after_model_creation): GPU memory - allocated: 7.52GB, reserved: 7.56GB, free: 0.04GB, peak_allocated: 7.52GB, peak_reserved: 7.56GB - (531192:train_csgo.py:354)
2025-12-18 00:44:38 - INFO - Loading weights from: /home/jiahao/.cache/openpi/openpi-assets/checkpoints/pi05_base - (531192:train_csgo.py:736)
2025-12-18 00:44:43 - INFO - Loaded PyTorch weights from /home/jiahao/.cache/openpi/openpi-assets/checkpoints/pi05_base - (531192:train_csgo.py:745)
2025-12-18 00:44:43 - INFO - Running on: gpu-05 | world_size=1 - (531192:train_csgo.py:805)
2025-12-18 00:44:43 - INFO - Training config: batch_size=128, effective_batch_size=128, num_train_steps=30000 - (531192:train_csgo.py:808)
2025-12-18 00:44:43 - INFO - Memory optimizations: gradient_checkpointing=True - (531192:train_csgo.py:811)
2025-12-18 00:44:43 - INFO - LR schedule: warmup=1000, peak_lr=5.00e-05, decay_steps=100000, end_lr=5.00e-05 - (531192:train_csgo.py:812)
2025-12-18 00:44:43 - INFO - Optimizer: AdamW, weight_decay=1e-10, clip_norm=1.0 - (531192:train_csgo.py:815)
2025-12-18 00:44:43 - INFO - EMA is not supported for PyTorch training - (531192:train_csgo.py:818)
2025-12-18 00:44:43 - INFO - Training precision: bfloat16 - (531192:train_csgo.py:819)
2025-12-18 00:44:43 - INFO -     Parameters to be optimized: - (531192:train_csgo.py:822)
2025-12-18 00:44:43 - INFO -         [TRAINABLE] fps_guided_map_attention.q_proj.weight (shape: torch.Size([2048, 2048])) - (531192:train_csgo.py:825)
2025-12-18 00:44:43 - INFO -         [TRAINABLE] fps_guided_map_attention.q_proj.bias (shape: torch.Size([2048])) - (531192:train_csgo.py:825)
2025-12-18 00:44:43 - INFO -         [TRAINABLE] fps_guided_map_attention.k_proj.weight (shape: torch.Size([2048, 2048])) - (531192:train_csgo.py:825)
2025-12-18 00:44:43 - INFO -         [TRAINABLE] fps_guided_map_attention.k_proj.bias (shape: torch.Size([2048])) - (531192:train_csgo.py:825)
2025-12-18 00:44:43 - INFO -         [TRAINABLE] fps_guided_map_attention.v_proj.weight (shape: torch.Size([2048, 2048])) - (531192:train_csgo.py:825)
2025-12-18 00:44:43 - INFO -         [TRAINABLE] fps_guided_map_attention.v_proj.bias (shape: torch.Size([2048])) - (531192:train_csgo.py:825)
2025-12-18 00:44:43 - INFO -         [TRAINABLE] fps_guided_map_attention.o_proj.weight (shape: torch.Size([2048, 2048])) - (531192:train_csgo.py:825)
2025-12-18 00:44:43 - INFO -         [TRAINABLE] fps_guided_map_attention.o_proj.bias (shape: torch.Size([2048])) - (531192:train_csgo.py:825)
2025-12-18 00:44:43 - INFO -         [TRAINABLE] paligemma_with_expert.paligemma.model.vision_tower.vision_model.embeddings.patch_embedding.weight (shape: torch.Size([1152, 3, 14, 14])) - (531192:train_csgo.py:825)
2025-12-18 00:44:43 - INFO -         [TRAINABLE] paligemma_with_expert.paligemma.model.vision_tower.vision_model.embeddings.patch_embedding.bias (shape: torch.Size([1152])) - (531192:train_csgo.py:825)
2025-12-18 00:44:43 - INFO -         [TRAINABLE] paligemma_with_expert.paligemma.model.vision_tower.vision_model.embeddings.position_embedding.weight (shape: torch.Size([256, 1152])) - (531192:train_csgo.py:825)
2025-12-18 00:44:43 - INFO -         [TRAINABLE] paligemma_with_expert.paligemma.model.vision_tower.vision_model.encoder.layers.0.layer_norm1.weight (shape: torch.Size([1152])) - (531192:train_csgo.py:825)
2025-12-18 00:44:43 - INFO -         [TRAINABLE] paligemma_with_expert.paligemma.model.vision_tower.vision_model.encoder.layers.0.layer_norm1.bias (shape: torch.Size([1152])) - (531192:train_csgo.py:825)
2025-12-18 00:44:43 - INFO -         [TRAINABLE] paligemma_with_expert.paligemma.model.vision_tower.vision_model.encoder.layers.0.self_attn.k_proj.weight (shape: torch.Size([1152, 1152])) - (531192:train_csgo.py:825)
2025-12-18 00:44:43 - INFO -         [TRAINABLE] paligemma_with_expert.paligemma.model.vision_tower.vision_model.encoder.layers.0.self_attn.k_proj.bias (shape: torch.Size([1152])) - (531192:train_csgo.py:825)
2025-12-18 00:44:43 - INFO -         [TRAINABLE] paligemma_with_expert.paligemma.model.vision_tower.vision_model.encoder.layers.0.self_attn.v_proj.weight (shape: torch.Size([1152, 1152])) - (531192:train_csgo.py:825)
2025-12-18 00:44:43 - INFO -         [TRAINABLE] paligemma_with_expert.paligemma.model.vision_tower.vision_model.encoder.layers.0.self_attn.v_proj.bias (shape: torch.Size([1152])) - (531192:train_csgo.py:825)
2025-12-18 00:44:43 - INFO -         [TRAINABLE] paligemma_with_expert.paligemma.model.vision_tower.vision_model.encoder.layers.0.self_attn.q_proj.weight (shape: torch.Size([1152, 1152])) - (531192:train_csgo.py:825)
2025-12-18 00:44:43 - INFO -         [TRAINABLE] paligemma_with_expert.paligemma.model.vision_tower.vision_model.encoder.layers.0.self_attn.q_proj.bias (shape: torch.Size([1152])) - (531192:train_csgo.py:825)
2025-12-18 00:44:43 - INFO -         [TRAINABLE] paligemma_with_expert.paligemma.model.vision_tower.vision_model.encoder.layers.0.self_attn.out_proj.weight (shape: torch.Size([1152, 1152])) - (531192:train_csgo.py:825)
2025-12-18 00:44:43 - INFO -         [TRAINABLE] paligemma_with_expert.paligemma.model.vision_tower.vision_model.encoder.layers.0.self_attn.out_proj.bias (shape: torch.Size([1152])) - (531192:train_csgo.py:825)
2025-12-18 00:44:43 - INFO -         [TRAINABLE] paligemma_with_expert.paligemma.model.vision_tower.vision_model.encoder.layers.0.layer_norm2.weight (shape: torch.Size([1152])) - (531192:train_csgo.py:825)
2025-12-18 00:44:43 - INFO -         [TRAINABLE] paligemma_with_expert.paligemma.model.vision_tower.vision_model.encoder.layers.0.layer_norm2.bias (shape: torch.Size([1152])) - (531192:train_csgo.py:825)
2025-12-18 00:44:43 - INFO -         [TRAINABLE] paligemma_with_expert.paligemma.model.vision_tower.vision_model.encoder.layers.0.mlp.fc1.weight (shape: torch.Size([4304, 1152])) - (531192:train_csgo.py:825)
2025-12-18 00:44:43 - INFO -         [TRAINABLE] paligemma_with_expert.paligemma.model.vision_tower.vision_model.encoder.layers.0.mlp.fc1.bias (shape: torch.Size([4304])) - (531192:train_csgo.py:825)
2025-12-18 00:44:43 - INFO -         [TRAINABLE] paligemma_with_expert.paligemma.model.vision_tower.vision_model.encoder.layers.0.mlp.fc2.weight (shape: torch.Size([1152, 4304])) - (531192:train_csgo.py:825)
2025-12-18 00:44:43 - INFO -         [TRAINABLE] paligemma_with_expert.paligemma.model.vision_tower.vision_model.encoder.layers.0.mlp.fc2.bias (shape: torch.Size([1152])) - (531192:train_csgo.py:825)
2025-12-18 00:44:43 - INFO -         [TRAINABLE] paligemma_with_expert.paligemma.model.vision_tower.vision_model.encoder.layers.1.layer_norm1.weight (shape: torch.Size([1152])) - (531192:train_csgo.py:825)
2025-12-18 00:44:43 - INFO -         [TRAINABLE] paligemma_with_expert.paligemma.model.vision_tower.vision_model.encoder.layers.1.layer_norm1.bias (shape: torch.Size([1152])) - (531192:train_csgo.py:825)
2025-12-18 00:44:43 - INFO -         [TRAINABLE] paligemma_with_expert.paligemma.model.vision_tower.vision_model.encoder.layers.1.self_attn.k_proj.weight (shape: torch.Size([1152, 1152])) - (531192:train_csgo.py:825)
2025-12-18 00:44:43 - INFO -         [TRAINABLE] paligemma_with_expert.paligemma.model.vision_tower.vision_model.encoder.layers.1.self_attn.k_proj.bias (shape: torch.Size([1152])) - (531192:train_csgo.py:825)
2025-12-18 00:44:43 - INFO -         [TRAINABLE] paligemma_with_expert.paligemma.model.vision_tower.vision_model.encoder.layers.1.self_attn.v_proj.weight (shape: torch.Size([1152, 1152])) - (531192:train_csgo.py:825)
2025-12-18 00:44:43 - INFO -         [TRAINABLE] paligemma_with_expert.paligemma.model.vision_tower.vision_model.encoder.layers.1.self_attn.v_proj.bias (shape: torch.Size([1152])) - (531192:train_csgo.py:825)
2025-12-18 00:44:43 - INFO -         [TRAINABLE] paligemma_with_expert.paligemma.model.vision_tower.vision_model.encoder.layers.1.self_attn.q_proj.weight (shape: torch.Size([1152, 1152])) - (531192:train_csgo.py:825)
2025-12-18 00:44:43 - INFO -         [TRAINABLE] paligemma_with_expert.paligemma.model.vision_tower.vision_model.encoder.layers.1.self_attn.q_proj.bias (shape: torch.Size([1152])) - (531192:train_csgo.py:825)
2025-12-18 00:44:43 - INFO -         [TRAINABLE] paligemma_with_expert.paligemma.model.vision_tower.vision_model.encoder.layers.1.self_attn.out_proj.weight (shape: torch.Size([1152, 1152])) - (531192:train_csgo.py:825)
2025-12-18 00:44:43 - INFO -         [TRAINABLE] paligemma_with_expert.paligemma.model.vision_tower.vision_model.encoder.layers.1.self_attn.out_proj.bias (shape: torch.Size([1152])) - (531192:train_csgo.py:825)
2025-12-18 00:44:43 - INFO -         [TRAINABLE] paligemma_with_expert.paligemma.model.vision_tower.vision_model.encoder.layers.1.layer_norm2.weight (shape: torch.Size([1152])) - (531192:train_csgo.py:825)
2025-12-18 00:44:43 - INFO -         [TRAINABLE] paligemma_with_expert.paligemma.model.vision_tower.vision_model.encoder.layers.1.layer_norm2.bias (shape: torch.Size([1152])) - (531192:train_csgo.py:825)
2025-12-18 00:44:43 - INFO -         [TRAINABLE] paligemma_with_expert.paligemma.model.vision_tower.vision_model.encoder.layers.1.mlp.fc1.weight (shape: torch.Size([4304, 1152])) - (531192:train_csgo.py:825)
2025-12-18 00:44:43 - INFO -         [TRAINABLE] paligemma_with_expert.paligemma.model.vision_tower.vision_model.encoder.layers.1.mlp.fc1.bias (shape: torch.Size([4304])) - (531192:train_csgo.py:825)
2025-12-18 00:44:43 - INFO -         [TRAINABLE] paligemma_with_expert.paligemma.model.vision_tower.vision_model.encoder.layers.1.mlp.fc2.weight (shape: torch.Size([1152, 4304])) - (531192:train_csgo.py:825)
2025-12-18 00:44:43 - INFO -         [TRAINABLE] paligemma_with_expert.paligemma.model.vision_tower.vision_model.encoder.layers.1.mlp.fc2.bias (shape: torch.Size([1152])) - (531192:train_csgo.py:825)
2025-12-18 00:44:43 - INFO -         [TRAINABLE] paligemma_with_expert.paligemma.model.vision_tower.vision_model.encoder.layers.2.layer_norm1.weight (shape: torch.Size([1152])) - (531192:train_csgo.py:825)
2025-12-18 00:44:43 - INFO -         [TRAINABLE] paligemma_with_expert.paligemma.model.vision_tower.vision_model.encoder.layers.2.layer_norm1.bias (shape: torch.Size([1152])) - (531192:train_csgo.py:825)
2025-12-18 00:44:43 - INFO -         [TRAINABLE] paligemma_with_expert.paligemma.model.vision_tower.vision_model.encoder.layers.2.self_attn.k_proj.weight (shape: torch.Size([1152, 1152])) - (531192:train_csgo.py:825)
2025-12-18 00:44:43 - INFO -         [TRAINABLE] paligemma_with_expert.paligemma.model.vision_tower.vision_model.encoder.layers.2.self_attn.k_proj.bias (shape: torch.Size([1152])) - (531192:train_csgo.py:825)
2025-12-18 00:44:43 - INFO -         [TRAINABLE] paligemma_with_expert.paligemma.model.vision_tower.vision_model.encoder.layers.2.self_attn.v_proj.weight (shape: torch.Size([1152, 1152])) - (531192:train_csgo.py:825)
2025-12-18 00:44:43 - INFO -         [TRAINABLE] paligemma_with_expert.paligemma.model.vision_tower.vision_model.encoder.layers.2.self_attn.v_proj.bias (shape: torch.Size([1152])) - (531192:train_csgo.py:825)
2025-12-18 00:44:43 - INFO -         [TRAINABLE] paligemma_with_expert.paligemma.model.vision_tower.vision_model.encoder.layers.2.self_attn.q_proj.weight (shape: torch.Size([1152, 1152])) - (531192:train_csgo.py:825)
2025-12-18 00:44:43 - INFO -         [TRAINABLE] paligemma_with_expert.paligemma.model.vision_tower.vision_model.encoder.layers.2.self_attn.q_proj.bias (shape: torch.Size([1152])) - (531192:train_csgo.py:825)
2025-12-18 00:44:43 - INFO -         [TRAINABLE] paligemma_with_expert.paligemma.model.vision_tower.vision_model.encoder.layers.2.self_attn.out_proj.weight (shape: torch.Size([1152, 1152])) - (531192:train_csgo.py:825)
2025-12-18 00:44:43 - INFO -         [TRAINABLE] paligemma_with_expert.paligemma.model.vision_tower.vision_model.encoder.layers.2.self_attn.out_proj.bias (shape: torch.Size([1152])) - (531192:train_csgo.py:825)
2025-12-18 00:44:43 - INFO -         [TRAINABLE] paligemma_with_expert.paligemma.model.vision_tower.vision_model.encoder.layers.2.layer_norm2.weight (shape: torch.Size([1152])) - (531192:train_csgo.py:825)
2025-12-18 00:44:43 - INFO -         [TRAINABLE] paligemma_with_expert.paligemma.model.vision_tower.vision_model.encoder.layers.2.layer_norm2.bias (shape: torch.Size([1152])) - (531192:train_csgo.py:825)
2025-12-18 00:44:43 - INFO -         [TRAINABLE] paligemma_with_expert.paligemma.model.vision_tower.vision_model.encoder.layers.2.mlp.fc1.weight (shape: torch.Size([4304, 1152])) - (531192:train_csgo.py:825)
2025-12-18 00:44:43 - INFO -         [TRAINABLE] paligemma_with_expert.paligemma.model.vision_tower.vision_model.encoder.layers.2.mlp.fc1.bias (shape: torch.Size([4304])) - (531192:train_csgo.py:825)
2025-12-18 00:44:43 - INFO -         [TRAINABLE] paligemma_with_expert.paligemma.model.vision_tower.vision_model.encoder.layers.2.mlp.fc2.weight (shape: torch.Size([1152, 4304])) - (531192:train_csgo.py:825)
2025-12-18 00:44:43 - INFO -         [TRAINABLE] paligemma_with_expert.paligemma.model.vision_tower.vision_model.encoder.layers.2.mlp.fc2.bias (shape: torch.Size([1152])) - (531192:train_csgo.py:825)
2025-12-18 00:44:43 - INFO -         [TRAINABLE] paligemma_with_expert.paligemma.model.vision_tower.vision_model.encoder.layers.3.layer_norm1.weight (shape: torch.Size([1152])) - (531192:train_csgo.py:825)
2025-12-18 00:44:43 - INFO -         [TRAINABLE] paligemma_with_expert.paligemma.model.vision_tower.vision_model.encoder.layers.3.layer_norm1.bias (shape: torch.Size([1152])) - (531192:train_csgo.py:825)
2025-12-18 00:44:43 - INFO -         [TRAINABLE] paligemma_with_expert.paligemma.model.vision_tower.vision_model.encoder.layers.3.self_attn.k_proj.weight (shape: torch.Size([1152, 1152])) - (531192:train_csgo.py:825)
2025-12-18 00:44:43 - INFO -         [TRAINABLE] paligemma_with_expert.paligemma.model.vision_tower.vision_model.encoder.layers.3.self_attn.k_proj.bias (shape: torch.Size([1152])) - (531192:train_csgo.py:825)
2025-12-18 00:44:43 - INFO -         [TRAINABLE] paligemma_with_expert.paligemma.model.vision_tower.vision_model.encoder.layers.3.self_attn.v_proj.weight (shape: torch.Size([1152, 1152])) - (531192:train_csgo.py:825)
2025-12-18 00:44:43 - INFO -         [TRAINABLE] paligemma_with_expert.paligemma.model.vision_tower.vision_model.encoder.layers.3.self_attn.v_proj.bias (shape: torch.Size([1152])) - (531192:train_csgo.py:825)
2025-12-18 00:44:43 - INFO -         [TRAINABLE] paligemma_with_expert.paligemma.model.vision_tower.vision_model.encoder.layers.3.self_attn.q_proj.weight (shape: torch.Size([1152, 1152])) - (531192:train_csgo.py:825)
2025-12-18 00:44:43 - INFO -         [TRAINABLE] paligemma_with_expert.paligemma.model.vision_tower.vision_model.encoder.layers.3.self_attn.q_proj.bias (shape: torch.Size([1152])) - (531192:train_csgo.py:825)
2025-12-18 00:44:43 - INFO -         [TRAINABLE] paligemma_with_expert.paligemma.model.vision_tower.vision_model.encoder.layers.3.self_attn.out_proj.weight (shape: torch.Size([1152, 1152])) - (531192:train_csgo.py:825)
2025-12-18 00:44:43 - INFO -         [TRAINABLE] paligemma_with_expert.paligemma.model.vision_tower.vision_model.encoder.layers.3.self_attn.out_proj.bias (shape: torch.Size([1152])) - (531192:train_csgo.py:825)
2025-12-18 00:44:43 - INFO -         [TRAINABLE] paligemma_with_expert.paligemma.model.vision_tower.vision_model.encoder.layers.3.layer_norm2.weight (shape: torch.Size([1152])) - (531192:train_csgo.py:825)
2025-12-18 00:44:43 - INFO -         [TRAINABLE] paligemma_with_expert.paligemma.model.vision_tower.vision_model.encoder.layers.3.layer_norm2.bias (shape: torch.Size([1152])) - (531192:train_csgo.py:825)
2025-12-18 00:44:43 - INFO -         [TRAINABLE] paligemma_with_expert.paligemma.model.vision_tower.vision_model.encoder.layers.3.mlp.fc1.weight (shape: torch.Size([4304, 1152])) - (531192:train_csgo.py:825)
2025-12-18 00:44:43 - INFO -         [TRAINABLE] paligemma_with_expert.paligemma.model.vision_tower.vision_model.encoder.layers.3.mlp.fc1.bias (shape: torch.Size([4304])) - (531192:train_csgo.py:825)
2025-12-18 00:44:43 - INFO -         [TRAINABLE] paligemma_with_expert.paligemma.model.vision_tower.vision_model.encoder.layers.3.mlp.fc2.weight (shape: torch.Size([1152, 4304])) - (531192:train_csgo.py:825)
2025-12-18 00:44:43 - INFO -         [TRAINABLE] paligemma_with_expert.paligemma.model.vision_tower.vision_model.encoder.layers.3.mlp.fc2.bias (shape: torch.Size([1152])) - (531192:train_csgo.py:825)
2025-12-18 00:44:43 - INFO -         [TRAINABLE] paligemma_with_expert.paligemma.model.vision_tower.vision_model.encoder.layers.4.layer_norm1.weight (shape: torch.Size([1152])) - (531192:train_csgo.py:825)
2025-12-18 00:44:43 - INFO -         [TRAINABLE] paligemma_with_expert.paligemma.model.vision_tower.vision_model.encoder.layers.4.layer_norm1.bias (shape: torch.Size([1152])) - (531192:train_csgo.py:825)
2025-12-18 00:44:43 - INFO -         [TRAINABLE] paligemma_with_expert.paligemma.model.vision_tower.vision_model.encoder.layers.4.self_attn.k_proj.weight (shape: torch.Size([1152, 1152])) - (531192:train_csgo.py:825)
2025-12-18 00:44:43 - INFO -         [TRAINABLE] paligemma_with_expert.paligemma.model.vision_tower.vision_model.encoder.layers.4.self_attn.k_proj.bias (shape: torch.Size([1152])) - (531192:train_csgo.py:825)
2025-12-18 00:44:43 - INFO -         [TRAINABLE] paligemma_with_expert.paligemma.model.vision_tower.vision_model.encoder.layers.4.self_attn.v_proj.weight (shape: torch.Size([1152, 1152])) - (531192:train_csgo.py:825)
2025-12-18 00:44:43 - INFO -         [TRAINABLE] paligemma_with_expert.paligemma.model.vision_tower.vision_model.encoder.layers.4.self_attn.v_proj.bias (shape: torch.Size([1152])) - (531192:train_csgo.py:825)
2025-12-18 00:44:43 - INFO -         [TRAINABLE] paligemma_with_expert.paligemma.model.vision_tower.vision_model.encoder.layers.4.self_attn.q_proj.weight (shape: torch.Size([1152, 1152])) - (531192:train_csgo.py:825)
2025-12-18 00:44:43 - INFO -         [TRAINABLE] paligemma_with_expert.paligemma.model.vision_tower.vision_model.encoder.layers.4.self_attn.q_proj.bias (shape: torch.Size([1152])) - (531192:train_csgo.py:825)
2025-12-18 00:44:43 - INFO -         [TRAINABLE] paligemma_with_expert.paligemma.model.vision_tower.vision_model.encoder.layers.4.self_attn.out_proj.weight (shape: torch.Size([1152, 1152])) - (531192:train_csgo.py:825)
2025-12-18 00:44:43 - INFO -         [TRAINABLE] paligemma_with_expert.paligemma.model.vision_tower.vision_model.encoder.layers.4.self_attn.out_proj.bias (shape: torch.Size([1152])) - (531192:train_csgo.py:825)
2025-12-18 00:44:43 - INFO -         [TRAINABLE] paligemma_with_expert.paligemma.model.vision_tower.vision_model.encoder.layers.4.layer_norm2.weight (shape: torch.Size([1152])) - (531192:train_csgo.py:825)
2025-12-18 00:44:43 - INFO -         [TRAINABLE] paligemma_with_expert.paligemma.model.vision_tower.vision_model.encoder.layers.4.layer_norm2.bias (shape: torch.Size([1152])) - (531192:train_csgo.py:825)
2025-12-18 00:44:43 - INFO -         [TRAINABLE] paligemma_with_expert.paligemma.model.vision_tower.vision_model.encoder.layers.4.mlp.fc1.weight (shape: torch.Size([4304, 1152])) - (531192:train_csgo.py:825)
2025-12-18 00:44:43 - INFO -         [TRAINABLE] paligemma_with_expert.paligemma.model.vision_tower.vision_model.encoder.layers.4.mlp.fc1.bias (shape: torch.Size([4304])) - (531192:train_csgo.py:825)
2025-12-18 00:44:43 - INFO -         [TRAINABLE] paligemma_with_expert.paligemma.model.vision_tower.vision_model.encoder.layers.4.mlp.fc2.weight (shape: torch.Size([1152, 4304])) - (531192:train_csgo.py:825)
2025-12-18 00:44:43 - INFO -         [TRAINABLE] paligemma_with_expert.paligemma.model.vision_tower.vision_model.encoder.layers.4.mlp.fc2.bias (shape: torch.Size([1152])) - (531192:train_csgo.py:825)
2025-12-18 00:44:43 - INFO -         [TRAINABLE] paligemma_with_expert.paligemma.model.vision_tower.vision_model.encoder.layers.5.layer_norm1.weight (shape: torch.Size([1152])) - (531192:train_csgo.py:825)
2025-12-18 00:44:43 - INFO -         [TRAINABLE] paligemma_with_expert.paligemma.model.vision_tower.vision_model.encoder.layers.5.layer_norm1.bias (shape: torch.Size([1152])) - (531192:train_csgo.py:825)
2025-12-18 00:44:43 - INFO -         [TRAINABLE] paligemma_with_expert.paligemma.model.vision_tower.vision_model.encoder.layers.5.self_attn.k_proj.weight (shape: torch.Size([1152, 1152])) - (531192:train_csgo.py:825)
2025-12-18 00:44:43 - INFO -         [TRAINABLE] paligemma_with_expert.paligemma.model.vision_tower.vision_model.encoder.layers.5.self_attn.k_proj.bias (shape: torch.Size([1152])) - (531192:train_csgo.py:825)
2025-12-18 00:44:43 - INFO -         [TRAINABLE] paligemma_with_expert.paligemma.model.vision_tower.vision_model.encoder.layers.5.self_attn.v_proj.weight (shape: torch.Size([1152, 1152])) - (531192:train_csgo.py:825)
2025-12-18 00:44:43 - INFO -         [TRAINABLE] paligemma_with_expert.paligemma.model.vision_tower.vision_model.encoder.layers.5.self_attn.v_proj.bias (shape: torch.Size([1152])) - (531192:train_csgo.py:825)
2025-12-18 00:44:43 - INFO -         [TRAINABLE] paligemma_with_expert.paligemma.model.vision_tower.vision_model.encoder.layers.5.self_attn.q_proj.weight (shape: torch.Size([1152, 1152])) - (531192:train_csgo.py:825)
2025-12-18 00:44:43 - INFO -         [TRAINABLE] paligemma_with_expert.paligemma.model.vision_tower.vision_model.encoder.layers.5.self_attn.q_proj.bias (shape: torch.Size([1152])) - (531192:train_csgo.py:825)
2025-12-18 00:44:43 - INFO -         [TRAINABLE] paligemma_with_expert.paligemma.model.vision_tower.vision_model.encoder.layers.5.self_attn.out_proj.weight (shape: torch.Size([1152, 1152])) - (531192:train_csgo.py:825)
2025-12-18 00:44:43 - INFO -         [TRAINABLE] paligemma_with_expert.paligemma.model.vision_tower.vision_model.encoder.layers.5.self_attn.out_proj.bias (shape: torch.Size([1152])) - (531192:train_csgo.py:825)
2025-12-18 00:44:43 - INFO -         [TRAINABLE] paligemma_with_expert.paligemma.model.vision_tower.vision_model.encoder.layers.5.layer_norm2.weight (shape: torch.Size([1152])) - (531192:train_csgo.py:825)
2025-12-18 00:44:43 - INFO -         [TRAINABLE] paligemma_with_expert.paligemma.model.vision_tower.vision_model.encoder.layers.5.layer_norm2.bias (shape: torch.Size([1152])) - (531192:train_csgo.py:825)
2025-12-18 00:44:43 - INFO -         [TRAINABLE] paligemma_with_expert.paligemma.model.vision_tower.vision_model.encoder.layers.5.mlp.fc1.weight (shape: torch.Size([4304, 1152])) - (531192:train_csgo.py:825)
2025-12-18 00:44:43 - INFO -         [TRAINABLE] paligemma_with_expert.paligemma.model.vision_tower.vision_model.encoder.layers.5.mlp.fc1.bias (shape: torch.Size([4304])) - (531192:train_csgo.py:825)
2025-12-18 00:44:43 - INFO -         [TRAINABLE] paligemma_with_expert.paligemma.model.vision_tower.vision_model.encoder.layers.5.mlp.fc2.weight (shape: torch.Size([1152, 4304])) - (531192:train_csgo.py:825)
2025-12-18 00:44:43 - INFO -         [TRAINABLE] paligemma_with_expert.paligemma.model.vision_tower.vision_model.encoder.layers.5.mlp.fc2.bias (shape: torch.Size([1152])) - (531192:train_csgo.py:825)
2025-12-18 00:44:43 - INFO -         [TRAINABLE] paligemma_with_expert.paligemma.model.vision_tower.vision_model.encoder.layers.6.layer_norm1.weight (shape: torch.Size([1152])) - (531192:train_csgo.py:825)
2025-12-18 00:44:43 - INFO -         [TRAINABLE] paligemma_with_expert.paligemma.model.vision_tower.vision_model.encoder.layers.6.layer_norm1.bias (shape: torch.Size([1152])) - (531192:train_csgo.py:825)
2025-12-18 00:44:43 - INFO -         [TRAINABLE] paligemma_with_expert.paligemma.model.vision_tower.vision_model.encoder.layers.6.self_attn.k_proj.weight (shape: torch.Size([1152, 1152])) - (531192:train_csgo.py:825)
2025-12-18 00:44:43 - INFO -         [TRAINABLE] paligemma_with_expert.paligemma.model.vision_tower.vision_model.encoder.layers.6.self_attn.k_proj.bias (shape: torch.Size([1152])) - (531192:train_csgo.py:825)
2025-12-18 00:44:43 - INFO -         [TRAINABLE] paligemma_with_expert.paligemma.model.vision_tower.vision_model.encoder.layers.6.self_attn.v_proj.weight (shape: torch.Size([1152, 1152])) - (531192:train_csgo.py:825)
2025-12-18 00:44:43 - INFO -         [TRAINABLE] paligemma_with_expert.paligemma.model.vision_tower.vision_model.encoder.layers.6.self_attn.v_proj.bias (shape: torch.Size([1152])) - (531192:train_csgo.py:825)
2025-12-18 00:44:43 - INFO -         [TRAINABLE] paligemma_with_expert.paligemma.model.vision_tower.vision_model.encoder.layers.6.self_attn.q_proj.weight (shape: torch.Size([1152, 1152])) - (531192:train_csgo.py:825)
2025-12-18 00:44:43 - INFO -         [TRAINABLE] paligemma_with_expert.paligemma.model.vision_tower.vision_model.encoder.layers.6.self_attn.q_proj.bias (shape: torch.Size([1152])) - (531192:train_csgo.py:825)
2025-12-18 00:44:43 - INFO -         [TRAINABLE] paligemma_with_expert.paligemma.model.vision_tower.vision_model.encoder.layers.6.self_attn.out_proj.weight (shape: torch.Size([1152, 1152])) - (531192:train_csgo.py:825)
2025-12-18 00:44:43 - INFO -         [TRAINABLE] paligemma_with_expert.paligemma.model.vision_tower.vision_model.encoder.layers.6.self_attn.out_proj.bias (shape: torch.Size([1152])) - (531192:train_csgo.py:825)
2025-12-18 00:44:43 - INFO -         [TRAINABLE] paligemma_with_expert.paligemma.model.vision_tower.vision_model.encoder.layers.6.layer_norm2.weight (shape: torch.Size([1152])) - (531192:train_csgo.py:825)
2025-12-18 00:44:43 - INFO -         [TRAINABLE] paligemma_with_expert.paligemma.model.vision_tower.vision_model.encoder.layers.6.layer_norm2.bias (shape: torch.Size([1152])) - (531192:train_csgo.py:825)
2025-12-18 00:44:43 - INFO -         [TRAINABLE] paligemma_with_expert.paligemma.model.vision_tower.vision_model.encoder.layers.6.mlp.fc1.weight (shape: torch.Size([4304, 1152])) - (531192:train_csgo.py:825)
2025-12-18 00:44:43 - INFO -         [TRAINABLE] paligemma_with_expert.paligemma.model.vision_tower.vision_model.encoder.layers.6.mlp.fc1.bias (shape: torch.Size([4304])) - (531192:train_csgo.py:825)
2025-12-18 00:44:43 - INFO -         [TRAINABLE] paligemma_with_expert.paligemma.model.vision_tower.vision_model.encoder.layers.6.mlp.fc2.weight (shape: torch.Size([1152, 4304])) - (531192:train_csgo.py:825)
2025-12-18 00:44:43 - INFO -         [TRAINABLE] paligemma_with_expert.paligemma.model.vision_tower.vision_model.encoder.layers.6.mlp.fc2.bias (shape: torch.Size([1152])) - (531192:train_csgo.py:825)
2025-12-18 00:44:43 - INFO -         [TRAINABLE] paligemma_with_expert.paligemma.model.vision_tower.vision_model.encoder.layers.7.layer_norm1.weight (shape: torch.Size([1152])) - (531192:train_csgo.py:825)
2025-12-18 00:44:43 - INFO -         [TRAINABLE] paligemma_with_expert.paligemma.model.vision_tower.vision_model.encoder.layers.7.layer_norm1.bias (shape: torch.Size([1152])) - (531192:train_csgo.py:825)
2025-12-18 00:44:43 - INFO -         [TRAINABLE] paligemma_with_expert.paligemma.model.vision_tower.vision_model.encoder.layers.7.self_attn.k_proj.weight (shape: torch.Size([1152, 1152])) - (531192:train_csgo.py:825)
2025-12-18 00:44:43 - INFO -         [TRAINABLE] paligemma_with_expert.paligemma.model.vision_tower.vision_model.encoder.layers.7.self_attn.k_proj.bias (shape: torch.Size([1152])) - (531192:train_csgo.py:825)
2025-12-18 00:44:43 - INFO -         [TRAINABLE] paligemma_with_expert.paligemma.model.vision_tower.vision_model.encoder.layers.7.self_attn.v_proj.weight (shape: torch.Size([1152, 1152])) - (531192:train_csgo.py:825)
2025-12-18 00:44:43 - INFO -         [TRAINABLE] paligemma_with_expert.paligemma.model.vision_tower.vision_model.encoder.layers.7.self_attn.v_proj.bias (shape: torch.Size([1152])) - (531192:train_csgo.py:825)
2025-12-18 00:44:43 - INFO -         [TRAINABLE] paligemma_with_expert.paligemma.model.vision_tower.vision_model.encoder.layers.7.self_attn.q_proj.weight (shape: torch.Size([1152, 1152])) - (531192:train_csgo.py:825)
2025-12-18 00:44:43 - INFO -         [TRAINABLE] paligemma_with_expert.paligemma.model.vision_tower.vision_model.encoder.layers.7.self_attn.q_proj.bias (shape: torch.Size([1152])) - (531192:train_csgo.py:825)
2025-12-18 00:44:43 - INFO -         [TRAINABLE] paligemma_with_expert.paligemma.model.vision_tower.vision_model.encoder.layers.7.self_attn.out_proj.weight (shape: torch.Size([1152, 1152])) - (531192:train_csgo.py:825)
2025-12-18 00:44:43 - INFO -         [TRAINABLE] paligemma_with_expert.paligemma.model.vision_tower.vision_model.encoder.layers.7.self_attn.out_proj.bias (shape: torch.Size([1152])) - (531192:train_csgo.py:825)
2025-12-18 00:44:43 - INFO -         [TRAINABLE] paligemma_with_expert.paligemma.model.vision_tower.vision_model.encoder.layers.7.layer_norm2.weight (shape: torch.Size([1152])) - (531192:train_csgo.py:825)
2025-12-18 00:44:43 - INFO -         [TRAINABLE] paligemma_with_expert.paligemma.model.vision_tower.vision_model.encoder.layers.7.layer_norm2.bias (shape: torch.Size([1152])) - (531192:train_csgo.py:825)
2025-12-18 00:44:43 - INFO -         [TRAINABLE] paligemma_with_expert.paligemma.model.vision_tower.vision_model.encoder.layers.7.mlp.fc1.weight (shape: torch.Size([4304, 1152])) - (531192:train_csgo.py:825)
2025-12-18 00:44:43 - INFO -         [TRAINABLE] paligemma_with_expert.paligemma.model.vision_tower.vision_model.encoder.layers.7.mlp.fc1.bias (shape: torch.Size([4304])) - (531192:train_csgo.py:825)
2025-12-18 00:44:43 - INFO -         [TRAINABLE] paligemma_with_expert.paligemma.model.vision_tower.vision_model.encoder.layers.7.mlp.fc2.weight (shape: torch.Size([1152, 4304])) - (531192:train_csgo.py:825)
2025-12-18 00:44:43 - INFO -         [TRAINABLE] paligemma_with_expert.paligemma.model.vision_tower.vision_model.encoder.layers.7.mlp.fc2.bias (shape: torch.Size([1152])) - (531192:train_csgo.py:825)
2025-12-18 00:44:43 - INFO -         [TRAINABLE] paligemma_with_expert.paligemma.model.vision_tower.vision_model.encoder.layers.8.layer_norm1.weight (shape: torch.Size([1152])) - (531192:train_csgo.py:825)
2025-12-18 00:44:43 - INFO -         [TRAINABLE] paligemma_with_expert.paligemma.model.vision_tower.vision_model.encoder.layers.8.layer_norm1.bias (shape: torch.Size([1152])) - (531192:train_csgo.py:825)
2025-12-18 00:44:43 - INFO -         [TRAINABLE] paligemma_with_expert.paligemma.model.vision_tower.vision_model.encoder.layers.8.self_attn.k_proj.weight (shape: torch.Size([1152, 1152])) - (531192:train_csgo.py:825)
2025-12-18 00:44:43 - INFO -         [TRAINABLE] paligemma_with_expert.paligemma.model.vision_tower.vision_model.encoder.layers.8.self_attn.k_proj.bias (shape: torch.Size([1152])) - (531192:train_csgo.py:825)
2025-12-18 00:44:43 - INFO -         [TRAINABLE] paligemma_with_expert.paligemma.model.vision_tower.vision_model.encoder.layers.8.self_attn.v_proj.weight (shape: torch.Size([1152, 1152])) - (531192:train_csgo.py:825)
2025-12-18 00:44:43 - INFO -         [TRAINABLE] paligemma_with_expert.paligemma.model.vision_tower.vision_model.encoder.layers.8.self_attn.v_proj.bias (shape: torch.Size([1152])) - (531192:train_csgo.py:825)
2025-12-18 00:44:43 - INFO -         [TRAINABLE] paligemma_with_expert.paligemma.model.vision_tower.vision_model.encoder.layers.8.self_attn.q_proj.weight (shape: torch.Size([1152, 1152])) - (531192:train_csgo.py:825)
2025-12-18 00:44:43 - INFO -         [TRAINABLE] paligemma_with_expert.paligemma.model.vision_tower.vision_model.encoder.layers.8.self_attn.q_proj.bias (shape: torch.Size([1152])) - (531192:train_csgo.py:825)
2025-12-18 00:44:43 - INFO -         [TRAINABLE] paligemma_with_expert.paligemma.model.vision_tower.vision_model.encoder.layers.8.self_attn.out_proj.weight (shape: torch.Size([1152, 1152])) - (531192:train_csgo.py:825)
2025-12-18 00:44:43 - INFO -         [TRAINABLE] paligemma_with_expert.paligemma.model.vision_tower.vision_model.encoder.layers.8.self_attn.out_proj.bias (shape: torch.Size([1152])) - (531192:train_csgo.py:825)
2025-12-18 00:44:43 - INFO -         [TRAINABLE] paligemma_with_expert.paligemma.model.vision_tower.vision_model.encoder.layers.8.layer_norm2.weight (shape: torch.Size([1152])) - (531192:train_csgo.py:825)
2025-12-18 00:44:43 - INFO -         [TRAINABLE] paligemma_with_expert.paligemma.model.vision_tower.vision_model.encoder.layers.8.layer_norm2.bias (shape: torch.Size([1152])) - (531192:train_csgo.py:825)
2025-12-18 00:44:43 - INFO -         [TRAINABLE] paligemma_with_expert.paligemma.model.vision_tower.vision_model.encoder.layers.8.mlp.fc1.weight (shape: torch.Size([4304, 1152])) - (531192:train_csgo.py:825)
2025-12-18 00:44:43 - INFO -         [TRAINABLE] paligemma_with_expert.paligemma.model.vision_tower.vision_model.encoder.layers.8.mlp.fc1.bias (shape: torch.Size([4304])) - (531192:train_csgo.py:825)
2025-12-18 00:44:43 - INFO -         [TRAINABLE] paligemma_with_expert.paligemma.model.vision_tower.vision_model.encoder.layers.8.mlp.fc2.weight (shape: torch.Size([1152, 4304])) - (531192:train_csgo.py:825)
2025-12-18 00:44:43 - INFO -         [TRAINABLE] paligemma_with_expert.paligemma.model.vision_tower.vision_model.encoder.layers.8.mlp.fc2.bias (shape: torch.Size([1152])) - (531192:train_csgo.py:825)
2025-12-18 00:44:43 - INFO -         [TRAINABLE] paligemma_with_expert.paligemma.model.vision_tower.vision_model.encoder.layers.9.layer_norm1.weight (shape: torch.Size([1152])) - (531192:train_csgo.py:825)
2025-12-18 00:44:43 - INFO -         [TRAINABLE] paligemma_with_expert.paligemma.model.vision_tower.vision_model.encoder.layers.9.layer_norm1.bias (shape: torch.Size([1152])) - (531192:train_csgo.py:825)
2025-12-18 00:44:43 - INFO -         [TRAINABLE] paligemma_with_expert.paligemma.model.vision_tower.vision_model.encoder.layers.9.self_attn.k_proj.weight (shape: torch.Size([1152, 1152])) - (531192:train_csgo.py:825)
2025-12-18 00:44:43 - INFO -         [TRAINABLE] paligemma_with_expert.paligemma.model.vision_tower.vision_model.encoder.layers.9.self_attn.k_proj.bias (shape: torch.Size([1152])) - (531192:train_csgo.py:825)
2025-12-18 00:44:43 - INFO -         [TRAINABLE] paligemma_with_expert.paligemma.model.vision_tower.vision_model.encoder.layers.9.self_attn.v_proj.weight (shape: torch.Size([1152, 1152])) - (531192:train_csgo.py:825)
2025-12-18 00:44:43 - INFO -         [TRAINABLE] paligemma_with_expert.paligemma.model.vision_tower.vision_model.encoder.layers.9.self_attn.v_proj.bias (shape: torch.Size([1152])) - (531192:train_csgo.py:825)
2025-12-18 00:44:43 - INFO -         [TRAINABLE] paligemma_with_expert.paligemma.model.vision_tower.vision_model.encoder.layers.9.self_attn.q_proj.weight (shape: torch.Size([1152, 1152])) - (531192:train_csgo.py:825)
2025-12-18 00:44:43 - INFO -         [TRAINABLE] paligemma_with_expert.paligemma.model.vision_tower.vision_model.encoder.layers.9.self_attn.q_proj.bias (shape: torch.Size([1152])) - (531192:train_csgo.py:825)
2025-12-18 00:44:43 - INFO -         [TRAINABLE] paligemma_with_expert.paligemma.model.vision_tower.vision_model.encoder.layers.9.self_attn.out_proj.weight (shape: torch.Size([1152, 1152])) - (531192:train_csgo.py:825)
2025-12-18 00:44:43 - INFO -         [TRAINABLE] paligemma_with_expert.paligemma.model.vision_tower.vision_model.encoder.layers.9.self_attn.out_proj.bias (shape: torch.Size([1152])) - (531192:train_csgo.py:825)
2025-12-18 00:44:43 - INFO -         [TRAINABLE] paligemma_with_expert.paligemma.model.vision_tower.vision_model.encoder.layers.9.layer_norm2.weight (shape: torch.Size([1152])) - (531192:train_csgo.py:825)
2025-12-18 00:44:43 - INFO -         [TRAINABLE] paligemma_with_expert.paligemma.model.vision_tower.vision_model.encoder.layers.9.layer_norm2.bias (shape: torch.Size([1152])) - (531192:train_csgo.py:825)
2025-12-18 00:44:43 - INFO -         [TRAINABLE] paligemma_with_expert.paligemma.model.vision_tower.vision_model.encoder.layers.9.mlp.fc1.weight (shape: torch.Size([4304, 1152])) - (531192:train_csgo.py:825)
2025-12-18 00:44:43 - INFO -         [TRAINABLE] paligemma_with_expert.paligemma.model.vision_tower.vision_model.encoder.layers.9.mlp.fc1.bias (shape: torch.Size([4304])) - (531192:train_csgo.py:825)
2025-12-18 00:44:43 - INFO -         [TRAINABLE] paligemma_with_expert.paligemma.model.vision_tower.vision_model.encoder.layers.9.mlp.fc2.weight (shape: torch.Size([1152, 4304])) - (531192:train_csgo.py:825)
2025-12-18 00:44:43 - INFO -         [TRAINABLE] paligemma_with_expert.paligemma.model.vision_tower.vision_model.encoder.layers.9.mlp.fc2.bias (shape: torch.Size([1152])) - (531192:train_csgo.py:825)
2025-12-18 00:44:43 - INFO -         [TRAINABLE] paligemma_with_expert.paligemma.model.vision_tower.vision_model.encoder.layers.10.layer_norm1.weight (shape: torch.Size([1152])) - (531192:train_csgo.py:825)
2025-12-18 00:44:43 - INFO -         [TRAINABLE] paligemma_with_expert.paligemma.model.vision_tower.vision_model.encoder.layers.10.layer_norm1.bias (shape: torch.Size([1152])) - (531192:train_csgo.py:825)
2025-12-18 00:44:43 - INFO -         [TRAINABLE] paligemma_with_expert.paligemma.model.vision_tower.vision_model.encoder.layers.10.self_attn.k_proj.weight (shape: torch.Size([1152, 1152])) - (531192:train_csgo.py:825)
2025-12-18 00:44:43 - INFO -         [TRAINABLE] paligemma_with_expert.paligemma.model.vision_tower.vision_model.encoder.layers.10.self_attn.k_proj.bias (shape: torch.Size([1152])) - (531192:train_csgo.py:825)
2025-12-18 00:44:43 - INFO -         [TRAINABLE] paligemma_with_expert.paligemma.model.vision_tower.vision_model.encoder.layers.10.self_attn.v_proj.weight (shape: torch.Size([1152, 1152])) - (531192:train_csgo.py:825)
2025-12-18 00:44:43 - INFO -         [TRAINABLE] paligemma_with_expert.paligemma.model.vision_tower.vision_model.encoder.layers.10.self_attn.v_proj.bias (shape: torch.Size([1152])) - (531192:train_csgo.py:825)
2025-12-18 00:44:43 - INFO -         [TRAINABLE] paligemma_with_expert.paligemma.model.vision_tower.vision_model.encoder.layers.10.self_attn.q_proj.weight (shape: torch.Size([1152, 1152])) - (531192:train_csgo.py:825)
2025-12-18 00:44:43 - INFO -         [TRAINABLE] paligemma_with_expert.paligemma.model.vision_tower.vision_model.encoder.layers.10.self_attn.q_proj.bias (shape: torch.Size([1152])) - (531192:train_csgo.py:825)
2025-12-18 00:44:43 - INFO -         [TRAINABLE] paligemma_with_expert.paligemma.model.vision_tower.vision_model.encoder.layers.10.self_attn.out_proj.weight (shape: torch.Size([1152, 1152])) - (531192:train_csgo.py:825)
2025-12-18 00:44:43 - INFO -         [TRAINABLE] paligemma_with_expert.paligemma.model.vision_tower.vision_model.encoder.layers.10.self_attn.out_proj.bias (shape: torch.Size([1152])) - (531192:train_csgo.py:825)
2025-12-18 00:44:43 - INFO -         [TRAINABLE] paligemma_with_expert.paligemma.model.vision_tower.vision_model.encoder.layers.10.layer_norm2.weight (shape: torch.Size([1152])) - (531192:train_csgo.py:825)
2025-12-18 00:44:43 - INFO -         [TRAINABLE] paligemma_with_expert.paligemma.model.vision_tower.vision_model.encoder.layers.10.layer_norm2.bias (shape: torch.Size([1152])) - (531192:train_csgo.py:825)
2025-12-18 00:44:43 - INFO -         [TRAINABLE] paligemma_with_expert.paligemma.model.vision_tower.vision_model.encoder.layers.10.mlp.fc1.weight (shape: torch.Size([4304, 1152])) - (531192:train_csgo.py:825)
2025-12-18 00:44:43 - INFO -         [TRAINABLE] paligemma_with_expert.paligemma.model.vision_tower.vision_model.encoder.layers.10.mlp.fc1.bias (shape: torch.Size([4304])) - (531192:train_csgo.py:825)
2025-12-18 00:44:43 - INFO -         [TRAINABLE] paligemma_with_expert.paligemma.model.vision_tower.vision_model.encoder.layers.10.mlp.fc2.weight (shape: torch.Size([1152, 4304])) - (531192:train_csgo.py:825)
2025-12-18 00:44:43 - INFO -         [TRAINABLE] paligemma_with_expert.paligemma.model.vision_tower.vision_model.encoder.layers.10.mlp.fc2.bias (shape: torch.Size([1152])) - (531192:train_csgo.py:825)
2025-12-18 00:44:43 - INFO -         [TRAINABLE] paligemma_with_expert.paligemma.model.vision_tower.vision_model.encoder.layers.11.layer_norm1.weight (shape: torch.Size([1152])) - (531192:train_csgo.py:825)
2025-12-18 00:44:43 - INFO -         [TRAINABLE] paligemma_with_expert.paligemma.model.vision_tower.vision_model.encoder.layers.11.layer_norm1.bias (shape: torch.Size([1152])) - (531192:train_csgo.py:825)
2025-12-18 00:44:43 - INFO -         [TRAINABLE] paligemma_with_expert.paligemma.model.vision_tower.vision_model.encoder.layers.11.self_attn.k_proj.weight (shape: torch.Size([1152, 1152])) - (531192:train_csgo.py:825)
2025-12-18 00:44:43 - INFO -         [TRAINABLE] paligemma_with_expert.paligemma.model.vision_tower.vision_model.encoder.layers.11.self_attn.k_proj.bias (shape: torch.Size([1152])) - (531192:train_csgo.py:825)
2025-12-18 00:44:43 - INFO -         [TRAINABLE] paligemma_with_expert.paligemma.model.vision_tower.vision_model.encoder.layers.11.self_attn.v_proj.weight (shape: torch.Size([1152, 1152])) - (531192:train_csgo.py:825)
2025-12-18 00:44:43 - INFO -         [TRAINABLE] paligemma_with_expert.paligemma.model.vision_tower.vision_model.encoder.layers.11.self_attn.v_proj.bias (shape: torch.Size([1152])) - (531192:train_csgo.py:825)
2025-12-18 00:44:43 - INFO -         [TRAINABLE] paligemma_with_expert.paligemma.model.vision_tower.vision_model.encoder.layers.11.self_attn.q_proj.weight (shape: torch.Size([1152, 1152])) - (531192:train_csgo.py:825)
2025-12-18 00:44:43 - INFO -         [TRAINABLE] paligemma_with_expert.paligemma.model.vision_tower.vision_model.encoder.layers.11.self_attn.q_proj.bias (shape: torch.Size([1152])) - (531192:train_csgo.py:825)
2025-12-18 00:44:43 - INFO -         [TRAINABLE] paligemma_with_expert.paligemma.model.vision_tower.vision_model.encoder.layers.11.self_attn.out_proj.weight (shape: torch.Size([1152, 1152])) - (531192:train_csgo.py:825)
2025-12-18 00:44:43 - INFO -         [TRAINABLE] paligemma_with_expert.paligemma.model.vision_tower.vision_model.encoder.layers.11.self_attn.out_proj.bias (shape: torch.Size([1152])) - (531192:train_csgo.py:825)
2025-12-18 00:44:43 - INFO -         [TRAINABLE] paligemma_with_expert.paligemma.model.vision_tower.vision_model.encoder.layers.11.layer_norm2.weight (shape: torch.Size([1152])) - (531192:train_csgo.py:825)
2025-12-18 00:44:43 - INFO -         [TRAINABLE] paligemma_with_expert.paligemma.model.vision_tower.vision_model.encoder.layers.11.layer_norm2.bias (shape: torch.Size([1152])) - (531192:train_csgo.py:825)
2025-12-18 00:44:43 - INFO -         [TRAINABLE] paligemma_with_expert.paligemma.model.vision_tower.vision_model.encoder.layers.11.mlp.fc1.weight (shape: torch.Size([4304, 1152])) - (531192:train_csgo.py:825)
2025-12-18 00:44:43 - INFO -         [TRAINABLE] paligemma_with_expert.paligemma.model.vision_tower.vision_model.encoder.layers.11.mlp.fc1.bias (shape: torch.Size([4304])) - (531192:train_csgo.py:825)
2025-12-18 00:44:43 - INFO -         [TRAINABLE] paligemma_with_expert.paligemma.model.vision_tower.vision_model.encoder.layers.11.mlp.fc2.weight (shape: torch.Size([1152, 4304])) - (531192:train_csgo.py:825)
2025-12-18 00:44:43 - INFO -         [TRAINABLE] paligemma_with_expert.paligemma.model.vision_tower.vision_model.encoder.layers.11.mlp.fc2.bias (shape: torch.Size([1152])) - (531192:train_csgo.py:825)
2025-12-18 00:44:43 - INFO -         [TRAINABLE] paligemma_with_expert.paligemma.model.vision_tower.vision_model.encoder.layers.12.layer_norm1.weight (shape: torch.Size([1152])) - (531192:train_csgo.py:825)
2025-12-18 00:44:43 - INFO -         [TRAINABLE] paligemma_with_expert.paligemma.model.vision_tower.vision_model.encoder.layers.12.layer_norm1.bias (shape: torch.Size([1152])) - (531192:train_csgo.py:825)
2025-12-18 00:44:43 - INFO -         [TRAINABLE] paligemma_with_expert.paligemma.model.vision_tower.vision_model.encoder.layers.12.self_attn.k_proj.weight (shape: torch.Size([1152, 1152])) - (531192:train_csgo.py:825)
2025-12-18 00:44:43 - INFO -         [TRAINABLE] paligemma_with_expert.paligemma.model.vision_tower.vision_model.encoder.layers.12.self_attn.k_proj.bias (shape: torch.Size([1152])) - (531192:train_csgo.py:825)
2025-12-18 00:44:43 - INFO -         [TRAINABLE] paligemma_with_expert.paligemma.model.vision_tower.vision_model.encoder.layers.12.self_attn.v_proj.weight (shape: torch.Size([1152, 1152])) - (531192:train_csgo.py:825)
2025-12-18 00:44:43 - INFO -         [TRAINABLE] paligemma_with_expert.paligemma.model.vision_tower.vision_model.encoder.layers.12.self_attn.v_proj.bias (shape: torch.Size([1152])) - (531192:train_csgo.py:825)
2025-12-18 00:44:43 - INFO -         [TRAINABLE] paligemma_with_expert.paligemma.model.vision_tower.vision_model.encoder.layers.12.self_attn.q_proj.weight (shape: torch.Size([1152, 1152])) - (531192:train_csgo.py:825)
2025-12-18 00:44:43 - INFO -         [TRAINABLE] paligemma_with_expert.paligemma.model.vision_tower.vision_model.encoder.layers.12.self_attn.q_proj.bias (shape: torch.Size([1152])) - (531192:train_csgo.py:825)
2025-12-18 00:44:43 - INFO -         [TRAINABLE] paligemma_with_expert.paligemma.model.vision_tower.vision_model.encoder.layers.12.self_attn.out_proj.weight (shape: torch.Size([1152, 1152])) - (531192:train_csgo.py:825)
2025-12-18 00:44:43 - INFO -         [TRAINABLE] paligemma_with_expert.paligemma.model.vision_tower.vision_model.encoder.layers.12.self_attn.out_proj.bias (shape: torch.Size([1152])) - (531192:train_csgo.py:825)
2025-12-18 00:44:43 - INFO -         [TRAINABLE] paligemma_with_expert.paligemma.model.vision_tower.vision_model.encoder.layers.12.layer_norm2.weight (shape: torch.Size([1152])) - (531192:train_csgo.py:825)
2025-12-18 00:44:43 - INFO -         [TRAINABLE] paligemma_with_expert.paligemma.model.vision_tower.vision_model.encoder.layers.12.layer_norm2.bias (shape: torch.Size([1152])) - (531192:train_csgo.py:825)
2025-12-18 00:44:43 - INFO -         [TRAINABLE] paligemma_with_expert.paligemma.model.vision_tower.vision_model.encoder.layers.12.mlp.fc1.weight (shape: torch.Size([4304, 1152])) - (531192:train_csgo.py:825)
2025-12-18 00:44:43 - INFO -         [TRAINABLE] paligemma_with_expert.paligemma.model.vision_tower.vision_model.encoder.layers.12.mlp.fc1.bias (shape: torch.Size([4304])) - (531192:train_csgo.py:825)
2025-12-18 00:44:43 - INFO -         [TRAINABLE] paligemma_with_expert.paligemma.model.vision_tower.vision_model.encoder.layers.12.mlp.fc2.weight (shape: torch.Size([1152, 4304])) - (531192:train_csgo.py:825)
2025-12-18 00:44:43 - INFO -         [TRAINABLE] paligemma_with_expert.paligemma.model.vision_tower.vision_model.encoder.layers.12.mlp.fc2.bias (shape: torch.Size([1152])) - (531192:train_csgo.py:825)
2025-12-18 00:44:43 - INFO -         [TRAINABLE] paligemma_with_expert.paligemma.model.vision_tower.vision_model.encoder.layers.13.layer_norm1.weight (shape: torch.Size([1152])) - (531192:train_csgo.py:825)
2025-12-18 00:44:43 - INFO -         [TRAINABLE] paligemma_with_expert.paligemma.model.vision_tower.vision_model.encoder.layers.13.layer_norm1.bias (shape: torch.Size([1152])) - (531192:train_csgo.py:825)
2025-12-18 00:44:43 - INFO -         [TRAINABLE] paligemma_with_expert.paligemma.model.vision_tower.vision_model.encoder.layers.13.self_attn.k_proj.weight (shape: torch.Size([1152, 1152])) - (531192:train_csgo.py:825)
2025-12-18 00:44:43 - INFO -         [TRAINABLE] paligemma_with_expert.paligemma.model.vision_tower.vision_model.encoder.layers.13.self_attn.k_proj.bias (shape: torch.Size([1152])) - (531192:train_csgo.py:825)
2025-12-18 00:44:43 - INFO -         [TRAINABLE] paligemma_with_expert.paligemma.model.vision_tower.vision_model.encoder.layers.13.self_attn.v_proj.weight (shape: torch.Size([1152, 1152])) - (531192:train_csgo.py:825)
2025-12-18 00:44:43 - INFO -         [TRAINABLE] paligemma_with_expert.paligemma.model.vision_tower.vision_model.encoder.layers.13.self_attn.v_proj.bias (shape: torch.Size([1152])) - (531192:train_csgo.py:825)
2025-12-18 00:44:43 - INFO -         [TRAINABLE] paligemma_with_expert.paligemma.model.vision_tower.vision_model.encoder.layers.13.self_attn.q_proj.weight (shape: torch.Size([1152, 1152])) - (531192:train_csgo.py:825)
2025-12-18 00:44:43 - INFO -         [TRAINABLE] paligemma_with_expert.paligemma.model.vision_tower.vision_model.encoder.layers.13.self_attn.q_proj.bias (shape: torch.Size([1152])) - (531192:train_csgo.py:825)
2025-12-18 00:44:43 - INFO -         [TRAINABLE] paligemma_with_expert.paligemma.model.vision_tower.vision_model.encoder.layers.13.self_attn.out_proj.weight (shape: torch.Size([1152, 1152])) - (531192:train_csgo.py:825)
2025-12-18 00:44:43 - INFO -         [TRAINABLE] paligemma_with_expert.paligemma.model.vision_tower.vision_model.encoder.layers.13.self_attn.out_proj.bias (shape: torch.Size([1152])) - (531192:train_csgo.py:825)
2025-12-18 00:44:43 - INFO -         [TRAINABLE] paligemma_with_expert.paligemma.model.vision_tower.vision_model.encoder.layers.13.layer_norm2.weight (shape: torch.Size([1152])) - (531192:train_csgo.py:825)
2025-12-18 00:44:43 - INFO -         [TRAINABLE] paligemma_with_expert.paligemma.model.vision_tower.vision_model.encoder.layers.13.layer_norm2.bias (shape: torch.Size([1152])) - (531192:train_csgo.py:825)
2025-12-18 00:44:43 - INFO -         [TRAINABLE] paligemma_with_expert.paligemma.model.vision_tower.vision_model.encoder.layers.13.mlp.fc1.weight (shape: torch.Size([4304, 1152])) - (531192:train_csgo.py:825)
2025-12-18 00:44:43 - INFO -         [TRAINABLE] paligemma_with_expert.paligemma.model.vision_tower.vision_model.encoder.layers.13.mlp.fc1.bias (shape: torch.Size([4304])) - (531192:train_csgo.py:825)
2025-12-18 00:44:43 - INFO -         [TRAINABLE] paligemma_with_expert.paligemma.model.vision_tower.vision_model.encoder.layers.13.mlp.fc2.weight (shape: torch.Size([1152, 4304])) - (531192:train_csgo.py:825)
2025-12-18 00:44:43 - INFO -         [TRAINABLE] paligemma_with_expert.paligemma.model.vision_tower.vision_model.encoder.layers.13.mlp.fc2.bias (shape: torch.Size([1152])) - (531192:train_csgo.py:825)
2025-12-18 00:44:43 - INFO -         [TRAINABLE] paligemma_with_expert.paligemma.model.vision_tower.vision_model.encoder.layers.14.layer_norm1.weight (shape: torch.Size([1152])) - (531192:train_csgo.py:825)
2025-12-18 00:44:43 - INFO -         [TRAINABLE] paligemma_with_expert.paligemma.model.vision_tower.vision_model.encoder.layers.14.layer_norm1.bias (shape: torch.Size([1152])) - (531192:train_csgo.py:825)
2025-12-18 00:44:43 - INFO -         [TRAINABLE] paligemma_with_expert.paligemma.model.vision_tower.vision_model.encoder.layers.14.self_attn.k_proj.weight (shape: torch.Size([1152, 1152])) - (531192:train_csgo.py:825)
2025-12-18 00:44:43 - INFO -         [TRAINABLE] paligemma_with_expert.paligemma.model.vision_tower.vision_model.encoder.layers.14.self_attn.k_proj.bias (shape: torch.Size([1152])) - (531192:train_csgo.py:825)
2025-12-18 00:44:43 - INFO -         [TRAINABLE] paligemma_with_expert.paligemma.model.vision_tower.vision_model.encoder.layers.14.self_attn.v_proj.weight (shape: torch.Size([1152, 1152])) - (531192:train_csgo.py:825)
2025-12-18 00:44:43 - INFO -         [TRAINABLE] paligemma_with_expert.paligemma.model.vision_tower.vision_model.encoder.layers.14.self_attn.v_proj.bias (shape: torch.Size([1152])) - (531192:train_csgo.py:825)
2025-12-18 00:44:43 - INFO -         [TRAINABLE] paligemma_with_expert.paligemma.model.vision_tower.vision_model.encoder.layers.14.self_attn.q_proj.weight (shape: torch.Size([1152, 1152])) - (531192:train_csgo.py:825)
2025-12-18 00:44:43 - INFO -         [TRAINABLE] paligemma_with_expert.paligemma.model.vision_tower.vision_model.encoder.layers.14.self_attn.q_proj.bias (shape: torch.Size([1152])) - (531192:train_csgo.py:825)
2025-12-18 00:44:43 - INFO -         [TRAINABLE] paligemma_with_expert.paligemma.model.vision_tower.vision_model.encoder.layers.14.self_attn.out_proj.weight (shape: torch.Size([1152, 1152])) - (531192:train_csgo.py:825)
2025-12-18 00:44:43 - INFO -         [TRAINABLE] paligemma_with_expert.paligemma.model.vision_tower.vision_model.encoder.layers.14.self_attn.out_proj.bias (shape: torch.Size([1152])) - (531192:train_csgo.py:825)
2025-12-18 00:44:43 - INFO -         [TRAINABLE] paligemma_with_expert.paligemma.model.vision_tower.vision_model.encoder.layers.14.layer_norm2.weight (shape: torch.Size([1152])) - (531192:train_csgo.py:825)
2025-12-18 00:44:43 - INFO -         [TRAINABLE] paligemma_with_expert.paligemma.model.vision_tower.vision_model.encoder.layers.14.layer_norm2.bias (shape: torch.Size([1152])) - (531192:train_csgo.py:825)
2025-12-18 00:44:43 - INFO -         [TRAINABLE] paligemma_with_expert.paligemma.model.vision_tower.vision_model.encoder.layers.14.mlp.fc1.weight (shape: torch.Size([4304, 1152])) - (531192:train_csgo.py:825)
2025-12-18 00:44:43 - INFO -         [TRAINABLE] paligemma_with_expert.paligemma.model.vision_tower.vision_model.encoder.layers.14.mlp.fc1.bias (shape: torch.Size([4304])) - (531192:train_csgo.py:825)
2025-12-18 00:44:43 - INFO -         [TRAINABLE] paligemma_with_expert.paligemma.model.vision_tower.vision_model.encoder.layers.14.mlp.fc2.weight (shape: torch.Size([1152, 4304])) - (531192:train_csgo.py:825)
2025-12-18 00:44:43 - INFO -         [TRAINABLE] paligemma_with_expert.paligemma.model.vision_tower.vision_model.encoder.layers.14.mlp.fc2.bias (shape: torch.Size([1152])) - (531192:train_csgo.py:825)
2025-12-18 00:44:43 - INFO -         [TRAINABLE] paligemma_with_expert.paligemma.model.vision_tower.vision_model.encoder.layers.15.layer_norm1.weight (shape: torch.Size([1152])) - (531192:train_csgo.py:825)
2025-12-18 00:44:43 - INFO -         [TRAINABLE] paligemma_with_expert.paligemma.model.vision_tower.vision_model.encoder.layers.15.layer_norm1.bias (shape: torch.Size([1152])) - (531192:train_csgo.py:825)
2025-12-18 00:44:43 - INFO -         [TRAINABLE] paligemma_with_expert.paligemma.model.vision_tower.vision_model.encoder.layers.15.self_attn.k_proj.weight (shape: torch.Size([1152, 1152])) - (531192:train_csgo.py:825)
2025-12-18 00:44:43 - INFO -         [TRAINABLE] paligemma_with_expert.paligemma.model.vision_tower.vision_model.encoder.layers.15.self_attn.k_proj.bias (shape: torch.Size([1152])) - (531192:train_csgo.py:825)
2025-12-18 00:44:43 - INFO -         [TRAINABLE] paligemma_with_expert.paligemma.model.vision_tower.vision_model.encoder.layers.15.self_attn.v_proj.weight (shape: torch.Size([1152, 1152])) - (531192:train_csgo.py:825)
2025-12-18 00:44:43 - INFO -         [TRAINABLE] paligemma_with_expert.paligemma.model.vision_tower.vision_model.encoder.layers.15.self_attn.v_proj.bias (shape: torch.Size([1152])) - (531192:train_csgo.py:825)
2025-12-18 00:44:43 - INFO -         [TRAINABLE] paligemma_with_expert.paligemma.model.vision_tower.vision_model.encoder.layers.15.self_attn.q_proj.weight (shape: torch.Size([1152, 1152])) - (531192:train_csgo.py:825)
2025-12-18 00:44:43 - INFO -         [TRAINABLE] paligemma_with_expert.paligemma.model.vision_tower.vision_model.encoder.layers.15.self_attn.q_proj.bias (shape: torch.Size([1152])) - (531192:train_csgo.py:825)
2025-12-18 00:44:43 - INFO -         [TRAINABLE] paligemma_with_expert.paligemma.model.vision_tower.vision_model.encoder.layers.15.self_attn.out_proj.weight (shape: torch.Size([1152, 1152])) - (531192:train_csgo.py:825)
2025-12-18 00:44:43 - INFO -         [TRAINABLE] paligemma_with_expert.paligemma.model.vision_tower.vision_model.encoder.layers.15.self_attn.out_proj.bias (shape: torch.Size([1152])) - (531192:train_csgo.py:825)
2025-12-18 00:44:43 - INFO -         [TRAINABLE] paligemma_with_expert.paligemma.model.vision_tower.vision_model.encoder.layers.15.layer_norm2.weight (shape: torch.Size([1152])) - (531192:train_csgo.py:825)
2025-12-18 00:44:43 - INFO -         [TRAINABLE] paligemma_with_expert.paligemma.model.vision_tower.vision_model.encoder.layers.15.layer_norm2.bias (shape: torch.Size([1152])) - (531192:train_csgo.py:825)
2025-12-18 00:44:43 - INFO -         [TRAINABLE] paligemma_with_expert.paligemma.model.vision_tower.vision_model.encoder.layers.15.mlp.fc1.weight (shape: torch.Size([4304, 1152])) - (531192:train_csgo.py:825)
2025-12-18 00:44:43 - INFO -         [TRAINABLE] paligemma_with_expert.paligemma.model.vision_tower.vision_model.encoder.layers.15.mlp.fc1.bias (shape: torch.Size([4304])) - (531192:train_csgo.py:825)
2025-12-18 00:44:43 - INFO -         [TRAINABLE] paligemma_with_expert.paligemma.model.vision_tower.vision_model.encoder.layers.15.mlp.fc2.weight (shape: torch.Size([1152, 4304])) - (531192:train_csgo.py:825)
2025-12-18 00:44:43 - INFO -         [TRAINABLE] paligemma_with_expert.paligemma.model.vision_tower.vision_model.encoder.layers.15.mlp.fc2.bias (shape: torch.Size([1152])) - (531192:train_csgo.py:825)
2025-12-18 00:44:43 - INFO -         [TRAINABLE] paligemma_with_expert.paligemma.model.vision_tower.vision_model.encoder.layers.16.layer_norm1.weight (shape: torch.Size([1152])) - (531192:train_csgo.py:825)
2025-12-18 00:44:43 - INFO -         [TRAINABLE] paligemma_with_expert.paligemma.model.vision_tower.vision_model.encoder.layers.16.layer_norm1.bias (shape: torch.Size([1152])) - (531192:train_csgo.py:825)
2025-12-18 00:44:43 - INFO -         [TRAINABLE] paligemma_with_expert.paligemma.model.vision_tower.vision_model.encoder.layers.16.self_attn.k_proj.weight (shape: torch.Size([1152, 1152])) - (531192:train_csgo.py:825)
2025-12-18 00:44:43 - INFO -         [TRAINABLE] paligemma_with_expert.paligemma.model.vision_tower.vision_model.encoder.layers.16.self_attn.k_proj.bias (shape: torch.Size([1152])) - (531192:train_csgo.py:825)
2025-12-18 00:44:43 - INFO -         [TRAINABLE] paligemma_with_expert.paligemma.model.vision_tower.vision_model.encoder.layers.16.self_attn.v_proj.weight (shape: torch.Size([1152, 1152])) - (531192:train_csgo.py:825)
2025-12-18 00:44:43 - INFO -         [TRAINABLE] paligemma_with_expert.paligemma.model.vision_tower.vision_model.encoder.layers.16.self_attn.v_proj.bias (shape: torch.Size([1152])) - (531192:train_csgo.py:825)
2025-12-18 00:44:43 - INFO -         [TRAINABLE] paligemma_with_expert.paligemma.model.vision_tower.vision_model.encoder.layers.16.self_attn.q_proj.weight (shape: torch.Size([1152, 1152])) - (531192:train_csgo.py:825)
2025-12-18 00:44:43 - INFO -         [TRAINABLE] paligemma_with_expert.paligemma.model.vision_tower.vision_model.encoder.layers.16.self_attn.q_proj.bias (shape: torch.Size([1152])) - (531192:train_csgo.py:825)
2025-12-18 00:44:43 - INFO -         [TRAINABLE] paligemma_with_expert.paligemma.model.vision_tower.vision_model.encoder.layers.16.self_attn.out_proj.weight (shape: torch.Size([1152, 1152])) - (531192:train_csgo.py:825)
2025-12-18 00:44:43 - INFO -         [TRAINABLE] paligemma_with_expert.paligemma.model.vision_tower.vision_model.encoder.layers.16.self_attn.out_proj.bias (shape: torch.Size([1152])) - (531192:train_csgo.py:825)
2025-12-18 00:44:43 - INFO -         [TRAINABLE] paligemma_with_expert.paligemma.model.vision_tower.vision_model.encoder.layers.16.layer_norm2.weight (shape: torch.Size([1152])) - (531192:train_csgo.py:825)
2025-12-18 00:44:43 - INFO -         [TRAINABLE] paligemma_with_expert.paligemma.model.vision_tower.vision_model.encoder.layers.16.layer_norm2.bias (shape: torch.Size([1152])) - (531192:train_csgo.py:825)
2025-12-18 00:44:43 - INFO -         [TRAINABLE] paligemma_with_expert.paligemma.model.vision_tower.vision_model.encoder.layers.16.mlp.fc1.weight (shape: torch.Size([4304, 1152])) - (531192:train_csgo.py:825)
2025-12-18 00:44:43 - INFO -         [TRAINABLE] paligemma_with_expert.paligemma.model.vision_tower.vision_model.encoder.layers.16.mlp.fc1.bias (shape: torch.Size([4304])) - (531192:train_csgo.py:825)
2025-12-18 00:44:43 - INFO -         [TRAINABLE] paligemma_with_expert.paligemma.model.vision_tower.vision_model.encoder.layers.16.mlp.fc2.weight (shape: torch.Size([1152, 4304])) - (531192:train_csgo.py:825)
2025-12-18 00:44:43 - INFO -         [TRAINABLE] paligemma_with_expert.paligemma.model.vision_tower.vision_model.encoder.layers.16.mlp.fc2.bias (shape: torch.Size([1152])) - (531192:train_csgo.py:825)
2025-12-18 00:44:43 - INFO -         [TRAINABLE] paligemma_with_expert.paligemma.model.vision_tower.vision_model.encoder.layers.17.layer_norm1.weight (shape: torch.Size([1152])) - (531192:train_csgo.py:825)
2025-12-18 00:44:43 - INFO -         [TRAINABLE] paligemma_with_expert.paligemma.model.vision_tower.vision_model.encoder.layers.17.layer_norm1.bias (shape: torch.Size([1152])) - (531192:train_csgo.py:825)
2025-12-18 00:44:43 - INFO -         [TRAINABLE] paligemma_with_expert.paligemma.model.vision_tower.vision_model.encoder.layers.17.self_attn.k_proj.weight (shape: torch.Size([1152, 1152])) - (531192:train_csgo.py:825)
2025-12-18 00:44:43 - INFO -         [TRAINABLE] paligemma_with_expert.paligemma.model.vision_tower.vision_model.encoder.layers.17.self_attn.k_proj.bias (shape: torch.Size([1152])) - (531192:train_csgo.py:825)
2025-12-18 00:44:43 - INFO -         [TRAINABLE] paligemma_with_expert.paligemma.model.vision_tower.vision_model.encoder.layers.17.self_attn.v_proj.weight (shape: torch.Size([1152, 1152])) - (531192:train_csgo.py:825)
2025-12-18 00:44:43 - INFO -         [TRAINABLE] paligemma_with_expert.paligemma.model.vision_tower.vision_model.encoder.layers.17.self_attn.v_proj.bias (shape: torch.Size([1152])) - (531192:train_csgo.py:825)
2025-12-18 00:44:43 - INFO -         [TRAINABLE] paligemma_with_expert.paligemma.model.vision_tower.vision_model.encoder.layers.17.self_attn.q_proj.weight (shape: torch.Size([1152, 1152])) - (531192:train_csgo.py:825)
2025-12-18 00:44:43 - INFO -         [TRAINABLE] paligemma_with_expert.paligemma.model.vision_tower.vision_model.encoder.layers.17.self_attn.q_proj.bias (shape: torch.Size([1152])) - (531192:train_csgo.py:825)
2025-12-18 00:44:43 - INFO -         [TRAINABLE] paligemma_with_expert.paligemma.model.vision_tower.vision_model.encoder.layers.17.self_attn.out_proj.weight (shape: torch.Size([1152, 1152])) - (531192:train_csgo.py:825)
2025-12-18 00:44:43 - INFO -         [TRAINABLE] paligemma_with_expert.paligemma.model.vision_tower.vision_model.encoder.layers.17.self_attn.out_proj.bias (shape: torch.Size([1152])) - (531192:train_csgo.py:825)
2025-12-18 00:44:43 - INFO -         [TRAINABLE] paligemma_with_expert.paligemma.model.vision_tower.vision_model.encoder.layers.17.layer_norm2.weight (shape: torch.Size([1152])) - (531192:train_csgo.py:825)
2025-12-18 00:44:43 - INFO -         [TRAINABLE] paligemma_with_expert.paligemma.model.vision_tower.vision_model.encoder.layers.17.layer_norm2.bias (shape: torch.Size([1152])) - (531192:train_csgo.py:825)
2025-12-18 00:44:43 - INFO -         [TRAINABLE] paligemma_with_expert.paligemma.model.vision_tower.vision_model.encoder.layers.17.mlp.fc1.weight (shape: torch.Size([4304, 1152])) - (531192:train_csgo.py:825)
2025-12-18 00:44:43 - INFO -         [TRAINABLE] paligemma_with_expert.paligemma.model.vision_tower.vision_model.encoder.layers.17.mlp.fc1.bias (shape: torch.Size([4304])) - (531192:train_csgo.py:825)
2025-12-18 00:44:43 - INFO -         [TRAINABLE] paligemma_with_expert.paligemma.model.vision_tower.vision_model.encoder.layers.17.mlp.fc2.weight (shape: torch.Size([1152, 4304])) - (531192:train_csgo.py:825)
2025-12-18 00:44:43 - INFO -         [TRAINABLE] paligemma_with_expert.paligemma.model.vision_tower.vision_model.encoder.layers.17.mlp.fc2.bias (shape: torch.Size([1152])) - (531192:train_csgo.py:825)
2025-12-18 00:44:43 - INFO -         [TRAINABLE] paligemma_with_expert.paligemma.model.vision_tower.vision_model.encoder.layers.18.layer_norm1.weight (shape: torch.Size([1152])) - (531192:train_csgo.py:825)
2025-12-18 00:44:43 - INFO -         [TRAINABLE] paligemma_with_expert.paligemma.model.vision_tower.vision_model.encoder.layers.18.layer_norm1.bias (shape: torch.Size([1152])) - (531192:train_csgo.py:825)
2025-12-18 00:44:43 - INFO -         [TRAINABLE] paligemma_with_expert.paligemma.model.vision_tower.vision_model.encoder.layers.18.self_attn.k_proj.weight (shape: torch.Size([1152, 1152])) - (531192:train_csgo.py:825)
2025-12-18 00:44:43 - INFO -         [TRAINABLE] paligemma_with_expert.paligemma.model.vision_tower.vision_model.encoder.layers.18.self_attn.k_proj.bias (shape: torch.Size([1152])) - (531192:train_csgo.py:825)
2025-12-18 00:44:43 - INFO -         [TRAINABLE] paligemma_with_expert.paligemma.model.vision_tower.vision_model.encoder.layers.18.self_attn.v_proj.weight (shape: torch.Size([1152, 1152])) - (531192:train_csgo.py:825)
2025-12-18 00:44:43 - INFO -         [TRAINABLE] paligemma_with_expert.paligemma.model.vision_tower.vision_model.encoder.layers.18.self_attn.v_proj.bias (shape: torch.Size([1152])) - (531192:train_csgo.py:825)
2025-12-18 00:44:43 - INFO -         [TRAINABLE] paligemma_with_expert.paligemma.model.vision_tower.vision_model.encoder.layers.18.self_attn.q_proj.weight (shape: torch.Size([1152, 1152])) - (531192:train_csgo.py:825)
2025-12-18 00:44:43 - INFO -         [TRAINABLE] paligemma_with_expert.paligemma.model.vision_tower.vision_model.encoder.layers.18.self_attn.q_proj.bias (shape: torch.Size([1152])) - (531192:train_csgo.py:825)
2025-12-18 00:44:43 - INFO -         [TRAINABLE] paligemma_with_expert.paligemma.model.vision_tower.vision_model.encoder.layers.18.self_attn.out_proj.weight (shape: torch.Size([1152, 1152])) - (531192:train_csgo.py:825)
2025-12-18 00:44:43 - INFO -         [TRAINABLE] paligemma_with_expert.paligemma.model.vision_tower.vision_model.encoder.layers.18.self_attn.out_proj.bias (shape: torch.Size([1152])) - (531192:train_csgo.py:825)
2025-12-18 00:44:43 - INFO -         [TRAINABLE] paligemma_with_expert.paligemma.model.vision_tower.vision_model.encoder.layers.18.layer_norm2.weight (shape: torch.Size([1152])) - (531192:train_csgo.py:825)
2025-12-18 00:44:43 - INFO -         [TRAINABLE] paligemma_with_expert.paligemma.model.vision_tower.vision_model.encoder.layers.18.layer_norm2.bias (shape: torch.Size([1152])) - (531192:train_csgo.py:825)
2025-12-18 00:44:43 - INFO -         [TRAINABLE] paligemma_with_expert.paligemma.model.vision_tower.vision_model.encoder.layers.18.mlp.fc1.weight (shape: torch.Size([4304, 1152])) - (531192:train_csgo.py:825)
2025-12-18 00:44:43 - INFO -         [TRAINABLE] paligemma_with_expert.paligemma.model.vision_tower.vision_model.encoder.layers.18.mlp.fc1.bias (shape: torch.Size([4304])) - (531192:train_csgo.py:825)
2025-12-18 00:44:43 - INFO -         [TRAINABLE] paligemma_with_expert.paligemma.model.vision_tower.vision_model.encoder.layers.18.mlp.fc2.weight (shape: torch.Size([1152, 4304])) - (531192:train_csgo.py:825)
2025-12-18 00:44:43 - INFO -         [TRAINABLE] paligemma_with_expert.paligemma.model.vision_tower.vision_model.encoder.layers.18.mlp.fc2.bias (shape: torch.Size([1152])) - (531192:train_csgo.py:825)
2025-12-18 00:44:43 - INFO -         [TRAINABLE] paligemma_with_expert.paligemma.model.vision_tower.vision_model.encoder.layers.19.layer_norm1.weight (shape: torch.Size([1152])) - (531192:train_csgo.py:825)
2025-12-18 00:44:43 - INFO -         [TRAINABLE] paligemma_with_expert.paligemma.model.vision_tower.vision_model.encoder.layers.19.layer_norm1.bias (shape: torch.Size([1152])) - (531192:train_csgo.py:825)
2025-12-18 00:44:43 - INFO -         [TRAINABLE] paligemma_with_expert.paligemma.model.vision_tower.vision_model.encoder.layers.19.self_attn.k_proj.weight (shape: torch.Size([1152, 1152])) - (531192:train_csgo.py:825)
2025-12-18 00:44:43 - INFO -         [TRAINABLE] paligemma_with_expert.paligemma.model.vision_tower.vision_model.encoder.layers.19.self_attn.k_proj.bias (shape: torch.Size([1152])) - (531192:train_csgo.py:825)
2025-12-18 00:44:43 - INFO -         [TRAINABLE] paligemma_with_expert.paligemma.model.vision_tower.vision_model.encoder.layers.19.self_attn.v_proj.weight (shape: torch.Size([1152, 1152])) - (531192:train_csgo.py:825)
2025-12-18 00:44:43 - INFO -         [TRAINABLE] paligemma_with_expert.paligemma.model.vision_tower.vision_model.encoder.layers.19.self_attn.v_proj.bias (shape: torch.Size([1152])) - (531192:train_csgo.py:825)
2025-12-18 00:44:43 - INFO -         [TRAINABLE] paligemma_with_expert.paligemma.model.vision_tower.vision_model.encoder.layers.19.self_attn.q_proj.weight (shape: torch.Size([1152, 1152])) - (531192:train_csgo.py:825)
2025-12-18 00:44:43 - INFO -         [TRAINABLE] paligemma_with_expert.paligemma.model.vision_tower.vision_model.encoder.layers.19.self_attn.q_proj.bias (shape: torch.Size([1152])) - (531192:train_csgo.py:825)
2025-12-18 00:44:43 - INFO -         [TRAINABLE] paligemma_with_expert.paligemma.model.vision_tower.vision_model.encoder.layers.19.self_attn.out_proj.weight (shape: torch.Size([1152, 1152])) - (531192:train_csgo.py:825)
2025-12-18 00:44:43 - INFO -         [TRAINABLE] paligemma_with_expert.paligemma.model.vision_tower.vision_model.encoder.layers.19.self_attn.out_proj.bias (shape: torch.Size([1152])) - (531192:train_csgo.py:825)
2025-12-18 00:44:43 - INFO -         [TRAINABLE] paligemma_with_expert.paligemma.model.vision_tower.vision_model.encoder.layers.19.layer_norm2.weight (shape: torch.Size([1152])) - (531192:train_csgo.py:825)
2025-12-18 00:44:43 - INFO -         [TRAINABLE] paligemma_with_expert.paligemma.model.vision_tower.vision_model.encoder.layers.19.layer_norm2.bias (shape: torch.Size([1152])) - (531192:train_csgo.py:825)
2025-12-18 00:44:43 - INFO -         [TRAINABLE] paligemma_with_expert.paligemma.model.vision_tower.vision_model.encoder.layers.19.mlp.fc1.weight (shape: torch.Size([4304, 1152])) - (531192:train_csgo.py:825)
2025-12-18 00:44:43 - INFO -         [TRAINABLE] paligemma_with_expert.paligemma.model.vision_tower.vision_model.encoder.layers.19.mlp.fc1.bias (shape: torch.Size([4304])) - (531192:train_csgo.py:825)
2025-12-18 00:44:43 - INFO -         [TRAINABLE] paligemma_with_expert.paligemma.model.vision_tower.vision_model.encoder.layers.19.mlp.fc2.weight (shape: torch.Size([1152, 4304])) - (531192:train_csgo.py:825)
2025-12-18 00:44:43 - INFO -         [TRAINABLE] paligemma_with_expert.paligemma.model.vision_tower.vision_model.encoder.layers.19.mlp.fc2.bias (shape: torch.Size([1152])) - (531192:train_csgo.py:825)
2025-12-18 00:44:43 - INFO -         [TRAINABLE] paligemma_with_expert.paligemma.model.vision_tower.vision_model.encoder.layers.20.layer_norm1.weight (shape: torch.Size([1152])) - (531192:train_csgo.py:825)
2025-12-18 00:44:43 - INFO -         [TRAINABLE] paligemma_with_expert.paligemma.model.vision_tower.vision_model.encoder.layers.20.layer_norm1.bias (shape: torch.Size([1152])) - (531192:train_csgo.py:825)
2025-12-18 00:44:43 - INFO -         [TRAINABLE] paligemma_with_expert.paligemma.model.vision_tower.vision_model.encoder.layers.20.self_attn.k_proj.weight (shape: torch.Size([1152, 1152])) - (531192:train_csgo.py:825)
2025-12-18 00:44:43 - INFO -         [TRAINABLE] paligemma_with_expert.paligemma.model.vision_tower.vision_model.encoder.layers.20.self_attn.k_proj.bias (shape: torch.Size([1152])) - (531192:train_csgo.py:825)
2025-12-18 00:44:43 - INFO -         [TRAINABLE] paligemma_with_expert.paligemma.model.vision_tower.vision_model.encoder.layers.20.self_attn.v_proj.weight (shape: torch.Size([1152, 1152])) - (531192:train_csgo.py:825)
2025-12-18 00:44:43 - INFO -         [TRAINABLE] paligemma_with_expert.paligemma.model.vision_tower.vision_model.encoder.layers.20.self_attn.v_proj.bias (shape: torch.Size([1152])) - (531192:train_csgo.py:825)
2025-12-18 00:44:43 - INFO -         [TRAINABLE] paligemma_with_expert.paligemma.model.vision_tower.vision_model.encoder.layers.20.self_attn.q_proj.weight (shape: torch.Size([1152, 1152])) - (531192:train_csgo.py:825)
2025-12-18 00:44:43 - INFO -         [TRAINABLE] paligemma_with_expert.paligemma.model.vision_tower.vision_model.encoder.layers.20.self_attn.q_proj.bias (shape: torch.Size([1152])) - (531192:train_csgo.py:825)
2025-12-18 00:44:43 - INFO -         [TRAINABLE] paligemma_with_expert.paligemma.model.vision_tower.vision_model.encoder.layers.20.self_attn.out_proj.weight (shape: torch.Size([1152, 1152])) - (531192:train_csgo.py:825)
2025-12-18 00:44:43 - INFO -         [TRAINABLE] paligemma_with_expert.paligemma.model.vision_tower.vision_model.encoder.layers.20.self_attn.out_proj.bias (shape: torch.Size([1152])) - (531192:train_csgo.py:825)
2025-12-18 00:44:43 - INFO -         [TRAINABLE] paligemma_with_expert.paligemma.model.vision_tower.vision_model.encoder.layers.20.layer_norm2.weight (shape: torch.Size([1152])) - (531192:train_csgo.py:825)
2025-12-18 00:44:43 - INFO -         [TRAINABLE] paligemma_with_expert.paligemma.model.vision_tower.vision_model.encoder.layers.20.layer_norm2.bias (shape: torch.Size([1152])) - (531192:train_csgo.py:825)
2025-12-18 00:44:43 - INFO -         [TRAINABLE] paligemma_with_expert.paligemma.model.vision_tower.vision_model.encoder.layers.20.mlp.fc1.weight (shape: torch.Size([4304, 1152])) - (531192:train_csgo.py:825)
2025-12-18 00:44:43 - INFO -         [TRAINABLE] paligemma_with_expert.paligemma.model.vision_tower.vision_model.encoder.layers.20.mlp.fc1.bias (shape: torch.Size([4304])) - (531192:train_csgo.py:825)
2025-12-18 00:44:43 - INFO -         [TRAINABLE] paligemma_with_expert.paligemma.model.vision_tower.vision_model.encoder.layers.20.mlp.fc2.weight (shape: torch.Size([1152, 4304])) - (531192:train_csgo.py:825)
2025-12-18 00:44:43 - INFO -         [TRAINABLE] paligemma_with_expert.paligemma.model.vision_tower.vision_model.encoder.layers.20.mlp.fc2.bias (shape: torch.Size([1152])) - (531192:train_csgo.py:825)
2025-12-18 00:44:43 - INFO -         [TRAINABLE] paligemma_with_expert.paligemma.model.vision_tower.vision_model.encoder.layers.21.layer_norm1.weight (shape: torch.Size([1152])) - (531192:train_csgo.py:825)
2025-12-18 00:44:43 - INFO -         [TRAINABLE] paligemma_with_expert.paligemma.model.vision_tower.vision_model.encoder.layers.21.layer_norm1.bias (shape: torch.Size([1152])) - (531192:train_csgo.py:825)
2025-12-18 00:44:43 - INFO -         [TRAINABLE] paligemma_with_expert.paligemma.model.vision_tower.vision_model.encoder.layers.21.self_attn.k_proj.weight (shape: torch.Size([1152, 1152])) - (531192:train_csgo.py:825)
2025-12-18 00:44:43 - INFO -         [TRAINABLE] paligemma_with_expert.paligemma.model.vision_tower.vision_model.encoder.layers.21.self_attn.k_proj.bias (shape: torch.Size([1152])) - (531192:train_csgo.py:825)
2025-12-18 00:44:43 - INFO -         [TRAINABLE] paligemma_with_expert.paligemma.model.vision_tower.vision_model.encoder.layers.21.self_attn.v_proj.weight (shape: torch.Size([1152, 1152])) - (531192:train_csgo.py:825)
2025-12-18 00:44:43 - INFO -         [TRAINABLE] paligemma_with_expert.paligemma.model.vision_tower.vision_model.encoder.layers.21.self_attn.v_proj.bias (shape: torch.Size([1152])) - (531192:train_csgo.py:825)
2025-12-18 00:44:43 - INFO -         [TRAINABLE] paligemma_with_expert.paligemma.model.vision_tower.vision_model.encoder.layers.21.self_attn.q_proj.weight (shape: torch.Size([1152, 1152])) - (531192:train_csgo.py:825)
2025-12-18 00:44:43 - INFO -         [TRAINABLE] paligemma_with_expert.paligemma.model.vision_tower.vision_model.encoder.layers.21.self_attn.q_proj.bias (shape: torch.Size([1152])) - (531192:train_csgo.py:825)
2025-12-18 00:44:43 - INFO -         [TRAINABLE] paligemma_with_expert.paligemma.model.vision_tower.vision_model.encoder.layers.21.self_attn.out_proj.weight (shape: torch.Size([1152, 1152])) - (531192:train_csgo.py:825)
2025-12-18 00:44:43 - INFO -         [TRAINABLE] paligemma_with_expert.paligemma.model.vision_tower.vision_model.encoder.layers.21.self_attn.out_proj.bias (shape: torch.Size([1152])) - (531192:train_csgo.py:825)
2025-12-18 00:44:43 - INFO -         [TRAINABLE] paligemma_with_expert.paligemma.model.vision_tower.vision_model.encoder.layers.21.layer_norm2.weight (shape: torch.Size([1152])) - (531192:train_csgo.py:825)
2025-12-18 00:44:43 - INFO -         [TRAINABLE] paligemma_with_expert.paligemma.model.vision_tower.vision_model.encoder.layers.21.layer_norm2.bias (shape: torch.Size([1152])) - (531192:train_csgo.py:825)
2025-12-18 00:44:43 - INFO -         [TRAINABLE] paligemma_with_expert.paligemma.model.vision_tower.vision_model.encoder.layers.21.mlp.fc1.weight (shape: torch.Size([4304, 1152])) - (531192:train_csgo.py:825)
2025-12-18 00:44:43 - INFO -         [TRAINABLE] paligemma_with_expert.paligemma.model.vision_tower.vision_model.encoder.layers.21.mlp.fc1.bias (shape: torch.Size([4304])) - (531192:train_csgo.py:825)
2025-12-18 00:44:43 - INFO -         [TRAINABLE] paligemma_with_expert.paligemma.model.vision_tower.vision_model.encoder.layers.21.mlp.fc2.weight (shape: torch.Size([1152, 4304])) - (531192:train_csgo.py:825)
2025-12-18 00:44:43 - INFO -         [TRAINABLE] paligemma_with_expert.paligemma.model.vision_tower.vision_model.encoder.layers.21.mlp.fc2.bias (shape: torch.Size([1152])) - (531192:train_csgo.py:825)
2025-12-18 00:44:43 - INFO -         [TRAINABLE] paligemma_with_expert.paligemma.model.vision_tower.vision_model.encoder.layers.22.layer_norm1.weight (shape: torch.Size([1152])) - (531192:train_csgo.py:825)
2025-12-18 00:44:43 - INFO -         [TRAINABLE] paligemma_with_expert.paligemma.model.vision_tower.vision_model.encoder.layers.22.layer_norm1.bias (shape: torch.Size([1152])) - (531192:train_csgo.py:825)
2025-12-18 00:44:43 - INFO -         [TRAINABLE] paligemma_with_expert.paligemma.model.vision_tower.vision_model.encoder.layers.22.self_attn.k_proj.weight (shape: torch.Size([1152, 1152])) - (531192:train_csgo.py:825)
2025-12-18 00:44:43 - INFO -         [TRAINABLE] paligemma_with_expert.paligemma.model.vision_tower.vision_model.encoder.layers.22.self_attn.k_proj.bias (shape: torch.Size([1152])) - (531192:train_csgo.py:825)
2025-12-18 00:44:43 - INFO -         [TRAINABLE] paligemma_with_expert.paligemma.model.vision_tower.vision_model.encoder.layers.22.self_attn.v_proj.weight (shape: torch.Size([1152, 1152])) - (531192:train_csgo.py:825)
2025-12-18 00:44:43 - INFO -         [TRAINABLE] paligemma_with_expert.paligemma.model.vision_tower.vision_model.encoder.layers.22.self_attn.v_proj.bias (shape: torch.Size([1152])) - (531192:train_csgo.py:825)
2025-12-18 00:44:43 - INFO -         [TRAINABLE] paligemma_with_expert.paligemma.model.vision_tower.vision_model.encoder.layers.22.self_attn.q_proj.weight (shape: torch.Size([1152, 1152])) - (531192:train_csgo.py:825)
2025-12-18 00:44:43 - INFO -         [TRAINABLE] paligemma_with_expert.paligemma.model.vision_tower.vision_model.encoder.layers.22.self_attn.q_proj.bias (shape: torch.Size([1152])) - (531192:train_csgo.py:825)
2025-12-18 00:44:43 - INFO -         [TRAINABLE] paligemma_with_expert.paligemma.model.vision_tower.vision_model.encoder.layers.22.self_attn.out_proj.weight (shape: torch.Size([1152, 1152])) - (531192:train_csgo.py:825)
2025-12-18 00:44:43 - INFO -         [TRAINABLE] paligemma_with_expert.paligemma.model.vision_tower.vision_model.encoder.layers.22.self_attn.out_proj.bias (shape: torch.Size([1152])) - (531192:train_csgo.py:825)
2025-12-18 00:44:43 - INFO -         [TRAINABLE] paligemma_with_expert.paligemma.model.vision_tower.vision_model.encoder.layers.22.layer_norm2.weight (shape: torch.Size([1152])) - (531192:train_csgo.py:825)
2025-12-18 00:44:43 - INFO -         [TRAINABLE] paligemma_with_expert.paligemma.model.vision_tower.vision_model.encoder.layers.22.layer_norm2.bias (shape: torch.Size([1152])) - (531192:train_csgo.py:825)
2025-12-18 00:44:43 - INFO -         [TRAINABLE] paligemma_with_expert.paligemma.model.vision_tower.vision_model.encoder.layers.22.mlp.fc1.weight (shape: torch.Size([4304, 1152])) - (531192:train_csgo.py:825)
2025-12-18 00:44:43 - INFO -         [TRAINABLE] paligemma_with_expert.paligemma.model.vision_tower.vision_model.encoder.layers.22.mlp.fc1.bias (shape: torch.Size([4304])) - (531192:train_csgo.py:825)
2025-12-18 00:44:43 - INFO -         [TRAINABLE] paligemma_with_expert.paligemma.model.vision_tower.vision_model.encoder.layers.22.mlp.fc2.weight (shape: torch.Size([1152, 4304])) - (531192:train_csgo.py:825)
2025-12-18 00:44:43 - INFO -         [TRAINABLE] paligemma_with_expert.paligemma.model.vision_tower.vision_model.encoder.layers.22.mlp.fc2.bias (shape: torch.Size([1152])) - (531192:train_csgo.py:825)
2025-12-18 00:44:43 - INFO -         [TRAINABLE] paligemma_with_expert.paligemma.model.vision_tower.vision_model.encoder.layers.23.layer_norm1.weight (shape: torch.Size([1152])) - (531192:train_csgo.py:825)
2025-12-18 00:44:43 - INFO -         [TRAINABLE] paligemma_with_expert.paligemma.model.vision_tower.vision_model.encoder.layers.23.layer_norm1.bias (shape: torch.Size([1152])) - (531192:train_csgo.py:825)
2025-12-18 00:44:43 - INFO -         [TRAINABLE] paligemma_with_expert.paligemma.model.vision_tower.vision_model.encoder.layers.23.self_attn.k_proj.weight (shape: torch.Size([1152, 1152])) - (531192:train_csgo.py:825)
2025-12-18 00:44:43 - INFO -         [TRAINABLE] paligemma_with_expert.paligemma.model.vision_tower.vision_model.encoder.layers.23.self_attn.k_proj.bias (shape: torch.Size([1152])) - (531192:train_csgo.py:825)
2025-12-18 00:44:43 - INFO -         [TRAINABLE] paligemma_with_expert.paligemma.model.vision_tower.vision_model.encoder.layers.23.self_attn.v_proj.weight (shape: torch.Size([1152, 1152])) - (531192:train_csgo.py:825)
2025-12-18 00:44:43 - INFO -         [TRAINABLE] paligemma_with_expert.paligemma.model.vision_tower.vision_model.encoder.layers.23.self_attn.v_proj.bias (shape: torch.Size([1152])) - (531192:train_csgo.py:825)
2025-12-18 00:44:43 - INFO -         [TRAINABLE] paligemma_with_expert.paligemma.model.vision_tower.vision_model.encoder.layers.23.self_attn.q_proj.weight (shape: torch.Size([1152, 1152])) - (531192:train_csgo.py:825)
2025-12-18 00:44:43 - INFO -         [TRAINABLE] paligemma_with_expert.paligemma.model.vision_tower.vision_model.encoder.layers.23.self_attn.q_proj.bias (shape: torch.Size([1152])) - (531192:train_csgo.py:825)
2025-12-18 00:44:43 - INFO -         [TRAINABLE] paligemma_with_expert.paligemma.model.vision_tower.vision_model.encoder.layers.23.self_attn.out_proj.weight (shape: torch.Size([1152, 1152])) - (531192:train_csgo.py:825)
2025-12-18 00:44:43 - INFO -         [TRAINABLE] paligemma_with_expert.paligemma.model.vision_tower.vision_model.encoder.layers.23.self_attn.out_proj.bias (shape: torch.Size([1152])) - (531192:train_csgo.py:825)
2025-12-18 00:44:43 - INFO -         [TRAINABLE] paligemma_with_expert.paligemma.model.vision_tower.vision_model.encoder.layers.23.layer_norm2.weight (shape: torch.Size([1152])) - (531192:train_csgo.py:825)
2025-12-18 00:44:43 - INFO -         [TRAINABLE] paligemma_with_expert.paligemma.model.vision_tower.vision_model.encoder.layers.23.layer_norm2.bias (shape: torch.Size([1152])) - (531192:train_csgo.py:825)
2025-12-18 00:44:43 - INFO -         [TRAINABLE] paligemma_with_expert.paligemma.model.vision_tower.vision_model.encoder.layers.23.mlp.fc1.weight (shape: torch.Size([4304, 1152])) - (531192:train_csgo.py:825)
2025-12-18 00:44:43 - INFO -         [TRAINABLE] paligemma_with_expert.paligemma.model.vision_tower.vision_model.encoder.layers.23.mlp.fc1.bias (shape: torch.Size([4304])) - (531192:train_csgo.py:825)
2025-12-18 00:44:43 - INFO -         [TRAINABLE] paligemma_with_expert.paligemma.model.vision_tower.vision_model.encoder.layers.23.mlp.fc2.weight (shape: torch.Size([1152, 4304])) - (531192:train_csgo.py:825)
2025-12-18 00:44:43 - INFO -         [TRAINABLE] paligemma_with_expert.paligemma.model.vision_tower.vision_model.encoder.layers.23.mlp.fc2.bias (shape: torch.Size([1152])) - (531192:train_csgo.py:825)
2025-12-18 00:44:43 - INFO -         [TRAINABLE] paligemma_with_expert.paligemma.model.vision_tower.vision_model.encoder.layers.24.layer_norm1.weight (shape: torch.Size([1152])) - (531192:train_csgo.py:825)
2025-12-18 00:44:43 - INFO -         [TRAINABLE] paligemma_with_expert.paligemma.model.vision_tower.vision_model.encoder.layers.24.layer_norm1.bias (shape: torch.Size([1152])) - (531192:train_csgo.py:825)
2025-12-18 00:44:43 - INFO -         [TRAINABLE] paligemma_with_expert.paligemma.model.vision_tower.vision_model.encoder.layers.24.self_attn.k_proj.weight (shape: torch.Size([1152, 1152])) - (531192:train_csgo.py:825)
2025-12-18 00:44:43 - INFO -         [TRAINABLE] paligemma_with_expert.paligemma.model.vision_tower.vision_model.encoder.layers.24.self_attn.k_proj.bias (shape: torch.Size([1152])) - (531192:train_csgo.py:825)
2025-12-18 00:44:43 - INFO -         [TRAINABLE] paligemma_with_expert.paligemma.model.vision_tower.vision_model.encoder.layers.24.self_attn.v_proj.weight (shape: torch.Size([1152, 1152])) - (531192:train_csgo.py:825)
2025-12-18 00:44:43 - INFO -         [TRAINABLE] paligemma_with_expert.paligemma.model.vision_tower.vision_model.encoder.layers.24.self_attn.v_proj.bias (shape: torch.Size([1152])) - (531192:train_csgo.py:825)
2025-12-18 00:44:43 - INFO -         [TRAINABLE] paligemma_with_expert.paligemma.model.vision_tower.vision_model.encoder.layers.24.self_attn.q_proj.weight (shape: torch.Size([1152, 1152])) - (531192:train_csgo.py:825)
2025-12-18 00:44:43 - INFO -         [TRAINABLE] paligemma_with_expert.paligemma.model.vision_tower.vision_model.encoder.layers.24.self_attn.q_proj.bias (shape: torch.Size([1152])) - (531192:train_csgo.py:825)
2025-12-18 00:44:43 - INFO -         [TRAINABLE] paligemma_with_expert.paligemma.model.vision_tower.vision_model.encoder.layers.24.self_attn.out_proj.weight (shape: torch.Size([1152, 1152])) - (531192:train_csgo.py:825)
2025-12-18 00:44:43 - INFO -         [TRAINABLE] paligemma_with_expert.paligemma.model.vision_tower.vision_model.encoder.layers.24.self_attn.out_proj.bias (shape: torch.Size([1152])) - (531192:train_csgo.py:825)
2025-12-18 00:44:43 - INFO -         [TRAINABLE] paligemma_with_expert.paligemma.model.vision_tower.vision_model.encoder.layers.24.layer_norm2.weight (shape: torch.Size([1152])) - (531192:train_csgo.py:825)
2025-12-18 00:44:43 - INFO -         [TRAINABLE] paligemma_with_expert.paligemma.model.vision_tower.vision_model.encoder.layers.24.layer_norm2.bias (shape: torch.Size([1152])) - (531192:train_csgo.py:825)
2025-12-18 00:44:43 - INFO -         [TRAINABLE] paligemma_with_expert.paligemma.model.vision_tower.vision_model.encoder.layers.24.mlp.fc1.weight (shape: torch.Size([4304, 1152])) - (531192:train_csgo.py:825)
2025-12-18 00:44:43 - INFO -         [TRAINABLE] paligemma_with_expert.paligemma.model.vision_tower.vision_model.encoder.layers.24.mlp.fc1.bias (shape: torch.Size([4304])) - (531192:train_csgo.py:825)
2025-12-18 00:44:43 - INFO -         [TRAINABLE] paligemma_with_expert.paligemma.model.vision_tower.vision_model.encoder.layers.24.mlp.fc2.weight (shape: torch.Size([1152, 4304])) - (531192:train_csgo.py:825)
2025-12-18 00:44:43 - INFO -         [TRAINABLE] paligemma_with_expert.paligemma.model.vision_tower.vision_model.encoder.layers.24.mlp.fc2.bias (shape: torch.Size([1152])) - (531192:train_csgo.py:825)
2025-12-18 00:44:43 - INFO -         [TRAINABLE] paligemma_with_expert.paligemma.model.vision_tower.vision_model.encoder.layers.25.layer_norm1.weight (shape: torch.Size([1152])) - (531192:train_csgo.py:825)
2025-12-18 00:44:43 - INFO -         [TRAINABLE] paligemma_with_expert.paligemma.model.vision_tower.vision_model.encoder.layers.25.layer_norm1.bias (shape: torch.Size([1152])) - (531192:train_csgo.py:825)
2025-12-18 00:44:43 - INFO -         [TRAINABLE] paligemma_with_expert.paligemma.model.vision_tower.vision_model.encoder.layers.25.self_attn.k_proj.weight (shape: torch.Size([1152, 1152])) - (531192:train_csgo.py:825)
2025-12-18 00:44:43 - INFO -         [TRAINABLE] paligemma_with_expert.paligemma.model.vision_tower.vision_model.encoder.layers.25.self_attn.k_proj.bias (shape: torch.Size([1152])) - (531192:train_csgo.py:825)
2025-12-18 00:44:43 - INFO -         [TRAINABLE] paligemma_with_expert.paligemma.model.vision_tower.vision_model.encoder.layers.25.self_attn.v_proj.weight (shape: torch.Size([1152, 1152])) - (531192:train_csgo.py:825)
2025-12-18 00:44:43 - INFO -         [TRAINABLE] paligemma_with_expert.paligemma.model.vision_tower.vision_model.encoder.layers.25.self_attn.v_proj.bias (shape: torch.Size([1152])) - (531192:train_csgo.py:825)
2025-12-18 00:44:43 - INFO -         [TRAINABLE] paligemma_with_expert.paligemma.model.vision_tower.vision_model.encoder.layers.25.self_attn.q_proj.weight (shape: torch.Size([1152, 1152])) - (531192:train_csgo.py:825)
2025-12-18 00:44:43 - INFO -         [TRAINABLE] paligemma_with_expert.paligemma.model.vision_tower.vision_model.encoder.layers.25.self_attn.q_proj.bias (shape: torch.Size([1152])) - (531192:train_csgo.py:825)
2025-12-18 00:44:43 - INFO -         [TRAINABLE] paligemma_with_expert.paligemma.model.vision_tower.vision_model.encoder.layers.25.self_attn.out_proj.weight (shape: torch.Size([1152, 1152])) - (531192:train_csgo.py:825)
2025-12-18 00:44:43 - INFO -         [TRAINABLE] paligemma_with_expert.paligemma.model.vision_tower.vision_model.encoder.layers.25.self_attn.out_proj.bias (shape: torch.Size([1152])) - (531192:train_csgo.py:825)
2025-12-18 00:44:43 - INFO -         [TRAINABLE] paligemma_with_expert.paligemma.model.vision_tower.vision_model.encoder.layers.25.layer_norm2.weight (shape: torch.Size([1152])) - (531192:train_csgo.py:825)
2025-12-18 00:44:43 - INFO -         [TRAINABLE] paligemma_with_expert.paligemma.model.vision_tower.vision_model.encoder.layers.25.layer_norm2.bias (shape: torch.Size([1152])) - (531192:train_csgo.py:825)
2025-12-18 00:44:43 - INFO -         [TRAINABLE] paligemma_with_expert.paligemma.model.vision_tower.vision_model.encoder.layers.25.mlp.fc1.weight (shape: torch.Size([4304, 1152])) - (531192:train_csgo.py:825)
2025-12-18 00:44:43 - INFO -         [TRAINABLE] paligemma_with_expert.paligemma.model.vision_tower.vision_model.encoder.layers.25.mlp.fc1.bias (shape: torch.Size([4304])) - (531192:train_csgo.py:825)
2025-12-18 00:44:43 - INFO -         [TRAINABLE] paligemma_with_expert.paligemma.model.vision_tower.vision_model.encoder.layers.25.mlp.fc2.weight (shape: torch.Size([1152, 4304])) - (531192:train_csgo.py:825)
2025-12-18 00:44:43 - INFO -         [TRAINABLE] paligemma_with_expert.paligemma.model.vision_tower.vision_model.encoder.layers.25.mlp.fc2.bias (shape: torch.Size([1152])) - (531192:train_csgo.py:825)
2025-12-18 00:44:43 - INFO -         [TRAINABLE] paligemma_with_expert.paligemma.model.vision_tower.vision_model.encoder.layers.26.layer_norm1.weight (shape: torch.Size([1152])) - (531192:train_csgo.py:825)
2025-12-18 00:44:43 - INFO -         [TRAINABLE] paligemma_with_expert.paligemma.model.vision_tower.vision_model.encoder.layers.26.layer_norm1.bias (shape: torch.Size([1152])) - (531192:train_csgo.py:825)
2025-12-18 00:44:43 - INFO -         [TRAINABLE] paligemma_with_expert.paligemma.model.vision_tower.vision_model.encoder.layers.26.self_attn.k_proj.weight (shape: torch.Size([1152, 1152])) - (531192:train_csgo.py:825)
2025-12-18 00:44:43 - INFO -         [TRAINABLE] paligemma_with_expert.paligemma.model.vision_tower.vision_model.encoder.layers.26.self_attn.k_proj.bias (shape: torch.Size([1152])) - (531192:train_csgo.py:825)
2025-12-18 00:44:43 - INFO -         [TRAINABLE] paligemma_with_expert.paligemma.model.vision_tower.vision_model.encoder.layers.26.self_attn.v_proj.weight (shape: torch.Size([1152, 1152])) - (531192:train_csgo.py:825)
2025-12-18 00:44:43 - INFO -         [TRAINABLE] paligemma_with_expert.paligemma.model.vision_tower.vision_model.encoder.layers.26.self_attn.v_proj.bias (shape: torch.Size([1152])) - (531192:train_csgo.py:825)
2025-12-18 00:44:43 - INFO -         [TRAINABLE] paligemma_with_expert.paligemma.model.vision_tower.vision_model.encoder.layers.26.self_attn.q_proj.weight (shape: torch.Size([1152, 1152])) - (531192:train_csgo.py:825)
2025-12-18 00:44:43 - INFO -         [TRAINABLE] paligemma_with_expert.paligemma.model.vision_tower.vision_model.encoder.layers.26.self_attn.q_proj.bias (shape: torch.Size([1152])) - (531192:train_csgo.py:825)
2025-12-18 00:44:43 - INFO -         [TRAINABLE] paligemma_with_expert.paligemma.model.vision_tower.vision_model.encoder.layers.26.self_attn.out_proj.weight (shape: torch.Size([1152, 1152])) - (531192:train_csgo.py:825)
2025-12-18 00:44:43 - INFO -         [TRAINABLE] paligemma_with_expert.paligemma.model.vision_tower.vision_model.encoder.layers.26.self_attn.out_proj.bias (shape: torch.Size([1152])) - (531192:train_csgo.py:825)
2025-12-18 00:44:43 - INFO -         [TRAINABLE] paligemma_with_expert.paligemma.model.vision_tower.vision_model.encoder.layers.26.layer_norm2.weight (shape: torch.Size([1152])) - (531192:train_csgo.py:825)
2025-12-18 00:44:43 - INFO -         [TRAINABLE] paligemma_with_expert.paligemma.model.vision_tower.vision_model.encoder.layers.26.layer_norm2.bias (shape: torch.Size([1152])) - (531192:train_csgo.py:825)
2025-12-18 00:44:43 - INFO -         [TRAINABLE] paligemma_with_expert.paligemma.model.vision_tower.vision_model.encoder.layers.26.mlp.fc1.weight (shape: torch.Size([4304, 1152])) - (531192:train_csgo.py:825)
2025-12-18 00:44:43 - INFO -         [TRAINABLE] paligemma_with_expert.paligemma.model.vision_tower.vision_model.encoder.layers.26.mlp.fc1.bias (shape: torch.Size([4304])) - (531192:train_csgo.py:825)
2025-12-18 00:44:43 - INFO -         [TRAINABLE] paligemma_with_expert.paligemma.model.vision_tower.vision_model.encoder.layers.26.mlp.fc2.weight (shape: torch.Size([1152, 4304])) - (531192:train_csgo.py:825)
2025-12-18 00:44:43 - INFO -         [TRAINABLE] paligemma_with_expert.paligemma.model.vision_tower.vision_model.encoder.layers.26.mlp.fc2.bias (shape: torch.Size([1152])) - (531192:train_csgo.py:825)
2025-12-18 00:44:43 - INFO -         [TRAINABLE] paligemma_with_expert.paligemma.model.vision_tower.vision_model.post_layernorm.weight (shape: torch.Size([1152])) - (531192:train_csgo.py:825)
2025-12-18 00:44:43 - INFO -         [TRAINABLE] paligemma_with_expert.paligemma.model.vision_tower.vision_model.post_layernorm.bias (shape: torch.Size([1152])) - (531192:train_csgo.py:825)
2025-12-18 00:44:43 - INFO -         [TRAINABLE] paligemma_with_expert.paligemma.model.multi_modal_projector.linear.weight (shape: torch.Size([2048, 1152])) - (531192:train_csgo.py:825)
2025-12-18 00:44:43 - INFO -         [TRAINABLE] paligemma_with_expert.paligemma.model.multi_modal_projector.linear.bias (shape: torch.Size([2048])) - (531192:train_csgo.py:825)
2025-12-18 00:44:43 - INFO -         [TRAINABLE] paligemma_with_expert.paligemma.model.language_model.embed_tokens.weight (shape: torch.Size([257152, 2048])) - (531192:train_csgo.py:825)
2025-12-18 00:44:43 - INFO -         [TRAINABLE] paligemma_with_expert.paligemma.model.language_model.layers.0.self_attn.q_proj.weight (shape: torch.Size([2048, 2048])) - (531192:train_csgo.py:825)
2025-12-18 00:44:43 - INFO -         [TRAINABLE] paligemma_with_expert.paligemma.model.language_model.layers.0.self_attn.k_proj.weight (shape: torch.Size([256, 2048])) - (531192:train_csgo.py:825)
2025-12-18 00:44:43 - INFO -         [TRAINABLE] paligemma_with_expert.paligemma.model.language_model.layers.0.self_attn.v_proj.weight (shape: torch.Size([256, 2048])) - (531192:train_csgo.py:825)
2025-12-18 00:44:43 - INFO -         [TRAINABLE] paligemma_with_expert.paligemma.model.language_model.layers.0.self_attn.o_proj.weight (shape: torch.Size([2048, 2048])) - (531192:train_csgo.py:825)
2025-12-18 00:44:43 - INFO -         [TRAINABLE] paligemma_with_expert.paligemma.model.language_model.layers.0.mlp.gate_proj.weight (shape: torch.Size([16384, 2048])) - (531192:train_csgo.py:825)
2025-12-18 00:44:43 - INFO -         [TRAINABLE] paligemma_with_expert.paligemma.model.language_model.layers.0.mlp.up_proj.weight (shape: torch.Size([16384, 2048])) - (531192:train_csgo.py:825)
2025-12-18 00:44:43 - INFO -         [TRAINABLE] paligemma_with_expert.paligemma.model.language_model.layers.0.mlp.down_proj.weight (shape: torch.Size([2048, 16384])) - (531192:train_csgo.py:825)
2025-12-18 00:44:43 - INFO -         [TRAINABLE] paligemma_with_expert.paligemma.model.language_model.layers.0.input_layernorm.weight (shape: torch.Size([2048])) - (531192:train_csgo.py:825)
2025-12-18 00:44:43 - INFO -         [TRAINABLE] paligemma_with_expert.paligemma.model.language_model.layers.0.post_attention_layernorm.weight (shape: torch.Size([2048])) - (531192:train_csgo.py:825)
2025-12-18 00:44:43 - INFO -         [TRAINABLE] paligemma_with_expert.paligemma.model.language_model.layers.1.self_attn.q_proj.weight (shape: torch.Size([2048, 2048])) - (531192:train_csgo.py:825)
2025-12-18 00:44:43 - INFO -         [TRAINABLE] paligemma_with_expert.paligemma.model.language_model.layers.1.self_attn.k_proj.weight (shape: torch.Size([256, 2048])) - (531192:train_csgo.py:825)
2025-12-18 00:44:43 - INFO -         [TRAINABLE] paligemma_with_expert.paligemma.model.language_model.layers.1.self_attn.v_proj.weight (shape: torch.Size([256, 2048])) - (531192:train_csgo.py:825)
2025-12-18 00:44:43 - INFO -         [TRAINABLE] paligemma_with_expert.paligemma.model.language_model.layers.1.self_attn.o_proj.weight (shape: torch.Size([2048, 2048])) - (531192:train_csgo.py:825)
2025-12-18 00:44:43 - INFO -         [TRAINABLE] paligemma_with_expert.paligemma.model.language_model.layers.1.mlp.gate_proj.weight (shape: torch.Size([16384, 2048])) - (531192:train_csgo.py:825)
2025-12-18 00:44:43 - INFO -         [TRAINABLE] paligemma_with_expert.paligemma.model.language_model.layers.1.mlp.up_proj.weight (shape: torch.Size([16384, 2048])) - (531192:train_csgo.py:825)
2025-12-18 00:44:43 - INFO -         [TRAINABLE] paligemma_with_expert.paligemma.model.language_model.layers.1.mlp.down_proj.weight (shape: torch.Size([2048, 16384])) - (531192:train_csgo.py:825)
2025-12-18 00:44:43 - INFO -         [TRAINABLE] paligemma_with_expert.paligemma.model.language_model.layers.1.input_layernorm.weight (shape: torch.Size([2048])) - (531192:train_csgo.py:825)
2025-12-18 00:44:43 - INFO -         [TRAINABLE] paligemma_with_expert.paligemma.model.language_model.layers.1.post_attention_layernorm.weight (shape: torch.Size([2048])) - (531192:train_csgo.py:825)
2025-12-18 00:44:43 - INFO -         [TRAINABLE] paligemma_with_expert.paligemma.model.language_model.layers.2.self_attn.q_proj.weight (shape: torch.Size([2048, 2048])) - (531192:train_csgo.py:825)
2025-12-18 00:44:43 - INFO -         [TRAINABLE] paligemma_with_expert.paligemma.model.language_model.layers.2.self_attn.k_proj.weight (shape: torch.Size([256, 2048])) - (531192:train_csgo.py:825)
2025-12-18 00:44:43 - INFO -         [TRAINABLE] paligemma_with_expert.paligemma.model.language_model.layers.2.self_attn.v_proj.weight (shape: torch.Size([256, 2048])) - (531192:train_csgo.py:825)
2025-12-18 00:44:43 - INFO -         [TRAINABLE] paligemma_with_expert.paligemma.model.language_model.layers.2.self_attn.o_proj.weight (shape: torch.Size([2048, 2048])) - (531192:train_csgo.py:825)
2025-12-18 00:44:43 - INFO -         [TRAINABLE] paligemma_with_expert.paligemma.model.language_model.layers.2.mlp.gate_proj.weight (shape: torch.Size([16384, 2048])) - (531192:train_csgo.py:825)
2025-12-18 00:44:43 - INFO -         [TRAINABLE] paligemma_with_expert.paligemma.model.language_model.layers.2.mlp.up_proj.weight (shape: torch.Size([16384, 2048])) - (531192:train_csgo.py:825)
2025-12-18 00:44:43 - INFO -         [TRAINABLE] paligemma_with_expert.paligemma.model.language_model.layers.2.mlp.down_proj.weight (shape: torch.Size([2048, 16384])) - (531192:train_csgo.py:825)
2025-12-18 00:44:43 - INFO -         [TRAINABLE] paligemma_with_expert.paligemma.model.language_model.layers.2.input_layernorm.weight (shape: torch.Size([2048])) - (531192:train_csgo.py:825)
2025-12-18 00:44:43 - INFO -         [TRAINABLE] paligemma_with_expert.paligemma.model.language_model.layers.2.post_attention_layernorm.weight (shape: torch.Size([2048])) - (531192:train_csgo.py:825)
2025-12-18 00:44:43 - INFO -         [TRAINABLE] paligemma_with_expert.paligemma.model.language_model.layers.3.self_attn.q_proj.weight (shape: torch.Size([2048, 2048])) - (531192:train_csgo.py:825)
2025-12-18 00:44:43 - INFO -         [TRAINABLE] paligemma_with_expert.paligemma.model.language_model.layers.3.self_attn.k_proj.weight (shape: torch.Size([256, 2048])) - (531192:train_csgo.py:825)
2025-12-18 00:44:43 - INFO -         [TRAINABLE] paligemma_with_expert.paligemma.model.language_model.layers.3.self_attn.v_proj.weight (shape: torch.Size([256, 2048])) - (531192:train_csgo.py:825)
2025-12-18 00:44:43 - INFO -         [TRAINABLE] paligemma_with_expert.paligemma.model.language_model.layers.3.self_attn.o_proj.weight (shape: torch.Size([2048, 2048])) - (531192:train_csgo.py:825)
2025-12-18 00:44:43 - INFO -         [TRAINABLE] paligemma_with_expert.paligemma.model.language_model.layers.3.mlp.gate_proj.weight (shape: torch.Size([16384, 2048])) - (531192:train_csgo.py:825)
2025-12-18 00:44:43 - INFO -         [TRAINABLE] paligemma_with_expert.paligemma.model.language_model.layers.3.mlp.up_proj.weight (shape: torch.Size([16384, 2048])) - (531192:train_csgo.py:825)
2025-12-18 00:44:43 - INFO -         [TRAINABLE] paligemma_with_expert.paligemma.model.language_model.layers.3.mlp.down_proj.weight (shape: torch.Size([2048, 16384])) - (531192:train_csgo.py:825)
2025-12-18 00:44:43 - INFO -         [TRAINABLE] paligemma_with_expert.paligemma.model.language_model.layers.3.input_layernorm.weight (shape: torch.Size([2048])) - (531192:train_csgo.py:825)
2025-12-18 00:44:43 - INFO -         [TRAINABLE] paligemma_with_expert.paligemma.model.language_model.layers.3.post_attention_layernorm.weight (shape: torch.Size([2048])) - (531192:train_csgo.py:825)
2025-12-18 00:44:43 - INFO -         [TRAINABLE] paligemma_with_expert.paligemma.model.language_model.layers.4.self_attn.q_proj.weight (shape: torch.Size([2048, 2048])) - (531192:train_csgo.py:825)
2025-12-18 00:44:43 - INFO -         [TRAINABLE] paligemma_with_expert.paligemma.model.language_model.layers.4.self_attn.k_proj.weight (shape: torch.Size([256, 2048])) - (531192:train_csgo.py:825)
2025-12-18 00:44:43 - INFO -         [TRAINABLE] paligemma_with_expert.paligemma.model.language_model.layers.4.self_attn.v_proj.weight (shape: torch.Size([256, 2048])) - (531192:train_csgo.py:825)
2025-12-18 00:44:43 - INFO -         [TRAINABLE] paligemma_with_expert.paligemma.model.language_model.layers.4.self_attn.o_proj.weight (shape: torch.Size([2048, 2048])) - (531192:train_csgo.py:825)
2025-12-18 00:44:43 - INFO -         [TRAINABLE] paligemma_with_expert.paligemma.model.language_model.layers.4.mlp.gate_proj.weight (shape: torch.Size([16384, 2048])) - (531192:train_csgo.py:825)
2025-12-18 00:44:43 - INFO -         [TRAINABLE] paligemma_with_expert.paligemma.model.language_model.layers.4.mlp.up_proj.weight (shape: torch.Size([16384, 2048])) - (531192:train_csgo.py:825)
2025-12-18 00:44:43 - INFO -         [TRAINABLE] paligemma_with_expert.paligemma.model.language_model.layers.4.mlp.down_proj.weight (shape: torch.Size([2048, 16384])) - (531192:train_csgo.py:825)
2025-12-18 00:44:43 - INFO -         [TRAINABLE] paligemma_with_expert.paligemma.model.language_model.layers.4.input_layernorm.weight (shape: torch.Size([2048])) - (531192:train_csgo.py:825)
2025-12-18 00:44:43 - INFO -         [TRAINABLE] paligemma_with_expert.paligemma.model.language_model.layers.4.post_attention_layernorm.weight (shape: torch.Size([2048])) - (531192:train_csgo.py:825)
2025-12-18 00:44:43 - INFO -         [TRAINABLE] paligemma_with_expert.paligemma.model.language_model.layers.5.self_attn.q_proj.weight (shape: torch.Size([2048, 2048])) - (531192:train_csgo.py:825)
2025-12-18 00:44:43 - INFO -         [TRAINABLE] paligemma_with_expert.paligemma.model.language_model.layers.5.self_attn.k_proj.weight (shape: torch.Size([256, 2048])) - (531192:train_csgo.py:825)
2025-12-18 00:44:43 - INFO -         [TRAINABLE] paligemma_with_expert.paligemma.model.language_model.layers.5.self_attn.v_proj.weight (shape: torch.Size([256, 2048])) - (531192:train_csgo.py:825)
2025-12-18 00:44:43 - INFO -         [TRAINABLE] paligemma_with_expert.paligemma.model.language_model.layers.5.self_attn.o_proj.weight (shape: torch.Size([2048, 2048])) - (531192:train_csgo.py:825)
2025-12-18 00:44:43 - INFO -         [TRAINABLE] paligemma_with_expert.paligemma.model.language_model.layers.5.mlp.gate_proj.weight (shape: torch.Size([16384, 2048])) - (531192:train_csgo.py:825)
2025-12-18 00:44:43 - INFO -         [TRAINABLE] paligemma_with_expert.paligemma.model.language_model.layers.5.mlp.up_proj.weight (shape: torch.Size([16384, 2048])) - (531192:train_csgo.py:825)
2025-12-18 00:44:43 - INFO -         [TRAINABLE] paligemma_with_expert.paligemma.model.language_model.layers.5.mlp.down_proj.weight (shape: torch.Size([2048, 16384])) - (531192:train_csgo.py:825)
2025-12-18 00:44:43 - INFO -         [TRAINABLE] paligemma_with_expert.paligemma.model.language_model.layers.5.input_layernorm.weight (shape: torch.Size([2048])) - (531192:train_csgo.py:825)
2025-12-18 00:44:43 - INFO -         [TRAINABLE] paligemma_with_expert.paligemma.model.language_model.layers.5.post_attention_layernorm.weight (shape: torch.Size([2048])) - (531192:train_csgo.py:825)
2025-12-18 00:44:43 - INFO -         [TRAINABLE] paligemma_with_expert.paligemma.model.language_model.layers.6.self_attn.q_proj.weight (shape: torch.Size([2048, 2048])) - (531192:train_csgo.py:825)
2025-12-18 00:44:43 - INFO -         [TRAINABLE] paligemma_with_expert.paligemma.model.language_model.layers.6.self_attn.k_proj.weight (shape: torch.Size([256, 2048])) - (531192:train_csgo.py:825)
2025-12-18 00:44:43 - INFO -         [TRAINABLE] paligemma_with_expert.paligemma.model.language_model.layers.6.self_attn.v_proj.weight (shape: torch.Size([256, 2048])) - (531192:train_csgo.py:825)
2025-12-18 00:44:43 - INFO -         [TRAINABLE] paligemma_with_expert.paligemma.model.language_model.layers.6.self_attn.o_proj.weight (shape: torch.Size([2048, 2048])) - (531192:train_csgo.py:825)
2025-12-18 00:44:43 - INFO -         [TRAINABLE] paligemma_with_expert.paligemma.model.language_model.layers.6.mlp.gate_proj.weight (shape: torch.Size([16384, 2048])) - (531192:train_csgo.py:825)
2025-12-18 00:44:43 - INFO -         [TRAINABLE] paligemma_with_expert.paligemma.model.language_model.layers.6.mlp.up_proj.weight (shape: torch.Size([16384, 2048])) - (531192:train_csgo.py:825)
2025-12-18 00:44:43 - INFO -         [TRAINABLE] paligemma_with_expert.paligemma.model.language_model.layers.6.mlp.down_proj.weight (shape: torch.Size([2048, 16384])) - (531192:train_csgo.py:825)
2025-12-18 00:44:43 - INFO -         [TRAINABLE] paligemma_with_expert.paligemma.model.language_model.layers.6.input_layernorm.weight (shape: torch.Size([2048])) - (531192:train_csgo.py:825)
2025-12-18 00:44:43 - INFO -         [TRAINABLE] paligemma_with_expert.paligemma.model.language_model.layers.6.post_attention_layernorm.weight (shape: torch.Size([2048])) - (531192:train_csgo.py:825)
2025-12-18 00:44:43 - INFO -         [TRAINABLE] paligemma_with_expert.paligemma.model.language_model.layers.7.self_attn.q_proj.weight (shape: torch.Size([2048, 2048])) - (531192:train_csgo.py:825)
2025-12-18 00:44:43 - INFO -         [TRAINABLE] paligemma_with_expert.paligemma.model.language_model.layers.7.self_attn.k_proj.weight (shape: torch.Size([256, 2048])) - (531192:train_csgo.py:825)
2025-12-18 00:44:43 - INFO -         [TRAINABLE] paligemma_with_expert.paligemma.model.language_model.layers.7.self_attn.v_proj.weight (shape: torch.Size([256, 2048])) - (531192:train_csgo.py:825)
2025-12-18 00:44:43 - INFO -         [TRAINABLE] paligemma_with_expert.paligemma.model.language_model.layers.7.self_attn.o_proj.weight (shape: torch.Size([2048, 2048])) - (531192:train_csgo.py:825)
2025-12-18 00:44:43 - INFO -         [TRAINABLE] paligemma_with_expert.paligemma.model.language_model.layers.7.mlp.gate_proj.weight (shape: torch.Size([16384, 2048])) - (531192:train_csgo.py:825)
2025-12-18 00:44:43 - INFO -         [TRAINABLE] paligemma_with_expert.paligemma.model.language_model.layers.7.mlp.up_proj.weight (shape: torch.Size([16384, 2048])) - (531192:train_csgo.py:825)
2025-12-18 00:44:43 - INFO -         [TRAINABLE] paligemma_with_expert.paligemma.model.language_model.layers.7.mlp.down_proj.weight (shape: torch.Size([2048, 16384])) - (531192:train_csgo.py:825)
2025-12-18 00:44:43 - INFO -         [TRAINABLE] paligemma_with_expert.paligemma.model.language_model.layers.7.input_layernorm.weight (shape: torch.Size([2048])) - (531192:train_csgo.py:825)
2025-12-18 00:44:43 - INFO -         [TRAINABLE] paligemma_with_expert.paligemma.model.language_model.layers.7.post_attention_layernorm.weight (shape: torch.Size([2048])) - (531192:train_csgo.py:825)
2025-12-18 00:44:43 - INFO -         [TRAINABLE] paligemma_with_expert.paligemma.model.language_model.layers.8.self_attn.q_proj.weight (shape: torch.Size([2048, 2048])) - (531192:train_csgo.py:825)
2025-12-18 00:44:43 - INFO -         [TRAINABLE] paligemma_with_expert.paligemma.model.language_model.layers.8.self_attn.k_proj.weight (shape: torch.Size([256, 2048])) - (531192:train_csgo.py:825)
2025-12-18 00:44:43 - INFO -         [TRAINABLE] paligemma_with_expert.paligemma.model.language_model.layers.8.self_attn.v_proj.weight (shape: torch.Size([256, 2048])) - (531192:train_csgo.py:825)
2025-12-18 00:44:43 - INFO -         [TRAINABLE] paligemma_with_expert.paligemma.model.language_model.layers.8.self_attn.o_proj.weight (shape: torch.Size([2048, 2048])) - (531192:train_csgo.py:825)
2025-12-18 00:44:43 - INFO -         [TRAINABLE] paligemma_with_expert.paligemma.model.language_model.layers.8.mlp.gate_proj.weight (shape: torch.Size([16384, 2048])) - (531192:train_csgo.py:825)
2025-12-18 00:44:43 - INFO -         [TRAINABLE] paligemma_with_expert.paligemma.model.language_model.layers.8.mlp.up_proj.weight (shape: torch.Size([16384, 2048])) - (531192:train_csgo.py:825)
2025-12-18 00:44:43 - INFO -         [TRAINABLE] paligemma_with_expert.paligemma.model.language_model.layers.8.mlp.down_proj.weight (shape: torch.Size([2048, 16384])) - (531192:train_csgo.py:825)
2025-12-18 00:44:43 - INFO -         [TRAINABLE] paligemma_with_expert.paligemma.model.language_model.layers.8.input_layernorm.weight (shape: torch.Size([2048])) - (531192:train_csgo.py:825)
2025-12-18 00:44:43 - INFO -         [TRAINABLE] paligemma_with_expert.paligemma.model.language_model.layers.8.post_attention_layernorm.weight (shape: torch.Size([2048])) - (531192:train_csgo.py:825)
2025-12-18 00:44:43 - INFO -         [TRAINABLE] paligemma_with_expert.paligemma.model.language_model.layers.9.self_attn.q_proj.weight (shape: torch.Size([2048, 2048])) - (531192:train_csgo.py:825)
2025-12-18 00:44:43 - INFO -         [TRAINABLE] paligemma_with_expert.paligemma.model.language_model.layers.9.self_attn.k_proj.weight (shape: torch.Size([256, 2048])) - (531192:train_csgo.py:825)
2025-12-18 00:44:43 - INFO -         [TRAINABLE] paligemma_with_expert.paligemma.model.language_model.layers.9.self_attn.v_proj.weight (shape: torch.Size([256, 2048])) - (531192:train_csgo.py:825)
2025-12-18 00:44:43 - INFO -         [TRAINABLE] paligemma_with_expert.paligemma.model.language_model.layers.9.self_attn.o_proj.weight (shape: torch.Size([2048, 2048])) - (531192:train_csgo.py:825)
2025-12-18 00:44:43 - INFO -         [TRAINABLE] paligemma_with_expert.paligemma.model.language_model.layers.9.mlp.gate_proj.weight (shape: torch.Size([16384, 2048])) - (531192:train_csgo.py:825)
2025-12-18 00:44:43 - INFO -         [TRAINABLE] paligemma_with_expert.paligemma.model.language_model.layers.9.mlp.up_proj.weight (shape: torch.Size([16384, 2048])) - (531192:train_csgo.py:825)
2025-12-18 00:44:43 - INFO -         [TRAINABLE] paligemma_with_expert.paligemma.model.language_model.layers.9.mlp.down_proj.weight (shape: torch.Size([2048, 16384])) - (531192:train_csgo.py:825)
2025-12-18 00:44:43 - INFO -         [TRAINABLE] paligemma_with_expert.paligemma.model.language_model.layers.9.input_layernorm.weight (shape: torch.Size([2048])) - (531192:train_csgo.py:825)
2025-12-18 00:44:43 - INFO -         [TRAINABLE] paligemma_with_expert.paligemma.model.language_model.layers.9.post_attention_layernorm.weight (shape: torch.Size([2048])) - (531192:train_csgo.py:825)
2025-12-18 00:44:43 - INFO -         [TRAINABLE] paligemma_with_expert.paligemma.model.language_model.layers.10.self_attn.q_proj.weight (shape: torch.Size([2048, 2048])) - (531192:train_csgo.py:825)
2025-12-18 00:44:43 - INFO -         [TRAINABLE] paligemma_with_expert.paligemma.model.language_model.layers.10.self_attn.k_proj.weight (shape: torch.Size([256, 2048])) - (531192:train_csgo.py:825)
2025-12-18 00:44:43 - INFO -         [TRAINABLE] paligemma_with_expert.paligemma.model.language_model.layers.10.self_attn.v_proj.weight (shape: torch.Size([256, 2048])) - (531192:train_csgo.py:825)
2025-12-18 00:44:43 - INFO -         [TRAINABLE] paligemma_with_expert.paligemma.model.language_model.layers.10.self_attn.o_proj.weight (shape: torch.Size([2048, 2048])) - (531192:train_csgo.py:825)
2025-12-18 00:44:43 - INFO -         [TRAINABLE] paligemma_with_expert.paligemma.model.language_model.layers.10.mlp.gate_proj.weight (shape: torch.Size([16384, 2048])) - (531192:train_csgo.py:825)
2025-12-18 00:44:43 - INFO -         [TRAINABLE] paligemma_with_expert.paligemma.model.language_model.layers.10.mlp.up_proj.weight (shape: torch.Size([16384, 2048])) - (531192:train_csgo.py:825)
2025-12-18 00:44:43 - INFO -         [TRAINABLE] paligemma_with_expert.paligemma.model.language_model.layers.10.mlp.down_proj.weight (shape: torch.Size([2048, 16384])) - (531192:train_csgo.py:825)
2025-12-18 00:44:43 - INFO -         [TRAINABLE] paligemma_with_expert.paligemma.model.language_model.layers.10.input_layernorm.weight (shape: torch.Size([2048])) - (531192:train_csgo.py:825)
2025-12-18 00:44:43 - INFO -         [TRAINABLE] paligemma_with_expert.paligemma.model.language_model.layers.10.post_attention_layernorm.weight (shape: torch.Size([2048])) - (531192:train_csgo.py:825)
2025-12-18 00:44:43 - INFO -         [TRAINABLE] paligemma_with_expert.paligemma.model.language_model.layers.11.self_attn.q_proj.weight (shape: torch.Size([2048, 2048])) - (531192:train_csgo.py:825)
2025-12-18 00:44:43 - INFO -         [TRAINABLE] paligemma_with_expert.paligemma.model.language_model.layers.11.self_attn.k_proj.weight (shape: torch.Size([256, 2048])) - (531192:train_csgo.py:825)
2025-12-18 00:44:43 - INFO -         [TRAINABLE] paligemma_with_expert.paligemma.model.language_model.layers.11.self_attn.v_proj.weight (shape: torch.Size([256, 2048])) - (531192:train_csgo.py:825)
2025-12-18 00:44:43 - INFO -         [TRAINABLE] paligemma_with_expert.paligemma.model.language_model.layers.11.self_attn.o_proj.weight (shape: torch.Size([2048, 2048])) - (531192:train_csgo.py:825)
2025-12-18 00:44:43 - INFO -         [TRAINABLE] paligemma_with_expert.paligemma.model.language_model.layers.11.mlp.gate_proj.weight (shape: torch.Size([16384, 2048])) - (531192:train_csgo.py:825)
2025-12-18 00:44:43 - INFO -         [TRAINABLE] paligemma_with_expert.paligemma.model.language_model.layers.11.mlp.up_proj.weight (shape: torch.Size([16384, 2048])) - (531192:train_csgo.py:825)
2025-12-18 00:44:43 - INFO -         [TRAINABLE] paligemma_with_expert.paligemma.model.language_model.layers.11.mlp.down_proj.weight (shape: torch.Size([2048, 16384])) - (531192:train_csgo.py:825)
2025-12-18 00:44:43 - INFO -         [TRAINABLE] paligemma_with_expert.paligemma.model.language_model.layers.11.input_layernorm.weight (shape: torch.Size([2048])) - (531192:train_csgo.py:825)
2025-12-18 00:44:43 - INFO -         [TRAINABLE] paligemma_with_expert.paligemma.model.language_model.layers.11.post_attention_layernorm.weight (shape: torch.Size([2048])) - (531192:train_csgo.py:825)
2025-12-18 00:44:43 - INFO -         [TRAINABLE] paligemma_with_expert.paligemma.model.language_model.layers.12.self_attn.q_proj.weight (shape: torch.Size([2048, 2048])) - (531192:train_csgo.py:825)
2025-12-18 00:44:43 - INFO -         [TRAINABLE] paligemma_with_expert.paligemma.model.language_model.layers.12.self_attn.k_proj.weight (shape: torch.Size([256, 2048])) - (531192:train_csgo.py:825)
2025-12-18 00:44:43 - INFO -         [TRAINABLE] paligemma_with_expert.paligemma.model.language_model.layers.12.self_attn.v_proj.weight (shape: torch.Size([256, 2048])) - (531192:train_csgo.py:825)
2025-12-18 00:44:43 - INFO -         [TRAINABLE] paligemma_with_expert.paligemma.model.language_model.layers.12.self_attn.o_proj.weight (shape: torch.Size([2048, 2048])) - (531192:train_csgo.py:825)
2025-12-18 00:44:43 - INFO -         [TRAINABLE] paligemma_with_expert.paligemma.model.language_model.layers.12.mlp.gate_proj.weight (shape: torch.Size([16384, 2048])) - (531192:train_csgo.py:825)
2025-12-18 00:44:43 - INFO -         [TRAINABLE] paligemma_with_expert.paligemma.model.language_model.layers.12.mlp.up_proj.weight (shape: torch.Size([16384, 2048])) - (531192:train_csgo.py:825)
2025-12-18 00:44:43 - INFO -         [TRAINABLE] paligemma_with_expert.paligemma.model.language_model.layers.12.mlp.down_proj.weight (shape: torch.Size([2048, 16384])) - (531192:train_csgo.py:825)
2025-12-18 00:44:43 - INFO -         [TRAINABLE] paligemma_with_expert.paligemma.model.language_model.layers.12.input_layernorm.weight (shape: torch.Size([2048])) - (531192:train_csgo.py:825)
2025-12-18 00:44:43 - INFO -         [TRAINABLE] paligemma_with_expert.paligemma.model.language_model.layers.12.post_attention_layernorm.weight (shape: torch.Size([2048])) - (531192:train_csgo.py:825)
2025-12-18 00:44:43 - INFO -         [TRAINABLE] paligemma_with_expert.paligemma.model.language_model.layers.13.self_attn.q_proj.weight (shape: torch.Size([2048, 2048])) - (531192:train_csgo.py:825)
2025-12-18 00:44:43 - INFO -         [TRAINABLE] paligemma_with_expert.paligemma.model.language_model.layers.13.self_attn.k_proj.weight (shape: torch.Size([256, 2048])) - (531192:train_csgo.py:825)
2025-12-18 00:44:43 - INFO -         [TRAINABLE] paligemma_with_expert.paligemma.model.language_model.layers.13.self_attn.v_proj.weight (shape: torch.Size([256, 2048])) - (531192:train_csgo.py:825)
2025-12-18 00:44:43 - INFO -         [TRAINABLE] paligemma_with_expert.paligemma.model.language_model.layers.13.self_attn.o_proj.weight (shape: torch.Size([2048, 2048])) - (531192:train_csgo.py:825)
2025-12-18 00:44:43 - INFO -         [TRAINABLE] paligemma_with_expert.paligemma.model.language_model.layers.13.mlp.gate_proj.weight (shape: torch.Size([16384, 2048])) - (531192:train_csgo.py:825)
2025-12-18 00:44:43 - INFO -         [TRAINABLE] paligemma_with_expert.paligemma.model.language_model.layers.13.mlp.up_proj.weight (shape: torch.Size([16384, 2048])) - (531192:train_csgo.py:825)
2025-12-18 00:44:43 - INFO -         [TRAINABLE] paligemma_with_expert.paligemma.model.language_model.layers.13.mlp.down_proj.weight (shape: torch.Size([2048, 16384])) - (531192:train_csgo.py:825)
2025-12-18 00:44:43 - INFO -         [TRAINABLE] paligemma_with_expert.paligemma.model.language_model.layers.13.input_layernorm.weight (shape: torch.Size([2048])) - (531192:train_csgo.py:825)
2025-12-18 00:44:43 - INFO -         [TRAINABLE] paligemma_with_expert.paligemma.model.language_model.layers.13.post_attention_layernorm.weight (shape: torch.Size([2048])) - (531192:train_csgo.py:825)
2025-12-18 00:44:43 - INFO -         [TRAINABLE] paligemma_with_expert.paligemma.model.language_model.layers.14.self_attn.q_proj.weight (shape: torch.Size([2048, 2048])) - (531192:train_csgo.py:825)
2025-12-18 00:44:43 - INFO -         [TRAINABLE] paligemma_with_expert.paligemma.model.language_model.layers.14.self_attn.k_proj.weight (shape: torch.Size([256, 2048])) - (531192:train_csgo.py:825)
2025-12-18 00:44:43 - INFO -         [TRAINABLE] paligemma_with_expert.paligemma.model.language_model.layers.14.self_attn.v_proj.weight (shape: torch.Size([256, 2048])) - (531192:train_csgo.py:825)
2025-12-18 00:44:43 - INFO -         [TRAINABLE] paligemma_with_expert.paligemma.model.language_model.layers.14.self_attn.o_proj.weight (shape: torch.Size([2048, 2048])) - (531192:train_csgo.py:825)
2025-12-18 00:44:43 - INFO -         [TRAINABLE] paligemma_with_expert.paligemma.model.language_model.layers.14.mlp.gate_proj.weight (shape: torch.Size([16384, 2048])) - (531192:train_csgo.py:825)
2025-12-18 00:44:43 - INFO -         [TRAINABLE] paligemma_with_expert.paligemma.model.language_model.layers.14.mlp.up_proj.weight (shape: torch.Size([16384, 2048])) - (531192:train_csgo.py:825)
2025-12-18 00:44:43 - INFO -         [TRAINABLE] paligemma_with_expert.paligemma.model.language_model.layers.14.mlp.down_proj.weight (shape: torch.Size([2048, 16384])) - (531192:train_csgo.py:825)
2025-12-18 00:44:43 - INFO -         [TRAINABLE] paligemma_with_expert.paligemma.model.language_model.layers.14.input_layernorm.weight (shape: torch.Size([2048])) - (531192:train_csgo.py:825)
2025-12-18 00:44:43 - INFO -         [TRAINABLE] paligemma_with_expert.paligemma.model.language_model.layers.14.post_attention_layernorm.weight (shape: torch.Size([2048])) - (531192:train_csgo.py:825)
2025-12-18 00:44:43 - INFO -         [TRAINABLE] paligemma_with_expert.paligemma.model.language_model.layers.15.self_attn.q_proj.weight (shape: torch.Size([2048, 2048])) - (531192:train_csgo.py:825)
2025-12-18 00:44:43 - INFO -         [TRAINABLE] paligemma_with_expert.paligemma.model.language_model.layers.15.self_attn.k_proj.weight (shape: torch.Size([256, 2048])) - (531192:train_csgo.py:825)
2025-12-18 00:44:43 - INFO -         [TRAINABLE] paligemma_with_expert.paligemma.model.language_model.layers.15.self_attn.v_proj.weight (shape: torch.Size([256, 2048])) - (531192:train_csgo.py:825)
2025-12-18 00:44:43 - INFO -         [TRAINABLE] paligemma_with_expert.paligemma.model.language_model.layers.15.self_attn.o_proj.weight (shape: torch.Size([2048, 2048])) - (531192:train_csgo.py:825)
2025-12-18 00:44:43 - INFO -         [TRAINABLE] paligemma_with_expert.paligemma.model.language_model.layers.15.mlp.gate_proj.weight (shape: torch.Size([16384, 2048])) - (531192:train_csgo.py:825)
2025-12-18 00:44:43 - INFO -         [TRAINABLE] paligemma_with_expert.paligemma.model.language_model.layers.15.mlp.up_proj.weight (shape: torch.Size([16384, 2048])) - (531192:train_csgo.py:825)
2025-12-18 00:44:43 - INFO -         [TRAINABLE] paligemma_with_expert.paligemma.model.language_model.layers.15.mlp.down_proj.weight (shape: torch.Size([2048, 16384])) - (531192:train_csgo.py:825)
2025-12-18 00:44:43 - INFO -         [TRAINABLE] paligemma_with_expert.paligemma.model.language_model.layers.15.input_layernorm.weight (shape: torch.Size([2048])) - (531192:train_csgo.py:825)
2025-12-18 00:44:43 - INFO -         [TRAINABLE] paligemma_with_expert.paligemma.model.language_model.layers.15.post_attention_layernorm.weight (shape: torch.Size([2048])) - (531192:train_csgo.py:825)
2025-12-18 00:44:43 - INFO -         [TRAINABLE] paligemma_with_expert.paligemma.model.language_model.layers.16.self_attn.q_proj.weight (shape: torch.Size([2048, 2048])) - (531192:train_csgo.py:825)
2025-12-18 00:44:43 - INFO -         [TRAINABLE] paligemma_with_expert.paligemma.model.language_model.layers.16.self_attn.k_proj.weight (shape: torch.Size([256, 2048])) - (531192:train_csgo.py:825)
2025-12-18 00:44:43 - INFO -         [TRAINABLE] paligemma_with_expert.paligemma.model.language_model.layers.16.self_attn.v_proj.weight (shape: torch.Size([256, 2048])) - (531192:train_csgo.py:825)
2025-12-18 00:44:43 - INFO -         [TRAINABLE] paligemma_with_expert.paligemma.model.language_model.layers.16.self_attn.o_proj.weight (shape: torch.Size([2048, 2048])) - (531192:train_csgo.py:825)
2025-12-18 00:44:43 - INFO -         [TRAINABLE] paligemma_with_expert.paligemma.model.language_model.layers.16.mlp.gate_proj.weight (shape: torch.Size([16384, 2048])) - (531192:train_csgo.py:825)
2025-12-18 00:44:43 - INFO -         [TRAINABLE] paligemma_with_expert.paligemma.model.language_model.layers.16.mlp.up_proj.weight (shape: torch.Size([16384, 2048])) - (531192:train_csgo.py:825)
2025-12-18 00:44:43 - INFO -         [TRAINABLE] paligemma_with_expert.paligemma.model.language_model.layers.16.mlp.down_proj.weight (shape: torch.Size([2048, 16384])) - (531192:train_csgo.py:825)
2025-12-18 00:44:43 - INFO -         [TRAINABLE] paligemma_with_expert.paligemma.model.language_model.layers.16.input_layernorm.weight (shape: torch.Size([2048])) - (531192:train_csgo.py:825)
2025-12-18 00:44:43 - INFO -         [TRAINABLE] paligemma_with_expert.paligemma.model.language_model.layers.16.post_attention_layernorm.weight (shape: torch.Size([2048])) - (531192:train_csgo.py:825)
2025-12-18 00:44:43 - INFO -         [TRAINABLE] paligemma_with_expert.paligemma.model.language_model.layers.17.self_attn.q_proj.weight (shape: torch.Size([2048, 2048])) - (531192:train_csgo.py:825)
2025-12-18 00:44:43 - INFO -         [TRAINABLE] paligemma_with_expert.paligemma.model.language_model.layers.17.self_attn.k_proj.weight (shape: torch.Size([256, 2048])) - (531192:train_csgo.py:825)
2025-12-18 00:44:43 - INFO -         [TRAINABLE] paligemma_with_expert.paligemma.model.language_model.layers.17.self_attn.v_proj.weight (shape: torch.Size([256, 2048])) - (531192:train_csgo.py:825)
2025-12-18 00:44:43 - INFO -         [TRAINABLE] paligemma_with_expert.paligemma.model.language_model.layers.17.self_attn.o_proj.weight (shape: torch.Size([2048, 2048])) - (531192:train_csgo.py:825)
2025-12-18 00:44:43 - INFO -         [TRAINABLE] paligemma_with_expert.paligemma.model.language_model.layers.17.mlp.gate_proj.weight (shape: torch.Size([16384, 2048])) - (531192:train_csgo.py:825)
2025-12-18 00:44:43 - INFO -         [TRAINABLE] paligemma_with_expert.paligemma.model.language_model.layers.17.mlp.up_proj.weight (shape: torch.Size([16384, 2048])) - (531192:train_csgo.py:825)
2025-12-18 00:44:43 - INFO -         [TRAINABLE] paligemma_with_expert.paligemma.model.language_model.layers.17.mlp.down_proj.weight (shape: torch.Size([2048, 16384])) - (531192:train_csgo.py:825)
2025-12-18 00:44:43 - INFO -         [TRAINABLE] paligemma_with_expert.paligemma.model.language_model.layers.17.input_layernorm.weight (shape: torch.Size([2048])) - (531192:train_csgo.py:825)
2025-12-18 00:44:43 - INFO -         [TRAINABLE] paligemma_with_expert.paligemma.model.language_model.layers.17.post_attention_layernorm.weight (shape: torch.Size([2048])) - (531192:train_csgo.py:825)
2025-12-18 00:44:43 - INFO -         [TRAINABLE] paligemma_with_expert.paligemma.model.language_model.norm.weight (shape: torch.Size([2048])) - (531192:train_csgo.py:825)
2025-12-18 00:44:43 - INFO -         [TRAINABLE] paligemma_with_expert.gemma_expert.model.layers.0.self_attn.q_proj.weight (shape: torch.Size([2048, 1024])) - (531192:train_csgo.py:825)
2025-12-18 00:44:43 - INFO -         [TRAINABLE] paligemma_with_expert.gemma_expert.model.layers.0.self_attn.k_proj.weight (shape: torch.Size([256, 1024])) - (531192:train_csgo.py:825)
2025-12-18 00:44:43 - INFO -         [TRAINABLE] paligemma_with_expert.gemma_expert.model.layers.0.self_attn.v_proj.weight (shape: torch.Size([256, 1024])) - (531192:train_csgo.py:825)
2025-12-18 00:44:43 - INFO -         [TRAINABLE] paligemma_with_expert.gemma_expert.model.layers.0.self_attn.o_proj.weight (shape: torch.Size([1024, 2048])) - (531192:train_csgo.py:825)
2025-12-18 00:44:43 - INFO -         [TRAINABLE] paligemma_with_expert.gemma_expert.model.layers.0.mlp.gate_proj.weight (shape: torch.Size([4096, 1024])) - (531192:train_csgo.py:825)
2025-12-18 00:44:43 - INFO -         [TRAINABLE] paligemma_with_expert.gemma_expert.model.layers.0.mlp.up_proj.weight (shape: torch.Size([4096, 1024])) - (531192:train_csgo.py:825)
2025-12-18 00:44:43 - INFO -         [TRAINABLE] paligemma_with_expert.gemma_expert.model.layers.0.mlp.down_proj.weight (shape: torch.Size([1024, 4096])) - (531192:train_csgo.py:825)
2025-12-18 00:44:43 - INFO -         [TRAINABLE] paligemma_with_expert.gemma_expert.model.layers.0.input_layernorm.dense.weight (shape: torch.Size([3072, 1024])) - (531192:train_csgo.py:825)
2025-12-18 00:44:43 - INFO -         [TRAINABLE] paligemma_with_expert.gemma_expert.model.layers.0.input_layernorm.dense.bias (shape: torch.Size([3072])) - (531192:train_csgo.py:825)
2025-12-18 00:44:43 - INFO -         [TRAINABLE] paligemma_with_expert.gemma_expert.model.layers.0.post_attention_layernorm.dense.weight (shape: torch.Size([3072, 1024])) - (531192:train_csgo.py:825)
2025-12-18 00:44:43 - INFO -         [TRAINABLE] paligemma_with_expert.gemma_expert.model.layers.0.post_attention_layernorm.dense.bias (shape: torch.Size([3072])) - (531192:train_csgo.py:825)
2025-12-18 00:44:43 - INFO -         [TRAINABLE] paligemma_with_expert.gemma_expert.model.layers.1.self_attn.q_proj.weight (shape: torch.Size([2048, 1024])) - (531192:train_csgo.py:825)
2025-12-18 00:44:43 - INFO -         [TRAINABLE] paligemma_with_expert.gemma_expert.model.layers.1.self_attn.k_proj.weight (shape: torch.Size([256, 1024])) - (531192:train_csgo.py:825)
2025-12-18 00:44:43 - INFO -         [TRAINABLE] paligemma_with_expert.gemma_expert.model.layers.1.self_attn.v_proj.weight (shape: torch.Size([256, 1024])) - (531192:train_csgo.py:825)
2025-12-18 00:44:43 - INFO -         [TRAINABLE] paligemma_with_expert.gemma_expert.model.layers.1.self_attn.o_proj.weight (shape: torch.Size([1024, 2048])) - (531192:train_csgo.py:825)
2025-12-18 00:44:43 - INFO -         [TRAINABLE] paligemma_with_expert.gemma_expert.model.layers.1.mlp.gate_proj.weight (shape: torch.Size([4096, 1024])) - (531192:train_csgo.py:825)
2025-12-18 00:44:43 - INFO -         [TRAINABLE] paligemma_with_expert.gemma_expert.model.layers.1.mlp.up_proj.weight (shape: torch.Size([4096, 1024])) - (531192:train_csgo.py:825)
2025-12-18 00:44:43 - INFO -         [TRAINABLE] paligemma_with_expert.gemma_expert.model.layers.1.mlp.down_proj.weight (shape: torch.Size([1024, 4096])) - (531192:train_csgo.py:825)
2025-12-18 00:44:43 - INFO -         [TRAINABLE] paligemma_with_expert.gemma_expert.model.layers.1.input_layernorm.dense.weight (shape: torch.Size([3072, 1024])) - (531192:train_csgo.py:825)
2025-12-18 00:44:43 - INFO -         [TRAINABLE] paligemma_with_expert.gemma_expert.model.layers.1.input_layernorm.dense.bias (shape: torch.Size([3072])) - (531192:train_csgo.py:825)
2025-12-18 00:44:43 - INFO -         [TRAINABLE] paligemma_with_expert.gemma_expert.model.layers.1.post_attention_layernorm.dense.weight (shape: torch.Size([3072, 1024])) - (531192:train_csgo.py:825)
2025-12-18 00:44:43 - INFO -         [TRAINABLE] paligemma_with_expert.gemma_expert.model.layers.1.post_attention_layernorm.dense.bias (shape: torch.Size([3072])) - (531192:train_csgo.py:825)
2025-12-18 00:44:43 - INFO -         [TRAINABLE] paligemma_with_expert.gemma_expert.model.layers.2.self_attn.q_proj.weight (shape: torch.Size([2048, 1024])) - (531192:train_csgo.py:825)
2025-12-18 00:44:43 - INFO -         [TRAINABLE] paligemma_with_expert.gemma_expert.model.layers.2.self_attn.k_proj.weight (shape: torch.Size([256, 1024])) - (531192:train_csgo.py:825)
2025-12-18 00:44:43 - INFO -         [TRAINABLE] paligemma_with_expert.gemma_expert.model.layers.2.self_attn.v_proj.weight (shape: torch.Size([256, 1024])) - (531192:train_csgo.py:825)
2025-12-18 00:44:43 - INFO -         [TRAINABLE] paligemma_with_expert.gemma_expert.model.layers.2.self_attn.o_proj.weight (shape: torch.Size([1024, 2048])) - (531192:train_csgo.py:825)
2025-12-18 00:44:43 - INFO -         [TRAINABLE] paligemma_with_expert.gemma_expert.model.layers.2.mlp.gate_proj.weight (shape: torch.Size([4096, 1024])) - (531192:train_csgo.py:825)
2025-12-18 00:44:43 - INFO -         [TRAINABLE] paligemma_with_expert.gemma_expert.model.layers.2.mlp.up_proj.weight (shape: torch.Size([4096, 1024])) - (531192:train_csgo.py:825)
2025-12-18 00:44:43 - INFO -         [TRAINABLE] paligemma_with_expert.gemma_expert.model.layers.2.mlp.down_proj.weight (shape: torch.Size([1024, 4096])) - (531192:train_csgo.py:825)
2025-12-18 00:44:43 - INFO -         [TRAINABLE] paligemma_with_expert.gemma_expert.model.layers.2.input_layernorm.dense.weight (shape: torch.Size([3072, 1024])) - (531192:train_csgo.py:825)
2025-12-18 00:44:43 - INFO -         [TRAINABLE] paligemma_with_expert.gemma_expert.model.layers.2.input_layernorm.dense.bias (shape: torch.Size([3072])) - (531192:train_csgo.py:825)
2025-12-18 00:44:43 - INFO -         [TRAINABLE] paligemma_with_expert.gemma_expert.model.layers.2.post_attention_layernorm.dense.weight (shape: torch.Size([3072, 1024])) - (531192:train_csgo.py:825)
2025-12-18 00:44:43 - INFO -         [TRAINABLE] paligemma_with_expert.gemma_expert.model.layers.2.post_attention_layernorm.dense.bias (shape: torch.Size([3072])) - (531192:train_csgo.py:825)
2025-12-18 00:44:43 - INFO -         [TRAINABLE] paligemma_with_expert.gemma_expert.model.layers.3.self_attn.q_proj.weight (shape: torch.Size([2048, 1024])) - (531192:train_csgo.py:825)
2025-12-18 00:44:43 - INFO -         [TRAINABLE] paligemma_with_expert.gemma_expert.model.layers.3.self_attn.k_proj.weight (shape: torch.Size([256, 1024])) - (531192:train_csgo.py:825)
2025-12-18 00:44:43 - INFO -         [TRAINABLE] paligemma_with_expert.gemma_expert.model.layers.3.self_attn.v_proj.weight (shape: torch.Size([256, 1024])) - (531192:train_csgo.py:825)
2025-12-18 00:44:43 - INFO -         [TRAINABLE] paligemma_with_expert.gemma_expert.model.layers.3.self_attn.o_proj.weight (shape: torch.Size([1024, 2048])) - (531192:train_csgo.py:825)
2025-12-18 00:44:43 - INFO -         [TRAINABLE] paligemma_with_expert.gemma_expert.model.layers.3.mlp.gate_proj.weight (shape: torch.Size([4096, 1024])) - (531192:train_csgo.py:825)
2025-12-18 00:44:43 - INFO -         [TRAINABLE] paligemma_with_expert.gemma_expert.model.layers.3.mlp.up_proj.weight (shape: torch.Size([4096, 1024])) - (531192:train_csgo.py:825)
2025-12-18 00:44:43 - INFO -         [TRAINABLE] paligemma_with_expert.gemma_expert.model.layers.3.mlp.down_proj.weight (shape: torch.Size([1024, 4096])) - (531192:train_csgo.py:825)
2025-12-18 00:44:43 - INFO -         [TRAINABLE] paligemma_with_expert.gemma_expert.model.layers.3.input_layernorm.dense.weight (shape: torch.Size([3072, 1024])) - (531192:train_csgo.py:825)
2025-12-18 00:44:43 - INFO -         [TRAINABLE] paligemma_with_expert.gemma_expert.model.layers.3.input_layernorm.dense.bias (shape: torch.Size([3072])) - (531192:train_csgo.py:825)
2025-12-18 00:44:43 - INFO -         [TRAINABLE] paligemma_with_expert.gemma_expert.model.layers.3.post_attention_layernorm.dense.weight (shape: torch.Size([3072, 1024])) - (531192:train_csgo.py:825)
2025-12-18 00:44:43 - INFO -         [TRAINABLE] paligemma_with_expert.gemma_expert.model.layers.3.post_attention_layernorm.dense.bias (shape: torch.Size([3072])) - (531192:train_csgo.py:825)
2025-12-18 00:44:43 - INFO -         [TRAINABLE] paligemma_with_expert.gemma_expert.model.layers.4.self_attn.q_proj.weight (shape: torch.Size([2048, 1024])) - (531192:train_csgo.py:825)
2025-12-18 00:44:43 - INFO -         [TRAINABLE] paligemma_with_expert.gemma_expert.model.layers.4.self_attn.k_proj.weight (shape: torch.Size([256, 1024])) - (531192:train_csgo.py:825)
2025-12-18 00:44:43 - INFO -         [TRAINABLE] paligemma_with_expert.gemma_expert.model.layers.4.self_attn.v_proj.weight (shape: torch.Size([256, 1024])) - (531192:train_csgo.py:825)
2025-12-18 00:44:43 - INFO -         [TRAINABLE] paligemma_with_expert.gemma_expert.model.layers.4.self_attn.o_proj.weight (shape: torch.Size([1024, 2048])) - (531192:train_csgo.py:825)
2025-12-18 00:44:43 - INFO -         [TRAINABLE] paligemma_with_expert.gemma_expert.model.layers.4.mlp.gate_proj.weight (shape: torch.Size([4096, 1024])) - (531192:train_csgo.py:825)
2025-12-18 00:44:43 - INFO -         [TRAINABLE] paligemma_with_expert.gemma_expert.model.layers.4.mlp.up_proj.weight (shape: torch.Size([4096, 1024])) - (531192:train_csgo.py:825)
2025-12-18 00:44:43 - INFO -         [TRAINABLE] paligemma_with_expert.gemma_expert.model.layers.4.mlp.down_proj.weight (shape: torch.Size([1024, 4096])) - (531192:train_csgo.py:825)
2025-12-18 00:44:43 - INFO -         [TRAINABLE] paligemma_with_expert.gemma_expert.model.layers.4.input_layernorm.dense.weight (shape: torch.Size([3072, 1024])) - (531192:train_csgo.py:825)
2025-12-18 00:44:43 - INFO -         [TRAINABLE] paligemma_with_expert.gemma_expert.model.layers.4.input_layernorm.dense.bias (shape: torch.Size([3072])) - (531192:train_csgo.py:825)
2025-12-18 00:44:43 - INFO -         [TRAINABLE] paligemma_with_expert.gemma_expert.model.layers.4.post_attention_layernorm.dense.weight (shape: torch.Size([3072, 1024])) - (531192:train_csgo.py:825)
2025-12-18 00:44:43 - INFO -         [TRAINABLE] paligemma_with_expert.gemma_expert.model.layers.4.post_attention_layernorm.dense.bias (shape: torch.Size([3072])) - (531192:train_csgo.py:825)
2025-12-18 00:44:43 - INFO -         [TRAINABLE] paligemma_with_expert.gemma_expert.model.layers.5.self_attn.q_proj.weight (shape: torch.Size([2048, 1024])) - (531192:train_csgo.py:825)
2025-12-18 00:44:43 - INFO -         [TRAINABLE] paligemma_with_expert.gemma_expert.model.layers.5.self_attn.k_proj.weight (shape: torch.Size([256, 1024])) - (531192:train_csgo.py:825)
2025-12-18 00:44:43 - INFO -         [TRAINABLE] paligemma_with_expert.gemma_expert.model.layers.5.self_attn.v_proj.weight (shape: torch.Size([256, 1024])) - (531192:train_csgo.py:825)
2025-12-18 00:44:43 - INFO -         [TRAINABLE] paligemma_with_expert.gemma_expert.model.layers.5.self_attn.o_proj.weight (shape: torch.Size([1024, 2048])) - (531192:train_csgo.py:825)
2025-12-18 00:44:43 - INFO -         [TRAINABLE] paligemma_with_expert.gemma_expert.model.layers.5.mlp.gate_proj.weight (shape: torch.Size([4096, 1024])) - (531192:train_csgo.py:825)
2025-12-18 00:44:43 - INFO -         [TRAINABLE] paligemma_with_expert.gemma_expert.model.layers.5.mlp.up_proj.weight (shape: torch.Size([4096, 1024])) - (531192:train_csgo.py:825)
2025-12-18 00:44:43 - INFO -         [TRAINABLE] paligemma_with_expert.gemma_expert.model.layers.5.mlp.down_proj.weight (shape: torch.Size([1024, 4096])) - (531192:train_csgo.py:825)
2025-12-18 00:44:43 - INFO -         [TRAINABLE] paligemma_with_expert.gemma_expert.model.layers.5.input_layernorm.dense.weight (shape: torch.Size([3072, 1024])) - (531192:train_csgo.py:825)
2025-12-18 00:44:43 - INFO -         [TRAINABLE] paligemma_with_expert.gemma_expert.model.layers.5.input_layernorm.dense.bias (shape: torch.Size([3072])) - (531192:train_csgo.py:825)
2025-12-18 00:44:43 - INFO -         [TRAINABLE] paligemma_with_expert.gemma_expert.model.layers.5.post_attention_layernorm.dense.weight (shape: torch.Size([3072, 1024])) - (531192:train_csgo.py:825)
2025-12-18 00:44:43 - INFO -         [TRAINABLE] paligemma_with_expert.gemma_expert.model.layers.5.post_attention_layernorm.dense.bias (shape: torch.Size([3072])) - (531192:train_csgo.py:825)
2025-12-18 00:44:43 - INFO -         [TRAINABLE] paligemma_with_expert.gemma_expert.model.layers.6.self_attn.q_proj.weight (shape: torch.Size([2048, 1024])) - (531192:train_csgo.py:825)
2025-12-18 00:44:43 - INFO -         [TRAINABLE] paligemma_with_expert.gemma_expert.model.layers.6.self_attn.k_proj.weight (shape: torch.Size([256, 1024])) - (531192:train_csgo.py:825)
2025-12-18 00:44:43 - INFO -         [TRAINABLE] paligemma_with_expert.gemma_expert.model.layers.6.self_attn.v_proj.weight (shape: torch.Size([256, 1024])) - (531192:train_csgo.py:825)
2025-12-18 00:44:43 - INFO -         [TRAINABLE] paligemma_with_expert.gemma_expert.model.layers.6.self_attn.o_proj.weight (shape: torch.Size([1024, 2048])) - (531192:train_csgo.py:825)
2025-12-18 00:44:43 - INFO -         [TRAINABLE] paligemma_with_expert.gemma_expert.model.layers.6.mlp.gate_proj.weight (shape: torch.Size([4096, 1024])) - (531192:train_csgo.py:825)
2025-12-18 00:44:43 - INFO -         [TRAINABLE] paligemma_with_expert.gemma_expert.model.layers.6.mlp.up_proj.weight (shape: torch.Size([4096, 1024])) - (531192:train_csgo.py:825)
2025-12-18 00:44:43 - INFO -         [TRAINABLE] paligemma_with_expert.gemma_expert.model.layers.6.mlp.down_proj.weight (shape: torch.Size([1024, 4096])) - (531192:train_csgo.py:825)
2025-12-18 00:44:43 - INFO -         [TRAINABLE] paligemma_with_expert.gemma_expert.model.layers.6.input_layernorm.dense.weight (shape: torch.Size([3072, 1024])) - (531192:train_csgo.py:825)
2025-12-18 00:44:43 - INFO -         [TRAINABLE] paligemma_with_expert.gemma_expert.model.layers.6.input_layernorm.dense.bias (shape: torch.Size([3072])) - (531192:train_csgo.py:825)
2025-12-18 00:44:43 - INFO -         [TRAINABLE] paligemma_with_expert.gemma_expert.model.layers.6.post_attention_layernorm.dense.weight (shape: torch.Size([3072, 1024])) - (531192:train_csgo.py:825)
2025-12-18 00:44:43 - INFO -         [TRAINABLE] paligemma_with_expert.gemma_expert.model.layers.6.post_attention_layernorm.dense.bias (shape: torch.Size([3072])) - (531192:train_csgo.py:825)
2025-12-18 00:44:43 - INFO -         [TRAINABLE] paligemma_with_expert.gemma_expert.model.layers.7.self_attn.q_proj.weight (shape: torch.Size([2048, 1024])) - (531192:train_csgo.py:825)
2025-12-18 00:44:43 - INFO -         [TRAINABLE] paligemma_with_expert.gemma_expert.model.layers.7.self_attn.k_proj.weight (shape: torch.Size([256, 1024])) - (531192:train_csgo.py:825)
2025-12-18 00:44:43 - INFO -         [TRAINABLE] paligemma_with_expert.gemma_expert.model.layers.7.self_attn.v_proj.weight (shape: torch.Size([256, 1024])) - (531192:train_csgo.py:825)
2025-12-18 00:44:43 - INFO -         [TRAINABLE] paligemma_with_expert.gemma_expert.model.layers.7.self_attn.o_proj.weight (shape: torch.Size([1024, 2048])) - (531192:train_csgo.py:825)
2025-12-18 00:44:43 - INFO -         [TRAINABLE] paligemma_with_expert.gemma_expert.model.layers.7.mlp.gate_proj.weight (shape: torch.Size([4096, 1024])) - (531192:train_csgo.py:825)
2025-12-18 00:44:43 - INFO -         [TRAINABLE] paligemma_with_expert.gemma_expert.model.layers.7.mlp.up_proj.weight (shape: torch.Size([4096, 1024])) - (531192:train_csgo.py:825)
2025-12-18 00:44:43 - INFO -         [TRAINABLE] paligemma_with_expert.gemma_expert.model.layers.7.mlp.down_proj.weight (shape: torch.Size([1024, 4096])) - (531192:train_csgo.py:825)
2025-12-18 00:44:43 - INFO -         [TRAINABLE] paligemma_with_expert.gemma_expert.model.layers.7.input_layernorm.dense.weight (shape: torch.Size([3072, 1024])) - (531192:train_csgo.py:825)
2025-12-18 00:44:43 - INFO -         [TRAINABLE] paligemma_with_expert.gemma_expert.model.layers.7.input_layernorm.dense.bias (shape: torch.Size([3072])) - (531192:train_csgo.py:825)
2025-12-18 00:44:43 - INFO -         [TRAINABLE] paligemma_with_expert.gemma_expert.model.layers.7.post_attention_layernorm.dense.weight (shape: torch.Size([3072, 1024])) - (531192:train_csgo.py:825)
2025-12-18 00:44:43 - INFO -         [TRAINABLE] paligemma_with_expert.gemma_expert.model.layers.7.post_attention_layernorm.dense.bias (shape: torch.Size([3072])) - (531192:train_csgo.py:825)
2025-12-18 00:44:43 - INFO -         [TRAINABLE] paligemma_with_expert.gemma_expert.model.layers.8.self_attn.q_proj.weight (shape: torch.Size([2048, 1024])) - (531192:train_csgo.py:825)
2025-12-18 00:44:43 - INFO -         [TRAINABLE] paligemma_with_expert.gemma_expert.model.layers.8.self_attn.k_proj.weight (shape: torch.Size([256, 1024])) - (531192:train_csgo.py:825)
2025-12-18 00:44:43 - INFO -         [TRAINABLE] paligemma_with_expert.gemma_expert.model.layers.8.self_attn.v_proj.weight (shape: torch.Size([256, 1024])) - (531192:train_csgo.py:825)
2025-12-18 00:44:43 - INFO -         [TRAINABLE] paligemma_with_expert.gemma_expert.model.layers.8.self_attn.o_proj.weight (shape: torch.Size([1024, 2048])) - (531192:train_csgo.py:825)
2025-12-18 00:44:43 - INFO -         [TRAINABLE] paligemma_with_expert.gemma_expert.model.layers.8.mlp.gate_proj.weight (shape: torch.Size([4096, 1024])) - (531192:train_csgo.py:825)
2025-12-18 00:44:43 - INFO -         [TRAINABLE] paligemma_with_expert.gemma_expert.model.layers.8.mlp.up_proj.weight (shape: torch.Size([4096, 1024])) - (531192:train_csgo.py:825)
2025-12-18 00:44:43 - INFO -         [TRAINABLE] paligemma_with_expert.gemma_expert.model.layers.8.mlp.down_proj.weight (shape: torch.Size([1024, 4096])) - (531192:train_csgo.py:825)
2025-12-18 00:44:43 - INFO -         [TRAINABLE] paligemma_with_expert.gemma_expert.model.layers.8.input_layernorm.dense.weight (shape: torch.Size([3072, 1024])) - (531192:train_csgo.py:825)
2025-12-18 00:44:43 - INFO -         [TRAINABLE] paligemma_with_expert.gemma_expert.model.layers.8.input_layernorm.dense.bias (shape: torch.Size([3072])) - (531192:train_csgo.py:825)
2025-12-18 00:44:43 - INFO -         [TRAINABLE] paligemma_with_expert.gemma_expert.model.layers.8.post_attention_layernorm.dense.weight (shape: torch.Size([3072, 1024])) - (531192:train_csgo.py:825)
2025-12-18 00:44:43 - INFO -         [TRAINABLE] paligemma_with_expert.gemma_expert.model.layers.8.post_attention_layernorm.dense.bias (shape: torch.Size([3072])) - (531192:train_csgo.py:825)
2025-12-18 00:44:43 - INFO -         [TRAINABLE] paligemma_with_expert.gemma_expert.model.layers.9.self_attn.q_proj.weight (shape: torch.Size([2048, 1024])) - (531192:train_csgo.py:825)
2025-12-18 00:44:43 - INFO -         [TRAINABLE] paligemma_with_expert.gemma_expert.model.layers.9.self_attn.k_proj.weight (shape: torch.Size([256, 1024])) - (531192:train_csgo.py:825)
2025-12-18 00:44:43 - INFO -         [TRAINABLE] paligemma_with_expert.gemma_expert.model.layers.9.self_attn.v_proj.weight (shape: torch.Size([256, 1024])) - (531192:train_csgo.py:825)
2025-12-18 00:44:43 - INFO -         [TRAINABLE] paligemma_with_expert.gemma_expert.model.layers.9.self_attn.o_proj.weight (shape: torch.Size([1024, 2048])) - (531192:train_csgo.py:825)
2025-12-18 00:44:43 - INFO -         [TRAINABLE] paligemma_with_expert.gemma_expert.model.layers.9.mlp.gate_proj.weight (shape: torch.Size([4096, 1024])) - (531192:train_csgo.py:825)
2025-12-18 00:44:43 - INFO -         [TRAINABLE] paligemma_with_expert.gemma_expert.model.layers.9.mlp.up_proj.weight (shape: torch.Size([4096, 1024])) - (531192:train_csgo.py:825)
2025-12-18 00:44:43 - INFO -         [TRAINABLE] paligemma_with_expert.gemma_expert.model.layers.9.mlp.down_proj.weight (shape: torch.Size([1024, 4096])) - (531192:train_csgo.py:825)
2025-12-18 00:44:43 - INFO -         [TRAINABLE] paligemma_with_expert.gemma_expert.model.layers.9.input_layernorm.dense.weight (shape: torch.Size([3072, 1024])) - (531192:train_csgo.py:825)
2025-12-18 00:44:43 - INFO -         [TRAINABLE] paligemma_with_expert.gemma_expert.model.layers.9.input_layernorm.dense.bias (shape: torch.Size([3072])) - (531192:train_csgo.py:825)
2025-12-18 00:44:43 - INFO -         [TRAINABLE] paligemma_with_expert.gemma_expert.model.layers.9.post_attention_layernorm.dense.weight (shape: torch.Size([3072, 1024])) - (531192:train_csgo.py:825)
2025-12-18 00:44:43 - INFO -         [TRAINABLE] paligemma_with_expert.gemma_expert.model.layers.9.post_attention_layernorm.dense.bias (shape: torch.Size([3072])) - (531192:train_csgo.py:825)
2025-12-18 00:44:43 - INFO -         [TRAINABLE] paligemma_with_expert.gemma_expert.model.layers.10.self_attn.q_proj.weight (shape: torch.Size([2048, 1024])) - (531192:train_csgo.py:825)
2025-12-18 00:44:43 - INFO -         [TRAINABLE] paligemma_with_expert.gemma_expert.model.layers.10.self_attn.k_proj.weight (shape: torch.Size([256, 1024])) - (531192:train_csgo.py:825)
2025-12-18 00:44:43 - INFO -         [TRAINABLE] paligemma_with_expert.gemma_expert.model.layers.10.self_attn.v_proj.weight (shape: torch.Size([256, 1024])) - (531192:train_csgo.py:825)
2025-12-18 00:44:43 - INFO -         [TRAINABLE] paligemma_with_expert.gemma_expert.model.layers.10.self_attn.o_proj.weight (shape: torch.Size([1024, 2048])) - (531192:train_csgo.py:825)
2025-12-18 00:44:43 - INFO -         [TRAINABLE] paligemma_with_expert.gemma_expert.model.layers.10.mlp.gate_proj.weight (shape: torch.Size([4096, 1024])) - (531192:train_csgo.py:825)
2025-12-18 00:44:43 - INFO -         [TRAINABLE] paligemma_with_expert.gemma_expert.model.layers.10.mlp.up_proj.weight (shape: torch.Size([4096, 1024])) - (531192:train_csgo.py:825)
2025-12-18 00:44:43 - INFO -         [TRAINABLE] paligemma_with_expert.gemma_expert.model.layers.10.mlp.down_proj.weight (shape: torch.Size([1024, 4096])) - (531192:train_csgo.py:825)
2025-12-18 00:44:43 - INFO -         [TRAINABLE] paligemma_with_expert.gemma_expert.model.layers.10.input_layernorm.dense.weight (shape: torch.Size([3072, 1024])) - (531192:train_csgo.py:825)
2025-12-18 00:44:43 - INFO -         [TRAINABLE] paligemma_with_expert.gemma_expert.model.layers.10.input_layernorm.dense.bias (shape: torch.Size([3072])) - (531192:train_csgo.py:825)
2025-12-18 00:44:43 - INFO -         [TRAINABLE] paligemma_with_expert.gemma_expert.model.layers.10.post_attention_layernorm.dense.weight (shape: torch.Size([3072, 1024])) - (531192:train_csgo.py:825)
2025-12-18 00:44:43 - INFO -         [TRAINABLE] paligemma_with_expert.gemma_expert.model.layers.10.post_attention_layernorm.dense.bias (shape: torch.Size([3072])) - (531192:train_csgo.py:825)
2025-12-18 00:44:43 - INFO -         [TRAINABLE] paligemma_with_expert.gemma_expert.model.layers.11.self_attn.q_proj.weight (shape: torch.Size([2048, 1024])) - (531192:train_csgo.py:825)
2025-12-18 00:44:43 - INFO -         [TRAINABLE] paligemma_with_expert.gemma_expert.model.layers.11.self_attn.k_proj.weight (shape: torch.Size([256, 1024])) - (531192:train_csgo.py:825)
2025-12-18 00:44:43 - INFO -         [TRAINABLE] paligemma_with_expert.gemma_expert.model.layers.11.self_attn.v_proj.weight (shape: torch.Size([256, 1024])) - (531192:train_csgo.py:825)
2025-12-18 00:44:43 - INFO -         [TRAINABLE] paligemma_with_expert.gemma_expert.model.layers.11.self_attn.o_proj.weight (shape: torch.Size([1024, 2048])) - (531192:train_csgo.py:825)
2025-12-18 00:44:43 - INFO -         [TRAINABLE] paligemma_with_expert.gemma_expert.model.layers.11.mlp.gate_proj.weight (shape: torch.Size([4096, 1024])) - (531192:train_csgo.py:825)
2025-12-18 00:44:43 - INFO -         [TRAINABLE] paligemma_with_expert.gemma_expert.model.layers.11.mlp.up_proj.weight (shape: torch.Size([4096, 1024])) - (531192:train_csgo.py:825)
2025-12-18 00:44:43 - INFO -         [TRAINABLE] paligemma_with_expert.gemma_expert.model.layers.11.mlp.down_proj.weight (shape: torch.Size([1024, 4096])) - (531192:train_csgo.py:825)
2025-12-18 00:44:43 - INFO -         [TRAINABLE] paligemma_with_expert.gemma_expert.model.layers.11.input_layernorm.dense.weight (shape: torch.Size([3072, 1024])) - (531192:train_csgo.py:825)
2025-12-18 00:44:43 - INFO -         [TRAINABLE] paligemma_with_expert.gemma_expert.model.layers.11.input_layernorm.dense.bias (shape: torch.Size([3072])) - (531192:train_csgo.py:825)
2025-12-18 00:44:43 - INFO -         [TRAINABLE] paligemma_with_expert.gemma_expert.model.layers.11.post_attention_layernorm.dense.weight (shape: torch.Size([3072, 1024])) - (531192:train_csgo.py:825)
2025-12-18 00:44:43 - INFO -         [TRAINABLE] paligemma_with_expert.gemma_expert.model.layers.11.post_attention_layernorm.dense.bias (shape: torch.Size([3072])) - (531192:train_csgo.py:825)
2025-12-18 00:44:43 - INFO -         [TRAINABLE] paligemma_with_expert.gemma_expert.model.layers.12.self_attn.q_proj.weight (shape: torch.Size([2048, 1024])) - (531192:train_csgo.py:825)
2025-12-18 00:44:43 - INFO -         [TRAINABLE] paligemma_with_expert.gemma_expert.model.layers.12.self_attn.k_proj.weight (shape: torch.Size([256, 1024])) - (531192:train_csgo.py:825)
2025-12-18 00:44:43 - INFO -         [TRAINABLE] paligemma_with_expert.gemma_expert.model.layers.12.self_attn.v_proj.weight (shape: torch.Size([256, 1024])) - (531192:train_csgo.py:825)
2025-12-18 00:44:43 - INFO -         [TRAINABLE] paligemma_with_expert.gemma_expert.model.layers.12.self_attn.o_proj.weight (shape: torch.Size([1024, 2048])) - (531192:train_csgo.py:825)
2025-12-18 00:44:43 - INFO -         [TRAINABLE] paligemma_with_expert.gemma_expert.model.layers.12.mlp.gate_proj.weight (shape: torch.Size([4096, 1024])) - (531192:train_csgo.py:825)
2025-12-18 00:44:43 - INFO -         [TRAINABLE] paligemma_with_expert.gemma_expert.model.layers.12.mlp.up_proj.weight (shape: torch.Size([4096, 1024])) - (531192:train_csgo.py:825)
2025-12-18 00:44:43 - INFO -         [TRAINABLE] paligemma_with_expert.gemma_expert.model.layers.12.mlp.down_proj.weight (shape: torch.Size([1024, 4096])) - (531192:train_csgo.py:825)
2025-12-18 00:44:43 - INFO -         [TRAINABLE] paligemma_with_expert.gemma_expert.model.layers.12.input_layernorm.dense.weight (shape: torch.Size([3072, 1024])) - (531192:train_csgo.py:825)
2025-12-18 00:44:43 - INFO -         [TRAINABLE] paligemma_with_expert.gemma_expert.model.layers.12.input_layernorm.dense.bias (shape: torch.Size([3072])) - (531192:train_csgo.py:825)
2025-12-18 00:44:43 - INFO -         [TRAINABLE] paligemma_with_expert.gemma_expert.model.layers.12.post_attention_layernorm.dense.weight (shape: torch.Size([3072, 1024])) - (531192:train_csgo.py:825)
2025-12-18 00:44:43 - INFO -         [TRAINABLE] paligemma_with_expert.gemma_expert.model.layers.12.post_attention_layernorm.dense.bias (shape: torch.Size([3072])) - (531192:train_csgo.py:825)
2025-12-18 00:44:43 - INFO -         [TRAINABLE] paligemma_with_expert.gemma_expert.model.layers.13.self_attn.q_proj.weight (shape: torch.Size([2048, 1024])) - (531192:train_csgo.py:825)
2025-12-18 00:44:43 - INFO -         [TRAINABLE] paligemma_with_expert.gemma_expert.model.layers.13.self_attn.k_proj.weight (shape: torch.Size([256, 1024])) - (531192:train_csgo.py:825)
2025-12-18 00:44:43 - INFO -         [TRAINABLE] paligemma_with_expert.gemma_expert.model.layers.13.self_attn.v_proj.weight (shape: torch.Size([256, 1024])) - (531192:train_csgo.py:825)
2025-12-18 00:44:43 - INFO -         [TRAINABLE] paligemma_with_expert.gemma_expert.model.layers.13.self_attn.o_proj.weight (shape: torch.Size([1024, 2048])) - (531192:train_csgo.py:825)
2025-12-18 00:44:43 - INFO -         [TRAINABLE] paligemma_with_expert.gemma_expert.model.layers.13.mlp.gate_proj.weight (shape: torch.Size([4096, 1024])) - (531192:train_csgo.py:825)
2025-12-18 00:44:43 - INFO -         [TRAINABLE] paligemma_with_expert.gemma_expert.model.layers.13.mlp.up_proj.weight (shape: torch.Size([4096, 1024])) - (531192:train_csgo.py:825)
2025-12-18 00:44:43 - INFO -         [TRAINABLE] paligemma_with_expert.gemma_expert.model.layers.13.mlp.down_proj.weight (shape: torch.Size([1024, 4096])) - (531192:train_csgo.py:825)
2025-12-18 00:44:43 - INFO -         [TRAINABLE] paligemma_with_expert.gemma_expert.model.layers.13.input_layernorm.dense.weight (shape: torch.Size([3072, 1024])) - (531192:train_csgo.py:825)
2025-12-18 00:44:43 - INFO -         [TRAINABLE] paligemma_with_expert.gemma_expert.model.layers.13.input_layernorm.dense.bias (shape: torch.Size([3072])) - (531192:train_csgo.py:825)
2025-12-18 00:44:43 - INFO -         [TRAINABLE] paligemma_with_expert.gemma_expert.model.layers.13.post_attention_layernorm.dense.weight (shape: torch.Size([3072, 1024])) - (531192:train_csgo.py:825)
2025-12-18 00:44:43 - INFO -         [TRAINABLE] paligemma_with_expert.gemma_expert.model.layers.13.post_attention_layernorm.dense.bias (shape: torch.Size([3072])) - (531192:train_csgo.py:825)
2025-12-18 00:44:43 - INFO -         [TRAINABLE] paligemma_with_expert.gemma_expert.model.layers.14.self_attn.q_proj.weight (shape: torch.Size([2048, 1024])) - (531192:train_csgo.py:825)
2025-12-18 00:44:43 - INFO -         [TRAINABLE] paligemma_with_expert.gemma_expert.model.layers.14.self_attn.k_proj.weight (shape: torch.Size([256, 1024])) - (531192:train_csgo.py:825)
2025-12-18 00:44:43 - INFO -         [TRAINABLE] paligemma_with_expert.gemma_expert.model.layers.14.self_attn.v_proj.weight (shape: torch.Size([256, 1024])) - (531192:train_csgo.py:825)
2025-12-18 00:44:43 - INFO -         [TRAINABLE] paligemma_with_expert.gemma_expert.model.layers.14.self_attn.o_proj.weight (shape: torch.Size([1024, 2048])) - (531192:train_csgo.py:825)
2025-12-18 00:44:43 - INFO -         [TRAINABLE] paligemma_with_expert.gemma_expert.model.layers.14.mlp.gate_proj.weight (shape: torch.Size([4096, 1024])) - (531192:train_csgo.py:825)
2025-12-18 00:44:43 - INFO -         [TRAINABLE] paligemma_with_expert.gemma_expert.model.layers.14.mlp.up_proj.weight (shape: torch.Size([4096, 1024])) - (531192:train_csgo.py:825)
2025-12-18 00:44:43 - INFO -         [TRAINABLE] paligemma_with_expert.gemma_expert.model.layers.14.mlp.down_proj.weight (shape: torch.Size([1024, 4096])) - (531192:train_csgo.py:825)
2025-12-18 00:44:43 - INFO -         [TRAINABLE] paligemma_with_expert.gemma_expert.model.layers.14.input_layernorm.dense.weight (shape: torch.Size([3072, 1024])) - (531192:train_csgo.py:825)
2025-12-18 00:44:43 - INFO -         [TRAINABLE] paligemma_with_expert.gemma_expert.model.layers.14.input_layernorm.dense.bias (shape: torch.Size([3072])) - (531192:train_csgo.py:825)
2025-12-18 00:44:43 - INFO -         [TRAINABLE] paligemma_with_expert.gemma_expert.model.layers.14.post_attention_layernorm.dense.weight (shape: torch.Size([3072, 1024])) - (531192:train_csgo.py:825)
2025-12-18 00:44:43 - INFO -         [TRAINABLE] paligemma_with_expert.gemma_expert.model.layers.14.post_attention_layernorm.dense.bias (shape: torch.Size([3072])) - (531192:train_csgo.py:825)
2025-12-18 00:44:43 - INFO -         [TRAINABLE] paligemma_with_expert.gemma_expert.model.layers.15.self_attn.q_proj.weight (shape: torch.Size([2048, 1024])) - (531192:train_csgo.py:825)
2025-12-18 00:44:43 - INFO -         [TRAINABLE] paligemma_with_expert.gemma_expert.model.layers.15.self_attn.k_proj.weight (shape: torch.Size([256, 1024])) - (531192:train_csgo.py:825)
2025-12-18 00:44:43 - INFO -         [TRAINABLE] paligemma_with_expert.gemma_expert.model.layers.15.self_attn.v_proj.weight (shape: torch.Size([256, 1024])) - (531192:train_csgo.py:825)
2025-12-18 00:44:43 - INFO -         [TRAINABLE] paligemma_with_expert.gemma_expert.model.layers.15.self_attn.o_proj.weight (shape: torch.Size([1024, 2048])) - (531192:train_csgo.py:825)
2025-12-18 00:44:43 - INFO -         [TRAINABLE] paligemma_with_expert.gemma_expert.model.layers.15.mlp.gate_proj.weight (shape: torch.Size([4096, 1024])) - (531192:train_csgo.py:825)
2025-12-18 00:44:43 - INFO -         [TRAINABLE] paligemma_with_expert.gemma_expert.model.layers.15.mlp.up_proj.weight (shape: torch.Size([4096, 1024])) - (531192:train_csgo.py:825)
2025-12-18 00:44:43 - INFO -         [TRAINABLE] paligemma_with_expert.gemma_expert.model.layers.15.mlp.down_proj.weight (shape: torch.Size([1024, 4096])) - (531192:train_csgo.py:825)
2025-12-18 00:44:43 - INFO -         [TRAINABLE] paligemma_with_expert.gemma_expert.model.layers.15.input_layernorm.dense.weight (shape: torch.Size([3072, 1024])) - (531192:train_csgo.py:825)
2025-12-18 00:44:43 - INFO -         [TRAINABLE] paligemma_with_expert.gemma_expert.model.layers.15.input_layernorm.dense.bias (shape: torch.Size([3072])) - (531192:train_csgo.py:825)
2025-12-18 00:44:43 - INFO -         [TRAINABLE] paligemma_with_expert.gemma_expert.model.layers.15.post_attention_layernorm.dense.weight (shape: torch.Size([3072, 1024])) - (531192:train_csgo.py:825)
2025-12-18 00:44:43 - INFO -         [TRAINABLE] paligemma_with_expert.gemma_expert.model.layers.15.post_attention_layernorm.dense.bias (shape: torch.Size([3072])) - (531192:train_csgo.py:825)
2025-12-18 00:44:43 - INFO -         [TRAINABLE] paligemma_with_expert.gemma_expert.model.layers.16.self_attn.q_proj.weight (shape: torch.Size([2048, 1024])) - (531192:train_csgo.py:825)
2025-12-18 00:44:43 - INFO -         [TRAINABLE] paligemma_with_expert.gemma_expert.model.layers.16.self_attn.k_proj.weight (shape: torch.Size([256, 1024])) - (531192:train_csgo.py:825)
2025-12-18 00:44:43 - INFO -         [TRAINABLE] paligemma_with_expert.gemma_expert.model.layers.16.self_attn.v_proj.weight (shape: torch.Size([256, 1024])) - (531192:train_csgo.py:825)
2025-12-18 00:44:43 - INFO -         [TRAINABLE] paligemma_with_expert.gemma_expert.model.layers.16.self_attn.o_proj.weight (shape: torch.Size([1024, 2048])) - (531192:train_csgo.py:825)
2025-12-18 00:44:43 - INFO -         [TRAINABLE] paligemma_with_expert.gemma_expert.model.layers.16.mlp.gate_proj.weight (shape: torch.Size([4096, 1024])) - (531192:train_csgo.py:825)
2025-12-18 00:44:43 - INFO -         [TRAINABLE] paligemma_with_expert.gemma_expert.model.layers.16.mlp.up_proj.weight (shape: torch.Size([4096, 1024])) - (531192:train_csgo.py:825)
2025-12-18 00:44:43 - INFO -         [TRAINABLE] paligemma_with_expert.gemma_expert.model.layers.16.mlp.down_proj.weight (shape: torch.Size([1024, 4096])) - (531192:train_csgo.py:825)
2025-12-18 00:44:43 - INFO -         [TRAINABLE] paligemma_with_expert.gemma_expert.model.layers.16.input_layernorm.dense.weight (shape: torch.Size([3072, 1024])) - (531192:train_csgo.py:825)
2025-12-18 00:44:43 - INFO -         [TRAINABLE] paligemma_with_expert.gemma_expert.model.layers.16.input_layernorm.dense.bias (shape: torch.Size([3072])) - (531192:train_csgo.py:825)
2025-12-18 00:44:43 - INFO -         [TRAINABLE] paligemma_with_expert.gemma_expert.model.layers.16.post_attention_layernorm.dense.weight (shape: torch.Size([3072, 1024])) - (531192:train_csgo.py:825)
2025-12-18 00:44:43 - INFO -         [TRAINABLE] paligemma_with_expert.gemma_expert.model.layers.16.post_attention_layernorm.dense.bias (shape: torch.Size([3072])) - (531192:train_csgo.py:825)
2025-12-18 00:44:43 - INFO -         [TRAINABLE] paligemma_with_expert.gemma_expert.model.layers.17.self_attn.q_proj.weight (shape: torch.Size([2048, 1024])) - (531192:train_csgo.py:825)
2025-12-18 00:44:43 - INFO -         [TRAINABLE] paligemma_with_expert.gemma_expert.model.layers.17.self_attn.k_proj.weight (shape: torch.Size([256, 1024])) - (531192:train_csgo.py:825)
2025-12-18 00:44:43 - INFO -         [TRAINABLE] paligemma_with_expert.gemma_expert.model.layers.17.self_attn.v_proj.weight (shape: torch.Size([256, 1024])) - (531192:train_csgo.py:825)
2025-12-18 00:44:43 - INFO -         [TRAINABLE] paligemma_with_expert.gemma_expert.model.layers.17.self_attn.o_proj.weight (shape: torch.Size([1024, 2048])) - (531192:train_csgo.py:825)
2025-12-18 00:44:43 - INFO -         [TRAINABLE] paligemma_with_expert.gemma_expert.model.layers.17.mlp.gate_proj.weight (shape: torch.Size([4096, 1024])) - (531192:train_csgo.py:825)
2025-12-18 00:44:43 - INFO -         [TRAINABLE] paligemma_with_expert.gemma_expert.model.layers.17.mlp.up_proj.weight (shape: torch.Size([4096, 1024])) - (531192:train_csgo.py:825)
2025-12-18 00:44:43 - INFO -         [TRAINABLE] paligemma_with_expert.gemma_expert.model.layers.17.mlp.down_proj.weight (shape: torch.Size([1024, 4096])) - (531192:train_csgo.py:825)
2025-12-18 00:44:43 - INFO -         [TRAINABLE] paligemma_with_expert.gemma_expert.model.layers.17.input_layernorm.dense.weight (shape: torch.Size([3072, 1024])) - (531192:train_csgo.py:825)
2025-12-18 00:44:43 - INFO -         [TRAINABLE] paligemma_with_expert.gemma_expert.model.layers.17.input_layernorm.dense.bias (shape: torch.Size([3072])) - (531192:train_csgo.py:825)
2025-12-18 00:44:43 - INFO -         [TRAINABLE] paligemma_with_expert.gemma_expert.model.layers.17.post_attention_layernorm.dense.weight (shape: torch.Size([3072, 1024])) - (531192:train_csgo.py:825)
2025-12-18 00:44:43 - INFO -         [TRAINABLE] paligemma_with_expert.gemma_expert.model.layers.17.post_attention_layernorm.dense.bias (shape: torch.Size([3072])) - (531192:train_csgo.py:825)
2025-12-18 00:44:43 - INFO -         [TRAINABLE] paligemma_with_expert.gemma_expert.model.norm.dense.weight (shape: torch.Size([3072, 1024])) - (531192:train_csgo.py:825)
2025-12-18 00:44:43 - INFO -         [TRAINABLE] paligemma_with_expert.gemma_expert.model.norm.dense.bias (shape: torch.Size([3072])) - (531192:train_csgo.py:825)
2025-12-18 00:44:43 - INFO -         [TRAINABLE] paligemma_with_expert.gemma_expert.lm_head.weight (shape: torch.Size([257152, 1024])) - (531192:train_csgo.py:825)
2025-12-18 00:44:43 - INFO -         [TRAINABLE] action_in_proj.weight (shape: torch.Size([1024, 32])) - (531192:train_csgo.py:825)
2025-12-18 00:44:43 - INFO -         [TRAINABLE] action_in_proj.bias (shape: torch.Size([1024])) - (531192:train_csgo.py:825)
2025-12-18 00:44:43 - INFO -         [TRAINABLE] action_out_proj.weight (shape: torch.Size([32, 1024])) - (531192:train_csgo.py:825)
2025-12-18 00:44:43 - INFO -         [TRAINABLE] action_out_proj.bias (shape: torch.Size([32])) - (531192:train_csgo.py:825)
2025-12-18 00:44:43 - INFO -         [TRAINABLE] time_mlp_in.weight (shape: torch.Size([1024, 1024])) - (531192:train_csgo.py:825)
2025-12-18 00:44:43 - INFO -         [TRAINABLE] time_mlp_in.bias (shape: torch.Size([1024])) - (531192:train_csgo.py:825)
2025-12-18 00:44:43 - INFO -         [TRAINABLE] time_mlp_out.weight (shape: torch.Size([1024, 1024])) - (531192:train_csgo.py:825)
2025-12-18 00:44:43 - INFO -         [TRAINABLE] time_mlp_out.bias (shape: torch.Size([1024])) - (531192:train_csgo.py:825)
2025-12-18 00:44:43 - INFO - model.training_params: 3633542928, model.total_params: 3633542928 - (531192:train_csgo.py:826)
2025-12-18 00:45:07 - INFO - Step 0 (after_backward): GPU memory - allocated: 14.55GB, reserved: 61.85GB, free: 47.29GB, peak_allocated: 56.47GB, peak_reserved: 61.85GB - (531192:train_csgo.py:354)
2025-12-18 00:45:07 - INFO - step=0 loss=0.2078 lr=5.00e-08 grad_norm=3.00 time=24.3s - (531192:train_csgo.py:961)
2025-12-18 00:45:21 - INFO - Step 1 (after_backward): GPU memory - allocated: 28.10GB, reserved: 78.25GB, free: 50.15GB, peak_allocated: 70.01GB, peak_reserved: 78.25GB - (531192:train_csgo.py:354)
2025-12-18 00:45:34 - INFO - Step 2 (after_backward): GPU memory - allocated: 28.10GB, reserved: 78.25GB, free: 50.15GB, peak_allocated: 70.01GB, peak_reserved: 78.25GB - (531192:train_csgo.py:354)
2025-12-18 00:45:48 - INFO - Step 3 (after_backward): GPU memory - allocated: 28.10GB, reserved: 78.25GB, free: 50.15GB, peak_allocated: 70.01GB, peak_reserved: 78.25GB - (531192:train_csgo.py:354)
2025-12-18 00:46:02 - INFO - Step 4 (after_backward): GPU memory - allocated: 28.10GB, reserved: 78.25GB, free: 50.15GB, peak_allocated: 70.01GB, peak_reserved: 78.25GB - (531192:train_csgo.py:354)
2025-12-18 01:11:49 - INFO - step=100 loss=0.1566 lr=2.57e-06 grad_norm=2.11 time=1601.5s - (531192:train_csgo.py:961)
2025-12-18 01:38:52 - INFO - step=200 loss=0.0399 lr=7.57e-06 grad_norm=0.33 time=1622.8s - (531192:train_csgo.py:961)
2025-12-18 02:05:48 - INFO - step=300 loss=0.0311 lr=1.26e-05 grad_norm=0.35 time=1616.5s - (531192:train_csgo.py:961)
2025-12-18 02:32:46 - INFO - step=400 loss=0.0271 lr=1.76e-05 grad_norm=0.50 time=1618.2s - (531192:train_csgo.py:961)
2025-12-18 02:59:44 - INFO - step=500 loss=0.0237 lr=2.26e-05 grad_norm=0.50 time=1617.6s - (531192:train_csgo.py:961)
2025-12-18 03:26:38 - INFO - step=600 loss=0.0191 lr=2.75e-05 grad_norm=0.42 time=1614.1s - (531192:train_csgo.py:961)
2025-12-18 03:53:39 - INFO - step=700 loss=0.0164 lr=3.25e-05 grad_norm=0.42 time=1620.8s - (531192:train_csgo.py:961)
2025-12-18 04:20:39 - INFO - step=800 loss=0.0139 lr=3.75e-05 grad_norm=0.35 time=1620.3s - (531192:train_csgo.py:961)
2025-12-18 04:47:33 - INFO - step=900 loss=0.0120 lr=4.25e-05 grad_norm=0.31 time=1613.7s - (531192:train_csgo.py:961)
2025-12-18 05:14:32 - INFO - step=1000 loss=0.0111 lr=4.75e-05 grad_norm=0.30 time=1618.7s - (531192:train_csgo.py:961)
2025-12-18 05:41:31 - INFO - step=1100 loss=0.0108 lr=5.00e-05 grad_norm=0.29 time=1618.8s - (531192:train_csgo.py:961)
2025-12-18 06:08:26 - INFO - step=1200 loss=0.0089 lr=5.00e-05 grad_norm=0.24 time=1615.7s - (531192:train_csgo.py:961)
2025-12-18 06:35:26 - INFO - step=1300 loss=0.0084 lr=5.00e-05 grad_norm=0.23 time=1619.9s - (531192:train_csgo.py:961)
2025-12-18 07:02:23 - INFO - step=1400 loss=0.0077 lr=5.00e-05 grad_norm=0.21 time=1616.5s - (531192:train_csgo.py:961)
2025-12-18 07:29:17 - INFO - step=1500 loss=0.0070 lr=5.00e-05 grad_norm=0.22 time=1614.6s - (531192:train_csgo.py:961)
2025-12-18 07:56:14 - INFO - step=1600 loss=0.0070 lr=5.00e-05 grad_norm=0.22 time=1616.8s - (531192:train_csgo.py:961)
2025-12-18 08:23:08 - INFO - step=1700 loss=0.0067 lr=5.00e-05 grad_norm=0.24 time=1614.4s - (531192:train_csgo.py:961)
2025-12-18 08:50:05 - INFO - step=1800 loss=0.0064 lr=5.00e-05 grad_norm=0.20 time=1616.8s - (531192:train_csgo.py:961)
2025-12-18 09:17:02 - INFO - step=1900 loss=0.0063 lr=5.00e-05 grad_norm=0.22 time=1616.9s - (531192:train_csgo.py:961)
2025-12-18 09:43:55 - INFO - step=2000 loss=0.0058 lr=5.00e-05 grad_norm=0.19 time=1612.9s - (531192:train_csgo.py:961)
2025-12-18 10:10:54 - INFO - step=2100 loss=0.0054 lr=5.00e-05 grad_norm=0.19 time=1618.6s - (531192:train_csgo.py:961)
2025-12-18 10:37:54 - INFO - step=2200 loss=0.0056 lr=5.00e-05 grad_norm=0.20 time=1620.9s - (531192:train_csgo.py:961)
2025-12-18 11:04:47 - INFO - step=2300 loss=0.0051 lr=5.00e-05 grad_norm=0.17 time=1612.8s - (531192:train_csgo.py:961)
2025-12-18 11:31:45 - INFO - step=2400 loss=0.0052 lr=5.00e-05 grad_norm=0.20 time=1617.8s - (531192:train_csgo.py:961)
2025-12-18 11:58:43 - INFO - step=2500 loss=0.0051 lr=5.00e-05 grad_norm=0.18 time=1618.4s - (531192:train_csgo.py:961)
2025-12-18 12:46:54 - INFO - step=2600 loss=0.0051 lr=5.00e-05 grad_norm=0.19 time=2890.5s - (531192:train_csgo.py:961)
2025-12-18 13:13:57 - INFO - step=2700 loss=0.0047 lr=5.00e-05 grad_norm=0.16 time=1622.7s - (531192:train_csgo.py:961)
2025-12-18 13:40:52 - INFO - step=2800 loss=0.0046 lr=5.00e-05 grad_norm=0.17 time=1615.6s - (531192:train_csgo.py:961)
2025-12-18 14:07:54 - INFO - step=2900 loss=0.0043 lr=5.00e-05 grad_norm=0.15 time=1621.4s - (531192:train_csgo.py:961)
2025-12-18 14:34:59 - INFO - step=3000 loss=0.0044 lr=5.00e-05 grad_norm=0.19 time=1625.4s - (531192:train_csgo.py:961)
2025-12-18 15:01:59 - INFO - step=3100 loss=0.0041 lr=5.00e-05 grad_norm=0.17 time=1619.5s - (531192:train_csgo.py:961)
2025-12-18 15:29:02 - INFO - step=3200 loss=0.0043 lr=5.00e-05 grad_norm=0.18 time=1623.1s - (531192:train_csgo.py:961)
2025-12-18 15:56:02 - INFO - step=3300 loss=0.0042 lr=5.00e-05 grad_norm=0.15 time=1620.7s - (531192:train_csgo.py:961)
2025-12-18 16:23:00 - INFO - step=3400 loss=0.0041 lr=5.00e-05 grad_norm=0.15 time=1617.6s - (531192:train_csgo.py:961)
2025-12-18 16:50:06 - INFO - step=3500 loss=0.0045 lr=5.00e-05 grad_norm=0.16 time=1625.5s - (531192:train_csgo.py:961)
2025-12-18 17:17:10 - INFO - step=3600 loss=0.0036 lr=5.00e-05 grad_norm=0.14 time=1624.1s - (531192:train_csgo.py:961)
2025-12-18 17:44:03 - INFO - step=3700 loss=0.0038 lr=5.00e-05 grad_norm=0.15 time=1613.9s - (531192:train_csgo.py:961)
2025-12-18 18:11:12 - INFO - step=3800 loss=0.0039 lr=5.00e-05 grad_norm=0.15 time=1628.3s - (531192:train_csgo.py:961)
2025-12-18 18:38:15 - INFO - step=3900 loss=0.0037 lr=5.00e-05 grad_norm=0.14 time=1622.8s - (531192:train_csgo.py:961)
2025-12-18 19:05:11 - INFO - step=4000 loss=0.0033 lr=5.00e-05 grad_norm=0.13 time=1616.8s - (531192:train_csgo.py:961)
2025-12-18 19:32:13 - INFO - step=4100 loss=0.0043 lr=5.00e-05 grad_norm=0.17 time=1621.9s - (531192:train_csgo.py:961)
2025-12-18 19:59:11 - INFO - step=4200 loss=0.0035 lr=5.00e-05 grad_norm=0.15 time=1617.4s - (531192:train_csgo.py:961)
2025-12-18 20:26:15 - INFO - step=4300 loss=0.0040 lr=5.00e-05 grad_norm=0.17 time=1624.1s - (531192:train_csgo.py:961)
2025-12-18 20:53:17 - INFO - step=4400 loss=0.0034 lr=5.00e-05 grad_norm=0.14 time=1622.2s - (531192:train_csgo.py:961)
2025-12-18 21:20:11 - INFO - step=4500 loss=0.0034 lr=5.00e-05 grad_norm=0.13 time=1613.9s - (531192:train_csgo.py:961)
2025-12-18 21:47:10 - INFO - step=4600 loss=0.0036 lr=5.00e-05 grad_norm=0.15 time=1619.2s - (531192:train_csgo.py:961)
2025-12-18 22:14:26 - INFO - step=4700 loss=0.0034 lr=5.00e-05 grad_norm=0.14 time=1635.4s - (531192:train_csgo.py:961)
2025-12-18 22:41:38 - INFO - step=4800 loss=0.0037 lr=5.00e-05 grad_norm=0.15 time=1632.8s - (531192:train_csgo.py:961)
2025-12-18 23:08:41 - INFO - step=4900 loss=0.0036 lr=5.00e-05 grad_norm=0.17 time=1622.7s - (531192:train_csgo.py:961)
2025-12-18 23:35:47 - INFO - Saved checkpoint at step 5000 -> /data/jiahao/openpi/checkpoints/pi05_csgo_exp10/pi05_csgo_exp10/5000 - (531192:train_csgo.py:240)
2025-12-18 23:36:01 - INFO - step=5000 loss=0.0036 lr=5.00e-05 grad_norm=0.15 time=1639.8s - (531192:train_csgo.py:961)
2025-12-19 00:02:55 - INFO - step=5100 loss=0.0034 lr=5.00e-05 grad_norm=0.15 time=1614.1s - (531192:train_csgo.py:961)
2025-12-19 00:29:58 - INFO - step=5200 loss=0.0032 lr=5.00e-05 grad_norm=0.13 time=1623.2s - (531192:train_csgo.py:961)
2025-12-19 00:56:51 - INFO - step=5300 loss=0.0036 lr=5.00e-05 grad_norm=0.15 time=1612.8s - (531192:train_csgo.py:961)
2025-12-19 01:23:54 - INFO - step=5400 loss=0.0030 lr=5.00e-05 grad_norm=0.12 time=1623.5s - (531192:train_csgo.py:961)
2025-12-19 01:51:01 - INFO - step=5500 loss=0.0029 lr=5.00e-05 grad_norm=0.12 time=1626.9s - (531192:train_csgo.py:961)
2025-12-19 02:17:59 - INFO - step=5600 loss=0.0035 lr=5.00e-05 grad_norm=0.15 time=1618.0s - (531192:train_csgo.py:961)
2025-12-19 02:45:03 - INFO - step=5700 loss=0.0029 lr=5.00e-05 grad_norm=0.12 time=1623.4s - (531192:train_csgo.py:961)
2025-12-19 03:12:08 - INFO - step=5800 loss=0.0031 lr=5.00e-05 grad_norm=0.13 time=1625.6s - (531192:train_csgo.py:961)
2025-12-19 03:39:06 - INFO - step=5900 loss=0.0028 lr=5.00e-05 grad_norm=0.13 time=1617.5s - (531192:train_csgo.py:961)
2025-12-19 04:06:09 - INFO - step=6000 loss=0.0030 lr=5.00e-05 grad_norm=0.13 time=1622.8s - (531192:train_csgo.py:961)
2025-12-19 04:33:08 - INFO - step=6100 loss=0.0028 lr=5.00e-05 grad_norm=0.12 time=1619.3s - (531192:train_csgo.py:961)
2025-12-19 05:00:03 - INFO - step=6200 loss=0.0033 lr=5.00e-05 grad_norm=0.13 time=1615.3s - (531192:train_csgo.py:961)
2025-12-19 05:27:06 - INFO - step=6300 loss=0.0027 lr=5.00e-05 grad_norm=0.10 time=1623.1s - (531192:train_csgo.py:961)
2025-12-19 05:54:07 - INFO - step=6400 loss=0.0028 lr=5.00e-05 grad_norm=0.11 time=1620.3s - (531192:train_csgo.py:961)
2025-12-19 06:21:04 - INFO - step=6500 loss=0.0030 lr=5.00e-05 grad_norm=0.13 time=1617.4s - (531192:train_csgo.py:961)
2025-12-19 06:48:04 - INFO - step=6600 loss=0.0029 lr=5.00e-05 grad_norm=0.12 time=1619.8s - (531192:train_csgo.py:961)
2025-12-19 07:14:57 - INFO - step=6700 loss=0.0029 lr=5.00e-05 grad_norm=0.11 time=1613.1s - (531192:train_csgo.py:961)
2025-12-19 07:41:56 - INFO - step=6800 loss=0.0029 lr=5.00e-05 grad_norm=0.13 time=1618.9s - (531192:train_csgo.py:961)
2025-12-19 08:08:55 - INFO - step=6900 loss=0.0029 lr=5.00e-05 grad_norm=0.12 time=1618.7s - (531192:train_csgo.py:961)
2025-12-19 08:35:46 - INFO - step=7000 loss=0.0027 lr=5.00e-05 grad_norm=0.11 time=1611.2s - (531192:train_csgo.py:961)
2025-12-19 09:02:45 - INFO - step=7100 loss=0.0026 lr=5.00e-05 grad_norm=0.12 time=1618.8s - (531192:train_csgo.py:961)
2025-12-19 09:29:47 - INFO - step=7200 loss=0.0029 lr=5.00e-05 grad_norm=0.12 time=1622.4s - (531192:train_csgo.py:961)
2025-12-19 09:56:43 - INFO - step=7300 loss=0.0030 lr=5.00e-05 grad_norm=0.12 time=1615.7s - (531192:train_csgo.py:961)
2025-12-19 10:23:44 - INFO - step=7400 loss=0.0029 lr=5.00e-05 grad_norm=0.12 time=1621.2s - (531192:train_csgo.py:961)
2025-12-19 10:50:46 - INFO - step=7500 loss=0.0027 lr=5.00e-05 grad_norm=0.12 time=1621.7s - (531192:train_csgo.py:961)
2025-12-19 11:17:38 - INFO - step=7600 loss=0.0027 lr=5.00e-05 grad_norm=0.10 time=1612.1s - (531192:train_csgo.py:961)
2025-12-19 11:44:37 - INFO - step=7700 loss=0.0025 lr=5.00e-05 grad_norm=0.11 time=1619.6s - (531192:train_csgo.py:961)
2025-12-19 12:11:38 - INFO - step=7800 loss=0.0027 lr=5.00e-05 grad_norm=0.11 time=1620.2s - (531192:train_csgo.py:961)
2025-12-19 12:38:35 - INFO - step=7900 loss=0.0026 lr=5.00e-05 grad_norm=0.11 time=1617.4s - (531192:train_csgo.py:961)
2025-12-19 13:05:36 - INFO - step=8000 loss=0.0026 lr=5.00e-05 grad_norm=0.11 time=1620.9s - (531192:train_csgo.py:961)
2025-12-19 13:32:31 - INFO - step=8100 loss=0.0027 lr=5.00e-05 grad_norm=0.11 time=1615.6s - (531192:train_csgo.py:961)
2025-12-19 13:59:35 - INFO - step=8200 loss=0.0027 lr=5.00e-05 grad_norm=0.11 time=1623.9s - (531192:train_csgo.py:961)
2025-12-19 14:26:41 - INFO - step=8300 loss=0.0026 lr=5.00e-05 grad_norm=0.12 time=1625.2s - (531192:train_csgo.py:961)
2025-12-19 14:53:38 - INFO - step=8400 loss=0.0024 lr=5.00e-05 grad_norm=0.10 time=1617.6s - (531192:train_csgo.py:961)
2025-12-19 15:20:40 - INFO - step=8500 loss=0.0026 lr=5.00e-05 grad_norm=0.11 time=1621.4s - (531192:train_csgo.py:961)
2025-12-19 15:47:58 - INFO - step=8600 loss=0.0024 lr=5.00e-05 grad_norm=0.10 time=1638.7s - (531192:train_csgo.py:961)
2025-12-19 16:21:00 - INFO - step=8700 loss=0.0026 lr=5.00e-05 grad_norm=0.11 time=1981.9s - (531192:train_csgo.py:961)
2025-12-19 16:53:33 - INFO - step=8800 loss=0.0027 lr=5.00e-05 grad_norm=0.11 time=1953.1s - (531192:train_csgo.py:961)
2025-12-19 17:20:36 - INFO - step=8900 loss=0.0023 lr=5.00e-05 grad_norm=0.09 time=1622.6s - (531192:train_csgo.py:961)
2025-12-19 17:47:31 - INFO - step=9000 loss=0.0025 lr=5.00e-05 grad_norm=0.11 time=1615.5s - (531192:train_csgo.py:961)
2025-12-19 18:14:33 - INFO - step=9100 loss=0.0025 lr=5.00e-05 grad_norm=0.12 time=1621.7s - (531192:train_csgo.py:961)
2025-12-19 18:41:28 - INFO - step=9200 loss=0.0023 lr=5.00e-05 grad_norm=0.10 time=1614.9s - (531192:train_csgo.py:961)
2025-12-19 19:08:32 - INFO - step=9300 loss=0.0026 lr=5.00e-05 grad_norm=0.11 time=1624.1s - (531192:train_csgo.py:961)
2025-12-19 19:35:34 - INFO - step=9400 loss=0.0024 lr=5.00e-05 grad_norm=0.10 time=1621.9s - (531192:train_csgo.py:961)
2025-12-19 20:02:29 - INFO - step=9500 loss=0.0027 lr=5.00e-05 grad_norm=0.11 time=1615.3s - (531192:train_csgo.py:961)
2025-12-19 20:29:32 - INFO - step=9600 loss=0.0025 lr=5.00e-05 grad_norm=0.11 time=1622.7s - (531192:train_csgo.py:961)
2025-12-19 20:56:34 - INFO - step=9700 loss=0.0030 lr=5.00e-05 grad_norm=0.13 time=1621.8s - (531192:train_csgo.py:961)
2025-12-19 21:23:29 - INFO - step=9800 loss=0.0025 lr=5.00e-05 grad_norm=0.11 time=1615.1s - (531192:train_csgo.py:961)
2025-12-19 21:50:31 - INFO - step=9900 loss=0.0023 lr=5.00e-05 grad_norm=0.10 time=1621.6s - (531192:train_csgo.py:961)
2025-12-19 22:17:45 - INFO - Saved checkpoint at step 10000 -> /data/jiahao/openpi/checkpoints/pi05_csgo_exp10/pi05_csgo_exp10/10000 - (531192:train_csgo.py:240)
2025-12-19 22:17:59 - INFO - step=10000 loss=0.0023 lr=5.00e-05 grad_norm=0.10 time=1648.0s - (531192:train_csgo.py:961)
2025-12-19 22:44:50 - INFO - step=10100 loss=0.0026 lr=5.00e-05 grad_norm=0.12 time=1611.4s - (531192:train_csgo.py:961)
2025-12-19 23:11:51 - INFO - step=10200 loss=0.0022 lr=5.00e-05 grad_norm=0.09 time=1620.9s - (531192:train_csgo.py:961)
2025-12-19 23:38:54 - INFO - step=10300 loss=0.0026 lr=5.00e-05 grad_norm=0.10 time=1622.9s - (531192:train_csgo.py:961)
2025-12-20 00:05:49 - INFO - step=10400 loss=0.0025 lr=5.00e-05 grad_norm=0.11 time=1615.5s - (531192:train_csgo.py:961)
2025-12-20 00:32:49 - INFO - step=10500 loss=0.0024 lr=5.00e-05 grad_norm=0.10 time=1619.7s - (531192:train_csgo.py:961)
2025-12-20 00:59:44 - INFO - step=10600 loss=0.0024 lr=5.00e-05 grad_norm=0.10 time=1615.2s - (531192:train_csgo.py:961)
2025-12-20 01:26:46 - INFO - step=10700 loss=0.0021 lr=5.00e-05 grad_norm=0.10 time=1622.1s - (531192:train_csgo.py:961)
2025-12-20 01:53:47 - INFO - step=10800 loss=0.0021 lr=5.00e-05 grad_norm=0.08 time=1620.9s - (531192:train_csgo.py:961)
2025-12-20 02:20:41 - INFO - step=10900 loss=0.0023 lr=5.00e-05 grad_norm=0.10 time=1614.1s - (531192:train_csgo.py:961)
2025-12-20 02:47:42 - INFO - step=11000 loss=0.0026 lr=5.00e-05 grad_norm=0.11 time=1620.4s - (531192:train_csgo.py:961)
2025-12-20 03:14:40 - INFO - step=11100 loss=0.0021 lr=5.00e-05 grad_norm=0.09 time=1618.8s - (531192:train_csgo.py:961)
2025-12-20 03:41:37 - INFO - step=11200 loss=0.0022 lr=5.00e-05 grad_norm=0.09 time=1616.9s - (531192:train_csgo.py:961)
2025-12-20 04:08:39 - INFO - step=11300 loss=0.0021 lr=5.00e-05 grad_norm=0.09 time=1621.5s - (531192:train_csgo.py:961)
2025-12-20 04:35:40 - INFO - step=11400 loss=0.0021 lr=5.00e-05 grad_norm=0.09 time=1620.9s - (531192:train_csgo.py:961)
2025-12-20 05:02:35 - INFO - step=11500 loss=0.0022 lr=5.00e-05 grad_norm=0.10 time=1615.1s - (531192:train_csgo.py:961)
2025-12-20 05:29:36 - INFO - step=11600 loss=0.0025 lr=5.00e-05 grad_norm=0.10 time=1621.5s - (531192:train_csgo.py:961)
2025-12-20 05:56:37 - INFO - step=11700 loss=0.0021 lr=5.00e-05 grad_norm=0.10 time=1620.9s - (531192:train_csgo.py:961)
2025-12-20 06:23:30 - INFO - step=11800 loss=0.0024 lr=5.00e-05 grad_norm=0.10 time=1613.1s - (531192:train_csgo.py:961)
2025-12-20 06:50:32 - INFO - step=11900 loss=0.0022 lr=5.00e-05 grad_norm=0.10 time=1621.4s - (531192:train_csgo.py:961)
2025-12-20 07:17:26 - INFO - step=12000 loss=0.0024 lr=5.00e-05 grad_norm=0.10 time=1613.9s - (531192:train_csgo.py:961)
2025-12-20 07:44:25 - INFO - step=12100 loss=0.0020 lr=5.00e-05 grad_norm=0.09 time=1619.9s - (531192:train_csgo.py:961)
2025-12-20 08:11:28 - INFO - step=12200 loss=0.0021 lr=5.00e-05 grad_norm=0.10 time=1622.2s - (531192:train_csgo.py:961)
2025-12-20 08:38:23 - INFO - step=12300 loss=0.0022 lr=5.00e-05 grad_norm=0.11 time=1615.8s - (531192:train_csgo.py:961)
2025-12-20 09:05:25 - INFO - step=12400 loss=0.0025 lr=5.00e-05 grad_norm=0.11 time=1621.1s - (531192:train_csgo.py:961)
2025-12-20 09:32:23 - INFO - step=12500 loss=0.0022 lr=5.00e-05 grad_norm=0.10 time=1618.2s - (531192:train_csgo.py:961)
2025-12-20 09:59:19 - INFO - step=12600 loss=0.0025 lr=5.00e-05 grad_norm=0.10 time=1615.8s - (531192:train_csgo.py:961)
2025-12-20 10:26:21 - INFO - step=12700 loss=0.0021 lr=5.00e-05 grad_norm=0.09 time=1622.0s - (531192:train_csgo.py:961)
2025-12-20 10:53:19 - INFO - step=12800 loss=0.0022 lr=5.00e-05 grad_norm=0.09 time=1618.8s - (531192:train_csgo.py:961)
2025-12-20 11:20:14 - INFO - step=12900 loss=0.0022 lr=5.00e-05 grad_norm=0.09 time=1614.6s - (531192:train_csgo.py:961)
2025-12-20 11:47:15 - INFO - step=13000 loss=0.0021 lr=5.00e-05 grad_norm=0.09 time=1621.0s - (531192:train_csgo.py:961)
2025-12-20 12:14:10 - INFO - step=13100 loss=0.0024 lr=5.00e-05 grad_norm=0.11 time=1615.1s - (531192:train_csgo.py:961)
2025-12-20 12:41:11 - INFO - step=13200 loss=0.0022 lr=5.00e-05 grad_norm=0.10 time=1620.4s - (531192:train_csgo.py:961)
2025-12-20 13:08:10 - INFO - step=13300 loss=0.0021 lr=5.00e-05 grad_norm=0.10 time=1619.5s - (531192:train_csgo.py:961)
2025-12-20 13:35:02 - INFO - step=13400 loss=0.0021 lr=5.00e-05 grad_norm=0.09 time=1612.0s - (531192:train_csgo.py:961)
2025-12-20 14:02:05 - INFO - step=13500 loss=0.0021 lr=5.00e-05 grad_norm=0.09 time=1622.6s - (531192:train_csgo.py:961)
2025-12-20 14:29:08 - INFO - step=13600 loss=0.0023 lr=5.00e-05 grad_norm=0.10 time=1622.9s - (531192:train_csgo.py:961)
2025-12-20 14:56:03 - INFO - step=13700 loss=0.0021 lr=5.00e-05 grad_norm=0.09 time=1615.8s - (531192:train_csgo.py:961)
2025-12-20 15:23:04 - INFO - step=13800 loss=0.0021 lr=5.00e-05 grad_norm=0.09 time=1620.1s - (531192:train_csgo.py:961)
2025-12-20 15:50:04 - INFO - step=13900 loss=0.0020 lr=5.00e-05 grad_norm=0.09 time=1620.3s - (531192:train_csgo.py:961)
2025-12-20 16:16:58 - INFO - step=14000 loss=0.0022 lr=5.00e-05 grad_norm=0.10 time=1613.7s - (531192:train_csgo.py:961)
2025-12-20 16:43:57 - INFO - step=14100 loss=0.0019 lr=5.00e-05 grad_norm=0.09 time=1619.6s - (531192:train_csgo.py:961)
2025-12-20 17:10:56 - INFO - step=14200 loss=0.0020 lr=5.00e-05 grad_norm=0.09 time=1618.6s - (531192:train_csgo.py:961)
2025-12-20 17:37:49 - INFO - step=14300 loss=0.0020 lr=5.00e-05 grad_norm=0.10 time=1613.2s - (531192:train_csgo.py:961)
2025-12-20 18:04:50 - INFO - step=14400 loss=0.0023 lr=5.00e-05 grad_norm=0.10 time=1621.2s - (531192:train_csgo.py:961)
2025-12-20 18:31:44 - INFO - step=14500 loss=0.0022 lr=5.00e-05 grad_norm=0.09 time=1613.4s - (531192:train_csgo.py:961)
2025-12-20 18:58:43 - INFO - step=14600 loss=0.0018 lr=5.00e-05 grad_norm=0.08 time=1619.0s - (531192:train_csgo.py:961)
2025-12-20 19:25:39 - INFO - step=14700 loss=0.0021 lr=5.00e-05 grad_norm=0.09 time=1617.0s - (531192:train_csgo.py:961)
2025-12-20 19:52:35 - INFO - step=14800 loss=0.0018 lr=5.00e-05 grad_norm=0.08 time=1615.4s - (531192:train_csgo.py:961)
2025-12-20 20:19:33 - INFO - step=14900 loss=0.0019 lr=5.00e-05 grad_norm=0.08 time=1618.2s - (531192:train_csgo.py:961)
2025-12-20 20:46:46 - INFO - Saved checkpoint at step 15000 -> /data/jiahao/openpi/checkpoints/pi05_csgo_exp10/pi05_csgo_exp10/15000 - (531192:train_csgo.py:240)
2025-12-20 20:46:59 - INFO - step=15000 loss=0.0018 lr=5.00e-05 grad_norm=0.07 time=1646.2s - (531192:train_csgo.py:961)
2025-12-20 21:13:48 - INFO - step=15100 loss=0.0018 lr=5.00e-05 grad_norm=0.08 time=1608.4s - (531192:train_csgo.py:961)
2025-12-20 21:40:44 - INFO - step=15200 loss=0.0020 lr=5.00e-05 grad_norm=0.09 time=1616.3s - (531192:train_csgo.py:961)
2025-12-20 22:07:42 - INFO - step=15300 loss=0.0022 lr=5.00e-05 grad_norm=0.10 time=1618.2s - (531192:train_csgo.py:961)
2025-12-20 22:34:32 - INFO - step=15400 loss=0.0021 lr=5.00e-05 grad_norm=0.09 time=1609.6s - (531192:train_csgo.py:961)
2025-12-20 23:01:32 - INFO - step=15500 loss=0.0020 lr=5.00e-05 grad_norm=0.08 time=1620.7s - (531192:train_csgo.py:961)
2025-12-20 23:28:30 - INFO - step=15600 loss=0.0018 lr=5.00e-05 grad_norm=0.09 time=1617.5s - (531192:train_csgo.py:961)
2025-12-20 23:55:25 - INFO - step=15700 loss=0.0018 lr=5.00e-05 grad_norm=0.08 time=1614.8s - (531192:train_csgo.py:961)
2025-12-21 00:22:24 - INFO - step=15800 loss=0.0018 lr=5.00e-05 grad_norm=0.08 time=1619.3s - (531192:train_csgo.py:961)
2025-12-21 00:49:14 - INFO - step=15900 loss=0.0019 lr=5.00e-05 grad_norm=0.07 time=1609.6s - (531192:train_csgo.py:961)
2025-12-21 01:16:15 - INFO - step=16000 loss=0.0018 lr=5.00e-05 grad_norm=0.08 time=1621.3s - (531192:train_csgo.py:961)
2025-12-21 01:43:15 - INFO - step=16100 loss=0.0021 lr=5.00e-05 grad_norm=0.09 time=1619.6s - (531192:train_csgo.py:961)
2025-12-21 02:10:08 - INFO - step=16200 loss=0.0021 lr=5.00e-05 grad_norm=0.09 time=1613.8s - (531192:train_csgo.py:961)
2025-12-21 02:37:08 - INFO - step=16300 loss=0.0018 lr=5.00e-05 grad_norm=0.08 time=1619.7s - (531192:train_csgo.py:961)
2025-12-21 03:04:08 - INFO - step=16400 loss=0.0019 lr=5.00e-05 grad_norm=0.08 time=1619.9s - (531192:train_csgo.py:961)
2025-12-21 03:30:59 - INFO - step=16500 loss=0.0018 lr=5.00e-05 grad_norm=0.08 time=1610.9s - (531192:train_csgo.py:961)
2025-12-21 03:57:57 - INFO - step=16600 loss=0.0019 lr=5.00e-05 grad_norm=0.09 time=1618.1s - (531192:train_csgo.py:961)
2025-12-21 04:24:59 - INFO - step=16700 loss=0.0017 lr=5.00e-05 grad_norm=0.08 time=1621.4s - (531192:train_csgo.py:961)
2025-12-21 04:51:49 - INFO - step=16800 loss=0.0021 lr=5.00e-05 grad_norm=0.10 time=1610.3s - (531192:train_csgo.py:961)
2025-12-21 05:18:51 - INFO - step=16900 loss=0.0016 lr=5.00e-05 grad_norm=0.07 time=1621.6s - (531192:train_csgo.py:961)
2025-12-21 05:45:44 - INFO - step=17000 loss=0.0020 lr=5.00e-05 grad_norm=0.09 time=1613.7s - (531192:train_csgo.py:961)
2025-12-21 06:12:43 - INFO - step=17100 loss=0.0018 lr=5.00e-05 grad_norm=0.08 time=1619.0s - (531192:train_csgo.py:961)
2025-12-21 06:39:40 - INFO - step=17200 loss=0.0019 lr=5.00e-05 grad_norm=0.09 time=1616.8s - (531192:train_csgo.py:961)
2025-12-21 07:06:34 - INFO - step=17300 loss=0.0019 lr=5.00e-05 grad_norm=0.09 time=1614.1s - (531192:train_csgo.py:961)
2025-12-21 07:33:31 - INFO - step=17400 loss=0.0017 lr=5.00e-05 grad_norm=0.07 time=1617.3s - (531192:train_csgo.py:961)
2025-12-21 08:00:33 - INFO - step=17500 loss=0.0020 lr=5.00e-05 grad_norm=0.08 time=1621.1s - (531192:train_csgo.py:961)
2025-12-21 08:27:25 - INFO - step=17600 loss=0.0020 lr=5.00e-05 grad_norm=0.09 time=1612.4s - (531192:train_csgo.py:961)
2025-12-21 08:54:26 - INFO - step=17700 loss=0.0019 lr=5.00e-05 grad_norm=0.09 time=1621.0s - (531192:train_csgo.py:961)
2025-12-21 09:21:22 - INFO - step=17800 loss=0.0017 lr=5.00e-05 grad_norm=0.08 time=1616.2s - (531192:train_csgo.py:961)
2025-12-21 09:48:11 - INFO - step=17900 loss=0.0021 lr=5.00e-05 grad_norm=0.10 time=1609.1s - (531192:train_csgo.py:961)
2025-12-21 10:15:10 - INFO - step=18000 loss=0.0020 lr=5.00e-05 grad_norm=0.10 time=1619.1s - (531192:train_csgo.py:961)
2025-12-21 10:42:10 - INFO - step=18100 loss=0.0019 lr=5.00e-05 grad_norm=0.09 time=1619.5s - (531192:train_csgo.py:961)
2025-12-21 11:09:03 - INFO - step=18200 loss=0.0018 lr=5.00e-05 grad_norm=0.08 time=1613.0s - (531192:train_csgo.py:961)
2025-12-21 11:36:02 - INFO - step=18300 loss=0.0019 lr=5.00e-05 grad_norm=0.09 time=1619.3s - (531192:train_csgo.py:961)
2025-12-21 12:02:57 - INFO - step=18400 loss=0.0019 lr=5.00e-05 grad_norm=0.08 time=1614.3s - (531192:train_csgo.py:961)
2025-12-21 12:29:54 - INFO - step=18500 loss=0.0018 lr=5.00e-05 grad_norm=0.08 time=1617.7s - (531192:train_csgo.py:961)
2025-12-21 12:56:51 - INFO - step=18600 loss=0.0019 lr=5.00e-05 grad_norm=0.09 time=1616.5s - (531192:train_csgo.py:961)
2025-12-21 13:23:41 - INFO - step=18700 loss=0.0017 lr=5.00e-05 grad_norm=0.07 time=1610.0s - (531192:train_csgo.py:961)
2025-12-21 13:50:40 - INFO - step=18800 loss=0.0019 lr=5.00e-05 grad_norm=0.09 time=1618.8s - (531192:train_csgo.py:961)
2025-12-21 14:17:41 - INFO - step=18900 loss=0.0017 lr=5.00e-05 grad_norm=0.08 time=1621.0s - (531192:train_csgo.py:961)
2025-12-21 14:44:33 - INFO - step=19000 loss=0.0018 lr=5.00e-05 grad_norm=0.08 time=1612.4s - (531192:train_csgo.py:961)
2025-12-21 15:11:32 - INFO - step=19100 loss=0.0017 lr=5.00e-05 grad_norm=0.08 time=1619.5s - (531192:train_csgo.py:961)
2025-12-21 15:38:29 - INFO - step=19200 loss=0.0017 lr=5.00e-05 grad_norm=0.08 time=1616.7s - (531192:train_csgo.py:961)
2025-12-21 16:05:20 - INFO - step=19300 loss=0.0019 lr=5.00e-05 grad_norm=0.09 time=1611.1s - (531192:train_csgo.py:961)
2025-12-21 16:32:26 - INFO - step=19400 loss=0.0020 lr=5.00e-05 grad_norm=0.09 time=1625.3s - (531192:train_csgo.py:961)
2025-12-21 16:59:24 - INFO - step=19500 loss=0.0020 lr=5.00e-05 grad_norm=0.09 time=1618.8s - (531192:train_csgo.py:961)
2025-12-21 17:26:17 - INFO - step=19600 loss=0.0017 lr=5.00e-05 grad_norm=0.07 time=1612.6s - (531192:train_csgo.py:961)
2025-12-21 17:53:17 - INFO - step=19700 loss=0.0018 lr=5.00e-05 grad_norm=0.08 time=1619.9s - (531192:train_csgo.py:961)
2025-12-21 18:20:08 - INFO - step=19800 loss=0.0020 lr=5.00e-05 grad_norm=0.09 time=1611.4s - (531192:train_csgo.py:961)
2025-12-21 18:47:07 - INFO - step=19900 loss=0.0017 lr=5.00e-05 grad_norm=0.08 time=1618.8s - (531192:train_csgo.py:961)
2025-12-21 19:14:19 - INFO - Saved checkpoint at step 20000 -> /data/jiahao/openpi/checkpoints/pi05_csgo_exp10/pi05_csgo_exp10/20000 - (531192:train_csgo.py:240)
2025-12-21 19:14:32 - INFO - step=20000 loss=0.0015 lr=5.00e-05 grad_norm=0.08 time=1645.3s - (531192:train_csgo.py:961)
2025-12-21 19:41:17 - INFO - step=20100 loss=0.0019 lr=5.00e-05 grad_norm=0.09 time=1604.2s - (531192:train_csgo.py:961)
2025-12-21 20:08:17 - INFO - step=20200 loss=0.0016 lr=5.00e-05 grad_norm=0.07 time=1620.7s - (531192:train_csgo.py:961)
2025-12-21 20:35:16 - INFO - step=20300 loss=0.0016 lr=5.00e-05 grad_norm=0.07 time=1618.9s - (531192:train_csgo.py:961)
2025-12-21 21:02:11 - INFO - step=20400 loss=0.0016 lr=5.00e-05 grad_norm=0.07 time=1614.4s - (531192:train_csgo.py:961)
2025-12-21 21:29:09 - INFO - step=20500 loss=0.0019 lr=5.00e-05 grad_norm=0.09 time=1618.3s - (531192:train_csgo.py:961)
2025-12-21 21:56:07 - INFO - step=20600 loss=0.0017 lr=5.00e-05 grad_norm=0.08 time=1618.1s - (531192:train_csgo.py:961)
2025-12-21 22:22:59 - INFO - step=20700 loss=0.0014 lr=5.00e-05 grad_norm=0.07 time=1611.9s - (531192:train_csgo.py:961)
2025-12-21 22:49:58 - INFO - step=20800 loss=0.0020 lr=5.00e-05 grad_norm=0.10 time=1619.5s - (531192:train_csgo.py:961)
2025-12-21 23:16:50 - INFO - step=20900 loss=0.0019 lr=5.00e-05 grad_norm=0.09 time=1611.3s - (531192:train_csgo.py:961)
2025-12-21 23:43:47 - INFO - step=21000 loss=0.0019 lr=5.00e-05 grad_norm=0.09 time=1616.8s - (531192:train_csgo.py:961)
2025-12-22 00:10:45 - INFO - step=21100 loss=0.0017 lr=5.00e-05 grad_norm=0.07 time=1618.2s - (531192:train_csgo.py:961)
2025-12-22 00:37:37 - INFO - step=21200 loss=0.0018 lr=5.00e-05 grad_norm=0.08 time=1611.7s - (531192:train_csgo.py:961)
2025-12-22 01:04:36 - INFO - step=21300 loss=0.0017 lr=5.00e-05 grad_norm=0.08 time=1619.8s - (531192:train_csgo.py:961)
2025-12-22 01:31:36 - INFO - step=21400 loss=0.0019 lr=5.00e-05 grad_norm=0.09 time=1620.1s - (531192:train_csgo.py:961)
2025-12-22 01:58:25 - INFO - step=21500 loss=0.0018 lr=5.00e-05 grad_norm=0.09 time=1608.5s - (531192:train_csgo.py:961)
2025-12-22 02:25:25 - INFO - step=21600 loss=0.0019 lr=5.00e-05 grad_norm=0.10 time=1619.7s - (531192:train_csgo.py:961)
2025-12-22 02:52:28 - INFO - step=21700 loss=0.0016 lr=5.00e-05 grad_norm=0.07 time=1623.5s - (531192:train_csgo.py:961)
2025-12-22 03:19:23 - INFO - step=21800 loss=0.0017 lr=5.00e-05 grad_norm=0.09 time=1614.4s - (531192:train_csgo.py:961)
2025-12-22 03:46:22 - INFO - step=21900 loss=0.0016 lr=5.00e-05 grad_norm=0.08 time=1619.6s - (531192:train_csgo.py:961)
2025-12-22 04:13:22 - INFO - step=22000 loss=0.0018 lr=5.00e-05 grad_norm=0.08 time=1619.8s - (531192:train_csgo.py:961)
2025-12-22 04:40:15 - INFO - step=22100 loss=0.0018 lr=5.00e-05 grad_norm=0.09 time=1613.0s - (531192:train_csgo.py:961)
2025-12-22 05:07:13 - INFO - step=22200 loss=0.0017 lr=5.00e-05 grad_norm=0.08 time=1618.4s - (531192:train_csgo.py:961)
2025-12-22 05:34:09 - INFO - step=22300 loss=0.0018 lr=5.00e-05 grad_norm=0.08 time=1615.8s - (531192:train_csgo.py:961)
2025-12-22 06:01:10 - INFO - step=22400 loss=0.0018 lr=5.00e-05 grad_norm=0.08 time=1621.0s - (531192:train_csgo.py:961)
2025-12-22 06:28:06 - INFO - step=22500 loss=0.0016 lr=5.00e-05 grad_norm=0.09 time=1615.9s - (531192:train_csgo.py:961)
2025-12-22 06:54:57 - INFO - step=22600 loss=0.0016 lr=5.00e-05 grad_norm=0.08 time=1610.5s - (531192:train_csgo.py:961)
2025-12-22 07:21:56 - INFO - step=22700 loss=0.0019 lr=5.00e-05 grad_norm=0.09 time=1619.7s - (531192:train_csgo.py:961)
2025-12-22 07:48:54 - INFO - step=22800 loss=0.0016 lr=5.00e-05 grad_norm=0.07 time=1618.1s - (531192:train_csgo.py:961)
2025-12-22 08:15:47 - INFO - step=22900 loss=0.0017 lr=5.00e-05 grad_norm=0.07 time=1612.4s - (531192:train_csgo.py:961)
2025-12-22 08:42:42 - INFO - step=23000 loss=0.0020 lr=5.00e-05 grad_norm=0.09 time=1615.3s - (531192:train_csgo.py:961)
2025-12-22 09:09:35 - INFO - step=23100 loss=0.0018 lr=5.00e-05 grad_norm=0.09 time=1612.9s - (531192:train_csgo.py:961)
2025-12-22 09:36:25 - INFO - step=23200 loss=0.0017 lr=5.00e-05 grad_norm=0.09 time=1610.2s - (531192:train_csgo.py:961)
2025-12-22 10:03:21 - INFO - step=23300 loss=0.0019 lr=5.00e-05 grad_norm=0.09 time=1616.1s - (531192:train_csgo.py:961)
2025-12-22 10:30:17 - INFO - step=23400 loss=0.0015 lr=5.00e-05 grad_norm=0.07 time=1616.0s - (531192:train_csgo.py:961)
2025-12-22 10:57:08 - INFO - step=23500 loss=0.0016 lr=5.00e-05 grad_norm=0.08 time=1610.7s - (531192:train_csgo.py:961)
2025-12-22 11:24:02 - INFO - step=23600 loss=0.0016 lr=5.00e-05 grad_norm=0.08 time=1614.0s - (531192:train_csgo.py:961)
2025-12-22 11:50:55 - INFO - step=23700 loss=0.0016 lr=5.00e-05 grad_norm=0.08 time=1612.9s - (531192:train_csgo.py:961)
2025-12-22 12:17:52 - INFO - step=23800 loss=0.0016 lr=5.00e-05 grad_norm=0.07 time=1616.6s - (531192:train_csgo.py:961)
2025-12-22 12:44:50 - INFO - step=23900 loss=0.0018 lr=5.00e-05 grad_norm=0.08 time=1618.8s - (531192:train_csgo.py:961)
2025-12-22 13:11:44 - INFO - step=24000 loss=0.0017 lr=5.00e-05 grad_norm=0.07 time=1613.3s - (531192:train_csgo.py:961)
2025-12-22 13:38:45 - INFO - step=24100 loss=0.0017 lr=5.00e-05 grad_norm=0.09 time=1621.4s - (531192:train_csgo.py:961)
2025-12-22 14:05:44 - INFO - step=24200 loss=0.0018 lr=5.00e-05 grad_norm=0.09 time=1618.6s - (531192:train_csgo.py:961)
2025-12-22 14:32:38 - INFO - step=24300 loss=0.0016 lr=5.00e-05 grad_norm=0.08 time=1614.1s - (531192:train_csgo.py:961)
2025-12-22 14:59:37 - INFO - step=24400 loss=0.0013 lr=5.00e-05 grad_norm=0.06 time=1619.5s - (531192:train_csgo.py:961)
2025-12-22 15:26:39 - INFO - step=24500 loss=0.0015 lr=5.00e-05 grad_norm=0.08 time=1621.2s - (531192:train_csgo.py:961)
2025-12-22 15:53:34 - INFO - step=24600 loss=0.0016 lr=5.00e-05 grad_norm=0.08 time=1615.8s - (531192:train_csgo.py:961)
2025-12-22 16:20:36 - INFO - step=24700 loss=0.0018 lr=5.00e-05 grad_norm=0.09 time=1621.5s - (531192:train_csgo.py:961)
2025-12-22 16:47:31 - INFO - step=24800 loss=0.0018 lr=5.00e-05 grad_norm=0.09 time=1615.5s - (531192:train_csgo.py:961)
2025-12-22 17:14:36 - INFO - step=24900 loss=0.0017 lr=5.00e-05 grad_norm=0.08 time=1625.0s - (531192:train_csgo.py:961)
2025-12-22 17:41:56 - INFO - Saved checkpoint at step 25000 -> /data/jiahao/openpi/checkpoints/pi05_csgo_exp10/pi05_csgo_exp10/25000 - (531192:train_csgo.py:240)
2025-12-22 17:42:09 - INFO - step=25000 loss=0.0015 lr=5.00e-05 grad_norm=0.08 time=1653.1s - (531192:train_csgo.py:961)
2025-12-22 18:09:02 - INFO - step=25100 loss=0.0017 lr=5.00e-05 grad_norm=0.08 time=1612.1s - (531192:train_csgo.py:961)
2025-12-22 18:36:06 - INFO - step=25200 loss=0.0014 lr=5.00e-05 grad_norm=0.07 time=1624.5s - (531192:train_csgo.py:961)
2025-12-22 19:03:08 - INFO - step=25300 loss=0.0018 lr=5.00e-05 grad_norm=0.09 time=1622.2s - (531192:train_csgo.py:961)
2025-12-22 19:30:02 - INFO - step=25400 loss=0.0019 lr=5.00e-05 grad_norm=0.09 time=1613.5s - (531192:train_csgo.py:961)
2025-12-22 20:05:09 - INFO - step=25500 loss=0.0017 lr=5.00e-05 grad_norm=0.08 time=2107.0s - (531192:train_csgo.py:961)
2025-12-22 20:36:09 - INFO - step=25600 loss=0.0014 lr=5.00e-05 grad_norm=0.06 time=1860.0s - (531192:train_csgo.py:961)
2025-12-22 21:05:14 - INFO - step=25700 loss=0.0019 lr=5.00e-05 grad_norm=0.08 time=1745.3s - (531192:train_csgo.py:961)
2025-12-22 21:33:56 - INFO - step=25800 loss=0.0016 lr=5.00e-05 grad_norm=0.08 time=1722.4s - (531192:train_csgo.py:961)
2025-12-22 22:00:54 - INFO - step=25900 loss=0.0016 lr=5.00e-05 grad_norm=0.08 time=1617.5s - (531192:train_csgo.py:961)
2025-12-22 22:27:45 - INFO - step=26000 loss=0.0016 lr=5.00e-05 grad_norm=0.08 time=1611.5s - (531192:train_csgo.py:961)
2025-12-22 22:54:43 - INFO - step=26100 loss=0.0016 lr=5.00e-05 grad_norm=0.08 time=1618.0s - (531192:train_csgo.py:961)
2025-12-22 23:21:34 - INFO - step=26200 loss=0.0014 lr=5.00e-05 grad_norm=0.07 time=1610.6s - (531192:train_csgo.py:961)
2025-12-22 23:48:32 - INFO - step=26300 loss=0.0018 lr=5.00e-05 grad_norm=0.09 time=1618.1s - (531192:train_csgo.py:961)
2025-12-23 00:15:31 - INFO - step=26400 loss=0.0017 lr=5.00e-05 grad_norm=0.08 time=1619.2s - (531192:train_csgo.py:961)
2025-12-23 00:42:23 - INFO - step=26500 loss=0.0014 lr=5.00e-05 grad_norm=0.07 time=1612.3s - (531192:train_csgo.py:961)
2025-12-23 01:09:21 - INFO - step=26600 loss=0.0015 lr=5.00e-05 grad_norm=0.07 time=1617.5s - (531192:train_csgo.py:961)
2025-12-23 01:36:16 - INFO - step=26700 loss=0.0015 lr=5.00e-05 grad_norm=0.06 time=1614.8s - (531192:train_csgo.py:961)
2025-12-23 02:03:08 - INFO - step=26800 loss=0.0017 lr=5.00e-05 grad_norm=0.08 time=1612.7s - (531192:train_csgo.py:961)
2025-12-23 02:30:08 - INFO - step=26900 loss=0.0015 lr=5.00e-05 grad_norm=0.08 time=1619.2s - (531192:train_csgo.py:961)
2025-12-23 02:57:06 - INFO - step=27000 loss=0.0017 lr=5.00e-05 grad_norm=0.08 time=1618.0s - (531192:train_csgo.py:961)
2025-12-23 03:23:58 - INFO - step=27100 loss=0.0017 lr=5.00e-05 grad_norm=0.08 time=1612.9s - (531192:train_csgo.py:961)
2025-12-23 03:50:55 - INFO - step=27200 loss=0.0015 lr=5.00e-05 grad_norm=0.08 time=1616.5s - (531192:train_csgo.py:961)
2025-12-23 04:17:56 - INFO - step=27300 loss=0.0018 lr=5.00e-05 grad_norm=0.08 time=1620.7s - (531192:train_csgo.py:961)
2025-12-23 04:44:45 - INFO - step=27400 loss=0.0016 lr=5.00e-05 grad_norm=0.07 time=1609.4s - (531192:train_csgo.py:961)
2025-12-23 05:11:42 - INFO - step=27500 loss=0.0014 lr=5.00e-05 grad_norm=0.07 time=1617.4s - (531192:train_csgo.py:961)
2025-12-23 05:38:36 - INFO - step=27600 loss=0.0015 lr=5.00e-05 grad_norm=0.07 time=1613.4s - (531192:train_csgo.py:961)
2025-12-23 06:05:30 - INFO - step=27700 loss=0.0016 lr=5.00e-05 grad_norm=0.07 time=1614.3s - (531192:train_csgo.py:961)
2025-12-23 06:32:28 - INFO - step=27800 loss=0.0014 lr=5.00e-05 grad_norm=0.07 time=1617.5s - (531192:train_csgo.py:961)
2025-12-23 06:59:20 - INFO - step=27900 loss=0.0017 lr=5.00e-05 grad_norm=0.08 time=1612.4s - (531192:train_csgo.py:961)
2025-12-23 07:26:16 - INFO - step=28000 loss=0.0016 lr=5.00e-05 grad_norm=0.08 time=1616.2s - (531192:train_csgo.py:961)
2025-12-23 07:53:13 - INFO - step=28100 loss=0.0015 lr=5.00e-05 grad_norm=0.08 time=1616.5s - (531192:train_csgo.py:961)
2025-12-23 08:20:01 - INFO - step=28200 loss=0.0016 lr=5.00e-05 grad_norm=0.08 time=1608.1s - (531192:train_csgo.py:961)
2025-12-23 08:47:00 - INFO - step=28300 loss=0.0014 lr=5.00e-05 grad_norm=0.07 time=1618.8s - (531192:train_csgo.py:961)
2025-12-23 09:13:56 - INFO - step=28400 loss=0.0016 lr=5.00e-05 grad_norm=0.08 time=1616.5s - (531192:train_csgo.py:961)
2025-12-23 09:40:47 - INFO - step=28500 loss=0.0018 lr=5.00e-05 grad_norm=0.08 time=1610.9s - (531192:train_csgo.py:961)
2025-12-23 10:07:42 - INFO - step=28600 loss=0.0015 lr=5.00e-05 grad_norm=0.07 time=1614.8s - (531192:train_csgo.py:961)
2025-12-23 10:34:29 - INFO - step=28700 loss=0.0016 lr=5.00e-05 grad_norm=0.07 time=1607.5s - (531192:train_csgo.py:961)
2025-12-23 11:01:26 - INFO - step=28800 loss=0.0014 lr=5.00e-05 grad_norm=0.07 time=1616.3s - (531192:train_csgo.py:961)
2025-12-23 11:28:23 - INFO - step=28900 loss=0.0015 lr=5.00e-05 grad_norm=0.08 time=1617.9s - (531192:train_csgo.py:961)
2025-12-23 11:55:13 - INFO - step=29000 loss=0.0014 lr=5.00e-05 grad_norm=0.06 time=1610.0s - (531192:train_csgo.py:961)
2025-12-23 12:22:12 - INFO - step=29100 loss=0.0016 lr=5.00e-05 grad_norm=0.08 time=1618.0s - (531192:train_csgo.py:961)
2025-12-23 12:49:09 - INFO - step=29200 loss=0.0015 lr=5.00e-05 grad_norm=0.07 time=1617.1s - (531192:train_csgo.py:961)
2025-12-23 13:16:02 - INFO - step=29300 loss=0.0014 lr=5.00e-05 grad_norm=0.07 time=1613.1s - (531192:train_csgo.py:961)
2025-12-23 13:43:04 - INFO - step=29400 loss=0.0016 lr=5.00e-05 grad_norm=0.09 time=1621.9s - (531192:train_csgo.py:961)
2025-12-23 14:10:05 - INFO - step=29500 loss=0.0013 lr=5.00e-05 grad_norm=0.07 time=1621.6s - (531192:train_csgo.py:961)
2025-12-23 14:37:01 - INFO - step=29600 loss=0.0015 lr=5.00e-05 grad_norm=0.08 time=1616.1s - (531192:train_csgo.py:961)
2025-12-23 15:04:04 - INFO - step=29700 loss=0.0015 lr=5.00e-05 grad_norm=0.06 time=1622.6s - (531192:train_csgo.py:961)
2025-12-23 15:31:09 - INFO - step=29800 loss=0.0014 lr=5.00e-05 grad_norm=0.07 time=1624.7s - (531192:train_csgo.py:961)
2025-12-23 15:58:02 - INFO - step=29900 loss=0.0014 lr=5.00e-05 grad_norm=0.07 time=1613.1s - (531192:train_csgo.py:961)
2025-12-23 16:25:05 - INFO - Saved checkpoint at step 29999 -> /data/jiahao/openpi/checkpoints/pi05_csgo_exp10/pi05_csgo_exp10/29999 - (531192:train_csgo.py:240)
2025-12-23 16:25:48 - INFO - Saved checkpoint at step 30000 -> /data/jiahao/openpi/checkpoints/pi05_csgo_exp10/pi05_csgo_exp10/30000 - (531192:train_csgo.py:240)
