2026-01-07 14:22:29 - INFO - Resuming from experiment checkpoint directory: /data/jiahao/openpi/checkpoints/pi05_csgo_3maps_exp10_2/pi05_csgo_3maps_exp10_2 at step 8000 - (2833430:train_csgo.py:602)
2026-01-07 14:22:29 - INFO - Using existing experiment checkpoint directory: /data/jiahao/openpi/checkpoints/pi05_csgo_3maps_exp10_2/pi05_csgo_3maps_exp10_2 - (2833430:train_csgo.py:621)
2026-01-07 14:22:32 - INFO - Using batch size per GPU: 128 (total batch size across 1 GPUs: 128) - (2833430:train_csgo.py:632)
2026-01-07 14:22:32 - INFO - Norm stats not found in /home/jiahao/task/openpi/assets/pi05_csgo_3maps_exp10_2/csgosquare/de_dust2, skipping. - (2833430:config.py:204)
2026-01-07 14:22:32 - INFO - data_config: DataConfig(is_csgo=True, csgo_config={'debug': False, 'data_dir': 'data/preprocessed_data', 'train_maps': ['de_dust2', 'de_nuke', 'de_ancient'], 'val_maps': ['de_dust2', 'de_nuke', 'de_ancient'], 'test_maps': ['de_dust2', 'de_nuke', 'de_ancient'], 'map_size': [224, 224], 'fps_size': [224, 224], 'is_dataset_aug': False, 'is_fps_dropout': True, 'is_fps_aug': False, 'erasing_p': 0.6}, repo_id='csgosquare/de_dust2', asset_id='csgosquare/de_dust2', norm_stats=None, repack_transforms=Group(inputs=[RepackTransform(structure={'observation/image': 'image', 'observation/wrist_image': 'wrist_image', 'observation/state': 'state', 'map_id': 'map_id', 'actions': 'actions', 'prompt': 'prompt'})], outputs=()), data_transforms=Group(inputs=[CsgoInputs(model_type=<ModelType.PI05: 'pi05'>)], outputs=[CsgoOutputs()]), model_transforms=Group(inputs=[InjectDefaultPrompt(prompt=None), ResizeImages(height=224, width=224), TokenizePrompt(tokenizer=<openpi.models.tokenizer.PaligemmaTokenizer object at 0x7b31c1d5d750>, discrete_state_input=False), PadStatesAndActions(model_action_dim=32)], outputs=()), use_quantile_norm=True, action_sequence_keys=('actions',), prompt_from_task=True, rlds_data_dir=None, action_space=None, filter_dict_path=None) - (2833430:data_loader.py:305)
2026-01-07 14:22:32 - INFO - local dataset: 60000 - (2833430:data_loader.py:405)
2026-01-07 14:22:32 - INFO - local_batch_size: 128 - (2833430:data_loader.py:406)
2026-01-07 14:22:32 - INFO - Unable to initialize backend 'rocm': module 'jaxlib.xla_extension' has no attribute 'GpuAllocatorConfig' - (2833430:xla_bridge.py:925)
2026-01-07 14:22:32 - INFO - Unable to initialize backend 'tpu': INTERNAL: Failed to open libtpu.so: libtpu.so: cannot open shared object file: No such file or directory - (2833430:xla_bridge.py:925)
2026-01-07 14:22:32 - INFO - local dataloader: 468 - (2833430:data_loader.py:418)
2026-01-07 14:22:58 - INFO - 
batch_sample: [<class 'openpi.models.model.Observation'>, <class 'torch.Tensor'>] - (2833430:train_csgo.py:640)
2026-01-07 14:22:58 - INFO - batch_sample[0].to_dict().keys() = dict_keys(['map_ids', 'state', 'tokenized_prompt', 'tokenized_prompt_mask', 'token_ar_mask', 'token_loss_mask', 'image', 'image_mask']) - (2833430:train_csgo.py:641)
2026-01-07 14:22:58 - INFO - batch_sample[1].shape = torch.Size([128, 1, 32]) - (2833430:train_csgo.py:642)
2026-01-07 14:22:58 - INFO - 
 - (2833430:train_csgo.py:643)
2026-01-07 14:23:51 - INFO - Enabled gradient checkpointing for PI0Pytorch model - (2833430:pi0_pytorch.py:301)
2026-01-07 14:23:51 - INFO - Enabled gradient checkpointing for memory optimization - (2833430:train_csgo.py:707)
2026-01-07 14:23:51 - INFO - Step 0 (after_model_creation): GPU memory - allocated: 7.52GB, reserved: 7.56GB, free: 0.04GB, peak_allocated: 7.52GB, peak_reserved: 7.56GB - (2833430:train_csgo.py:354)
2026-01-07 14:23:51 - INFO - Loading weights from: /home/jiahao/.cache/openpi/openpi-assets/checkpoints/pi05_base - (2833430:train_csgo.py:736)
2026-01-07 14:23:56 - INFO - Loaded PyTorch weights from /home/jiahao/.cache/openpi/openpi-assets/checkpoints/pi05_base - (2833430:train_csgo.py:745)
2026-01-07 14:23:57 - INFO - Step 8000 (before_loading_checkpoint): GPU memory - allocated: 7.52GB, reserved: 7.56GB, free: 0.04GB, peak_allocated: 7.52GB, peak_reserved: 7.56GB - (2833430:train_csgo.py:354)
2026-01-07 14:23:57 - INFO - Loading model state... - (2833430:train_csgo.py:269)
2026-01-07 14:24:03 - INFO - Loaded model state from safetensors format - (2833430:train_csgo.py:275)
2026-01-07 14:24:03 - INFO - Step 8000 (after_loading_model): GPU memory - allocated: 7.52GB, reserved: 7.56GB, free: 0.04GB, peak_allocated: 15.04GB, peak_reserved: 15.12GB - (2833430:train_csgo.py:354)
2026-01-07 14:24:03 - INFO - Loading optimizer state... - (2833430:train_csgo.py:284)
2026-01-07 14:24:21 - INFO - Loaded optimizer state from pt format - (2833430:train_csgo.py:289)
2026-01-07 14:24:21 - INFO - Step 8000 (after_loading_optimizer): GPU memory - allocated: 21.10GB, reserved: 21.21GB, free: 0.12GB, peak_allocated: 21.10GB, peak_reserved: 21.21GB - (2833430:train_csgo.py:354)
2026-01-07 14:24:21 - INFO - Loading metadata... - (2833430:train_csgo.py:300)
2026-01-07 14:24:22 - INFO - Step 8000 (after_loading_metadata): GPU memory - allocated: 21.10GB, reserved: 21.21GB, free: 0.12GB, peak_allocated: 21.10GB, peak_reserved: 21.21GB - (2833430:train_csgo.py:354)
2026-01-07 14:24:22 - INFO - Successfully loaded all checkpoint components from step 8000 - (2833430:train_csgo.py:308)
2026-01-07 14:24:22 - INFO - Resumed training from step 8000 - (2833430:train_csgo.py:778)
2026-01-07 14:24:22 - INFO - Running on: gpu-05 | world_size=1 - (2833430:train_csgo.py:805)
2026-01-07 14:24:22 - INFO - Training config: batch_size=128, effective_batch_size=128, num_train_steps=30000 - (2833430:train_csgo.py:808)
2026-01-07 14:24:22 - INFO - Memory optimizations: gradient_checkpointing=True - (2833430:train_csgo.py:811)
2026-01-07 14:24:22 - INFO - LR schedule: warmup=1000, peak_lr=5.00e-05, decay_steps=8000, end_lr=5.00e-05 - (2833430:train_csgo.py:812)
2026-01-07 14:24:22 - INFO - Optimizer: AdamW, weight_decay=1e-10, clip_norm=1.0 - (2833430:train_csgo.py:815)
2026-01-07 14:24:22 - INFO - EMA is not supported for PyTorch training - (2833430:train_csgo.py:818)
2026-01-07 14:24:22 - INFO - Training precision: bfloat16 - (2833430:train_csgo.py:819)
2026-01-07 14:24:22 - INFO -     Parameters to be optimized: - (2833430:train_csgo.py:822)
2026-01-07 14:24:22 - INFO -         [TRAINABLE] fps_guided_map_attention.fps_pooling.attn.0.weight (shape: torch.Size([1024, 2048])) - (2833430:train_csgo.py:825)
2026-01-07 14:24:22 - INFO -         [TRAINABLE] fps_guided_map_attention.fps_pooling.attn.0.bias (shape: torch.Size([1024])) - (2833430:train_csgo.py:825)
2026-01-07 14:24:22 - INFO -         [TRAINABLE] fps_guided_map_attention.fps_pooling.attn.2.weight (shape: torch.Size([1, 1024])) - (2833430:train_csgo.py:825)
2026-01-07 14:24:22 - INFO -         [TRAINABLE] fps_guided_map_attention.fps_pooling.attn.2.bias (shape: torch.Size([1])) - (2833430:train_csgo.py:825)
2026-01-07 14:24:22 - INFO -         [TRAINABLE] fps_guided_map_attention.q_proj.weight (shape: torch.Size([2048, 2048])) - (2833430:train_csgo.py:825)
2026-01-07 14:24:22 - INFO -         [TRAINABLE] fps_guided_map_attention.q_proj.bias (shape: torch.Size([2048])) - (2833430:train_csgo.py:825)
2026-01-07 14:24:22 - INFO -         [TRAINABLE] fps_guided_map_attention.k_proj.weight (shape: torch.Size([2048, 2048])) - (2833430:train_csgo.py:825)
2026-01-07 14:24:22 - INFO -         [TRAINABLE] fps_guided_map_attention.k_proj.bias (shape: torch.Size([2048])) - (2833430:train_csgo.py:825)
2026-01-07 14:24:22 - INFO -         [TRAINABLE] fps_guided_map_attention.v_proj.weight (shape: torch.Size([2048, 2048])) - (2833430:train_csgo.py:825)
2026-01-07 14:24:22 - INFO -         [TRAINABLE] fps_guided_map_attention.v_proj.bias (shape: torch.Size([2048])) - (2833430:train_csgo.py:825)
2026-01-07 14:24:22 - INFO -         [TRAINABLE] fps_guided_map_attention.o_proj.weight (shape: torch.Size([2048, 2048])) - (2833430:train_csgo.py:825)
2026-01-07 14:24:22 - INFO -         [TRAINABLE] fps_guided_map_attention.o_proj.bias (shape: torch.Size([2048])) - (2833430:train_csgo.py:825)
2026-01-07 14:24:22 - INFO -         [TRAINABLE] paligemma_with_expert.paligemma.model.vision_tower.vision_model.embeddings.patch_embedding.weight (shape: torch.Size([1152, 3, 14, 14])) - (2833430:train_csgo.py:825)
2026-01-07 14:24:22 - INFO -         [TRAINABLE] paligemma_with_expert.paligemma.model.vision_tower.vision_model.embeddings.patch_embedding.bias (shape: torch.Size([1152])) - (2833430:train_csgo.py:825)
2026-01-07 14:24:22 - INFO -         [TRAINABLE] paligemma_with_expert.paligemma.model.vision_tower.vision_model.embeddings.position_embedding.weight (shape: torch.Size([256, 1152])) - (2833430:train_csgo.py:825)
2026-01-07 14:24:22 - INFO -         [TRAINABLE] paligemma_with_expert.paligemma.model.vision_tower.vision_model.encoder.layers.0.layer_norm1.weight (shape: torch.Size([1152])) - (2833430:train_csgo.py:825)
2026-01-07 14:24:22 - INFO -         [TRAINABLE] paligemma_with_expert.paligemma.model.vision_tower.vision_model.encoder.layers.0.layer_norm1.bias (shape: torch.Size([1152])) - (2833430:train_csgo.py:825)
2026-01-07 14:24:22 - INFO -         [TRAINABLE] paligemma_with_expert.paligemma.model.vision_tower.vision_model.encoder.layers.0.self_attn.k_proj.weight (shape: torch.Size([1152, 1152])) - (2833430:train_csgo.py:825)
2026-01-07 14:24:22 - INFO -         [TRAINABLE] paligemma_with_expert.paligemma.model.vision_tower.vision_model.encoder.layers.0.self_attn.k_proj.bias (shape: torch.Size([1152])) - (2833430:train_csgo.py:825)
2026-01-07 14:24:22 - INFO -         [TRAINABLE] paligemma_with_expert.paligemma.model.vision_tower.vision_model.encoder.layers.0.self_attn.v_proj.weight (shape: torch.Size([1152, 1152])) - (2833430:train_csgo.py:825)
2026-01-07 14:24:22 - INFO -         [TRAINABLE] paligemma_with_expert.paligemma.model.vision_tower.vision_model.encoder.layers.0.self_attn.v_proj.bias (shape: torch.Size([1152])) - (2833430:train_csgo.py:825)
2026-01-07 14:24:22 - INFO -         [TRAINABLE] paligemma_with_expert.paligemma.model.vision_tower.vision_model.encoder.layers.0.self_attn.q_proj.weight (shape: torch.Size([1152, 1152])) - (2833430:train_csgo.py:825)
2026-01-07 14:24:22 - INFO -         [TRAINABLE] paligemma_with_expert.paligemma.model.vision_tower.vision_model.encoder.layers.0.self_attn.q_proj.bias (shape: torch.Size([1152])) - (2833430:train_csgo.py:825)
2026-01-07 14:24:22 - INFO -         [TRAINABLE] paligemma_with_expert.paligemma.model.vision_tower.vision_model.encoder.layers.0.self_attn.out_proj.weight (shape: torch.Size([1152, 1152])) - (2833430:train_csgo.py:825)
2026-01-07 14:24:22 - INFO -         [TRAINABLE] paligemma_with_expert.paligemma.model.vision_tower.vision_model.encoder.layers.0.self_attn.out_proj.bias (shape: torch.Size([1152])) - (2833430:train_csgo.py:825)
2026-01-07 14:24:22 - INFO -         [TRAINABLE] paligemma_with_expert.paligemma.model.vision_tower.vision_model.encoder.layers.0.layer_norm2.weight (shape: torch.Size([1152])) - (2833430:train_csgo.py:825)
2026-01-07 14:24:22 - INFO -         [TRAINABLE] paligemma_with_expert.paligemma.model.vision_tower.vision_model.encoder.layers.0.layer_norm2.bias (shape: torch.Size([1152])) - (2833430:train_csgo.py:825)
2026-01-07 14:24:22 - INFO -         [TRAINABLE] paligemma_with_expert.paligemma.model.vision_tower.vision_model.encoder.layers.0.mlp.fc1.weight (shape: torch.Size([4304, 1152])) - (2833430:train_csgo.py:825)
2026-01-07 14:24:22 - INFO -         [TRAINABLE] paligemma_with_expert.paligemma.model.vision_tower.vision_model.encoder.layers.0.mlp.fc1.bias (shape: torch.Size([4304])) - (2833430:train_csgo.py:825)
2026-01-07 14:24:22 - INFO -         [TRAINABLE] paligemma_with_expert.paligemma.model.vision_tower.vision_model.encoder.layers.0.mlp.fc2.weight (shape: torch.Size([1152, 4304])) - (2833430:train_csgo.py:825)
2026-01-07 14:24:22 - INFO -         [TRAINABLE] paligemma_with_expert.paligemma.model.vision_tower.vision_model.encoder.layers.0.mlp.fc2.bias (shape: torch.Size([1152])) - (2833430:train_csgo.py:825)
2026-01-07 14:24:22 - INFO -         [TRAINABLE] paligemma_with_expert.paligemma.model.vision_tower.vision_model.encoder.layers.1.layer_norm1.weight (shape: torch.Size([1152])) - (2833430:train_csgo.py:825)
2026-01-07 14:24:22 - INFO -         [TRAINABLE] paligemma_with_expert.paligemma.model.vision_tower.vision_model.encoder.layers.1.layer_norm1.bias (shape: torch.Size([1152])) - (2833430:train_csgo.py:825)
2026-01-07 14:24:22 - INFO -         [TRAINABLE] paligemma_with_expert.paligemma.model.vision_tower.vision_model.encoder.layers.1.self_attn.k_proj.weight (shape: torch.Size([1152, 1152])) - (2833430:train_csgo.py:825)
2026-01-07 14:24:22 - INFO -         [TRAINABLE] paligemma_with_expert.paligemma.model.vision_tower.vision_model.encoder.layers.1.self_attn.k_proj.bias (shape: torch.Size([1152])) - (2833430:train_csgo.py:825)
2026-01-07 14:24:22 - INFO -         [TRAINABLE] paligemma_with_expert.paligemma.model.vision_tower.vision_model.encoder.layers.1.self_attn.v_proj.weight (shape: torch.Size([1152, 1152])) - (2833430:train_csgo.py:825)
2026-01-07 14:24:22 - INFO -         [TRAINABLE] paligemma_with_expert.paligemma.model.vision_tower.vision_model.encoder.layers.1.self_attn.v_proj.bias (shape: torch.Size([1152])) - (2833430:train_csgo.py:825)
2026-01-07 14:24:22 - INFO -         [TRAINABLE] paligemma_with_expert.paligemma.model.vision_tower.vision_model.encoder.layers.1.self_attn.q_proj.weight (shape: torch.Size([1152, 1152])) - (2833430:train_csgo.py:825)
2026-01-07 14:24:22 - INFO -         [TRAINABLE] paligemma_with_expert.paligemma.model.vision_tower.vision_model.encoder.layers.1.self_attn.q_proj.bias (shape: torch.Size([1152])) - (2833430:train_csgo.py:825)
2026-01-07 14:24:22 - INFO -         [TRAINABLE] paligemma_with_expert.paligemma.model.vision_tower.vision_model.encoder.layers.1.self_attn.out_proj.weight (shape: torch.Size([1152, 1152])) - (2833430:train_csgo.py:825)
2026-01-07 14:24:22 - INFO -         [TRAINABLE] paligemma_with_expert.paligemma.model.vision_tower.vision_model.encoder.layers.1.self_attn.out_proj.bias (shape: torch.Size([1152])) - (2833430:train_csgo.py:825)
2026-01-07 14:24:22 - INFO -         [TRAINABLE] paligemma_with_expert.paligemma.model.vision_tower.vision_model.encoder.layers.1.layer_norm2.weight (shape: torch.Size([1152])) - (2833430:train_csgo.py:825)
2026-01-07 14:24:22 - INFO -         [TRAINABLE] paligemma_with_expert.paligemma.model.vision_tower.vision_model.encoder.layers.1.layer_norm2.bias (shape: torch.Size([1152])) - (2833430:train_csgo.py:825)
2026-01-07 14:24:22 - INFO -         [TRAINABLE] paligemma_with_expert.paligemma.model.vision_tower.vision_model.encoder.layers.1.mlp.fc1.weight (shape: torch.Size([4304, 1152])) - (2833430:train_csgo.py:825)
2026-01-07 14:24:22 - INFO -         [TRAINABLE] paligemma_with_expert.paligemma.model.vision_tower.vision_model.encoder.layers.1.mlp.fc1.bias (shape: torch.Size([4304])) - (2833430:train_csgo.py:825)
2026-01-07 14:24:22 - INFO -         [TRAINABLE] paligemma_with_expert.paligemma.model.vision_tower.vision_model.encoder.layers.1.mlp.fc2.weight (shape: torch.Size([1152, 4304])) - (2833430:train_csgo.py:825)
2026-01-07 14:24:22 - INFO -         [TRAINABLE] paligemma_with_expert.paligemma.model.vision_tower.vision_model.encoder.layers.1.mlp.fc2.bias (shape: torch.Size([1152])) - (2833430:train_csgo.py:825)
2026-01-07 14:24:22 - INFO -         [TRAINABLE] paligemma_with_expert.paligemma.model.vision_tower.vision_model.encoder.layers.2.layer_norm1.weight (shape: torch.Size([1152])) - (2833430:train_csgo.py:825)
2026-01-07 14:24:22 - INFO -         [TRAINABLE] paligemma_with_expert.paligemma.model.vision_tower.vision_model.encoder.layers.2.layer_norm1.bias (shape: torch.Size([1152])) - (2833430:train_csgo.py:825)
2026-01-07 14:24:22 - INFO -         [TRAINABLE] paligemma_with_expert.paligemma.model.vision_tower.vision_model.encoder.layers.2.self_attn.k_proj.weight (shape: torch.Size([1152, 1152])) - (2833430:train_csgo.py:825)
2026-01-07 14:24:22 - INFO -         [TRAINABLE] paligemma_with_expert.paligemma.model.vision_tower.vision_model.encoder.layers.2.self_attn.k_proj.bias (shape: torch.Size([1152])) - (2833430:train_csgo.py:825)
2026-01-07 14:24:22 - INFO -         [TRAINABLE] paligemma_with_expert.paligemma.model.vision_tower.vision_model.encoder.layers.2.self_attn.v_proj.weight (shape: torch.Size([1152, 1152])) - (2833430:train_csgo.py:825)
2026-01-07 14:24:22 - INFO -         [TRAINABLE] paligemma_with_expert.paligemma.model.vision_tower.vision_model.encoder.layers.2.self_attn.v_proj.bias (shape: torch.Size([1152])) - (2833430:train_csgo.py:825)
2026-01-07 14:24:22 - INFO -         [TRAINABLE] paligemma_with_expert.paligemma.model.vision_tower.vision_model.encoder.layers.2.self_attn.q_proj.weight (shape: torch.Size([1152, 1152])) - (2833430:train_csgo.py:825)
2026-01-07 14:24:22 - INFO -         [TRAINABLE] paligemma_with_expert.paligemma.model.vision_tower.vision_model.encoder.layers.2.self_attn.q_proj.bias (shape: torch.Size([1152])) - (2833430:train_csgo.py:825)
2026-01-07 14:24:22 - INFO -         [TRAINABLE] paligemma_with_expert.paligemma.model.vision_tower.vision_model.encoder.layers.2.self_attn.out_proj.weight (shape: torch.Size([1152, 1152])) - (2833430:train_csgo.py:825)
2026-01-07 14:24:22 - INFO -         [TRAINABLE] paligemma_with_expert.paligemma.model.vision_tower.vision_model.encoder.layers.2.self_attn.out_proj.bias (shape: torch.Size([1152])) - (2833430:train_csgo.py:825)
2026-01-07 14:24:22 - INFO -         [TRAINABLE] paligemma_with_expert.paligemma.model.vision_tower.vision_model.encoder.layers.2.layer_norm2.weight (shape: torch.Size([1152])) - (2833430:train_csgo.py:825)
2026-01-07 14:24:22 - INFO -         [TRAINABLE] paligemma_with_expert.paligemma.model.vision_tower.vision_model.encoder.layers.2.layer_norm2.bias (shape: torch.Size([1152])) - (2833430:train_csgo.py:825)
2026-01-07 14:24:22 - INFO -         [TRAINABLE] paligemma_with_expert.paligemma.model.vision_tower.vision_model.encoder.layers.2.mlp.fc1.weight (shape: torch.Size([4304, 1152])) - (2833430:train_csgo.py:825)
2026-01-07 14:24:22 - INFO -         [TRAINABLE] paligemma_with_expert.paligemma.model.vision_tower.vision_model.encoder.layers.2.mlp.fc1.bias (shape: torch.Size([4304])) - (2833430:train_csgo.py:825)
2026-01-07 14:24:22 - INFO -         [TRAINABLE] paligemma_with_expert.paligemma.model.vision_tower.vision_model.encoder.layers.2.mlp.fc2.weight (shape: torch.Size([1152, 4304])) - (2833430:train_csgo.py:825)
2026-01-07 14:24:22 - INFO -         [TRAINABLE] paligemma_with_expert.paligemma.model.vision_tower.vision_model.encoder.layers.2.mlp.fc2.bias (shape: torch.Size([1152])) - (2833430:train_csgo.py:825)
2026-01-07 14:24:22 - INFO -         [TRAINABLE] paligemma_with_expert.paligemma.model.vision_tower.vision_model.encoder.layers.3.layer_norm1.weight (shape: torch.Size([1152])) - (2833430:train_csgo.py:825)
2026-01-07 14:24:22 - INFO -         [TRAINABLE] paligemma_with_expert.paligemma.model.vision_tower.vision_model.encoder.layers.3.layer_norm1.bias (shape: torch.Size([1152])) - (2833430:train_csgo.py:825)
2026-01-07 14:24:22 - INFO -         [TRAINABLE] paligemma_with_expert.paligemma.model.vision_tower.vision_model.encoder.layers.3.self_attn.k_proj.weight (shape: torch.Size([1152, 1152])) - (2833430:train_csgo.py:825)
2026-01-07 14:24:22 - INFO -         [TRAINABLE] paligemma_with_expert.paligemma.model.vision_tower.vision_model.encoder.layers.3.self_attn.k_proj.bias (shape: torch.Size([1152])) - (2833430:train_csgo.py:825)
2026-01-07 14:24:22 - INFO -         [TRAINABLE] paligemma_with_expert.paligemma.model.vision_tower.vision_model.encoder.layers.3.self_attn.v_proj.weight (shape: torch.Size([1152, 1152])) - (2833430:train_csgo.py:825)
2026-01-07 14:24:22 - INFO -         [TRAINABLE] paligemma_with_expert.paligemma.model.vision_tower.vision_model.encoder.layers.3.self_attn.v_proj.bias (shape: torch.Size([1152])) - (2833430:train_csgo.py:825)
2026-01-07 14:24:22 - INFO -         [TRAINABLE] paligemma_with_expert.paligemma.model.vision_tower.vision_model.encoder.layers.3.self_attn.q_proj.weight (shape: torch.Size([1152, 1152])) - (2833430:train_csgo.py:825)
2026-01-07 14:24:22 - INFO -         [TRAINABLE] paligemma_with_expert.paligemma.model.vision_tower.vision_model.encoder.layers.3.self_attn.q_proj.bias (shape: torch.Size([1152])) - (2833430:train_csgo.py:825)
2026-01-07 14:24:22 - INFO -         [TRAINABLE] paligemma_with_expert.paligemma.model.vision_tower.vision_model.encoder.layers.3.self_attn.out_proj.weight (shape: torch.Size([1152, 1152])) - (2833430:train_csgo.py:825)
2026-01-07 14:24:22 - INFO -         [TRAINABLE] paligemma_with_expert.paligemma.model.vision_tower.vision_model.encoder.layers.3.self_attn.out_proj.bias (shape: torch.Size([1152])) - (2833430:train_csgo.py:825)
2026-01-07 14:24:22 - INFO -         [TRAINABLE] paligemma_with_expert.paligemma.model.vision_tower.vision_model.encoder.layers.3.layer_norm2.weight (shape: torch.Size([1152])) - (2833430:train_csgo.py:825)
2026-01-07 14:24:22 - INFO -         [TRAINABLE] paligemma_with_expert.paligemma.model.vision_tower.vision_model.encoder.layers.3.layer_norm2.bias (shape: torch.Size([1152])) - (2833430:train_csgo.py:825)
2026-01-07 14:24:22 - INFO -         [TRAINABLE] paligemma_with_expert.paligemma.model.vision_tower.vision_model.encoder.layers.3.mlp.fc1.weight (shape: torch.Size([4304, 1152])) - (2833430:train_csgo.py:825)
2026-01-07 14:24:22 - INFO -         [TRAINABLE] paligemma_with_expert.paligemma.model.vision_tower.vision_model.encoder.layers.3.mlp.fc1.bias (shape: torch.Size([4304])) - (2833430:train_csgo.py:825)
2026-01-07 14:24:22 - INFO -         [TRAINABLE] paligemma_with_expert.paligemma.model.vision_tower.vision_model.encoder.layers.3.mlp.fc2.weight (shape: torch.Size([1152, 4304])) - (2833430:train_csgo.py:825)
2026-01-07 14:24:22 - INFO -         [TRAINABLE] paligemma_with_expert.paligemma.model.vision_tower.vision_model.encoder.layers.3.mlp.fc2.bias (shape: torch.Size([1152])) - (2833430:train_csgo.py:825)
2026-01-07 14:24:22 - INFO -         [TRAINABLE] paligemma_with_expert.paligemma.model.vision_tower.vision_model.encoder.layers.4.layer_norm1.weight (shape: torch.Size([1152])) - (2833430:train_csgo.py:825)
2026-01-07 14:24:22 - INFO -         [TRAINABLE] paligemma_with_expert.paligemma.model.vision_tower.vision_model.encoder.layers.4.layer_norm1.bias (shape: torch.Size([1152])) - (2833430:train_csgo.py:825)
2026-01-07 14:24:22 - INFO -         [TRAINABLE] paligemma_with_expert.paligemma.model.vision_tower.vision_model.encoder.layers.4.self_attn.k_proj.weight (shape: torch.Size([1152, 1152])) - (2833430:train_csgo.py:825)
2026-01-07 14:24:22 - INFO -         [TRAINABLE] paligemma_with_expert.paligemma.model.vision_tower.vision_model.encoder.layers.4.self_attn.k_proj.bias (shape: torch.Size([1152])) - (2833430:train_csgo.py:825)
2026-01-07 14:24:22 - INFO -         [TRAINABLE] paligemma_with_expert.paligemma.model.vision_tower.vision_model.encoder.layers.4.self_attn.v_proj.weight (shape: torch.Size([1152, 1152])) - (2833430:train_csgo.py:825)
2026-01-07 14:24:22 - INFO -         [TRAINABLE] paligemma_with_expert.paligemma.model.vision_tower.vision_model.encoder.layers.4.self_attn.v_proj.bias (shape: torch.Size([1152])) - (2833430:train_csgo.py:825)
2026-01-07 14:24:22 - INFO -         [TRAINABLE] paligemma_with_expert.paligemma.model.vision_tower.vision_model.encoder.layers.4.self_attn.q_proj.weight (shape: torch.Size([1152, 1152])) - (2833430:train_csgo.py:825)
2026-01-07 14:24:22 - INFO -         [TRAINABLE] paligemma_with_expert.paligemma.model.vision_tower.vision_model.encoder.layers.4.self_attn.q_proj.bias (shape: torch.Size([1152])) - (2833430:train_csgo.py:825)
2026-01-07 14:24:22 - INFO -         [TRAINABLE] paligemma_with_expert.paligemma.model.vision_tower.vision_model.encoder.layers.4.self_attn.out_proj.weight (shape: torch.Size([1152, 1152])) - (2833430:train_csgo.py:825)
2026-01-07 14:24:22 - INFO -         [TRAINABLE] paligemma_with_expert.paligemma.model.vision_tower.vision_model.encoder.layers.4.self_attn.out_proj.bias (shape: torch.Size([1152])) - (2833430:train_csgo.py:825)
2026-01-07 14:24:22 - INFO -         [TRAINABLE] paligemma_with_expert.paligemma.model.vision_tower.vision_model.encoder.layers.4.layer_norm2.weight (shape: torch.Size([1152])) - (2833430:train_csgo.py:825)
2026-01-07 14:24:22 - INFO -         [TRAINABLE] paligemma_with_expert.paligemma.model.vision_tower.vision_model.encoder.layers.4.layer_norm2.bias (shape: torch.Size([1152])) - (2833430:train_csgo.py:825)
2026-01-07 14:24:22 - INFO -         [TRAINABLE] paligemma_with_expert.paligemma.model.vision_tower.vision_model.encoder.layers.4.mlp.fc1.weight (shape: torch.Size([4304, 1152])) - (2833430:train_csgo.py:825)
2026-01-07 14:24:22 - INFO -         [TRAINABLE] paligemma_with_expert.paligemma.model.vision_tower.vision_model.encoder.layers.4.mlp.fc1.bias (shape: torch.Size([4304])) - (2833430:train_csgo.py:825)
2026-01-07 14:24:22 - INFO -         [TRAINABLE] paligemma_with_expert.paligemma.model.vision_tower.vision_model.encoder.layers.4.mlp.fc2.weight (shape: torch.Size([1152, 4304])) - (2833430:train_csgo.py:825)
2026-01-07 14:24:22 - INFO -         [TRAINABLE] paligemma_with_expert.paligemma.model.vision_tower.vision_model.encoder.layers.4.mlp.fc2.bias (shape: torch.Size([1152])) - (2833430:train_csgo.py:825)
2026-01-07 14:24:22 - INFO -         [TRAINABLE] paligemma_with_expert.paligemma.model.vision_tower.vision_model.encoder.layers.5.layer_norm1.weight (shape: torch.Size([1152])) - (2833430:train_csgo.py:825)
2026-01-07 14:24:22 - INFO -         [TRAINABLE] paligemma_with_expert.paligemma.model.vision_tower.vision_model.encoder.layers.5.layer_norm1.bias (shape: torch.Size([1152])) - (2833430:train_csgo.py:825)
2026-01-07 14:24:22 - INFO -         [TRAINABLE] paligemma_with_expert.paligemma.model.vision_tower.vision_model.encoder.layers.5.self_attn.k_proj.weight (shape: torch.Size([1152, 1152])) - (2833430:train_csgo.py:825)
2026-01-07 14:24:22 - INFO -         [TRAINABLE] paligemma_with_expert.paligemma.model.vision_tower.vision_model.encoder.layers.5.self_attn.k_proj.bias (shape: torch.Size([1152])) - (2833430:train_csgo.py:825)
2026-01-07 14:24:22 - INFO -         [TRAINABLE] paligemma_with_expert.paligemma.model.vision_tower.vision_model.encoder.layers.5.self_attn.v_proj.weight (shape: torch.Size([1152, 1152])) - (2833430:train_csgo.py:825)
2026-01-07 14:24:22 - INFO -         [TRAINABLE] paligemma_with_expert.paligemma.model.vision_tower.vision_model.encoder.layers.5.self_attn.v_proj.bias (shape: torch.Size([1152])) - (2833430:train_csgo.py:825)
2026-01-07 14:24:22 - INFO -         [TRAINABLE] paligemma_with_expert.paligemma.model.vision_tower.vision_model.encoder.layers.5.self_attn.q_proj.weight (shape: torch.Size([1152, 1152])) - (2833430:train_csgo.py:825)
2026-01-07 14:24:22 - INFO -         [TRAINABLE] paligemma_with_expert.paligemma.model.vision_tower.vision_model.encoder.layers.5.self_attn.q_proj.bias (shape: torch.Size([1152])) - (2833430:train_csgo.py:825)
2026-01-07 14:24:22 - INFO -         [TRAINABLE] paligemma_with_expert.paligemma.model.vision_tower.vision_model.encoder.layers.5.self_attn.out_proj.weight (shape: torch.Size([1152, 1152])) - (2833430:train_csgo.py:825)
2026-01-07 14:24:22 - INFO -         [TRAINABLE] paligemma_with_expert.paligemma.model.vision_tower.vision_model.encoder.layers.5.self_attn.out_proj.bias (shape: torch.Size([1152])) - (2833430:train_csgo.py:825)
2026-01-07 14:24:22 - INFO -         [TRAINABLE] paligemma_with_expert.paligemma.model.vision_tower.vision_model.encoder.layers.5.layer_norm2.weight (shape: torch.Size([1152])) - (2833430:train_csgo.py:825)
2026-01-07 14:24:22 - INFO -         [TRAINABLE] paligemma_with_expert.paligemma.model.vision_tower.vision_model.encoder.layers.5.layer_norm2.bias (shape: torch.Size([1152])) - (2833430:train_csgo.py:825)
2026-01-07 14:24:22 - INFO -         [TRAINABLE] paligemma_with_expert.paligemma.model.vision_tower.vision_model.encoder.layers.5.mlp.fc1.weight (shape: torch.Size([4304, 1152])) - (2833430:train_csgo.py:825)
2026-01-07 14:24:22 - INFO -         [TRAINABLE] paligemma_with_expert.paligemma.model.vision_tower.vision_model.encoder.layers.5.mlp.fc1.bias (shape: torch.Size([4304])) - (2833430:train_csgo.py:825)
2026-01-07 14:24:22 - INFO -         [TRAINABLE] paligemma_with_expert.paligemma.model.vision_tower.vision_model.encoder.layers.5.mlp.fc2.weight (shape: torch.Size([1152, 4304])) - (2833430:train_csgo.py:825)
2026-01-07 14:24:22 - INFO -         [TRAINABLE] paligemma_with_expert.paligemma.model.vision_tower.vision_model.encoder.layers.5.mlp.fc2.bias (shape: torch.Size([1152])) - (2833430:train_csgo.py:825)
2026-01-07 14:24:22 - INFO -         [TRAINABLE] paligemma_with_expert.paligemma.model.vision_tower.vision_model.encoder.layers.6.layer_norm1.weight (shape: torch.Size([1152])) - (2833430:train_csgo.py:825)
2026-01-07 14:24:22 - INFO -         [TRAINABLE] paligemma_with_expert.paligemma.model.vision_tower.vision_model.encoder.layers.6.layer_norm1.bias (shape: torch.Size([1152])) - (2833430:train_csgo.py:825)
2026-01-07 14:24:22 - INFO -         [TRAINABLE] paligemma_with_expert.paligemma.model.vision_tower.vision_model.encoder.layers.6.self_attn.k_proj.weight (shape: torch.Size([1152, 1152])) - (2833430:train_csgo.py:825)
2026-01-07 14:24:22 - INFO -         [TRAINABLE] paligemma_with_expert.paligemma.model.vision_tower.vision_model.encoder.layers.6.self_attn.k_proj.bias (shape: torch.Size([1152])) - (2833430:train_csgo.py:825)
2026-01-07 14:24:22 - INFO -         [TRAINABLE] paligemma_with_expert.paligemma.model.vision_tower.vision_model.encoder.layers.6.self_attn.v_proj.weight (shape: torch.Size([1152, 1152])) - (2833430:train_csgo.py:825)
2026-01-07 14:24:22 - INFO -         [TRAINABLE] paligemma_with_expert.paligemma.model.vision_tower.vision_model.encoder.layers.6.self_attn.v_proj.bias (shape: torch.Size([1152])) - (2833430:train_csgo.py:825)
2026-01-07 14:24:22 - INFO -         [TRAINABLE] paligemma_with_expert.paligemma.model.vision_tower.vision_model.encoder.layers.6.self_attn.q_proj.weight (shape: torch.Size([1152, 1152])) - (2833430:train_csgo.py:825)
2026-01-07 14:24:22 - INFO -         [TRAINABLE] paligemma_with_expert.paligemma.model.vision_tower.vision_model.encoder.layers.6.self_attn.q_proj.bias (shape: torch.Size([1152])) - (2833430:train_csgo.py:825)
2026-01-07 14:24:22 - INFO -         [TRAINABLE] paligemma_with_expert.paligemma.model.vision_tower.vision_model.encoder.layers.6.self_attn.out_proj.weight (shape: torch.Size([1152, 1152])) - (2833430:train_csgo.py:825)
2026-01-07 14:24:22 - INFO -         [TRAINABLE] paligemma_with_expert.paligemma.model.vision_tower.vision_model.encoder.layers.6.self_attn.out_proj.bias (shape: torch.Size([1152])) - (2833430:train_csgo.py:825)
2026-01-07 14:24:22 - INFO -         [TRAINABLE] paligemma_with_expert.paligemma.model.vision_tower.vision_model.encoder.layers.6.layer_norm2.weight (shape: torch.Size([1152])) - (2833430:train_csgo.py:825)
2026-01-07 14:24:22 - INFO -         [TRAINABLE] paligemma_with_expert.paligemma.model.vision_tower.vision_model.encoder.layers.6.layer_norm2.bias (shape: torch.Size([1152])) - (2833430:train_csgo.py:825)
2026-01-07 14:24:22 - INFO -         [TRAINABLE] paligemma_with_expert.paligemma.model.vision_tower.vision_model.encoder.layers.6.mlp.fc1.weight (shape: torch.Size([4304, 1152])) - (2833430:train_csgo.py:825)
2026-01-07 14:24:22 - INFO -         [TRAINABLE] paligemma_with_expert.paligemma.model.vision_tower.vision_model.encoder.layers.6.mlp.fc1.bias (shape: torch.Size([4304])) - (2833430:train_csgo.py:825)
2026-01-07 14:24:22 - INFO -         [TRAINABLE] paligemma_with_expert.paligemma.model.vision_tower.vision_model.encoder.layers.6.mlp.fc2.weight (shape: torch.Size([1152, 4304])) - (2833430:train_csgo.py:825)
2026-01-07 14:24:22 - INFO -         [TRAINABLE] paligemma_with_expert.paligemma.model.vision_tower.vision_model.encoder.layers.6.mlp.fc2.bias (shape: torch.Size([1152])) - (2833430:train_csgo.py:825)
2026-01-07 14:24:22 - INFO -         [TRAINABLE] paligemma_with_expert.paligemma.model.vision_tower.vision_model.encoder.layers.7.layer_norm1.weight (shape: torch.Size([1152])) - (2833430:train_csgo.py:825)
2026-01-07 14:24:22 - INFO -         [TRAINABLE] paligemma_with_expert.paligemma.model.vision_tower.vision_model.encoder.layers.7.layer_norm1.bias (shape: torch.Size([1152])) - (2833430:train_csgo.py:825)
2026-01-07 14:24:22 - INFO -         [TRAINABLE] paligemma_with_expert.paligemma.model.vision_tower.vision_model.encoder.layers.7.self_attn.k_proj.weight (shape: torch.Size([1152, 1152])) - (2833430:train_csgo.py:825)
2026-01-07 14:24:22 - INFO -         [TRAINABLE] paligemma_with_expert.paligemma.model.vision_tower.vision_model.encoder.layers.7.self_attn.k_proj.bias (shape: torch.Size([1152])) - (2833430:train_csgo.py:825)
2026-01-07 14:24:22 - INFO -         [TRAINABLE] paligemma_with_expert.paligemma.model.vision_tower.vision_model.encoder.layers.7.self_attn.v_proj.weight (shape: torch.Size([1152, 1152])) - (2833430:train_csgo.py:825)
2026-01-07 14:24:22 - INFO -         [TRAINABLE] paligemma_with_expert.paligemma.model.vision_tower.vision_model.encoder.layers.7.self_attn.v_proj.bias (shape: torch.Size([1152])) - (2833430:train_csgo.py:825)
2026-01-07 14:24:22 - INFO -         [TRAINABLE] paligemma_with_expert.paligemma.model.vision_tower.vision_model.encoder.layers.7.self_attn.q_proj.weight (shape: torch.Size([1152, 1152])) - (2833430:train_csgo.py:825)
2026-01-07 14:24:22 - INFO -         [TRAINABLE] paligemma_with_expert.paligemma.model.vision_tower.vision_model.encoder.layers.7.self_attn.q_proj.bias (shape: torch.Size([1152])) - (2833430:train_csgo.py:825)
2026-01-07 14:24:22 - INFO -         [TRAINABLE] paligemma_with_expert.paligemma.model.vision_tower.vision_model.encoder.layers.7.self_attn.out_proj.weight (shape: torch.Size([1152, 1152])) - (2833430:train_csgo.py:825)
2026-01-07 14:24:22 - INFO -         [TRAINABLE] paligemma_with_expert.paligemma.model.vision_tower.vision_model.encoder.layers.7.self_attn.out_proj.bias (shape: torch.Size([1152])) - (2833430:train_csgo.py:825)
2026-01-07 14:24:22 - INFO -         [TRAINABLE] paligemma_with_expert.paligemma.model.vision_tower.vision_model.encoder.layers.7.layer_norm2.weight (shape: torch.Size([1152])) - (2833430:train_csgo.py:825)
2026-01-07 14:24:22 - INFO -         [TRAINABLE] paligemma_with_expert.paligemma.model.vision_tower.vision_model.encoder.layers.7.layer_norm2.bias (shape: torch.Size([1152])) - (2833430:train_csgo.py:825)
2026-01-07 14:24:22 - INFO -         [TRAINABLE] paligemma_with_expert.paligemma.model.vision_tower.vision_model.encoder.layers.7.mlp.fc1.weight (shape: torch.Size([4304, 1152])) - (2833430:train_csgo.py:825)
2026-01-07 14:24:22 - INFO -         [TRAINABLE] paligemma_with_expert.paligemma.model.vision_tower.vision_model.encoder.layers.7.mlp.fc1.bias (shape: torch.Size([4304])) - (2833430:train_csgo.py:825)
2026-01-07 14:24:22 - INFO -         [TRAINABLE] paligemma_with_expert.paligemma.model.vision_tower.vision_model.encoder.layers.7.mlp.fc2.weight (shape: torch.Size([1152, 4304])) - (2833430:train_csgo.py:825)
2026-01-07 14:24:22 - INFO -         [TRAINABLE] paligemma_with_expert.paligemma.model.vision_tower.vision_model.encoder.layers.7.mlp.fc2.bias (shape: torch.Size([1152])) - (2833430:train_csgo.py:825)
2026-01-07 14:24:22 - INFO -         [TRAINABLE] paligemma_with_expert.paligemma.model.vision_tower.vision_model.encoder.layers.8.layer_norm1.weight (shape: torch.Size([1152])) - (2833430:train_csgo.py:825)
2026-01-07 14:24:22 - INFO -         [TRAINABLE] paligemma_with_expert.paligemma.model.vision_tower.vision_model.encoder.layers.8.layer_norm1.bias (shape: torch.Size([1152])) - (2833430:train_csgo.py:825)
2026-01-07 14:24:22 - INFO -         [TRAINABLE] paligemma_with_expert.paligemma.model.vision_tower.vision_model.encoder.layers.8.self_attn.k_proj.weight (shape: torch.Size([1152, 1152])) - (2833430:train_csgo.py:825)
2026-01-07 14:24:22 - INFO -         [TRAINABLE] paligemma_with_expert.paligemma.model.vision_tower.vision_model.encoder.layers.8.self_attn.k_proj.bias (shape: torch.Size([1152])) - (2833430:train_csgo.py:825)
2026-01-07 14:24:22 - INFO -         [TRAINABLE] paligemma_with_expert.paligemma.model.vision_tower.vision_model.encoder.layers.8.self_attn.v_proj.weight (shape: torch.Size([1152, 1152])) - (2833430:train_csgo.py:825)
2026-01-07 14:24:22 - INFO -         [TRAINABLE] paligemma_with_expert.paligemma.model.vision_tower.vision_model.encoder.layers.8.self_attn.v_proj.bias (shape: torch.Size([1152])) - (2833430:train_csgo.py:825)
2026-01-07 14:24:22 - INFO -         [TRAINABLE] paligemma_with_expert.paligemma.model.vision_tower.vision_model.encoder.layers.8.self_attn.q_proj.weight (shape: torch.Size([1152, 1152])) - (2833430:train_csgo.py:825)
2026-01-07 14:24:22 - INFO -         [TRAINABLE] paligemma_with_expert.paligemma.model.vision_tower.vision_model.encoder.layers.8.self_attn.q_proj.bias (shape: torch.Size([1152])) - (2833430:train_csgo.py:825)
2026-01-07 14:24:22 - INFO -         [TRAINABLE] paligemma_with_expert.paligemma.model.vision_tower.vision_model.encoder.layers.8.self_attn.out_proj.weight (shape: torch.Size([1152, 1152])) - (2833430:train_csgo.py:825)
2026-01-07 14:24:22 - INFO -         [TRAINABLE] paligemma_with_expert.paligemma.model.vision_tower.vision_model.encoder.layers.8.self_attn.out_proj.bias (shape: torch.Size([1152])) - (2833430:train_csgo.py:825)
2026-01-07 14:24:22 - INFO -         [TRAINABLE] paligemma_with_expert.paligemma.model.vision_tower.vision_model.encoder.layers.8.layer_norm2.weight (shape: torch.Size([1152])) - (2833430:train_csgo.py:825)
2026-01-07 14:24:22 - INFO -         [TRAINABLE] paligemma_with_expert.paligemma.model.vision_tower.vision_model.encoder.layers.8.layer_norm2.bias (shape: torch.Size([1152])) - (2833430:train_csgo.py:825)
2026-01-07 14:24:22 - INFO -         [TRAINABLE] paligemma_with_expert.paligemma.model.vision_tower.vision_model.encoder.layers.8.mlp.fc1.weight (shape: torch.Size([4304, 1152])) - (2833430:train_csgo.py:825)
2026-01-07 14:24:22 - INFO -         [TRAINABLE] paligemma_with_expert.paligemma.model.vision_tower.vision_model.encoder.layers.8.mlp.fc1.bias (shape: torch.Size([4304])) - (2833430:train_csgo.py:825)
2026-01-07 14:24:22 - INFO -         [TRAINABLE] paligemma_with_expert.paligemma.model.vision_tower.vision_model.encoder.layers.8.mlp.fc2.weight (shape: torch.Size([1152, 4304])) - (2833430:train_csgo.py:825)
2026-01-07 14:24:22 - INFO -         [TRAINABLE] paligemma_with_expert.paligemma.model.vision_tower.vision_model.encoder.layers.8.mlp.fc2.bias (shape: torch.Size([1152])) - (2833430:train_csgo.py:825)
2026-01-07 14:24:22 - INFO -         [TRAINABLE] paligemma_with_expert.paligemma.model.vision_tower.vision_model.encoder.layers.9.layer_norm1.weight (shape: torch.Size([1152])) - (2833430:train_csgo.py:825)
2026-01-07 14:24:22 - INFO -         [TRAINABLE] paligemma_with_expert.paligemma.model.vision_tower.vision_model.encoder.layers.9.layer_norm1.bias (shape: torch.Size([1152])) - (2833430:train_csgo.py:825)
2026-01-07 14:24:22 - INFO -         [TRAINABLE] paligemma_with_expert.paligemma.model.vision_tower.vision_model.encoder.layers.9.self_attn.k_proj.weight (shape: torch.Size([1152, 1152])) - (2833430:train_csgo.py:825)
2026-01-07 14:24:22 - INFO -         [TRAINABLE] paligemma_with_expert.paligemma.model.vision_tower.vision_model.encoder.layers.9.self_attn.k_proj.bias (shape: torch.Size([1152])) - (2833430:train_csgo.py:825)
2026-01-07 14:24:22 - INFO -         [TRAINABLE] paligemma_with_expert.paligemma.model.vision_tower.vision_model.encoder.layers.9.self_attn.v_proj.weight (shape: torch.Size([1152, 1152])) - (2833430:train_csgo.py:825)
2026-01-07 14:24:22 - INFO -         [TRAINABLE] paligemma_with_expert.paligemma.model.vision_tower.vision_model.encoder.layers.9.self_attn.v_proj.bias (shape: torch.Size([1152])) - (2833430:train_csgo.py:825)
2026-01-07 14:24:22 - INFO -         [TRAINABLE] paligemma_with_expert.paligemma.model.vision_tower.vision_model.encoder.layers.9.self_attn.q_proj.weight (shape: torch.Size([1152, 1152])) - (2833430:train_csgo.py:825)
2026-01-07 14:24:22 - INFO -         [TRAINABLE] paligemma_with_expert.paligemma.model.vision_tower.vision_model.encoder.layers.9.self_attn.q_proj.bias (shape: torch.Size([1152])) - (2833430:train_csgo.py:825)
2026-01-07 14:24:22 - INFO -         [TRAINABLE] paligemma_with_expert.paligemma.model.vision_tower.vision_model.encoder.layers.9.self_attn.out_proj.weight (shape: torch.Size([1152, 1152])) - (2833430:train_csgo.py:825)
2026-01-07 14:24:22 - INFO -         [TRAINABLE] paligemma_with_expert.paligemma.model.vision_tower.vision_model.encoder.layers.9.self_attn.out_proj.bias (shape: torch.Size([1152])) - (2833430:train_csgo.py:825)
2026-01-07 14:24:22 - INFO -         [TRAINABLE] paligemma_with_expert.paligemma.model.vision_tower.vision_model.encoder.layers.9.layer_norm2.weight (shape: torch.Size([1152])) - (2833430:train_csgo.py:825)
2026-01-07 14:24:22 - INFO -         [TRAINABLE] paligemma_with_expert.paligemma.model.vision_tower.vision_model.encoder.layers.9.layer_norm2.bias (shape: torch.Size([1152])) - (2833430:train_csgo.py:825)
2026-01-07 14:24:22 - INFO -         [TRAINABLE] paligemma_with_expert.paligemma.model.vision_tower.vision_model.encoder.layers.9.mlp.fc1.weight (shape: torch.Size([4304, 1152])) - (2833430:train_csgo.py:825)
2026-01-07 14:24:22 - INFO -         [TRAINABLE] paligemma_with_expert.paligemma.model.vision_tower.vision_model.encoder.layers.9.mlp.fc1.bias (shape: torch.Size([4304])) - (2833430:train_csgo.py:825)
2026-01-07 14:24:22 - INFO -         [TRAINABLE] paligemma_with_expert.paligemma.model.vision_tower.vision_model.encoder.layers.9.mlp.fc2.weight (shape: torch.Size([1152, 4304])) - (2833430:train_csgo.py:825)
2026-01-07 14:24:22 - INFO -         [TRAINABLE] paligemma_with_expert.paligemma.model.vision_tower.vision_model.encoder.layers.9.mlp.fc2.bias (shape: torch.Size([1152])) - (2833430:train_csgo.py:825)
2026-01-07 14:24:22 - INFO -         [TRAINABLE] paligemma_with_expert.paligemma.model.vision_tower.vision_model.encoder.layers.10.layer_norm1.weight (shape: torch.Size([1152])) - (2833430:train_csgo.py:825)
2026-01-07 14:24:22 - INFO -         [TRAINABLE] paligemma_with_expert.paligemma.model.vision_tower.vision_model.encoder.layers.10.layer_norm1.bias (shape: torch.Size([1152])) - (2833430:train_csgo.py:825)
2026-01-07 14:24:22 - INFO -         [TRAINABLE] paligemma_with_expert.paligemma.model.vision_tower.vision_model.encoder.layers.10.self_attn.k_proj.weight (shape: torch.Size([1152, 1152])) - (2833430:train_csgo.py:825)
2026-01-07 14:24:22 - INFO -         [TRAINABLE] paligemma_with_expert.paligemma.model.vision_tower.vision_model.encoder.layers.10.self_attn.k_proj.bias (shape: torch.Size([1152])) - (2833430:train_csgo.py:825)
2026-01-07 14:24:22 - INFO -         [TRAINABLE] paligemma_with_expert.paligemma.model.vision_tower.vision_model.encoder.layers.10.self_attn.v_proj.weight (shape: torch.Size([1152, 1152])) - (2833430:train_csgo.py:825)
2026-01-07 14:24:22 - INFO -         [TRAINABLE] paligemma_with_expert.paligemma.model.vision_tower.vision_model.encoder.layers.10.self_attn.v_proj.bias (shape: torch.Size([1152])) - (2833430:train_csgo.py:825)
2026-01-07 14:24:22 - INFO -         [TRAINABLE] paligemma_with_expert.paligemma.model.vision_tower.vision_model.encoder.layers.10.self_attn.q_proj.weight (shape: torch.Size([1152, 1152])) - (2833430:train_csgo.py:825)
2026-01-07 14:24:22 - INFO -         [TRAINABLE] paligemma_with_expert.paligemma.model.vision_tower.vision_model.encoder.layers.10.self_attn.q_proj.bias (shape: torch.Size([1152])) - (2833430:train_csgo.py:825)
2026-01-07 14:24:22 - INFO -         [TRAINABLE] paligemma_with_expert.paligemma.model.vision_tower.vision_model.encoder.layers.10.self_attn.out_proj.weight (shape: torch.Size([1152, 1152])) - (2833430:train_csgo.py:825)
2026-01-07 14:24:22 - INFO -         [TRAINABLE] paligemma_with_expert.paligemma.model.vision_tower.vision_model.encoder.layers.10.self_attn.out_proj.bias (shape: torch.Size([1152])) - (2833430:train_csgo.py:825)
2026-01-07 14:24:22 - INFO -         [TRAINABLE] paligemma_with_expert.paligemma.model.vision_tower.vision_model.encoder.layers.10.layer_norm2.weight (shape: torch.Size([1152])) - (2833430:train_csgo.py:825)
2026-01-07 14:24:22 - INFO -         [TRAINABLE] paligemma_with_expert.paligemma.model.vision_tower.vision_model.encoder.layers.10.layer_norm2.bias (shape: torch.Size([1152])) - (2833430:train_csgo.py:825)
2026-01-07 14:24:22 - INFO -         [TRAINABLE] paligemma_with_expert.paligemma.model.vision_tower.vision_model.encoder.layers.10.mlp.fc1.weight (shape: torch.Size([4304, 1152])) - (2833430:train_csgo.py:825)
2026-01-07 14:24:22 - INFO -         [TRAINABLE] paligemma_with_expert.paligemma.model.vision_tower.vision_model.encoder.layers.10.mlp.fc1.bias (shape: torch.Size([4304])) - (2833430:train_csgo.py:825)
2026-01-07 14:24:22 - INFO -         [TRAINABLE] paligemma_with_expert.paligemma.model.vision_tower.vision_model.encoder.layers.10.mlp.fc2.weight (shape: torch.Size([1152, 4304])) - (2833430:train_csgo.py:825)
2026-01-07 14:24:22 - INFO -         [TRAINABLE] paligemma_with_expert.paligemma.model.vision_tower.vision_model.encoder.layers.10.mlp.fc2.bias (shape: torch.Size([1152])) - (2833430:train_csgo.py:825)
2026-01-07 14:24:22 - INFO -         [TRAINABLE] paligemma_with_expert.paligemma.model.vision_tower.vision_model.encoder.layers.11.layer_norm1.weight (shape: torch.Size([1152])) - (2833430:train_csgo.py:825)
2026-01-07 14:24:22 - INFO -         [TRAINABLE] paligemma_with_expert.paligemma.model.vision_tower.vision_model.encoder.layers.11.layer_norm1.bias (shape: torch.Size([1152])) - (2833430:train_csgo.py:825)
2026-01-07 14:24:22 - INFO -         [TRAINABLE] paligemma_with_expert.paligemma.model.vision_tower.vision_model.encoder.layers.11.self_attn.k_proj.weight (shape: torch.Size([1152, 1152])) - (2833430:train_csgo.py:825)
2026-01-07 14:24:22 - INFO -         [TRAINABLE] paligemma_with_expert.paligemma.model.vision_tower.vision_model.encoder.layers.11.self_attn.k_proj.bias (shape: torch.Size([1152])) - (2833430:train_csgo.py:825)
2026-01-07 14:24:22 - INFO -         [TRAINABLE] paligemma_with_expert.paligemma.model.vision_tower.vision_model.encoder.layers.11.self_attn.v_proj.weight (shape: torch.Size([1152, 1152])) - (2833430:train_csgo.py:825)
2026-01-07 14:24:22 - INFO -         [TRAINABLE] paligemma_with_expert.paligemma.model.vision_tower.vision_model.encoder.layers.11.self_attn.v_proj.bias (shape: torch.Size([1152])) - (2833430:train_csgo.py:825)
2026-01-07 14:24:22 - INFO -         [TRAINABLE] paligemma_with_expert.paligemma.model.vision_tower.vision_model.encoder.layers.11.self_attn.q_proj.weight (shape: torch.Size([1152, 1152])) - (2833430:train_csgo.py:825)
2026-01-07 14:24:22 - INFO -         [TRAINABLE] paligemma_with_expert.paligemma.model.vision_tower.vision_model.encoder.layers.11.self_attn.q_proj.bias (shape: torch.Size([1152])) - (2833430:train_csgo.py:825)
2026-01-07 14:24:22 - INFO -         [TRAINABLE] paligemma_with_expert.paligemma.model.vision_tower.vision_model.encoder.layers.11.self_attn.out_proj.weight (shape: torch.Size([1152, 1152])) - (2833430:train_csgo.py:825)
2026-01-07 14:24:22 - INFO -         [TRAINABLE] paligemma_with_expert.paligemma.model.vision_tower.vision_model.encoder.layers.11.self_attn.out_proj.bias (shape: torch.Size([1152])) - (2833430:train_csgo.py:825)
2026-01-07 14:24:22 - INFO -         [TRAINABLE] paligemma_with_expert.paligemma.model.vision_tower.vision_model.encoder.layers.11.layer_norm2.weight (shape: torch.Size([1152])) - (2833430:train_csgo.py:825)
2026-01-07 14:24:22 - INFO -         [TRAINABLE] paligemma_with_expert.paligemma.model.vision_tower.vision_model.encoder.layers.11.layer_norm2.bias (shape: torch.Size([1152])) - (2833430:train_csgo.py:825)
2026-01-07 14:24:22 - INFO -         [TRAINABLE] paligemma_with_expert.paligemma.model.vision_tower.vision_model.encoder.layers.11.mlp.fc1.weight (shape: torch.Size([4304, 1152])) - (2833430:train_csgo.py:825)
2026-01-07 14:24:22 - INFO -         [TRAINABLE] paligemma_with_expert.paligemma.model.vision_tower.vision_model.encoder.layers.11.mlp.fc1.bias (shape: torch.Size([4304])) - (2833430:train_csgo.py:825)
2026-01-07 14:24:22 - INFO -         [TRAINABLE] paligemma_with_expert.paligemma.model.vision_tower.vision_model.encoder.layers.11.mlp.fc2.weight (shape: torch.Size([1152, 4304])) - (2833430:train_csgo.py:825)
2026-01-07 14:24:22 - INFO -         [TRAINABLE] paligemma_with_expert.paligemma.model.vision_tower.vision_model.encoder.layers.11.mlp.fc2.bias (shape: torch.Size([1152])) - (2833430:train_csgo.py:825)
2026-01-07 14:24:22 - INFO -         [TRAINABLE] paligemma_with_expert.paligemma.model.vision_tower.vision_model.encoder.layers.12.layer_norm1.weight (shape: torch.Size([1152])) - (2833430:train_csgo.py:825)
2026-01-07 14:24:22 - INFO -         [TRAINABLE] paligemma_with_expert.paligemma.model.vision_tower.vision_model.encoder.layers.12.layer_norm1.bias (shape: torch.Size([1152])) - (2833430:train_csgo.py:825)
2026-01-07 14:24:22 - INFO -         [TRAINABLE] paligemma_with_expert.paligemma.model.vision_tower.vision_model.encoder.layers.12.self_attn.k_proj.weight (shape: torch.Size([1152, 1152])) - (2833430:train_csgo.py:825)
2026-01-07 14:24:22 - INFO -         [TRAINABLE] paligemma_with_expert.paligemma.model.vision_tower.vision_model.encoder.layers.12.self_attn.k_proj.bias (shape: torch.Size([1152])) - (2833430:train_csgo.py:825)
2026-01-07 14:24:22 - INFO -         [TRAINABLE] paligemma_with_expert.paligemma.model.vision_tower.vision_model.encoder.layers.12.self_attn.v_proj.weight (shape: torch.Size([1152, 1152])) - (2833430:train_csgo.py:825)
2026-01-07 14:24:22 - INFO -         [TRAINABLE] paligemma_with_expert.paligemma.model.vision_tower.vision_model.encoder.layers.12.self_attn.v_proj.bias (shape: torch.Size([1152])) - (2833430:train_csgo.py:825)
2026-01-07 14:24:22 - INFO -         [TRAINABLE] paligemma_with_expert.paligemma.model.vision_tower.vision_model.encoder.layers.12.self_attn.q_proj.weight (shape: torch.Size([1152, 1152])) - (2833430:train_csgo.py:825)
2026-01-07 14:24:22 - INFO -         [TRAINABLE] paligemma_with_expert.paligemma.model.vision_tower.vision_model.encoder.layers.12.self_attn.q_proj.bias (shape: torch.Size([1152])) - (2833430:train_csgo.py:825)
2026-01-07 14:24:22 - INFO -         [TRAINABLE] paligemma_with_expert.paligemma.model.vision_tower.vision_model.encoder.layers.12.self_attn.out_proj.weight (shape: torch.Size([1152, 1152])) - (2833430:train_csgo.py:825)
2026-01-07 14:24:22 - INFO -         [TRAINABLE] paligemma_with_expert.paligemma.model.vision_tower.vision_model.encoder.layers.12.self_attn.out_proj.bias (shape: torch.Size([1152])) - (2833430:train_csgo.py:825)
2026-01-07 14:24:22 - INFO -         [TRAINABLE] paligemma_with_expert.paligemma.model.vision_tower.vision_model.encoder.layers.12.layer_norm2.weight (shape: torch.Size([1152])) - (2833430:train_csgo.py:825)
2026-01-07 14:24:22 - INFO -         [TRAINABLE] paligemma_with_expert.paligemma.model.vision_tower.vision_model.encoder.layers.12.layer_norm2.bias (shape: torch.Size([1152])) - (2833430:train_csgo.py:825)
2026-01-07 14:24:22 - INFO -         [TRAINABLE] paligemma_with_expert.paligemma.model.vision_tower.vision_model.encoder.layers.12.mlp.fc1.weight (shape: torch.Size([4304, 1152])) - (2833430:train_csgo.py:825)
2026-01-07 14:24:22 - INFO -         [TRAINABLE] paligemma_with_expert.paligemma.model.vision_tower.vision_model.encoder.layers.12.mlp.fc1.bias (shape: torch.Size([4304])) - (2833430:train_csgo.py:825)
2026-01-07 14:24:22 - INFO -         [TRAINABLE] paligemma_with_expert.paligemma.model.vision_tower.vision_model.encoder.layers.12.mlp.fc2.weight (shape: torch.Size([1152, 4304])) - (2833430:train_csgo.py:825)
2026-01-07 14:24:22 - INFO -         [TRAINABLE] paligemma_with_expert.paligemma.model.vision_tower.vision_model.encoder.layers.12.mlp.fc2.bias (shape: torch.Size([1152])) - (2833430:train_csgo.py:825)
2026-01-07 14:24:22 - INFO -         [TRAINABLE] paligemma_with_expert.paligemma.model.vision_tower.vision_model.encoder.layers.13.layer_norm1.weight (shape: torch.Size([1152])) - (2833430:train_csgo.py:825)
2026-01-07 14:24:22 - INFO -         [TRAINABLE] paligemma_with_expert.paligemma.model.vision_tower.vision_model.encoder.layers.13.layer_norm1.bias (shape: torch.Size([1152])) - (2833430:train_csgo.py:825)
2026-01-07 14:24:22 - INFO -         [TRAINABLE] paligemma_with_expert.paligemma.model.vision_tower.vision_model.encoder.layers.13.self_attn.k_proj.weight (shape: torch.Size([1152, 1152])) - (2833430:train_csgo.py:825)
2026-01-07 14:24:22 - INFO -         [TRAINABLE] paligemma_with_expert.paligemma.model.vision_tower.vision_model.encoder.layers.13.self_attn.k_proj.bias (shape: torch.Size([1152])) - (2833430:train_csgo.py:825)
2026-01-07 14:24:22 - INFO -         [TRAINABLE] paligemma_with_expert.paligemma.model.vision_tower.vision_model.encoder.layers.13.self_attn.v_proj.weight (shape: torch.Size([1152, 1152])) - (2833430:train_csgo.py:825)
2026-01-07 14:24:22 - INFO -         [TRAINABLE] paligemma_with_expert.paligemma.model.vision_tower.vision_model.encoder.layers.13.self_attn.v_proj.bias (shape: torch.Size([1152])) - (2833430:train_csgo.py:825)
2026-01-07 14:24:22 - INFO -         [TRAINABLE] paligemma_with_expert.paligemma.model.vision_tower.vision_model.encoder.layers.13.self_attn.q_proj.weight (shape: torch.Size([1152, 1152])) - (2833430:train_csgo.py:825)
2026-01-07 14:24:22 - INFO -         [TRAINABLE] paligemma_with_expert.paligemma.model.vision_tower.vision_model.encoder.layers.13.self_attn.q_proj.bias (shape: torch.Size([1152])) - (2833430:train_csgo.py:825)
2026-01-07 14:24:22 - INFO -         [TRAINABLE] paligemma_with_expert.paligemma.model.vision_tower.vision_model.encoder.layers.13.self_attn.out_proj.weight (shape: torch.Size([1152, 1152])) - (2833430:train_csgo.py:825)
2026-01-07 14:24:22 - INFO -         [TRAINABLE] paligemma_with_expert.paligemma.model.vision_tower.vision_model.encoder.layers.13.self_attn.out_proj.bias (shape: torch.Size([1152])) - (2833430:train_csgo.py:825)
2026-01-07 14:24:22 - INFO -         [TRAINABLE] paligemma_with_expert.paligemma.model.vision_tower.vision_model.encoder.layers.13.layer_norm2.weight (shape: torch.Size([1152])) - (2833430:train_csgo.py:825)
2026-01-07 14:24:22 - INFO -         [TRAINABLE] paligemma_with_expert.paligemma.model.vision_tower.vision_model.encoder.layers.13.layer_norm2.bias (shape: torch.Size([1152])) - (2833430:train_csgo.py:825)
2026-01-07 14:24:22 - INFO -         [TRAINABLE] paligemma_with_expert.paligemma.model.vision_tower.vision_model.encoder.layers.13.mlp.fc1.weight (shape: torch.Size([4304, 1152])) - (2833430:train_csgo.py:825)
2026-01-07 14:24:22 - INFO -         [TRAINABLE] paligemma_with_expert.paligemma.model.vision_tower.vision_model.encoder.layers.13.mlp.fc1.bias (shape: torch.Size([4304])) - (2833430:train_csgo.py:825)
2026-01-07 14:24:22 - INFO -         [TRAINABLE] paligemma_with_expert.paligemma.model.vision_tower.vision_model.encoder.layers.13.mlp.fc2.weight (shape: torch.Size([1152, 4304])) - (2833430:train_csgo.py:825)
2026-01-07 14:24:22 - INFO -         [TRAINABLE] paligemma_with_expert.paligemma.model.vision_tower.vision_model.encoder.layers.13.mlp.fc2.bias (shape: torch.Size([1152])) - (2833430:train_csgo.py:825)
2026-01-07 14:24:22 - INFO -         [TRAINABLE] paligemma_with_expert.paligemma.model.vision_tower.vision_model.encoder.layers.14.layer_norm1.weight (shape: torch.Size([1152])) - (2833430:train_csgo.py:825)
2026-01-07 14:24:22 - INFO -         [TRAINABLE] paligemma_with_expert.paligemma.model.vision_tower.vision_model.encoder.layers.14.layer_norm1.bias (shape: torch.Size([1152])) - (2833430:train_csgo.py:825)
2026-01-07 14:24:22 - INFO -         [TRAINABLE] paligemma_with_expert.paligemma.model.vision_tower.vision_model.encoder.layers.14.self_attn.k_proj.weight (shape: torch.Size([1152, 1152])) - (2833430:train_csgo.py:825)
2026-01-07 14:24:22 - INFO -         [TRAINABLE] paligemma_with_expert.paligemma.model.vision_tower.vision_model.encoder.layers.14.self_attn.k_proj.bias (shape: torch.Size([1152])) - (2833430:train_csgo.py:825)
2026-01-07 14:24:22 - INFO -         [TRAINABLE] paligemma_with_expert.paligemma.model.vision_tower.vision_model.encoder.layers.14.self_attn.v_proj.weight (shape: torch.Size([1152, 1152])) - (2833430:train_csgo.py:825)
2026-01-07 14:24:22 - INFO -         [TRAINABLE] paligemma_with_expert.paligemma.model.vision_tower.vision_model.encoder.layers.14.self_attn.v_proj.bias (shape: torch.Size([1152])) - (2833430:train_csgo.py:825)
2026-01-07 14:24:22 - INFO -         [TRAINABLE] paligemma_with_expert.paligemma.model.vision_tower.vision_model.encoder.layers.14.self_attn.q_proj.weight (shape: torch.Size([1152, 1152])) - (2833430:train_csgo.py:825)
2026-01-07 14:24:22 - INFO -         [TRAINABLE] paligemma_with_expert.paligemma.model.vision_tower.vision_model.encoder.layers.14.self_attn.q_proj.bias (shape: torch.Size([1152])) - (2833430:train_csgo.py:825)
2026-01-07 14:24:22 - INFO -         [TRAINABLE] paligemma_with_expert.paligemma.model.vision_tower.vision_model.encoder.layers.14.self_attn.out_proj.weight (shape: torch.Size([1152, 1152])) - (2833430:train_csgo.py:825)
2026-01-07 14:24:22 - INFO -         [TRAINABLE] paligemma_with_expert.paligemma.model.vision_tower.vision_model.encoder.layers.14.self_attn.out_proj.bias (shape: torch.Size([1152])) - (2833430:train_csgo.py:825)
2026-01-07 14:24:22 - INFO -         [TRAINABLE] paligemma_with_expert.paligemma.model.vision_tower.vision_model.encoder.layers.14.layer_norm2.weight (shape: torch.Size([1152])) - (2833430:train_csgo.py:825)
2026-01-07 14:24:22 - INFO -         [TRAINABLE] paligemma_with_expert.paligemma.model.vision_tower.vision_model.encoder.layers.14.layer_norm2.bias (shape: torch.Size([1152])) - (2833430:train_csgo.py:825)
2026-01-07 14:24:22 - INFO -         [TRAINABLE] paligemma_with_expert.paligemma.model.vision_tower.vision_model.encoder.layers.14.mlp.fc1.weight (shape: torch.Size([4304, 1152])) - (2833430:train_csgo.py:825)
2026-01-07 14:24:22 - INFO -         [TRAINABLE] paligemma_with_expert.paligemma.model.vision_tower.vision_model.encoder.layers.14.mlp.fc1.bias (shape: torch.Size([4304])) - (2833430:train_csgo.py:825)
2026-01-07 14:24:22 - INFO -         [TRAINABLE] paligemma_with_expert.paligemma.model.vision_tower.vision_model.encoder.layers.14.mlp.fc2.weight (shape: torch.Size([1152, 4304])) - (2833430:train_csgo.py:825)
2026-01-07 14:24:22 - INFO -         [TRAINABLE] paligemma_with_expert.paligemma.model.vision_tower.vision_model.encoder.layers.14.mlp.fc2.bias (shape: torch.Size([1152])) - (2833430:train_csgo.py:825)
2026-01-07 14:24:22 - INFO -         [TRAINABLE] paligemma_with_expert.paligemma.model.vision_tower.vision_model.encoder.layers.15.layer_norm1.weight (shape: torch.Size([1152])) - (2833430:train_csgo.py:825)
2026-01-07 14:24:22 - INFO -         [TRAINABLE] paligemma_with_expert.paligemma.model.vision_tower.vision_model.encoder.layers.15.layer_norm1.bias (shape: torch.Size([1152])) - (2833430:train_csgo.py:825)
2026-01-07 14:24:22 - INFO -         [TRAINABLE] paligemma_with_expert.paligemma.model.vision_tower.vision_model.encoder.layers.15.self_attn.k_proj.weight (shape: torch.Size([1152, 1152])) - (2833430:train_csgo.py:825)
2026-01-07 14:24:22 - INFO -         [TRAINABLE] paligemma_with_expert.paligemma.model.vision_tower.vision_model.encoder.layers.15.self_attn.k_proj.bias (shape: torch.Size([1152])) - (2833430:train_csgo.py:825)
2026-01-07 14:24:22 - INFO -         [TRAINABLE] paligemma_with_expert.paligemma.model.vision_tower.vision_model.encoder.layers.15.self_attn.v_proj.weight (shape: torch.Size([1152, 1152])) - (2833430:train_csgo.py:825)
2026-01-07 14:24:22 - INFO -         [TRAINABLE] paligemma_with_expert.paligemma.model.vision_tower.vision_model.encoder.layers.15.self_attn.v_proj.bias (shape: torch.Size([1152])) - (2833430:train_csgo.py:825)
2026-01-07 14:24:22 - INFO -         [TRAINABLE] paligemma_with_expert.paligemma.model.vision_tower.vision_model.encoder.layers.15.self_attn.q_proj.weight (shape: torch.Size([1152, 1152])) - (2833430:train_csgo.py:825)
2026-01-07 14:24:22 - INFO -         [TRAINABLE] paligemma_with_expert.paligemma.model.vision_tower.vision_model.encoder.layers.15.self_attn.q_proj.bias (shape: torch.Size([1152])) - (2833430:train_csgo.py:825)
2026-01-07 14:24:22 - INFO -         [TRAINABLE] paligemma_with_expert.paligemma.model.vision_tower.vision_model.encoder.layers.15.self_attn.out_proj.weight (shape: torch.Size([1152, 1152])) - (2833430:train_csgo.py:825)
2026-01-07 14:24:22 - INFO -         [TRAINABLE] paligemma_with_expert.paligemma.model.vision_tower.vision_model.encoder.layers.15.self_attn.out_proj.bias (shape: torch.Size([1152])) - (2833430:train_csgo.py:825)
2026-01-07 14:24:22 - INFO -         [TRAINABLE] paligemma_with_expert.paligemma.model.vision_tower.vision_model.encoder.layers.15.layer_norm2.weight (shape: torch.Size([1152])) - (2833430:train_csgo.py:825)
2026-01-07 14:24:22 - INFO -         [TRAINABLE] paligemma_with_expert.paligemma.model.vision_tower.vision_model.encoder.layers.15.layer_norm2.bias (shape: torch.Size([1152])) - (2833430:train_csgo.py:825)
2026-01-07 14:24:22 - INFO -         [TRAINABLE] paligemma_with_expert.paligemma.model.vision_tower.vision_model.encoder.layers.15.mlp.fc1.weight (shape: torch.Size([4304, 1152])) - (2833430:train_csgo.py:825)
2026-01-07 14:24:22 - INFO -         [TRAINABLE] paligemma_with_expert.paligemma.model.vision_tower.vision_model.encoder.layers.15.mlp.fc1.bias (shape: torch.Size([4304])) - (2833430:train_csgo.py:825)
2026-01-07 14:24:22 - INFO -         [TRAINABLE] paligemma_with_expert.paligemma.model.vision_tower.vision_model.encoder.layers.15.mlp.fc2.weight (shape: torch.Size([1152, 4304])) - (2833430:train_csgo.py:825)
2026-01-07 14:24:22 - INFO -         [TRAINABLE] paligemma_with_expert.paligemma.model.vision_tower.vision_model.encoder.layers.15.mlp.fc2.bias (shape: torch.Size([1152])) - (2833430:train_csgo.py:825)
2026-01-07 14:24:22 - INFO -         [TRAINABLE] paligemma_with_expert.paligemma.model.vision_tower.vision_model.encoder.layers.16.layer_norm1.weight (shape: torch.Size([1152])) - (2833430:train_csgo.py:825)
2026-01-07 14:24:22 - INFO -         [TRAINABLE] paligemma_with_expert.paligemma.model.vision_tower.vision_model.encoder.layers.16.layer_norm1.bias (shape: torch.Size([1152])) - (2833430:train_csgo.py:825)
2026-01-07 14:24:22 - INFO -         [TRAINABLE] paligemma_with_expert.paligemma.model.vision_tower.vision_model.encoder.layers.16.self_attn.k_proj.weight (shape: torch.Size([1152, 1152])) - (2833430:train_csgo.py:825)
2026-01-07 14:24:22 - INFO -         [TRAINABLE] paligemma_with_expert.paligemma.model.vision_tower.vision_model.encoder.layers.16.self_attn.k_proj.bias (shape: torch.Size([1152])) - (2833430:train_csgo.py:825)
2026-01-07 14:24:22 - INFO -         [TRAINABLE] paligemma_with_expert.paligemma.model.vision_tower.vision_model.encoder.layers.16.self_attn.v_proj.weight (shape: torch.Size([1152, 1152])) - (2833430:train_csgo.py:825)
2026-01-07 14:24:22 - INFO -         [TRAINABLE] paligemma_with_expert.paligemma.model.vision_tower.vision_model.encoder.layers.16.self_attn.v_proj.bias (shape: torch.Size([1152])) - (2833430:train_csgo.py:825)
2026-01-07 14:24:22 - INFO -         [TRAINABLE] paligemma_with_expert.paligemma.model.vision_tower.vision_model.encoder.layers.16.self_attn.q_proj.weight (shape: torch.Size([1152, 1152])) - (2833430:train_csgo.py:825)
2026-01-07 14:24:22 - INFO -         [TRAINABLE] paligemma_with_expert.paligemma.model.vision_tower.vision_model.encoder.layers.16.self_attn.q_proj.bias (shape: torch.Size([1152])) - (2833430:train_csgo.py:825)
2026-01-07 14:24:22 - INFO -         [TRAINABLE] paligemma_with_expert.paligemma.model.vision_tower.vision_model.encoder.layers.16.self_attn.out_proj.weight (shape: torch.Size([1152, 1152])) - (2833430:train_csgo.py:825)
2026-01-07 14:24:22 - INFO -         [TRAINABLE] paligemma_with_expert.paligemma.model.vision_tower.vision_model.encoder.layers.16.self_attn.out_proj.bias (shape: torch.Size([1152])) - (2833430:train_csgo.py:825)
2026-01-07 14:24:22 - INFO -         [TRAINABLE] paligemma_with_expert.paligemma.model.vision_tower.vision_model.encoder.layers.16.layer_norm2.weight (shape: torch.Size([1152])) - (2833430:train_csgo.py:825)
2026-01-07 14:24:22 - INFO -         [TRAINABLE] paligemma_with_expert.paligemma.model.vision_tower.vision_model.encoder.layers.16.layer_norm2.bias (shape: torch.Size([1152])) - (2833430:train_csgo.py:825)
2026-01-07 14:24:22 - INFO -         [TRAINABLE] paligemma_with_expert.paligemma.model.vision_tower.vision_model.encoder.layers.16.mlp.fc1.weight (shape: torch.Size([4304, 1152])) - (2833430:train_csgo.py:825)
2026-01-07 14:24:22 - INFO -         [TRAINABLE] paligemma_with_expert.paligemma.model.vision_tower.vision_model.encoder.layers.16.mlp.fc1.bias (shape: torch.Size([4304])) - (2833430:train_csgo.py:825)
2026-01-07 14:24:22 - INFO -         [TRAINABLE] paligemma_with_expert.paligemma.model.vision_tower.vision_model.encoder.layers.16.mlp.fc2.weight (shape: torch.Size([1152, 4304])) - (2833430:train_csgo.py:825)
2026-01-07 14:24:22 - INFO -         [TRAINABLE] paligemma_with_expert.paligemma.model.vision_tower.vision_model.encoder.layers.16.mlp.fc2.bias (shape: torch.Size([1152])) - (2833430:train_csgo.py:825)
2026-01-07 14:24:22 - INFO -         [TRAINABLE] paligemma_with_expert.paligemma.model.vision_tower.vision_model.encoder.layers.17.layer_norm1.weight (shape: torch.Size([1152])) - (2833430:train_csgo.py:825)
2026-01-07 14:24:22 - INFO -         [TRAINABLE] paligemma_with_expert.paligemma.model.vision_tower.vision_model.encoder.layers.17.layer_norm1.bias (shape: torch.Size([1152])) - (2833430:train_csgo.py:825)
2026-01-07 14:24:22 - INFO -         [TRAINABLE] paligemma_with_expert.paligemma.model.vision_tower.vision_model.encoder.layers.17.self_attn.k_proj.weight (shape: torch.Size([1152, 1152])) - (2833430:train_csgo.py:825)
2026-01-07 14:24:22 - INFO -         [TRAINABLE] paligemma_with_expert.paligemma.model.vision_tower.vision_model.encoder.layers.17.self_attn.k_proj.bias (shape: torch.Size([1152])) - (2833430:train_csgo.py:825)
2026-01-07 14:24:22 - INFO -         [TRAINABLE] paligemma_with_expert.paligemma.model.vision_tower.vision_model.encoder.layers.17.self_attn.v_proj.weight (shape: torch.Size([1152, 1152])) - (2833430:train_csgo.py:825)
2026-01-07 14:24:22 - INFO -         [TRAINABLE] paligemma_with_expert.paligemma.model.vision_tower.vision_model.encoder.layers.17.self_attn.v_proj.bias (shape: torch.Size([1152])) - (2833430:train_csgo.py:825)
2026-01-07 14:24:22 - INFO -         [TRAINABLE] paligemma_with_expert.paligemma.model.vision_tower.vision_model.encoder.layers.17.self_attn.q_proj.weight (shape: torch.Size([1152, 1152])) - (2833430:train_csgo.py:825)
2026-01-07 14:24:22 - INFO -         [TRAINABLE] paligemma_with_expert.paligemma.model.vision_tower.vision_model.encoder.layers.17.self_attn.q_proj.bias (shape: torch.Size([1152])) - (2833430:train_csgo.py:825)
2026-01-07 14:24:22 - INFO -         [TRAINABLE] paligemma_with_expert.paligemma.model.vision_tower.vision_model.encoder.layers.17.self_attn.out_proj.weight (shape: torch.Size([1152, 1152])) - (2833430:train_csgo.py:825)
2026-01-07 14:24:22 - INFO -         [TRAINABLE] paligemma_with_expert.paligemma.model.vision_tower.vision_model.encoder.layers.17.self_attn.out_proj.bias (shape: torch.Size([1152])) - (2833430:train_csgo.py:825)
2026-01-07 14:24:22 - INFO -         [TRAINABLE] paligemma_with_expert.paligemma.model.vision_tower.vision_model.encoder.layers.17.layer_norm2.weight (shape: torch.Size([1152])) - (2833430:train_csgo.py:825)
2026-01-07 14:24:22 - INFO -         [TRAINABLE] paligemma_with_expert.paligemma.model.vision_tower.vision_model.encoder.layers.17.layer_norm2.bias (shape: torch.Size([1152])) - (2833430:train_csgo.py:825)
2026-01-07 14:24:22 - INFO -         [TRAINABLE] paligemma_with_expert.paligemma.model.vision_tower.vision_model.encoder.layers.17.mlp.fc1.weight (shape: torch.Size([4304, 1152])) - (2833430:train_csgo.py:825)
2026-01-07 14:24:22 - INFO -         [TRAINABLE] paligemma_with_expert.paligemma.model.vision_tower.vision_model.encoder.layers.17.mlp.fc1.bias (shape: torch.Size([4304])) - (2833430:train_csgo.py:825)
2026-01-07 14:24:22 - INFO -         [TRAINABLE] paligemma_with_expert.paligemma.model.vision_tower.vision_model.encoder.layers.17.mlp.fc2.weight (shape: torch.Size([1152, 4304])) - (2833430:train_csgo.py:825)
2026-01-07 14:24:22 - INFO -         [TRAINABLE] paligemma_with_expert.paligemma.model.vision_tower.vision_model.encoder.layers.17.mlp.fc2.bias (shape: torch.Size([1152])) - (2833430:train_csgo.py:825)
2026-01-07 14:24:22 - INFO -         [TRAINABLE] paligemma_with_expert.paligemma.model.vision_tower.vision_model.encoder.layers.18.layer_norm1.weight (shape: torch.Size([1152])) - (2833430:train_csgo.py:825)
2026-01-07 14:24:22 - INFO -         [TRAINABLE] paligemma_with_expert.paligemma.model.vision_tower.vision_model.encoder.layers.18.layer_norm1.bias (shape: torch.Size([1152])) - (2833430:train_csgo.py:825)
2026-01-07 14:24:22 - INFO -         [TRAINABLE] paligemma_with_expert.paligemma.model.vision_tower.vision_model.encoder.layers.18.self_attn.k_proj.weight (shape: torch.Size([1152, 1152])) - (2833430:train_csgo.py:825)
2026-01-07 14:24:22 - INFO -         [TRAINABLE] paligemma_with_expert.paligemma.model.vision_tower.vision_model.encoder.layers.18.self_attn.k_proj.bias (shape: torch.Size([1152])) - (2833430:train_csgo.py:825)
2026-01-07 14:24:22 - INFO -         [TRAINABLE] paligemma_with_expert.paligemma.model.vision_tower.vision_model.encoder.layers.18.self_attn.v_proj.weight (shape: torch.Size([1152, 1152])) - (2833430:train_csgo.py:825)
2026-01-07 14:24:22 - INFO -         [TRAINABLE] paligemma_with_expert.paligemma.model.vision_tower.vision_model.encoder.layers.18.self_attn.v_proj.bias (shape: torch.Size([1152])) - (2833430:train_csgo.py:825)
2026-01-07 14:24:22 - INFO -         [TRAINABLE] paligemma_with_expert.paligemma.model.vision_tower.vision_model.encoder.layers.18.self_attn.q_proj.weight (shape: torch.Size([1152, 1152])) - (2833430:train_csgo.py:825)
2026-01-07 14:24:22 - INFO -         [TRAINABLE] paligemma_with_expert.paligemma.model.vision_tower.vision_model.encoder.layers.18.self_attn.q_proj.bias (shape: torch.Size([1152])) - (2833430:train_csgo.py:825)
2026-01-07 14:24:22 - INFO -         [TRAINABLE] paligemma_with_expert.paligemma.model.vision_tower.vision_model.encoder.layers.18.self_attn.out_proj.weight (shape: torch.Size([1152, 1152])) - (2833430:train_csgo.py:825)
2026-01-07 14:24:22 - INFO -         [TRAINABLE] paligemma_with_expert.paligemma.model.vision_tower.vision_model.encoder.layers.18.self_attn.out_proj.bias (shape: torch.Size([1152])) - (2833430:train_csgo.py:825)
2026-01-07 14:24:22 - INFO -         [TRAINABLE] paligemma_with_expert.paligemma.model.vision_tower.vision_model.encoder.layers.18.layer_norm2.weight (shape: torch.Size([1152])) - (2833430:train_csgo.py:825)
2026-01-07 14:24:22 - INFO -         [TRAINABLE] paligemma_with_expert.paligemma.model.vision_tower.vision_model.encoder.layers.18.layer_norm2.bias (shape: torch.Size([1152])) - (2833430:train_csgo.py:825)
2026-01-07 14:24:22 - INFO -         [TRAINABLE] paligemma_with_expert.paligemma.model.vision_tower.vision_model.encoder.layers.18.mlp.fc1.weight (shape: torch.Size([4304, 1152])) - (2833430:train_csgo.py:825)
2026-01-07 14:24:22 - INFO -         [TRAINABLE] paligemma_with_expert.paligemma.model.vision_tower.vision_model.encoder.layers.18.mlp.fc1.bias (shape: torch.Size([4304])) - (2833430:train_csgo.py:825)
2026-01-07 14:24:22 - INFO -         [TRAINABLE] paligemma_with_expert.paligemma.model.vision_tower.vision_model.encoder.layers.18.mlp.fc2.weight (shape: torch.Size([1152, 4304])) - (2833430:train_csgo.py:825)
2026-01-07 14:24:22 - INFO -         [TRAINABLE] paligemma_with_expert.paligemma.model.vision_tower.vision_model.encoder.layers.18.mlp.fc2.bias (shape: torch.Size([1152])) - (2833430:train_csgo.py:825)
2026-01-07 14:24:22 - INFO -         [TRAINABLE] paligemma_with_expert.paligemma.model.vision_tower.vision_model.encoder.layers.19.layer_norm1.weight (shape: torch.Size([1152])) - (2833430:train_csgo.py:825)
2026-01-07 14:24:22 - INFO -         [TRAINABLE] paligemma_with_expert.paligemma.model.vision_tower.vision_model.encoder.layers.19.layer_norm1.bias (shape: torch.Size([1152])) - (2833430:train_csgo.py:825)
2026-01-07 14:24:22 - INFO -         [TRAINABLE] paligemma_with_expert.paligemma.model.vision_tower.vision_model.encoder.layers.19.self_attn.k_proj.weight (shape: torch.Size([1152, 1152])) - (2833430:train_csgo.py:825)
2026-01-07 14:24:22 - INFO -         [TRAINABLE] paligemma_with_expert.paligemma.model.vision_tower.vision_model.encoder.layers.19.self_attn.k_proj.bias (shape: torch.Size([1152])) - (2833430:train_csgo.py:825)
2026-01-07 14:24:22 - INFO -         [TRAINABLE] paligemma_with_expert.paligemma.model.vision_tower.vision_model.encoder.layers.19.self_attn.v_proj.weight (shape: torch.Size([1152, 1152])) - (2833430:train_csgo.py:825)
2026-01-07 14:24:22 - INFO -         [TRAINABLE] paligemma_with_expert.paligemma.model.vision_tower.vision_model.encoder.layers.19.self_attn.v_proj.bias (shape: torch.Size([1152])) - (2833430:train_csgo.py:825)
2026-01-07 14:24:22 - INFO -         [TRAINABLE] paligemma_with_expert.paligemma.model.vision_tower.vision_model.encoder.layers.19.self_attn.q_proj.weight (shape: torch.Size([1152, 1152])) - (2833430:train_csgo.py:825)
2026-01-07 14:24:22 - INFO -         [TRAINABLE] paligemma_with_expert.paligemma.model.vision_tower.vision_model.encoder.layers.19.self_attn.q_proj.bias (shape: torch.Size([1152])) - (2833430:train_csgo.py:825)
2026-01-07 14:24:22 - INFO -         [TRAINABLE] paligemma_with_expert.paligemma.model.vision_tower.vision_model.encoder.layers.19.self_attn.out_proj.weight (shape: torch.Size([1152, 1152])) - (2833430:train_csgo.py:825)
2026-01-07 14:24:22 - INFO -         [TRAINABLE] paligemma_with_expert.paligemma.model.vision_tower.vision_model.encoder.layers.19.self_attn.out_proj.bias (shape: torch.Size([1152])) - (2833430:train_csgo.py:825)
2026-01-07 14:24:22 - INFO -         [TRAINABLE] paligemma_with_expert.paligemma.model.vision_tower.vision_model.encoder.layers.19.layer_norm2.weight (shape: torch.Size([1152])) - (2833430:train_csgo.py:825)
2026-01-07 14:24:22 - INFO -         [TRAINABLE] paligemma_with_expert.paligemma.model.vision_tower.vision_model.encoder.layers.19.layer_norm2.bias (shape: torch.Size([1152])) - (2833430:train_csgo.py:825)
2026-01-07 14:24:22 - INFO -         [TRAINABLE] paligemma_with_expert.paligemma.model.vision_tower.vision_model.encoder.layers.19.mlp.fc1.weight (shape: torch.Size([4304, 1152])) - (2833430:train_csgo.py:825)
2026-01-07 14:24:22 - INFO -         [TRAINABLE] paligemma_with_expert.paligemma.model.vision_tower.vision_model.encoder.layers.19.mlp.fc1.bias (shape: torch.Size([4304])) - (2833430:train_csgo.py:825)
2026-01-07 14:24:22 - INFO -         [TRAINABLE] paligemma_with_expert.paligemma.model.vision_tower.vision_model.encoder.layers.19.mlp.fc2.weight (shape: torch.Size([1152, 4304])) - (2833430:train_csgo.py:825)
2026-01-07 14:24:22 - INFO -         [TRAINABLE] paligemma_with_expert.paligemma.model.vision_tower.vision_model.encoder.layers.19.mlp.fc2.bias (shape: torch.Size([1152])) - (2833430:train_csgo.py:825)
2026-01-07 14:24:22 - INFO -         [TRAINABLE] paligemma_with_expert.paligemma.model.vision_tower.vision_model.encoder.layers.20.layer_norm1.weight (shape: torch.Size([1152])) - (2833430:train_csgo.py:825)
2026-01-07 14:24:22 - INFO -         [TRAINABLE] paligemma_with_expert.paligemma.model.vision_tower.vision_model.encoder.layers.20.layer_norm1.bias (shape: torch.Size([1152])) - (2833430:train_csgo.py:825)
2026-01-07 14:24:22 - INFO -         [TRAINABLE] paligemma_with_expert.paligemma.model.vision_tower.vision_model.encoder.layers.20.self_attn.k_proj.weight (shape: torch.Size([1152, 1152])) - (2833430:train_csgo.py:825)
2026-01-07 14:24:22 - INFO -         [TRAINABLE] paligemma_with_expert.paligemma.model.vision_tower.vision_model.encoder.layers.20.self_attn.k_proj.bias (shape: torch.Size([1152])) - (2833430:train_csgo.py:825)
2026-01-07 14:24:22 - INFO -         [TRAINABLE] paligemma_with_expert.paligemma.model.vision_tower.vision_model.encoder.layers.20.self_attn.v_proj.weight (shape: torch.Size([1152, 1152])) - (2833430:train_csgo.py:825)
2026-01-07 14:24:22 - INFO -         [TRAINABLE] paligemma_with_expert.paligemma.model.vision_tower.vision_model.encoder.layers.20.self_attn.v_proj.bias (shape: torch.Size([1152])) - (2833430:train_csgo.py:825)
2026-01-07 14:24:22 - INFO -         [TRAINABLE] paligemma_with_expert.paligemma.model.vision_tower.vision_model.encoder.layers.20.self_attn.q_proj.weight (shape: torch.Size([1152, 1152])) - (2833430:train_csgo.py:825)
2026-01-07 14:24:22 - INFO -         [TRAINABLE] paligemma_with_expert.paligemma.model.vision_tower.vision_model.encoder.layers.20.self_attn.q_proj.bias (shape: torch.Size([1152])) - (2833430:train_csgo.py:825)
2026-01-07 14:24:22 - INFO -         [TRAINABLE] paligemma_with_expert.paligemma.model.vision_tower.vision_model.encoder.layers.20.self_attn.out_proj.weight (shape: torch.Size([1152, 1152])) - (2833430:train_csgo.py:825)
2026-01-07 14:24:22 - INFO -         [TRAINABLE] paligemma_with_expert.paligemma.model.vision_tower.vision_model.encoder.layers.20.self_attn.out_proj.bias (shape: torch.Size([1152])) - (2833430:train_csgo.py:825)
2026-01-07 14:24:22 - INFO -         [TRAINABLE] paligemma_with_expert.paligemma.model.vision_tower.vision_model.encoder.layers.20.layer_norm2.weight (shape: torch.Size([1152])) - (2833430:train_csgo.py:825)
2026-01-07 14:24:22 - INFO -         [TRAINABLE] paligemma_with_expert.paligemma.model.vision_tower.vision_model.encoder.layers.20.layer_norm2.bias (shape: torch.Size([1152])) - (2833430:train_csgo.py:825)
2026-01-07 14:24:22 - INFO -         [TRAINABLE] paligemma_with_expert.paligemma.model.vision_tower.vision_model.encoder.layers.20.mlp.fc1.weight (shape: torch.Size([4304, 1152])) - (2833430:train_csgo.py:825)
2026-01-07 14:24:22 - INFO -         [TRAINABLE] paligemma_with_expert.paligemma.model.vision_tower.vision_model.encoder.layers.20.mlp.fc1.bias (shape: torch.Size([4304])) - (2833430:train_csgo.py:825)
2026-01-07 14:24:22 - INFO -         [TRAINABLE] paligemma_with_expert.paligemma.model.vision_tower.vision_model.encoder.layers.20.mlp.fc2.weight (shape: torch.Size([1152, 4304])) - (2833430:train_csgo.py:825)
2026-01-07 14:24:22 - INFO -         [TRAINABLE] paligemma_with_expert.paligemma.model.vision_tower.vision_model.encoder.layers.20.mlp.fc2.bias (shape: torch.Size([1152])) - (2833430:train_csgo.py:825)
2026-01-07 14:24:22 - INFO -         [TRAINABLE] paligemma_with_expert.paligemma.model.vision_tower.vision_model.encoder.layers.21.layer_norm1.weight (shape: torch.Size([1152])) - (2833430:train_csgo.py:825)
2026-01-07 14:24:22 - INFO -         [TRAINABLE] paligemma_with_expert.paligemma.model.vision_tower.vision_model.encoder.layers.21.layer_norm1.bias (shape: torch.Size([1152])) - (2833430:train_csgo.py:825)
2026-01-07 14:24:22 - INFO -         [TRAINABLE] paligemma_with_expert.paligemma.model.vision_tower.vision_model.encoder.layers.21.self_attn.k_proj.weight (shape: torch.Size([1152, 1152])) - (2833430:train_csgo.py:825)
2026-01-07 14:24:22 - INFO -         [TRAINABLE] paligemma_with_expert.paligemma.model.vision_tower.vision_model.encoder.layers.21.self_attn.k_proj.bias (shape: torch.Size([1152])) - (2833430:train_csgo.py:825)
2026-01-07 14:24:22 - INFO -         [TRAINABLE] paligemma_with_expert.paligemma.model.vision_tower.vision_model.encoder.layers.21.self_attn.v_proj.weight (shape: torch.Size([1152, 1152])) - (2833430:train_csgo.py:825)
2026-01-07 14:24:22 - INFO -         [TRAINABLE] paligemma_with_expert.paligemma.model.vision_tower.vision_model.encoder.layers.21.self_attn.v_proj.bias (shape: torch.Size([1152])) - (2833430:train_csgo.py:825)
2026-01-07 14:24:22 - INFO -         [TRAINABLE] paligemma_with_expert.paligemma.model.vision_tower.vision_model.encoder.layers.21.self_attn.q_proj.weight (shape: torch.Size([1152, 1152])) - (2833430:train_csgo.py:825)
2026-01-07 14:24:22 - INFO -         [TRAINABLE] paligemma_with_expert.paligemma.model.vision_tower.vision_model.encoder.layers.21.self_attn.q_proj.bias (shape: torch.Size([1152])) - (2833430:train_csgo.py:825)
2026-01-07 14:24:22 - INFO -         [TRAINABLE] paligemma_with_expert.paligemma.model.vision_tower.vision_model.encoder.layers.21.self_attn.out_proj.weight (shape: torch.Size([1152, 1152])) - (2833430:train_csgo.py:825)
2026-01-07 14:24:22 - INFO -         [TRAINABLE] paligemma_with_expert.paligemma.model.vision_tower.vision_model.encoder.layers.21.self_attn.out_proj.bias (shape: torch.Size([1152])) - (2833430:train_csgo.py:825)
2026-01-07 14:24:22 - INFO -         [TRAINABLE] paligemma_with_expert.paligemma.model.vision_tower.vision_model.encoder.layers.21.layer_norm2.weight (shape: torch.Size([1152])) - (2833430:train_csgo.py:825)
2026-01-07 14:24:22 - INFO -         [TRAINABLE] paligemma_with_expert.paligemma.model.vision_tower.vision_model.encoder.layers.21.layer_norm2.bias (shape: torch.Size([1152])) - (2833430:train_csgo.py:825)
2026-01-07 14:24:22 - INFO -         [TRAINABLE] paligemma_with_expert.paligemma.model.vision_tower.vision_model.encoder.layers.21.mlp.fc1.weight (shape: torch.Size([4304, 1152])) - (2833430:train_csgo.py:825)
2026-01-07 14:24:22 - INFO -         [TRAINABLE] paligemma_with_expert.paligemma.model.vision_tower.vision_model.encoder.layers.21.mlp.fc1.bias (shape: torch.Size([4304])) - (2833430:train_csgo.py:825)
2026-01-07 14:24:22 - INFO -         [TRAINABLE] paligemma_with_expert.paligemma.model.vision_tower.vision_model.encoder.layers.21.mlp.fc2.weight (shape: torch.Size([1152, 4304])) - (2833430:train_csgo.py:825)
2026-01-07 14:24:22 - INFO -         [TRAINABLE] paligemma_with_expert.paligemma.model.vision_tower.vision_model.encoder.layers.21.mlp.fc2.bias (shape: torch.Size([1152])) - (2833430:train_csgo.py:825)
2026-01-07 14:24:22 - INFO -         [TRAINABLE] paligemma_with_expert.paligemma.model.vision_tower.vision_model.encoder.layers.22.layer_norm1.weight (shape: torch.Size([1152])) - (2833430:train_csgo.py:825)
2026-01-07 14:24:22 - INFO -         [TRAINABLE] paligemma_with_expert.paligemma.model.vision_tower.vision_model.encoder.layers.22.layer_norm1.bias (shape: torch.Size([1152])) - (2833430:train_csgo.py:825)
2026-01-07 14:24:22 - INFO -         [TRAINABLE] paligemma_with_expert.paligemma.model.vision_tower.vision_model.encoder.layers.22.self_attn.k_proj.weight (shape: torch.Size([1152, 1152])) - (2833430:train_csgo.py:825)
2026-01-07 14:24:22 - INFO -         [TRAINABLE] paligemma_with_expert.paligemma.model.vision_tower.vision_model.encoder.layers.22.self_attn.k_proj.bias (shape: torch.Size([1152])) - (2833430:train_csgo.py:825)
2026-01-07 14:24:22 - INFO -         [TRAINABLE] paligemma_with_expert.paligemma.model.vision_tower.vision_model.encoder.layers.22.self_attn.v_proj.weight (shape: torch.Size([1152, 1152])) - (2833430:train_csgo.py:825)
2026-01-07 14:24:22 - INFO -         [TRAINABLE] paligemma_with_expert.paligemma.model.vision_tower.vision_model.encoder.layers.22.self_attn.v_proj.bias (shape: torch.Size([1152])) - (2833430:train_csgo.py:825)
2026-01-07 14:24:22 - INFO -         [TRAINABLE] paligemma_with_expert.paligemma.model.vision_tower.vision_model.encoder.layers.22.self_attn.q_proj.weight (shape: torch.Size([1152, 1152])) - (2833430:train_csgo.py:825)
2026-01-07 14:24:22 - INFO -         [TRAINABLE] paligemma_with_expert.paligemma.model.vision_tower.vision_model.encoder.layers.22.self_attn.q_proj.bias (shape: torch.Size([1152])) - (2833430:train_csgo.py:825)
2026-01-07 14:24:22 - INFO -         [TRAINABLE] paligemma_with_expert.paligemma.model.vision_tower.vision_model.encoder.layers.22.self_attn.out_proj.weight (shape: torch.Size([1152, 1152])) - (2833430:train_csgo.py:825)
2026-01-07 14:24:22 - INFO -         [TRAINABLE] paligemma_with_expert.paligemma.model.vision_tower.vision_model.encoder.layers.22.self_attn.out_proj.bias (shape: torch.Size([1152])) - (2833430:train_csgo.py:825)
2026-01-07 14:24:22 - INFO -         [TRAINABLE] paligemma_with_expert.paligemma.model.vision_tower.vision_model.encoder.layers.22.layer_norm2.weight (shape: torch.Size([1152])) - (2833430:train_csgo.py:825)
2026-01-07 14:24:22 - INFO -         [TRAINABLE] paligemma_with_expert.paligemma.model.vision_tower.vision_model.encoder.layers.22.layer_norm2.bias (shape: torch.Size([1152])) - (2833430:train_csgo.py:825)
2026-01-07 14:24:22 - INFO -         [TRAINABLE] paligemma_with_expert.paligemma.model.vision_tower.vision_model.encoder.layers.22.mlp.fc1.weight (shape: torch.Size([4304, 1152])) - (2833430:train_csgo.py:825)
2026-01-07 14:24:22 - INFO -         [TRAINABLE] paligemma_with_expert.paligemma.model.vision_tower.vision_model.encoder.layers.22.mlp.fc1.bias (shape: torch.Size([4304])) - (2833430:train_csgo.py:825)
2026-01-07 14:24:22 - INFO -         [TRAINABLE] paligemma_with_expert.paligemma.model.vision_tower.vision_model.encoder.layers.22.mlp.fc2.weight (shape: torch.Size([1152, 4304])) - (2833430:train_csgo.py:825)
2026-01-07 14:24:22 - INFO -         [TRAINABLE] paligemma_with_expert.paligemma.model.vision_tower.vision_model.encoder.layers.22.mlp.fc2.bias (shape: torch.Size([1152])) - (2833430:train_csgo.py:825)
2026-01-07 14:24:22 - INFO -         [TRAINABLE] paligemma_with_expert.paligemma.model.vision_tower.vision_model.encoder.layers.23.layer_norm1.weight (shape: torch.Size([1152])) - (2833430:train_csgo.py:825)
2026-01-07 14:24:22 - INFO -         [TRAINABLE] paligemma_with_expert.paligemma.model.vision_tower.vision_model.encoder.layers.23.layer_norm1.bias (shape: torch.Size([1152])) - (2833430:train_csgo.py:825)
2026-01-07 14:24:22 - INFO -         [TRAINABLE] paligemma_with_expert.paligemma.model.vision_tower.vision_model.encoder.layers.23.self_attn.k_proj.weight (shape: torch.Size([1152, 1152])) - (2833430:train_csgo.py:825)
2026-01-07 14:24:22 - INFO -         [TRAINABLE] paligemma_with_expert.paligemma.model.vision_tower.vision_model.encoder.layers.23.self_attn.k_proj.bias (shape: torch.Size([1152])) - (2833430:train_csgo.py:825)
2026-01-07 14:24:22 - INFO -         [TRAINABLE] paligemma_with_expert.paligemma.model.vision_tower.vision_model.encoder.layers.23.self_attn.v_proj.weight (shape: torch.Size([1152, 1152])) - (2833430:train_csgo.py:825)
2026-01-07 14:24:22 - INFO -         [TRAINABLE] paligemma_with_expert.paligemma.model.vision_tower.vision_model.encoder.layers.23.self_attn.v_proj.bias (shape: torch.Size([1152])) - (2833430:train_csgo.py:825)
2026-01-07 14:24:22 - INFO -         [TRAINABLE] paligemma_with_expert.paligemma.model.vision_tower.vision_model.encoder.layers.23.self_attn.q_proj.weight (shape: torch.Size([1152, 1152])) - (2833430:train_csgo.py:825)
2026-01-07 14:24:22 - INFO -         [TRAINABLE] paligemma_with_expert.paligemma.model.vision_tower.vision_model.encoder.layers.23.self_attn.q_proj.bias (shape: torch.Size([1152])) - (2833430:train_csgo.py:825)
2026-01-07 14:24:22 - INFO -         [TRAINABLE] paligemma_with_expert.paligemma.model.vision_tower.vision_model.encoder.layers.23.self_attn.out_proj.weight (shape: torch.Size([1152, 1152])) - (2833430:train_csgo.py:825)
2026-01-07 14:24:22 - INFO -         [TRAINABLE] paligemma_with_expert.paligemma.model.vision_tower.vision_model.encoder.layers.23.self_attn.out_proj.bias (shape: torch.Size([1152])) - (2833430:train_csgo.py:825)
2026-01-07 14:24:22 - INFO -         [TRAINABLE] paligemma_with_expert.paligemma.model.vision_tower.vision_model.encoder.layers.23.layer_norm2.weight (shape: torch.Size([1152])) - (2833430:train_csgo.py:825)
2026-01-07 14:24:22 - INFO -         [TRAINABLE] paligemma_with_expert.paligemma.model.vision_tower.vision_model.encoder.layers.23.layer_norm2.bias (shape: torch.Size([1152])) - (2833430:train_csgo.py:825)
2026-01-07 14:24:22 - INFO -         [TRAINABLE] paligemma_with_expert.paligemma.model.vision_tower.vision_model.encoder.layers.23.mlp.fc1.weight (shape: torch.Size([4304, 1152])) - (2833430:train_csgo.py:825)
2026-01-07 14:24:22 - INFO -         [TRAINABLE] paligemma_with_expert.paligemma.model.vision_tower.vision_model.encoder.layers.23.mlp.fc1.bias (shape: torch.Size([4304])) - (2833430:train_csgo.py:825)
2026-01-07 14:24:22 - INFO -         [TRAINABLE] paligemma_with_expert.paligemma.model.vision_tower.vision_model.encoder.layers.23.mlp.fc2.weight (shape: torch.Size([1152, 4304])) - (2833430:train_csgo.py:825)
2026-01-07 14:24:22 - INFO -         [TRAINABLE] paligemma_with_expert.paligemma.model.vision_tower.vision_model.encoder.layers.23.mlp.fc2.bias (shape: torch.Size([1152])) - (2833430:train_csgo.py:825)
2026-01-07 14:24:22 - INFO -         [TRAINABLE] paligemma_with_expert.paligemma.model.vision_tower.vision_model.encoder.layers.24.layer_norm1.weight (shape: torch.Size([1152])) - (2833430:train_csgo.py:825)
2026-01-07 14:24:22 - INFO -         [TRAINABLE] paligemma_with_expert.paligemma.model.vision_tower.vision_model.encoder.layers.24.layer_norm1.bias (shape: torch.Size([1152])) - (2833430:train_csgo.py:825)
2026-01-07 14:24:22 - INFO -         [TRAINABLE] paligemma_with_expert.paligemma.model.vision_tower.vision_model.encoder.layers.24.self_attn.k_proj.weight (shape: torch.Size([1152, 1152])) - (2833430:train_csgo.py:825)
2026-01-07 14:24:22 - INFO -         [TRAINABLE] paligemma_with_expert.paligemma.model.vision_tower.vision_model.encoder.layers.24.self_attn.k_proj.bias (shape: torch.Size([1152])) - (2833430:train_csgo.py:825)
2026-01-07 14:24:22 - INFO -         [TRAINABLE] paligemma_with_expert.paligemma.model.vision_tower.vision_model.encoder.layers.24.self_attn.v_proj.weight (shape: torch.Size([1152, 1152])) - (2833430:train_csgo.py:825)
2026-01-07 14:24:22 - INFO -         [TRAINABLE] paligemma_with_expert.paligemma.model.vision_tower.vision_model.encoder.layers.24.self_attn.v_proj.bias (shape: torch.Size([1152])) - (2833430:train_csgo.py:825)
2026-01-07 14:24:22 - INFO -         [TRAINABLE] paligemma_with_expert.paligemma.model.vision_tower.vision_model.encoder.layers.24.self_attn.q_proj.weight (shape: torch.Size([1152, 1152])) - (2833430:train_csgo.py:825)
2026-01-07 14:24:22 - INFO -         [TRAINABLE] paligemma_with_expert.paligemma.model.vision_tower.vision_model.encoder.layers.24.self_attn.q_proj.bias (shape: torch.Size([1152])) - (2833430:train_csgo.py:825)
2026-01-07 14:24:22 - INFO -         [TRAINABLE] paligemma_with_expert.paligemma.model.vision_tower.vision_model.encoder.layers.24.self_attn.out_proj.weight (shape: torch.Size([1152, 1152])) - (2833430:train_csgo.py:825)
2026-01-07 14:24:22 - INFO -         [TRAINABLE] paligemma_with_expert.paligemma.model.vision_tower.vision_model.encoder.layers.24.self_attn.out_proj.bias (shape: torch.Size([1152])) - (2833430:train_csgo.py:825)
2026-01-07 14:24:22 - INFO -         [TRAINABLE] paligemma_with_expert.paligemma.model.vision_tower.vision_model.encoder.layers.24.layer_norm2.weight (shape: torch.Size([1152])) - (2833430:train_csgo.py:825)
2026-01-07 14:24:22 - INFO -         [TRAINABLE] paligemma_with_expert.paligemma.model.vision_tower.vision_model.encoder.layers.24.layer_norm2.bias (shape: torch.Size([1152])) - (2833430:train_csgo.py:825)
2026-01-07 14:24:22 - INFO -         [TRAINABLE] paligemma_with_expert.paligemma.model.vision_tower.vision_model.encoder.layers.24.mlp.fc1.weight (shape: torch.Size([4304, 1152])) - (2833430:train_csgo.py:825)
2026-01-07 14:24:22 - INFO -         [TRAINABLE] paligemma_with_expert.paligemma.model.vision_tower.vision_model.encoder.layers.24.mlp.fc1.bias (shape: torch.Size([4304])) - (2833430:train_csgo.py:825)
2026-01-07 14:24:22 - INFO -         [TRAINABLE] paligemma_with_expert.paligemma.model.vision_tower.vision_model.encoder.layers.24.mlp.fc2.weight (shape: torch.Size([1152, 4304])) - (2833430:train_csgo.py:825)
2026-01-07 14:24:22 - INFO -         [TRAINABLE] paligemma_with_expert.paligemma.model.vision_tower.vision_model.encoder.layers.24.mlp.fc2.bias (shape: torch.Size([1152])) - (2833430:train_csgo.py:825)
2026-01-07 14:24:22 - INFO -         [TRAINABLE] paligemma_with_expert.paligemma.model.vision_tower.vision_model.encoder.layers.25.layer_norm1.weight (shape: torch.Size([1152])) - (2833430:train_csgo.py:825)
2026-01-07 14:24:22 - INFO -         [TRAINABLE] paligemma_with_expert.paligemma.model.vision_tower.vision_model.encoder.layers.25.layer_norm1.bias (shape: torch.Size([1152])) - (2833430:train_csgo.py:825)
2026-01-07 14:24:22 - INFO -         [TRAINABLE] paligemma_with_expert.paligemma.model.vision_tower.vision_model.encoder.layers.25.self_attn.k_proj.weight (shape: torch.Size([1152, 1152])) - (2833430:train_csgo.py:825)
2026-01-07 14:24:22 - INFO -         [TRAINABLE] paligemma_with_expert.paligemma.model.vision_tower.vision_model.encoder.layers.25.self_attn.k_proj.bias (shape: torch.Size([1152])) - (2833430:train_csgo.py:825)
2026-01-07 14:24:22 - INFO -         [TRAINABLE] paligemma_with_expert.paligemma.model.vision_tower.vision_model.encoder.layers.25.self_attn.v_proj.weight (shape: torch.Size([1152, 1152])) - (2833430:train_csgo.py:825)
2026-01-07 14:24:22 - INFO -         [TRAINABLE] paligemma_with_expert.paligemma.model.vision_tower.vision_model.encoder.layers.25.self_attn.v_proj.bias (shape: torch.Size([1152])) - (2833430:train_csgo.py:825)
2026-01-07 14:24:22 - INFO -         [TRAINABLE] paligemma_with_expert.paligemma.model.vision_tower.vision_model.encoder.layers.25.self_attn.q_proj.weight (shape: torch.Size([1152, 1152])) - (2833430:train_csgo.py:825)
2026-01-07 14:24:22 - INFO -         [TRAINABLE] paligemma_with_expert.paligemma.model.vision_tower.vision_model.encoder.layers.25.self_attn.q_proj.bias (shape: torch.Size([1152])) - (2833430:train_csgo.py:825)
2026-01-07 14:24:22 - INFO -         [TRAINABLE] paligemma_with_expert.paligemma.model.vision_tower.vision_model.encoder.layers.25.self_attn.out_proj.weight (shape: torch.Size([1152, 1152])) - (2833430:train_csgo.py:825)
2026-01-07 14:24:22 - INFO -         [TRAINABLE] paligemma_with_expert.paligemma.model.vision_tower.vision_model.encoder.layers.25.self_attn.out_proj.bias (shape: torch.Size([1152])) - (2833430:train_csgo.py:825)
2026-01-07 14:24:22 - INFO -         [TRAINABLE] paligemma_with_expert.paligemma.model.vision_tower.vision_model.encoder.layers.25.layer_norm2.weight (shape: torch.Size([1152])) - (2833430:train_csgo.py:825)
2026-01-07 14:24:22 - INFO -         [TRAINABLE] paligemma_with_expert.paligemma.model.vision_tower.vision_model.encoder.layers.25.layer_norm2.bias (shape: torch.Size([1152])) - (2833430:train_csgo.py:825)
2026-01-07 14:24:22 - INFO -         [TRAINABLE] paligemma_with_expert.paligemma.model.vision_tower.vision_model.encoder.layers.25.mlp.fc1.weight (shape: torch.Size([4304, 1152])) - (2833430:train_csgo.py:825)
2026-01-07 14:24:22 - INFO -         [TRAINABLE] paligemma_with_expert.paligemma.model.vision_tower.vision_model.encoder.layers.25.mlp.fc1.bias (shape: torch.Size([4304])) - (2833430:train_csgo.py:825)
2026-01-07 14:24:22 - INFO -         [TRAINABLE] paligemma_with_expert.paligemma.model.vision_tower.vision_model.encoder.layers.25.mlp.fc2.weight (shape: torch.Size([1152, 4304])) - (2833430:train_csgo.py:825)
2026-01-07 14:24:22 - INFO -         [TRAINABLE] paligemma_with_expert.paligemma.model.vision_tower.vision_model.encoder.layers.25.mlp.fc2.bias (shape: torch.Size([1152])) - (2833430:train_csgo.py:825)
2026-01-07 14:24:22 - INFO -         [TRAINABLE] paligemma_with_expert.paligemma.model.vision_tower.vision_model.encoder.layers.26.layer_norm1.weight (shape: torch.Size([1152])) - (2833430:train_csgo.py:825)
2026-01-07 14:24:22 - INFO -         [TRAINABLE] paligemma_with_expert.paligemma.model.vision_tower.vision_model.encoder.layers.26.layer_norm1.bias (shape: torch.Size([1152])) - (2833430:train_csgo.py:825)
2026-01-07 14:24:22 - INFO -         [TRAINABLE] paligemma_with_expert.paligemma.model.vision_tower.vision_model.encoder.layers.26.self_attn.k_proj.weight (shape: torch.Size([1152, 1152])) - (2833430:train_csgo.py:825)
2026-01-07 14:24:22 - INFO -         [TRAINABLE] paligemma_with_expert.paligemma.model.vision_tower.vision_model.encoder.layers.26.self_attn.k_proj.bias (shape: torch.Size([1152])) - (2833430:train_csgo.py:825)
2026-01-07 14:24:22 - INFO -         [TRAINABLE] paligemma_with_expert.paligemma.model.vision_tower.vision_model.encoder.layers.26.self_attn.v_proj.weight (shape: torch.Size([1152, 1152])) - (2833430:train_csgo.py:825)
2026-01-07 14:24:22 - INFO -         [TRAINABLE] paligemma_with_expert.paligemma.model.vision_tower.vision_model.encoder.layers.26.self_attn.v_proj.bias (shape: torch.Size([1152])) - (2833430:train_csgo.py:825)
2026-01-07 14:24:22 - INFO -         [TRAINABLE] paligemma_with_expert.paligemma.model.vision_tower.vision_model.encoder.layers.26.self_attn.q_proj.weight (shape: torch.Size([1152, 1152])) - (2833430:train_csgo.py:825)
2026-01-07 14:24:22 - INFO -         [TRAINABLE] paligemma_with_expert.paligemma.model.vision_tower.vision_model.encoder.layers.26.self_attn.q_proj.bias (shape: torch.Size([1152])) - (2833430:train_csgo.py:825)
2026-01-07 14:24:22 - INFO -         [TRAINABLE] paligemma_with_expert.paligemma.model.vision_tower.vision_model.encoder.layers.26.self_attn.out_proj.weight (shape: torch.Size([1152, 1152])) - (2833430:train_csgo.py:825)
2026-01-07 14:24:22 - INFO -         [TRAINABLE] paligemma_with_expert.paligemma.model.vision_tower.vision_model.encoder.layers.26.self_attn.out_proj.bias (shape: torch.Size([1152])) - (2833430:train_csgo.py:825)
2026-01-07 14:24:22 - INFO -         [TRAINABLE] paligemma_with_expert.paligemma.model.vision_tower.vision_model.encoder.layers.26.layer_norm2.weight (shape: torch.Size([1152])) - (2833430:train_csgo.py:825)
2026-01-07 14:24:22 - INFO -         [TRAINABLE] paligemma_with_expert.paligemma.model.vision_tower.vision_model.encoder.layers.26.layer_norm2.bias (shape: torch.Size([1152])) - (2833430:train_csgo.py:825)
2026-01-07 14:24:22 - INFO -         [TRAINABLE] paligemma_with_expert.paligemma.model.vision_tower.vision_model.encoder.layers.26.mlp.fc1.weight (shape: torch.Size([4304, 1152])) - (2833430:train_csgo.py:825)
2026-01-07 14:24:22 - INFO -         [TRAINABLE] paligemma_with_expert.paligemma.model.vision_tower.vision_model.encoder.layers.26.mlp.fc1.bias (shape: torch.Size([4304])) - (2833430:train_csgo.py:825)
2026-01-07 14:24:22 - INFO -         [TRAINABLE] paligemma_with_expert.paligemma.model.vision_tower.vision_model.encoder.layers.26.mlp.fc2.weight (shape: torch.Size([1152, 4304])) - (2833430:train_csgo.py:825)
2026-01-07 14:24:22 - INFO -         [TRAINABLE] paligemma_with_expert.paligemma.model.vision_tower.vision_model.encoder.layers.26.mlp.fc2.bias (shape: torch.Size([1152])) - (2833430:train_csgo.py:825)
2026-01-07 14:24:22 - INFO -         [TRAINABLE] paligemma_with_expert.paligemma.model.vision_tower.vision_model.post_layernorm.weight (shape: torch.Size([1152])) - (2833430:train_csgo.py:825)
2026-01-07 14:24:22 - INFO -         [TRAINABLE] paligemma_with_expert.paligemma.model.vision_tower.vision_model.post_layernorm.bias (shape: torch.Size([1152])) - (2833430:train_csgo.py:825)
2026-01-07 14:24:22 - INFO -         [TRAINABLE] paligemma_with_expert.paligemma.model.multi_modal_projector.linear.weight (shape: torch.Size([2048, 1152])) - (2833430:train_csgo.py:825)
2026-01-07 14:24:22 - INFO -         [TRAINABLE] paligemma_with_expert.paligemma.model.multi_modal_projector.linear.bias (shape: torch.Size([2048])) - (2833430:train_csgo.py:825)
2026-01-07 14:24:22 - INFO -         [TRAINABLE] paligemma_with_expert.paligemma.model.language_model.embed_tokens.weight (shape: torch.Size([257152, 2048])) - (2833430:train_csgo.py:825)
2026-01-07 14:24:22 - INFO -         [TRAINABLE] paligemma_with_expert.paligemma.model.language_model.layers.0.self_attn.q_proj.weight (shape: torch.Size([2048, 2048])) - (2833430:train_csgo.py:825)
2026-01-07 14:24:22 - INFO -         [TRAINABLE] paligemma_with_expert.paligemma.model.language_model.layers.0.self_attn.k_proj.weight (shape: torch.Size([256, 2048])) - (2833430:train_csgo.py:825)
2026-01-07 14:24:22 - INFO -         [TRAINABLE] paligemma_with_expert.paligemma.model.language_model.layers.0.self_attn.v_proj.weight (shape: torch.Size([256, 2048])) - (2833430:train_csgo.py:825)
2026-01-07 14:24:22 - INFO -         [TRAINABLE] paligemma_with_expert.paligemma.model.language_model.layers.0.self_attn.o_proj.weight (shape: torch.Size([2048, 2048])) - (2833430:train_csgo.py:825)
2026-01-07 14:24:22 - INFO -         [TRAINABLE] paligemma_with_expert.paligemma.model.language_model.layers.0.mlp.gate_proj.weight (shape: torch.Size([16384, 2048])) - (2833430:train_csgo.py:825)
2026-01-07 14:24:22 - INFO -         [TRAINABLE] paligemma_with_expert.paligemma.model.language_model.layers.0.mlp.up_proj.weight (shape: torch.Size([16384, 2048])) - (2833430:train_csgo.py:825)
2026-01-07 14:24:22 - INFO -         [TRAINABLE] paligemma_with_expert.paligemma.model.language_model.layers.0.mlp.down_proj.weight (shape: torch.Size([2048, 16384])) - (2833430:train_csgo.py:825)
2026-01-07 14:24:22 - INFO -         [TRAINABLE] paligemma_with_expert.paligemma.model.language_model.layers.0.input_layernorm.weight (shape: torch.Size([2048])) - (2833430:train_csgo.py:825)
2026-01-07 14:24:22 - INFO -         [TRAINABLE] paligemma_with_expert.paligemma.model.language_model.layers.0.post_attention_layernorm.weight (shape: torch.Size([2048])) - (2833430:train_csgo.py:825)
2026-01-07 14:24:22 - INFO -         [TRAINABLE] paligemma_with_expert.paligemma.model.language_model.layers.1.self_attn.q_proj.weight (shape: torch.Size([2048, 2048])) - (2833430:train_csgo.py:825)
2026-01-07 14:24:22 - INFO -         [TRAINABLE] paligemma_with_expert.paligemma.model.language_model.layers.1.self_attn.k_proj.weight (shape: torch.Size([256, 2048])) - (2833430:train_csgo.py:825)
2026-01-07 14:24:22 - INFO -         [TRAINABLE] paligemma_with_expert.paligemma.model.language_model.layers.1.self_attn.v_proj.weight (shape: torch.Size([256, 2048])) - (2833430:train_csgo.py:825)
2026-01-07 14:24:22 - INFO -         [TRAINABLE] paligemma_with_expert.paligemma.model.language_model.layers.1.self_attn.o_proj.weight (shape: torch.Size([2048, 2048])) - (2833430:train_csgo.py:825)
2026-01-07 14:24:22 - INFO -         [TRAINABLE] paligemma_with_expert.paligemma.model.language_model.layers.1.mlp.gate_proj.weight (shape: torch.Size([16384, 2048])) - (2833430:train_csgo.py:825)
2026-01-07 14:24:22 - INFO -         [TRAINABLE] paligemma_with_expert.paligemma.model.language_model.layers.1.mlp.up_proj.weight (shape: torch.Size([16384, 2048])) - (2833430:train_csgo.py:825)
2026-01-07 14:24:22 - INFO -         [TRAINABLE] paligemma_with_expert.paligemma.model.language_model.layers.1.mlp.down_proj.weight (shape: torch.Size([2048, 16384])) - (2833430:train_csgo.py:825)
2026-01-07 14:24:22 - INFO -         [TRAINABLE] paligemma_with_expert.paligemma.model.language_model.layers.1.input_layernorm.weight (shape: torch.Size([2048])) - (2833430:train_csgo.py:825)
2026-01-07 14:24:22 - INFO -         [TRAINABLE] paligemma_with_expert.paligemma.model.language_model.layers.1.post_attention_layernorm.weight (shape: torch.Size([2048])) - (2833430:train_csgo.py:825)
2026-01-07 14:24:22 - INFO -         [TRAINABLE] paligemma_with_expert.paligemma.model.language_model.layers.2.self_attn.q_proj.weight (shape: torch.Size([2048, 2048])) - (2833430:train_csgo.py:825)
2026-01-07 14:24:22 - INFO -         [TRAINABLE] paligemma_with_expert.paligemma.model.language_model.layers.2.self_attn.k_proj.weight (shape: torch.Size([256, 2048])) - (2833430:train_csgo.py:825)
2026-01-07 14:24:22 - INFO -         [TRAINABLE] paligemma_with_expert.paligemma.model.language_model.layers.2.self_attn.v_proj.weight (shape: torch.Size([256, 2048])) - (2833430:train_csgo.py:825)
2026-01-07 14:24:22 - INFO -         [TRAINABLE] paligemma_with_expert.paligemma.model.language_model.layers.2.self_attn.o_proj.weight (shape: torch.Size([2048, 2048])) - (2833430:train_csgo.py:825)
2026-01-07 14:24:22 - INFO -         [TRAINABLE] paligemma_with_expert.paligemma.model.language_model.layers.2.mlp.gate_proj.weight (shape: torch.Size([16384, 2048])) - (2833430:train_csgo.py:825)
2026-01-07 14:24:22 - INFO -         [TRAINABLE] paligemma_with_expert.paligemma.model.language_model.layers.2.mlp.up_proj.weight (shape: torch.Size([16384, 2048])) - (2833430:train_csgo.py:825)
2026-01-07 14:24:22 - INFO -         [TRAINABLE] paligemma_with_expert.paligemma.model.language_model.layers.2.mlp.down_proj.weight (shape: torch.Size([2048, 16384])) - (2833430:train_csgo.py:825)
2026-01-07 14:24:22 - INFO -         [TRAINABLE] paligemma_with_expert.paligemma.model.language_model.layers.2.input_layernorm.weight (shape: torch.Size([2048])) - (2833430:train_csgo.py:825)
2026-01-07 14:24:22 - INFO -         [TRAINABLE] paligemma_with_expert.paligemma.model.language_model.layers.2.post_attention_layernorm.weight (shape: torch.Size([2048])) - (2833430:train_csgo.py:825)
2026-01-07 14:24:22 - INFO -         [TRAINABLE] paligemma_with_expert.paligemma.model.language_model.layers.3.self_attn.q_proj.weight (shape: torch.Size([2048, 2048])) - (2833430:train_csgo.py:825)
2026-01-07 14:24:22 - INFO -         [TRAINABLE] paligemma_with_expert.paligemma.model.language_model.layers.3.self_attn.k_proj.weight (shape: torch.Size([256, 2048])) - (2833430:train_csgo.py:825)
2026-01-07 14:24:22 - INFO -         [TRAINABLE] paligemma_with_expert.paligemma.model.language_model.layers.3.self_attn.v_proj.weight (shape: torch.Size([256, 2048])) - (2833430:train_csgo.py:825)
2026-01-07 14:24:22 - INFO -         [TRAINABLE] paligemma_with_expert.paligemma.model.language_model.layers.3.self_attn.o_proj.weight (shape: torch.Size([2048, 2048])) - (2833430:train_csgo.py:825)
2026-01-07 14:24:22 - INFO -         [TRAINABLE] paligemma_with_expert.paligemma.model.language_model.layers.3.mlp.gate_proj.weight (shape: torch.Size([16384, 2048])) - (2833430:train_csgo.py:825)
2026-01-07 14:24:22 - INFO -         [TRAINABLE] paligemma_with_expert.paligemma.model.language_model.layers.3.mlp.up_proj.weight (shape: torch.Size([16384, 2048])) - (2833430:train_csgo.py:825)
2026-01-07 14:24:22 - INFO -         [TRAINABLE] paligemma_with_expert.paligemma.model.language_model.layers.3.mlp.down_proj.weight (shape: torch.Size([2048, 16384])) - (2833430:train_csgo.py:825)
2026-01-07 14:24:22 - INFO -         [TRAINABLE] paligemma_with_expert.paligemma.model.language_model.layers.3.input_layernorm.weight (shape: torch.Size([2048])) - (2833430:train_csgo.py:825)
2026-01-07 14:24:22 - INFO -         [TRAINABLE] paligemma_with_expert.paligemma.model.language_model.layers.3.post_attention_layernorm.weight (shape: torch.Size([2048])) - (2833430:train_csgo.py:825)
2026-01-07 14:24:22 - INFO -         [TRAINABLE] paligemma_with_expert.paligemma.model.language_model.layers.4.self_attn.q_proj.weight (shape: torch.Size([2048, 2048])) - (2833430:train_csgo.py:825)
2026-01-07 14:24:22 - INFO -         [TRAINABLE] paligemma_with_expert.paligemma.model.language_model.layers.4.self_attn.k_proj.weight (shape: torch.Size([256, 2048])) - (2833430:train_csgo.py:825)
2026-01-07 14:24:22 - INFO -         [TRAINABLE] paligemma_with_expert.paligemma.model.language_model.layers.4.self_attn.v_proj.weight (shape: torch.Size([256, 2048])) - (2833430:train_csgo.py:825)
2026-01-07 14:24:22 - INFO -         [TRAINABLE] paligemma_with_expert.paligemma.model.language_model.layers.4.self_attn.o_proj.weight (shape: torch.Size([2048, 2048])) - (2833430:train_csgo.py:825)
2026-01-07 14:24:22 - INFO -         [TRAINABLE] paligemma_with_expert.paligemma.model.language_model.layers.4.mlp.gate_proj.weight (shape: torch.Size([16384, 2048])) - (2833430:train_csgo.py:825)
2026-01-07 14:24:22 - INFO -         [TRAINABLE] paligemma_with_expert.paligemma.model.language_model.layers.4.mlp.up_proj.weight (shape: torch.Size([16384, 2048])) - (2833430:train_csgo.py:825)
2026-01-07 14:24:22 - INFO -         [TRAINABLE] paligemma_with_expert.paligemma.model.language_model.layers.4.mlp.down_proj.weight (shape: torch.Size([2048, 16384])) - (2833430:train_csgo.py:825)
2026-01-07 14:24:22 - INFO -         [TRAINABLE] paligemma_with_expert.paligemma.model.language_model.layers.4.input_layernorm.weight (shape: torch.Size([2048])) - (2833430:train_csgo.py:825)
2026-01-07 14:24:22 - INFO -         [TRAINABLE] paligemma_with_expert.paligemma.model.language_model.layers.4.post_attention_layernorm.weight (shape: torch.Size([2048])) - (2833430:train_csgo.py:825)
2026-01-07 14:24:22 - INFO -         [TRAINABLE] paligemma_with_expert.paligemma.model.language_model.layers.5.self_attn.q_proj.weight (shape: torch.Size([2048, 2048])) - (2833430:train_csgo.py:825)
2026-01-07 14:24:22 - INFO -         [TRAINABLE] paligemma_with_expert.paligemma.model.language_model.layers.5.self_attn.k_proj.weight (shape: torch.Size([256, 2048])) - (2833430:train_csgo.py:825)
2026-01-07 14:24:22 - INFO -         [TRAINABLE] paligemma_with_expert.paligemma.model.language_model.layers.5.self_attn.v_proj.weight (shape: torch.Size([256, 2048])) - (2833430:train_csgo.py:825)
2026-01-07 14:24:22 - INFO -         [TRAINABLE] paligemma_with_expert.paligemma.model.language_model.layers.5.self_attn.o_proj.weight (shape: torch.Size([2048, 2048])) - (2833430:train_csgo.py:825)
2026-01-07 14:24:22 - INFO -         [TRAINABLE] paligemma_with_expert.paligemma.model.language_model.layers.5.mlp.gate_proj.weight (shape: torch.Size([16384, 2048])) - (2833430:train_csgo.py:825)
2026-01-07 14:24:22 - INFO -         [TRAINABLE] paligemma_with_expert.paligemma.model.language_model.layers.5.mlp.up_proj.weight (shape: torch.Size([16384, 2048])) - (2833430:train_csgo.py:825)
2026-01-07 14:24:22 - INFO -         [TRAINABLE] paligemma_with_expert.paligemma.model.language_model.layers.5.mlp.down_proj.weight (shape: torch.Size([2048, 16384])) - (2833430:train_csgo.py:825)
2026-01-07 14:24:22 - INFO -         [TRAINABLE] paligemma_with_expert.paligemma.model.language_model.layers.5.input_layernorm.weight (shape: torch.Size([2048])) - (2833430:train_csgo.py:825)
2026-01-07 14:24:22 - INFO -         [TRAINABLE] paligemma_with_expert.paligemma.model.language_model.layers.5.post_attention_layernorm.weight (shape: torch.Size([2048])) - (2833430:train_csgo.py:825)
2026-01-07 14:24:22 - INFO -         [TRAINABLE] paligemma_with_expert.paligemma.model.language_model.layers.6.self_attn.q_proj.weight (shape: torch.Size([2048, 2048])) - (2833430:train_csgo.py:825)
2026-01-07 14:24:22 - INFO -         [TRAINABLE] paligemma_with_expert.paligemma.model.language_model.layers.6.self_attn.k_proj.weight (shape: torch.Size([256, 2048])) - (2833430:train_csgo.py:825)
2026-01-07 14:24:22 - INFO -         [TRAINABLE] paligemma_with_expert.paligemma.model.language_model.layers.6.self_attn.v_proj.weight (shape: torch.Size([256, 2048])) - (2833430:train_csgo.py:825)
2026-01-07 14:24:22 - INFO -         [TRAINABLE] paligemma_with_expert.paligemma.model.language_model.layers.6.self_attn.o_proj.weight (shape: torch.Size([2048, 2048])) - (2833430:train_csgo.py:825)
2026-01-07 14:24:22 - INFO -         [TRAINABLE] paligemma_with_expert.paligemma.model.language_model.layers.6.mlp.gate_proj.weight (shape: torch.Size([16384, 2048])) - (2833430:train_csgo.py:825)
2026-01-07 14:24:22 - INFO -         [TRAINABLE] paligemma_with_expert.paligemma.model.language_model.layers.6.mlp.up_proj.weight (shape: torch.Size([16384, 2048])) - (2833430:train_csgo.py:825)
2026-01-07 14:24:22 - INFO -         [TRAINABLE] paligemma_with_expert.paligemma.model.language_model.layers.6.mlp.down_proj.weight (shape: torch.Size([2048, 16384])) - (2833430:train_csgo.py:825)
2026-01-07 14:24:22 - INFO -         [TRAINABLE] paligemma_with_expert.paligemma.model.language_model.layers.6.input_layernorm.weight (shape: torch.Size([2048])) - (2833430:train_csgo.py:825)
2026-01-07 14:24:22 - INFO -         [TRAINABLE] paligemma_with_expert.paligemma.model.language_model.layers.6.post_attention_layernorm.weight (shape: torch.Size([2048])) - (2833430:train_csgo.py:825)
2026-01-07 14:24:22 - INFO -         [TRAINABLE] paligemma_with_expert.paligemma.model.language_model.layers.7.self_attn.q_proj.weight (shape: torch.Size([2048, 2048])) - (2833430:train_csgo.py:825)
2026-01-07 14:24:22 - INFO -         [TRAINABLE] paligemma_with_expert.paligemma.model.language_model.layers.7.self_attn.k_proj.weight (shape: torch.Size([256, 2048])) - (2833430:train_csgo.py:825)
2026-01-07 14:24:22 - INFO -         [TRAINABLE] paligemma_with_expert.paligemma.model.language_model.layers.7.self_attn.v_proj.weight (shape: torch.Size([256, 2048])) - (2833430:train_csgo.py:825)
2026-01-07 14:24:22 - INFO -         [TRAINABLE] paligemma_with_expert.paligemma.model.language_model.layers.7.self_attn.o_proj.weight (shape: torch.Size([2048, 2048])) - (2833430:train_csgo.py:825)
2026-01-07 14:24:22 - INFO -         [TRAINABLE] paligemma_with_expert.paligemma.model.language_model.layers.7.mlp.gate_proj.weight (shape: torch.Size([16384, 2048])) - (2833430:train_csgo.py:825)
2026-01-07 14:24:22 - INFO -         [TRAINABLE] paligemma_with_expert.paligemma.model.language_model.layers.7.mlp.up_proj.weight (shape: torch.Size([16384, 2048])) - (2833430:train_csgo.py:825)
2026-01-07 14:24:22 - INFO -         [TRAINABLE] paligemma_with_expert.paligemma.model.language_model.layers.7.mlp.down_proj.weight (shape: torch.Size([2048, 16384])) - (2833430:train_csgo.py:825)
2026-01-07 14:24:22 - INFO -         [TRAINABLE] paligemma_with_expert.paligemma.model.language_model.layers.7.input_layernorm.weight (shape: torch.Size([2048])) - (2833430:train_csgo.py:825)
2026-01-07 14:24:22 - INFO -         [TRAINABLE] paligemma_with_expert.paligemma.model.language_model.layers.7.post_attention_layernorm.weight (shape: torch.Size([2048])) - (2833430:train_csgo.py:825)
2026-01-07 14:24:22 - INFO -         [TRAINABLE] paligemma_with_expert.paligemma.model.language_model.layers.8.self_attn.q_proj.weight (shape: torch.Size([2048, 2048])) - (2833430:train_csgo.py:825)
2026-01-07 14:24:22 - INFO -         [TRAINABLE] paligemma_with_expert.paligemma.model.language_model.layers.8.self_attn.k_proj.weight (shape: torch.Size([256, 2048])) - (2833430:train_csgo.py:825)
2026-01-07 14:24:22 - INFO -         [TRAINABLE] paligemma_with_expert.paligemma.model.language_model.layers.8.self_attn.v_proj.weight (shape: torch.Size([256, 2048])) - (2833430:train_csgo.py:825)
2026-01-07 14:24:22 - INFO -         [TRAINABLE] paligemma_with_expert.paligemma.model.language_model.layers.8.self_attn.o_proj.weight (shape: torch.Size([2048, 2048])) - (2833430:train_csgo.py:825)
2026-01-07 14:24:22 - INFO -         [TRAINABLE] paligemma_with_expert.paligemma.model.language_model.layers.8.mlp.gate_proj.weight (shape: torch.Size([16384, 2048])) - (2833430:train_csgo.py:825)
2026-01-07 14:24:22 - INFO -         [TRAINABLE] paligemma_with_expert.paligemma.model.language_model.layers.8.mlp.up_proj.weight (shape: torch.Size([16384, 2048])) - (2833430:train_csgo.py:825)
2026-01-07 14:24:22 - INFO -         [TRAINABLE] paligemma_with_expert.paligemma.model.language_model.layers.8.mlp.down_proj.weight (shape: torch.Size([2048, 16384])) - (2833430:train_csgo.py:825)
2026-01-07 14:24:22 - INFO -         [TRAINABLE] paligemma_with_expert.paligemma.model.language_model.layers.8.input_layernorm.weight (shape: torch.Size([2048])) - (2833430:train_csgo.py:825)
2026-01-07 14:24:22 - INFO -         [TRAINABLE] paligemma_with_expert.paligemma.model.language_model.layers.8.post_attention_layernorm.weight (shape: torch.Size([2048])) - (2833430:train_csgo.py:825)
2026-01-07 14:24:22 - INFO -         [TRAINABLE] paligemma_with_expert.paligemma.model.language_model.layers.9.self_attn.q_proj.weight (shape: torch.Size([2048, 2048])) - (2833430:train_csgo.py:825)
2026-01-07 14:24:22 - INFO -         [TRAINABLE] paligemma_with_expert.paligemma.model.language_model.layers.9.self_attn.k_proj.weight (shape: torch.Size([256, 2048])) - (2833430:train_csgo.py:825)
2026-01-07 14:24:22 - INFO -         [TRAINABLE] paligemma_with_expert.paligemma.model.language_model.layers.9.self_attn.v_proj.weight (shape: torch.Size([256, 2048])) - (2833430:train_csgo.py:825)
2026-01-07 14:24:22 - INFO -         [TRAINABLE] paligemma_with_expert.paligemma.model.language_model.layers.9.self_attn.o_proj.weight (shape: torch.Size([2048, 2048])) - (2833430:train_csgo.py:825)
2026-01-07 14:24:22 - INFO -         [TRAINABLE] paligemma_with_expert.paligemma.model.language_model.layers.9.mlp.gate_proj.weight (shape: torch.Size([16384, 2048])) - (2833430:train_csgo.py:825)
2026-01-07 14:24:22 - INFO -         [TRAINABLE] paligemma_with_expert.paligemma.model.language_model.layers.9.mlp.up_proj.weight (shape: torch.Size([16384, 2048])) - (2833430:train_csgo.py:825)
2026-01-07 14:24:22 - INFO -         [TRAINABLE] paligemma_with_expert.paligemma.model.language_model.layers.9.mlp.down_proj.weight (shape: torch.Size([2048, 16384])) - (2833430:train_csgo.py:825)
2026-01-07 14:24:22 - INFO -         [TRAINABLE] paligemma_with_expert.paligemma.model.language_model.layers.9.input_layernorm.weight (shape: torch.Size([2048])) - (2833430:train_csgo.py:825)
2026-01-07 14:24:22 - INFO -         [TRAINABLE] paligemma_with_expert.paligemma.model.language_model.layers.9.post_attention_layernorm.weight (shape: torch.Size([2048])) - (2833430:train_csgo.py:825)
2026-01-07 14:24:22 - INFO -         [TRAINABLE] paligemma_with_expert.paligemma.model.language_model.layers.10.self_attn.q_proj.weight (shape: torch.Size([2048, 2048])) - (2833430:train_csgo.py:825)
2026-01-07 14:24:22 - INFO -         [TRAINABLE] paligemma_with_expert.paligemma.model.language_model.layers.10.self_attn.k_proj.weight (shape: torch.Size([256, 2048])) - (2833430:train_csgo.py:825)
2026-01-07 14:24:22 - INFO -         [TRAINABLE] paligemma_with_expert.paligemma.model.language_model.layers.10.self_attn.v_proj.weight (shape: torch.Size([256, 2048])) - (2833430:train_csgo.py:825)
2026-01-07 14:24:22 - INFO -         [TRAINABLE] paligemma_with_expert.paligemma.model.language_model.layers.10.self_attn.o_proj.weight (shape: torch.Size([2048, 2048])) - (2833430:train_csgo.py:825)
2026-01-07 14:24:22 - INFO -         [TRAINABLE] paligemma_with_expert.paligemma.model.language_model.layers.10.mlp.gate_proj.weight (shape: torch.Size([16384, 2048])) - (2833430:train_csgo.py:825)
2026-01-07 14:24:22 - INFO -         [TRAINABLE] paligemma_with_expert.paligemma.model.language_model.layers.10.mlp.up_proj.weight (shape: torch.Size([16384, 2048])) - (2833430:train_csgo.py:825)
2026-01-07 14:24:22 - INFO -         [TRAINABLE] paligemma_with_expert.paligemma.model.language_model.layers.10.mlp.down_proj.weight (shape: torch.Size([2048, 16384])) - (2833430:train_csgo.py:825)
2026-01-07 14:24:22 - INFO -         [TRAINABLE] paligemma_with_expert.paligemma.model.language_model.layers.10.input_layernorm.weight (shape: torch.Size([2048])) - (2833430:train_csgo.py:825)
2026-01-07 14:24:22 - INFO -         [TRAINABLE] paligemma_with_expert.paligemma.model.language_model.layers.10.post_attention_layernorm.weight (shape: torch.Size([2048])) - (2833430:train_csgo.py:825)
2026-01-07 14:24:22 - INFO -         [TRAINABLE] paligemma_with_expert.paligemma.model.language_model.layers.11.self_attn.q_proj.weight (shape: torch.Size([2048, 2048])) - (2833430:train_csgo.py:825)
2026-01-07 14:24:22 - INFO -         [TRAINABLE] paligemma_with_expert.paligemma.model.language_model.layers.11.self_attn.k_proj.weight (shape: torch.Size([256, 2048])) - (2833430:train_csgo.py:825)
2026-01-07 14:24:22 - INFO -         [TRAINABLE] paligemma_with_expert.paligemma.model.language_model.layers.11.self_attn.v_proj.weight (shape: torch.Size([256, 2048])) - (2833430:train_csgo.py:825)
2026-01-07 14:24:22 - INFO -         [TRAINABLE] paligemma_with_expert.paligemma.model.language_model.layers.11.self_attn.o_proj.weight (shape: torch.Size([2048, 2048])) - (2833430:train_csgo.py:825)
2026-01-07 14:24:22 - INFO -         [TRAINABLE] paligemma_with_expert.paligemma.model.language_model.layers.11.mlp.gate_proj.weight (shape: torch.Size([16384, 2048])) - (2833430:train_csgo.py:825)
2026-01-07 14:24:22 - INFO -         [TRAINABLE] paligemma_with_expert.paligemma.model.language_model.layers.11.mlp.up_proj.weight (shape: torch.Size([16384, 2048])) - (2833430:train_csgo.py:825)
2026-01-07 14:24:22 - INFO -         [TRAINABLE] paligemma_with_expert.paligemma.model.language_model.layers.11.mlp.down_proj.weight (shape: torch.Size([2048, 16384])) - (2833430:train_csgo.py:825)
2026-01-07 14:24:22 - INFO -         [TRAINABLE] paligemma_with_expert.paligemma.model.language_model.layers.11.input_layernorm.weight (shape: torch.Size([2048])) - (2833430:train_csgo.py:825)
2026-01-07 14:24:22 - INFO -         [TRAINABLE] paligemma_with_expert.paligemma.model.language_model.layers.11.post_attention_layernorm.weight (shape: torch.Size([2048])) - (2833430:train_csgo.py:825)
2026-01-07 14:24:22 - INFO -         [TRAINABLE] paligemma_with_expert.paligemma.model.language_model.layers.12.self_attn.q_proj.weight (shape: torch.Size([2048, 2048])) - (2833430:train_csgo.py:825)
2026-01-07 14:24:22 - INFO -         [TRAINABLE] paligemma_with_expert.paligemma.model.language_model.layers.12.self_attn.k_proj.weight (shape: torch.Size([256, 2048])) - (2833430:train_csgo.py:825)
2026-01-07 14:24:22 - INFO -         [TRAINABLE] paligemma_with_expert.paligemma.model.language_model.layers.12.self_attn.v_proj.weight (shape: torch.Size([256, 2048])) - (2833430:train_csgo.py:825)
2026-01-07 14:24:22 - INFO -         [TRAINABLE] paligemma_with_expert.paligemma.model.language_model.layers.12.self_attn.o_proj.weight (shape: torch.Size([2048, 2048])) - (2833430:train_csgo.py:825)
2026-01-07 14:24:22 - INFO -         [TRAINABLE] paligemma_with_expert.paligemma.model.language_model.layers.12.mlp.gate_proj.weight (shape: torch.Size([16384, 2048])) - (2833430:train_csgo.py:825)
2026-01-07 14:24:22 - INFO -         [TRAINABLE] paligemma_with_expert.paligemma.model.language_model.layers.12.mlp.up_proj.weight (shape: torch.Size([16384, 2048])) - (2833430:train_csgo.py:825)
2026-01-07 14:24:22 - INFO -         [TRAINABLE] paligemma_with_expert.paligemma.model.language_model.layers.12.mlp.down_proj.weight (shape: torch.Size([2048, 16384])) - (2833430:train_csgo.py:825)
2026-01-07 14:24:22 - INFO -         [TRAINABLE] paligemma_with_expert.paligemma.model.language_model.layers.12.input_layernorm.weight (shape: torch.Size([2048])) - (2833430:train_csgo.py:825)
2026-01-07 14:24:22 - INFO -         [TRAINABLE] paligemma_with_expert.paligemma.model.language_model.layers.12.post_attention_layernorm.weight (shape: torch.Size([2048])) - (2833430:train_csgo.py:825)
2026-01-07 14:24:22 - INFO -         [TRAINABLE] paligemma_with_expert.paligemma.model.language_model.layers.13.self_attn.q_proj.weight (shape: torch.Size([2048, 2048])) - (2833430:train_csgo.py:825)
2026-01-07 14:24:22 - INFO -         [TRAINABLE] paligemma_with_expert.paligemma.model.language_model.layers.13.self_attn.k_proj.weight (shape: torch.Size([256, 2048])) - (2833430:train_csgo.py:825)
2026-01-07 14:24:22 - INFO -         [TRAINABLE] paligemma_with_expert.paligemma.model.language_model.layers.13.self_attn.v_proj.weight (shape: torch.Size([256, 2048])) - (2833430:train_csgo.py:825)
2026-01-07 14:24:22 - INFO -         [TRAINABLE] paligemma_with_expert.paligemma.model.language_model.layers.13.self_attn.o_proj.weight (shape: torch.Size([2048, 2048])) - (2833430:train_csgo.py:825)
2026-01-07 14:24:22 - INFO -         [TRAINABLE] paligemma_with_expert.paligemma.model.language_model.layers.13.mlp.gate_proj.weight (shape: torch.Size([16384, 2048])) - (2833430:train_csgo.py:825)
2026-01-07 14:24:22 - INFO -         [TRAINABLE] paligemma_with_expert.paligemma.model.language_model.layers.13.mlp.up_proj.weight (shape: torch.Size([16384, 2048])) - (2833430:train_csgo.py:825)
2026-01-07 14:24:22 - INFO -         [TRAINABLE] paligemma_with_expert.paligemma.model.language_model.layers.13.mlp.down_proj.weight (shape: torch.Size([2048, 16384])) - (2833430:train_csgo.py:825)
2026-01-07 14:24:22 - INFO -         [TRAINABLE] paligemma_with_expert.paligemma.model.language_model.layers.13.input_layernorm.weight (shape: torch.Size([2048])) - (2833430:train_csgo.py:825)
2026-01-07 14:24:22 - INFO -         [TRAINABLE] paligemma_with_expert.paligemma.model.language_model.layers.13.post_attention_layernorm.weight (shape: torch.Size([2048])) - (2833430:train_csgo.py:825)
2026-01-07 14:24:22 - INFO -         [TRAINABLE] paligemma_with_expert.paligemma.model.language_model.layers.14.self_attn.q_proj.weight (shape: torch.Size([2048, 2048])) - (2833430:train_csgo.py:825)
2026-01-07 14:24:22 - INFO -         [TRAINABLE] paligemma_with_expert.paligemma.model.language_model.layers.14.self_attn.k_proj.weight (shape: torch.Size([256, 2048])) - (2833430:train_csgo.py:825)
2026-01-07 14:24:22 - INFO -         [TRAINABLE] paligemma_with_expert.paligemma.model.language_model.layers.14.self_attn.v_proj.weight (shape: torch.Size([256, 2048])) - (2833430:train_csgo.py:825)
2026-01-07 14:24:22 - INFO -         [TRAINABLE] paligemma_with_expert.paligemma.model.language_model.layers.14.self_attn.o_proj.weight (shape: torch.Size([2048, 2048])) - (2833430:train_csgo.py:825)
2026-01-07 14:24:22 - INFO -         [TRAINABLE] paligemma_with_expert.paligemma.model.language_model.layers.14.mlp.gate_proj.weight (shape: torch.Size([16384, 2048])) - (2833430:train_csgo.py:825)
2026-01-07 14:24:22 - INFO -         [TRAINABLE] paligemma_with_expert.paligemma.model.language_model.layers.14.mlp.up_proj.weight (shape: torch.Size([16384, 2048])) - (2833430:train_csgo.py:825)
2026-01-07 14:24:22 - INFO -         [TRAINABLE] paligemma_with_expert.paligemma.model.language_model.layers.14.mlp.down_proj.weight (shape: torch.Size([2048, 16384])) - (2833430:train_csgo.py:825)
2026-01-07 14:24:22 - INFO -         [TRAINABLE] paligemma_with_expert.paligemma.model.language_model.layers.14.input_layernorm.weight (shape: torch.Size([2048])) - (2833430:train_csgo.py:825)
2026-01-07 14:24:22 - INFO -         [TRAINABLE] paligemma_with_expert.paligemma.model.language_model.layers.14.post_attention_layernorm.weight (shape: torch.Size([2048])) - (2833430:train_csgo.py:825)
2026-01-07 14:24:22 - INFO -         [TRAINABLE] paligemma_with_expert.paligemma.model.language_model.layers.15.self_attn.q_proj.weight (shape: torch.Size([2048, 2048])) - (2833430:train_csgo.py:825)
2026-01-07 14:24:22 - INFO -         [TRAINABLE] paligemma_with_expert.paligemma.model.language_model.layers.15.self_attn.k_proj.weight (shape: torch.Size([256, 2048])) - (2833430:train_csgo.py:825)
2026-01-07 14:24:22 - INFO -         [TRAINABLE] paligemma_with_expert.paligemma.model.language_model.layers.15.self_attn.v_proj.weight (shape: torch.Size([256, 2048])) - (2833430:train_csgo.py:825)
2026-01-07 14:24:22 - INFO -         [TRAINABLE] paligemma_with_expert.paligemma.model.language_model.layers.15.self_attn.o_proj.weight (shape: torch.Size([2048, 2048])) - (2833430:train_csgo.py:825)
2026-01-07 14:24:22 - INFO -         [TRAINABLE] paligemma_with_expert.paligemma.model.language_model.layers.15.mlp.gate_proj.weight (shape: torch.Size([16384, 2048])) - (2833430:train_csgo.py:825)
2026-01-07 14:24:22 - INFO -         [TRAINABLE] paligemma_with_expert.paligemma.model.language_model.layers.15.mlp.up_proj.weight (shape: torch.Size([16384, 2048])) - (2833430:train_csgo.py:825)
2026-01-07 14:24:22 - INFO -         [TRAINABLE] paligemma_with_expert.paligemma.model.language_model.layers.15.mlp.down_proj.weight (shape: torch.Size([2048, 16384])) - (2833430:train_csgo.py:825)
2026-01-07 14:24:22 - INFO -         [TRAINABLE] paligemma_with_expert.paligemma.model.language_model.layers.15.input_layernorm.weight (shape: torch.Size([2048])) - (2833430:train_csgo.py:825)
2026-01-07 14:24:22 - INFO -         [TRAINABLE] paligemma_with_expert.paligemma.model.language_model.layers.15.post_attention_layernorm.weight (shape: torch.Size([2048])) - (2833430:train_csgo.py:825)
2026-01-07 14:24:22 - INFO -         [TRAINABLE] paligemma_with_expert.paligemma.model.language_model.layers.16.self_attn.q_proj.weight (shape: torch.Size([2048, 2048])) - (2833430:train_csgo.py:825)
2026-01-07 14:24:22 - INFO -         [TRAINABLE] paligemma_with_expert.paligemma.model.language_model.layers.16.self_attn.k_proj.weight (shape: torch.Size([256, 2048])) - (2833430:train_csgo.py:825)
2026-01-07 14:24:22 - INFO -         [TRAINABLE] paligemma_with_expert.paligemma.model.language_model.layers.16.self_attn.v_proj.weight (shape: torch.Size([256, 2048])) - (2833430:train_csgo.py:825)
2026-01-07 14:24:22 - INFO -         [TRAINABLE] paligemma_with_expert.paligemma.model.language_model.layers.16.self_attn.o_proj.weight (shape: torch.Size([2048, 2048])) - (2833430:train_csgo.py:825)
2026-01-07 14:24:22 - INFO -         [TRAINABLE] paligemma_with_expert.paligemma.model.language_model.layers.16.mlp.gate_proj.weight (shape: torch.Size([16384, 2048])) - (2833430:train_csgo.py:825)
2026-01-07 14:24:22 - INFO -         [TRAINABLE] paligemma_with_expert.paligemma.model.language_model.layers.16.mlp.up_proj.weight (shape: torch.Size([16384, 2048])) - (2833430:train_csgo.py:825)
2026-01-07 14:24:22 - INFO -         [TRAINABLE] paligemma_with_expert.paligemma.model.language_model.layers.16.mlp.down_proj.weight (shape: torch.Size([2048, 16384])) - (2833430:train_csgo.py:825)
2026-01-07 14:24:22 - INFO -         [TRAINABLE] paligemma_with_expert.paligemma.model.language_model.layers.16.input_layernorm.weight (shape: torch.Size([2048])) - (2833430:train_csgo.py:825)
2026-01-07 14:24:22 - INFO -         [TRAINABLE] paligemma_with_expert.paligemma.model.language_model.layers.16.post_attention_layernorm.weight (shape: torch.Size([2048])) - (2833430:train_csgo.py:825)
2026-01-07 14:24:22 - INFO -         [TRAINABLE] paligemma_with_expert.paligemma.model.language_model.layers.17.self_attn.q_proj.weight (shape: torch.Size([2048, 2048])) - (2833430:train_csgo.py:825)
2026-01-07 14:24:22 - INFO -         [TRAINABLE] paligemma_with_expert.paligemma.model.language_model.layers.17.self_attn.k_proj.weight (shape: torch.Size([256, 2048])) - (2833430:train_csgo.py:825)
2026-01-07 14:24:22 - INFO -         [TRAINABLE] paligemma_with_expert.paligemma.model.language_model.layers.17.self_attn.v_proj.weight (shape: torch.Size([256, 2048])) - (2833430:train_csgo.py:825)
2026-01-07 14:24:22 - INFO -         [TRAINABLE] paligemma_with_expert.paligemma.model.language_model.layers.17.self_attn.o_proj.weight (shape: torch.Size([2048, 2048])) - (2833430:train_csgo.py:825)
2026-01-07 14:24:22 - INFO -         [TRAINABLE] paligemma_with_expert.paligemma.model.language_model.layers.17.mlp.gate_proj.weight (shape: torch.Size([16384, 2048])) - (2833430:train_csgo.py:825)
2026-01-07 14:24:22 - INFO -         [TRAINABLE] paligemma_with_expert.paligemma.model.language_model.layers.17.mlp.up_proj.weight (shape: torch.Size([16384, 2048])) - (2833430:train_csgo.py:825)
2026-01-07 14:24:22 - INFO -         [TRAINABLE] paligemma_with_expert.paligemma.model.language_model.layers.17.mlp.down_proj.weight (shape: torch.Size([2048, 16384])) - (2833430:train_csgo.py:825)
2026-01-07 14:24:22 - INFO -         [TRAINABLE] paligemma_with_expert.paligemma.model.language_model.layers.17.input_layernorm.weight (shape: torch.Size([2048])) - (2833430:train_csgo.py:825)
2026-01-07 14:24:22 - INFO -         [TRAINABLE] paligemma_with_expert.paligemma.model.language_model.layers.17.post_attention_layernorm.weight (shape: torch.Size([2048])) - (2833430:train_csgo.py:825)
2026-01-07 14:24:22 - INFO -         [TRAINABLE] paligemma_with_expert.paligemma.model.language_model.norm.weight (shape: torch.Size([2048])) - (2833430:train_csgo.py:825)
2026-01-07 14:24:22 - INFO -         [TRAINABLE] paligemma_with_expert.gemma_expert.model.layers.0.self_attn.q_proj.weight (shape: torch.Size([2048, 1024])) - (2833430:train_csgo.py:825)
2026-01-07 14:24:22 - INFO -         [TRAINABLE] paligemma_with_expert.gemma_expert.model.layers.0.self_attn.k_proj.weight (shape: torch.Size([256, 1024])) - (2833430:train_csgo.py:825)
2026-01-07 14:24:22 - INFO -         [TRAINABLE] paligemma_with_expert.gemma_expert.model.layers.0.self_attn.v_proj.weight (shape: torch.Size([256, 1024])) - (2833430:train_csgo.py:825)
2026-01-07 14:24:22 - INFO -         [TRAINABLE] paligemma_with_expert.gemma_expert.model.layers.0.self_attn.o_proj.weight (shape: torch.Size([1024, 2048])) - (2833430:train_csgo.py:825)
2026-01-07 14:24:22 - INFO -         [TRAINABLE] paligemma_with_expert.gemma_expert.model.layers.0.mlp.gate_proj.weight (shape: torch.Size([4096, 1024])) - (2833430:train_csgo.py:825)
2026-01-07 14:24:22 - INFO -         [TRAINABLE] paligemma_with_expert.gemma_expert.model.layers.0.mlp.up_proj.weight (shape: torch.Size([4096, 1024])) - (2833430:train_csgo.py:825)
2026-01-07 14:24:22 - INFO -         [TRAINABLE] paligemma_with_expert.gemma_expert.model.layers.0.mlp.down_proj.weight (shape: torch.Size([1024, 4096])) - (2833430:train_csgo.py:825)
2026-01-07 14:24:22 - INFO -         [TRAINABLE] paligemma_with_expert.gemma_expert.model.layers.0.input_layernorm.dense.weight (shape: torch.Size([3072, 1024])) - (2833430:train_csgo.py:825)
2026-01-07 14:24:22 - INFO -         [TRAINABLE] paligemma_with_expert.gemma_expert.model.layers.0.input_layernorm.dense.bias (shape: torch.Size([3072])) - (2833430:train_csgo.py:825)
2026-01-07 14:24:22 - INFO -         [TRAINABLE] paligemma_with_expert.gemma_expert.model.layers.0.post_attention_layernorm.dense.weight (shape: torch.Size([3072, 1024])) - (2833430:train_csgo.py:825)
2026-01-07 14:24:22 - INFO -         [TRAINABLE] paligemma_with_expert.gemma_expert.model.layers.0.post_attention_layernorm.dense.bias (shape: torch.Size([3072])) - (2833430:train_csgo.py:825)
2026-01-07 14:24:22 - INFO -         [TRAINABLE] paligemma_with_expert.gemma_expert.model.layers.1.self_attn.q_proj.weight (shape: torch.Size([2048, 1024])) - (2833430:train_csgo.py:825)
2026-01-07 14:24:22 - INFO -         [TRAINABLE] paligemma_with_expert.gemma_expert.model.layers.1.self_attn.k_proj.weight (shape: torch.Size([256, 1024])) - (2833430:train_csgo.py:825)
2026-01-07 14:24:22 - INFO -         [TRAINABLE] paligemma_with_expert.gemma_expert.model.layers.1.self_attn.v_proj.weight (shape: torch.Size([256, 1024])) - (2833430:train_csgo.py:825)
2026-01-07 14:24:22 - INFO -         [TRAINABLE] paligemma_with_expert.gemma_expert.model.layers.1.self_attn.o_proj.weight (shape: torch.Size([1024, 2048])) - (2833430:train_csgo.py:825)
2026-01-07 14:24:22 - INFO -         [TRAINABLE] paligemma_with_expert.gemma_expert.model.layers.1.mlp.gate_proj.weight (shape: torch.Size([4096, 1024])) - (2833430:train_csgo.py:825)
2026-01-07 14:24:22 - INFO -         [TRAINABLE] paligemma_with_expert.gemma_expert.model.layers.1.mlp.up_proj.weight (shape: torch.Size([4096, 1024])) - (2833430:train_csgo.py:825)
2026-01-07 14:24:22 - INFO -         [TRAINABLE] paligemma_with_expert.gemma_expert.model.layers.1.mlp.down_proj.weight (shape: torch.Size([1024, 4096])) - (2833430:train_csgo.py:825)
2026-01-07 14:24:22 - INFO -         [TRAINABLE] paligemma_with_expert.gemma_expert.model.layers.1.input_layernorm.dense.weight (shape: torch.Size([3072, 1024])) - (2833430:train_csgo.py:825)
2026-01-07 14:24:22 - INFO -         [TRAINABLE] paligemma_with_expert.gemma_expert.model.layers.1.input_layernorm.dense.bias (shape: torch.Size([3072])) - (2833430:train_csgo.py:825)
2026-01-07 14:24:22 - INFO -         [TRAINABLE] paligemma_with_expert.gemma_expert.model.layers.1.post_attention_layernorm.dense.weight (shape: torch.Size([3072, 1024])) - (2833430:train_csgo.py:825)
2026-01-07 14:24:22 - INFO -         [TRAINABLE] paligemma_with_expert.gemma_expert.model.layers.1.post_attention_layernorm.dense.bias (shape: torch.Size([3072])) - (2833430:train_csgo.py:825)
2026-01-07 14:24:22 - INFO -         [TRAINABLE] paligemma_with_expert.gemma_expert.model.layers.2.self_attn.q_proj.weight (shape: torch.Size([2048, 1024])) - (2833430:train_csgo.py:825)
2026-01-07 14:24:22 - INFO -         [TRAINABLE] paligemma_with_expert.gemma_expert.model.layers.2.self_attn.k_proj.weight (shape: torch.Size([256, 1024])) - (2833430:train_csgo.py:825)
2026-01-07 14:24:22 - INFO -         [TRAINABLE] paligemma_with_expert.gemma_expert.model.layers.2.self_attn.v_proj.weight (shape: torch.Size([256, 1024])) - (2833430:train_csgo.py:825)
2026-01-07 14:24:22 - INFO -         [TRAINABLE] paligemma_with_expert.gemma_expert.model.layers.2.self_attn.o_proj.weight (shape: torch.Size([1024, 2048])) - (2833430:train_csgo.py:825)
2026-01-07 14:24:22 - INFO -         [TRAINABLE] paligemma_with_expert.gemma_expert.model.layers.2.mlp.gate_proj.weight (shape: torch.Size([4096, 1024])) - (2833430:train_csgo.py:825)
2026-01-07 14:24:22 - INFO -         [TRAINABLE] paligemma_with_expert.gemma_expert.model.layers.2.mlp.up_proj.weight (shape: torch.Size([4096, 1024])) - (2833430:train_csgo.py:825)
2026-01-07 14:24:22 - INFO -         [TRAINABLE] paligemma_with_expert.gemma_expert.model.layers.2.mlp.down_proj.weight (shape: torch.Size([1024, 4096])) - (2833430:train_csgo.py:825)
2026-01-07 14:24:22 - INFO -         [TRAINABLE] paligemma_with_expert.gemma_expert.model.layers.2.input_layernorm.dense.weight (shape: torch.Size([3072, 1024])) - (2833430:train_csgo.py:825)
2026-01-07 14:24:22 - INFO -         [TRAINABLE] paligemma_with_expert.gemma_expert.model.layers.2.input_layernorm.dense.bias (shape: torch.Size([3072])) - (2833430:train_csgo.py:825)
2026-01-07 14:24:22 - INFO -         [TRAINABLE] paligemma_with_expert.gemma_expert.model.layers.2.post_attention_layernorm.dense.weight (shape: torch.Size([3072, 1024])) - (2833430:train_csgo.py:825)
2026-01-07 14:24:22 - INFO -         [TRAINABLE] paligemma_with_expert.gemma_expert.model.layers.2.post_attention_layernorm.dense.bias (shape: torch.Size([3072])) - (2833430:train_csgo.py:825)
2026-01-07 14:24:22 - INFO -         [TRAINABLE] paligemma_with_expert.gemma_expert.model.layers.3.self_attn.q_proj.weight (shape: torch.Size([2048, 1024])) - (2833430:train_csgo.py:825)
2026-01-07 14:24:22 - INFO -         [TRAINABLE] paligemma_with_expert.gemma_expert.model.layers.3.self_attn.k_proj.weight (shape: torch.Size([256, 1024])) - (2833430:train_csgo.py:825)
2026-01-07 14:24:22 - INFO -         [TRAINABLE] paligemma_with_expert.gemma_expert.model.layers.3.self_attn.v_proj.weight (shape: torch.Size([256, 1024])) - (2833430:train_csgo.py:825)
2026-01-07 14:24:22 - INFO -         [TRAINABLE] paligemma_with_expert.gemma_expert.model.layers.3.self_attn.o_proj.weight (shape: torch.Size([1024, 2048])) - (2833430:train_csgo.py:825)
2026-01-07 14:24:22 - INFO -         [TRAINABLE] paligemma_with_expert.gemma_expert.model.layers.3.mlp.gate_proj.weight (shape: torch.Size([4096, 1024])) - (2833430:train_csgo.py:825)
2026-01-07 14:24:22 - INFO -         [TRAINABLE] paligemma_with_expert.gemma_expert.model.layers.3.mlp.up_proj.weight (shape: torch.Size([4096, 1024])) - (2833430:train_csgo.py:825)
2026-01-07 14:24:22 - INFO -         [TRAINABLE] paligemma_with_expert.gemma_expert.model.layers.3.mlp.down_proj.weight (shape: torch.Size([1024, 4096])) - (2833430:train_csgo.py:825)
2026-01-07 14:24:22 - INFO -         [TRAINABLE] paligemma_with_expert.gemma_expert.model.layers.3.input_layernorm.dense.weight (shape: torch.Size([3072, 1024])) - (2833430:train_csgo.py:825)
2026-01-07 14:24:22 - INFO -         [TRAINABLE] paligemma_with_expert.gemma_expert.model.layers.3.input_layernorm.dense.bias (shape: torch.Size([3072])) - (2833430:train_csgo.py:825)
2026-01-07 14:24:22 - INFO -         [TRAINABLE] paligemma_with_expert.gemma_expert.model.layers.3.post_attention_layernorm.dense.weight (shape: torch.Size([3072, 1024])) - (2833430:train_csgo.py:825)
2026-01-07 14:24:22 - INFO -         [TRAINABLE] paligemma_with_expert.gemma_expert.model.layers.3.post_attention_layernorm.dense.bias (shape: torch.Size([3072])) - (2833430:train_csgo.py:825)
2026-01-07 14:24:22 - INFO -         [TRAINABLE] paligemma_with_expert.gemma_expert.model.layers.4.self_attn.q_proj.weight (shape: torch.Size([2048, 1024])) - (2833430:train_csgo.py:825)
2026-01-07 14:24:22 - INFO -         [TRAINABLE] paligemma_with_expert.gemma_expert.model.layers.4.self_attn.k_proj.weight (shape: torch.Size([256, 1024])) - (2833430:train_csgo.py:825)
2026-01-07 14:24:22 - INFO -         [TRAINABLE] paligemma_with_expert.gemma_expert.model.layers.4.self_attn.v_proj.weight (shape: torch.Size([256, 1024])) - (2833430:train_csgo.py:825)
2026-01-07 14:24:22 - INFO -         [TRAINABLE] paligemma_with_expert.gemma_expert.model.layers.4.self_attn.o_proj.weight (shape: torch.Size([1024, 2048])) - (2833430:train_csgo.py:825)
2026-01-07 14:24:22 - INFO -         [TRAINABLE] paligemma_with_expert.gemma_expert.model.layers.4.mlp.gate_proj.weight (shape: torch.Size([4096, 1024])) - (2833430:train_csgo.py:825)
2026-01-07 14:24:22 - INFO -         [TRAINABLE] paligemma_with_expert.gemma_expert.model.layers.4.mlp.up_proj.weight (shape: torch.Size([4096, 1024])) - (2833430:train_csgo.py:825)
2026-01-07 14:24:22 - INFO -         [TRAINABLE] paligemma_with_expert.gemma_expert.model.layers.4.mlp.down_proj.weight (shape: torch.Size([1024, 4096])) - (2833430:train_csgo.py:825)
2026-01-07 14:24:22 - INFO -         [TRAINABLE] paligemma_with_expert.gemma_expert.model.layers.4.input_layernorm.dense.weight (shape: torch.Size([3072, 1024])) - (2833430:train_csgo.py:825)
2026-01-07 14:24:22 - INFO -         [TRAINABLE] paligemma_with_expert.gemma_expert.model.layers.4.input_layernorm.dense.bias (shape: torch.Size([3072])) - (2833430:train_csgo.py:825)
2026-01-07 14:24:22 - INFO -         [TRAINABLE] paligemma_with_expert.gemma_expert.model.layers.4.post_attention_layernorm.dense.weight (shape: torch.Size([3072, 1024])) - (2833430:train_csgo.py:825)
2026-01-07 14:24:22 - INFO -         [TRAINABLE] paligemma_with_expert.gemma_expert.model.layers.4.post_attention_layernorm.dense.bias (shape: torch.Size([3072])) - (2833430:train_csgo.py:825)
2026-01-07 14:24:22 - INFO -         [TRAINABLE] paligemma_with_expert.gemma_expert.model.layers.5.self_attn.q_proj.weight (shape: torch.Size([2048, 1024])) - (2833430:train_csgo.py:825)
2026-01-07 14:24:22 - INFO -         [TRAINABLE] paligemma_with_expert.gemma_expert.model.layers.5.self_attn.k_proj.weight (shape: torch.Size([256, 1024])) - (2833430:train_csgo.py:825)
2026-01-07 14:24:22 - INFO -         [TRAINABLE] paligemma_with_expert.gemma_expert.model.layers.5.self_attn.v_proj.weight (shape: torch.Size([256, 1024])) - (2833430:train_csgo.py:825)
2026-01-07 14:24:22 - INFO -         [TRAINABLE] paligemma_with_expert.gemma_expert.model.layers.5.self_attn.o_proj.weight (shape: torch.Size([1024, 2048])) - (2833430:train_csgo.py:825)
2026-01-07 14:24:22 - INFO -         [TRAINABLE] paligemma_with_expert.gemma_expert.model.layers.5.mlp.gate_proj.weight (shape: torch.Size([4096, 1024])) - (2833430:train_csgo.py:825)
2026-01-07 14:24:22 - INFO -         [TRAINABLE] paligemma_with_expert.gemma_expert.model.layers.5.mlp.up_proj.weight (shape: torch.Size([4096, 1024])) - (2833430:train_csgo.py:825)
2026-01-07 14:24:22 - INFO -         [TRAINABLE] paligemma_with_expert.gemma_expert.model.layers.5.mlp.down_proj.weight (shape: torch.Size([1024, 4096])) - (2833430:train_csgo.py:825)
2026-01-07 14:24:22 - INFO -         [TRAINABLE] paligemma_with_expert.gemma_expert.model.layers.5.input_layernorm.dense.weight (shape: torch.Size([3072, 1024])) - (2833430:train_csgo.py:825)
2026-01-07 14:24:22 - INFO -         [TRAINABLE] paligemma_with_expert.gemma_expert.model.layers.5.input_layernorm.dense.bias (shape: torch.Size([3072])) - (2833430:train_csgo.py:825)
2026-01-07 14:24:22 - INFO -         [TRAINABLE] paligemma_with_expert.gemma_expert.model.layers.5.post_attention_layernorm.dense.weight (shape: torch.Size([3072, 1024])) - (2833430:train_csgo.py:825)
2026-01-07 14:24:22 - INFO -         [TRAINABLE] paligemma_with_expert.gemma_expert.model.layers.5.post_attention_layernorm.dense.bias (shape: torch.Size([3072])) - (2833430:train_csgo.py:825)
2026-01-07 14:24:22 - INFO -         [TRAINABLE] paligemma_with_expert.gemma_expert.model.layers.6.self_attn.q_proj.weight (shape: torch.Size([2048, 1024])) - (2833430:train_csgo.py:825)
2026-01-07 14:24:22 - INFO -         [TRAINABLE] paligemma_with_expert.gemma_expert.model.layers.6.self_attn.k_proj.weight (shape: torch.Size([256, 1024])) - (2833430:train_csgo.py:825)
2026-01-07 14:24:22 - INFO -         [TRAINABLE] paligemma_with_expert.gemma_expert.model.layers.6.self_attn.v_proj.weight (shape: torch.Size([256, 1024])) - (2833430:train_csgo.py:825)
2026-01-07 14:24:22 - INFO -         [TRAINABLE] paligemma_with_expert.gemma_expert.model.layers.6.self_attn.o_proj.weight (shape: torch.Size([1024, 2048])) - (2833430:train_csgo.py:825)
2026-01-07 14:24:22 - INFO -         [TRAINABLE] paligemma_with_expert.gemma_expert.model.layers.6.mlp.gate_proj.weight (shape: torch.Size([4096, 1024])) - (2833430:train_csgo.py:825)
2026-01-07 14:24:22 - INFO -         [TRAINABLE] paligemma_with_expert.gemma_expert.model.layers.6.mlp.up_proj.weight (shape: torch.Size([4096, 1024])) - (2833430:train_csgo.py:825)
2026-01-07 14:24:22 - INFO -         [TRAINABLE] paligemma_with_expert.gemma_expert.model.layers.6.mlp.down_proj.weight (shape: torch.Size([1024, 4096])) - (2833430:train_csgo.py:825)
2026-01-07 14:24:22 - INFO -         [TRAINABLE] paligemma_with_expert.gemma_expert.model.layers.6.input_layernorm.dense.weight (shape: torch.Size([3072, 1024])) - (2833430:train_csgo.py:825)
2026-01-07 14:24:22 - INFO -         [TRAINABLE] paligemma_with_expert.gemma_expert.model.layers.6.input_layernorm.dense.bias (shape: torch.Size([3072])) - (2833430:train_csgo.py:825)
2026-01-07 14:24:22 - INFO -         [TRAINABLE] paligemma_with_expert.gemma_expert.model.layers.6.post_attention_layernorm.dense.weight (shape: torch.Size([3072, 1024])) - (2833430:train_csgo.py:825)
2026-01-07 14:24:22 - INFO -         [TRAINABLE] paligemma_with_expert.gemma_expert.model.layers.6.post_attention_layernorm.dense.bias (shape: torch.Size([3072])) - (2833430:train_csgo.py:825)
2026-01-07 14:24:22 - INFO -         [TRAINABLE] paligemma_with_expert.gemma_expert.model.layers.7.self_attn.q_proj.weight (shape: torch.Size([2048, 1024])) - (2833430:train_csgo.py:825)
2026-01-07 14:24:22 - INFO -         [TRAINABLE] paligemma_with_expert.gemma_expert.model.layers.7.self_attn.k_proj.weight (shape: torch.Size([256, 1024])) - (2833430:train_csgo.py:825)
2026-01-07 14:24:22 - INFO -         [TRAINABLE] paligemma_with_expert.gemma_expert.model.layers.7.self_attn.v_proj.weight (shape: torch.Size([256, 1024])) - (2833430:train_csgo.py:825)
2026-01-07 14:24:22 - INFO -         [TRAINABLE] paligemma_with_expert.gemma_expert.model.layers.7.self_attn.o_proj.weight (shape: torch.Size([1024, 2048])) - (2833430:train_csgo.py:825)
2026-01-07 14:24:22 - INFO -         [TRAINABLE] paligemma_with_expert.gemma_expert.model.layers.7.mlp.gate_proj.weight (shape: torch.Size([4096, 1024])) - (2833430:train_csgo.py:825)
2026-01-07 14:24:22 - INFO -         [TRAINABLE] paligemma_with_expert.gemma_expert.model.layers.7.mlp.up_proj.weight (shape: torch.Size([4096, 1024])) - (2833430:train_csgo.py:825)
2026-01-07 14:24:22 - INFO -         [TRAINABLE] paligemma_with_expert.gemma_expert.model.layers.7.mlp.down_proj.weight (shape: torch.Size([1024, 4096])) - (2833430:train_csgo.py:825)
2026-01-07 14:24:22 - INFO -         [TRAINABLE] paligemma_with_expert.gemma_expert.model.layers.7.input_layernorm.dense.weight (shape: torch.Size([3072, 1024])) - (2833430:train_csgo.py:825)
2026-01-07 14:24:22 - INFO -         [TRAINABLE] paligemma_with_expert.gemma_expert.model.layers.7.input_layernorm.dense.bias (shape: torch.Size([3072])) - (2833430:train_csgo.py:825)
2026-01-07 14:24:22 - INFO -         [TRAINABLE] paligemma_with_expert.gemma_expert.model.layers.7.post_attention_layernorm.dense.weight (shape: torch.Size([3072, 1024])) - (2833430:train_csgo.py:825)
2026-01-07 14:24:22 - INFO -         [TRAINABLE] paligemma_with_expert.gemma_expert.model.layers.7.post_attention_layernorm.dense.bias (shape: torch.Size([3072])) - (2833430:train_csgo.py:825)
2026-01-07 14:24:22 - INFO -         [TRAINABLE] paligemma_with_expert.gemma_expert.model.layers.8.self_attn.q_proj.weight (shape: torch.Size([2048, 1024])) - (2833430:train_csgo.py:825)
2026-01-07 14:24:22 - INFO -         [TRAINABLE] paligemma_with_expert.gemma_expert.model.layers.8.self_attn.k_proj.weight (shape: torch.Size([256, 1024])) - (2833430:train_csgo.py:825)
2026-01-07 14:24:22 - INFO -         [TRAINABLE] paligemma_with_expert.gemma_expert.model.layers.8.self_attn.v_proj.weight (shape: torch.Size([256, 1024])) - (2833430:train_csgo.py:825)
2026-01-07 14:24:22 - INFO -         [TRAINABLE] paligemma_with_expert.gemma_expert.model.layers.8.self_attn.o_proj.weight (shape: torch.Size([1024, 2048])) - (2833430:train_csgo.py:825)
2026-01-07 14:24:22 - INFO -         [TRAINABLE] paligemma_with_expert.gemma_expert.model.layers.8.mlp.gate_proj.weight (shape: torch.Size([4096, 1024])) - (2833430:train_csgo.py:825)
2026-01-07 14:24:22 - INFO -         [TRAINABLE] paligemma_with_expert.gemma_expert.model.layers.8.mlp.up_proj.weight (shape: torch.Size([4096, 1024])) - (2833430:train_csgo.py:825)
2026-01-07 14:24:22 - INFO -         [TRAINABLE] paligemma_with_expert.gemma_expert.model.layers.8.mlp.down_proj.weight (shape: torch.Size([1024, 4096])) - (2833430:train_csgo.py:825)
2026-01-07 14:24:22 - INFO -         [TRAINABLE] paligemma_with_expert.gemma_expert.model.layers.8.input_layernorm.dense.weight (shape: torch.Size([3072, 1024])) - (2833430:train_csgo.py:825)
2026-01-07 14:24:22 - INFO -         [TRAINABLE] paligemma_with_expert.gemma_expert.model.layers.8.input_layernorm.dense.bias (shape: torch.Size([3072])) - (2833430:train_csgo.py:825)
2026-01-07 14:24:22 - INFO -         [TRAINABLE] paligemma_with_expert.gemma_expert.model.layers.8.post_attention_layernorm.dense.weight (shape: torch.Size([3072, 1024])) - (2833430:train_csgo.py:825)
2026-01-07 14:24:22 - INFO -         [TRAINABLE] paligemma_with_expert.gemma_expert.model.layers.8.post_attention_layernorm.dense.bias (shape: torch.Size([3072])) - (2833430:train_csgo.py:825)
2026-01-07 14:24:22 - INFO -         [TRAINABLE] paligemma_with_expert.gemma_expert.model.layers.9.self_attn.q_proj.weight (shape: torch.Size([2048, 1024])) - (2833430:train_csgo.py:825)
2026-01-07 14:24:22 - INFO -         [TRAINABLE] paligemma_with_expert.gemma_expert.model.layers.9.self_attn.k_proj.weight (shape: torch.Size([256, 1024])) - (2833430:train_csgo.py:825)
2026-01-07 14:24:22 - INFO -         [TRAINABLE] paligemma_with_expert.gemma_expert.model.layers.9.self_attn.v_proj.weight (shape: torch.Size([256, 1024])) - (2833430:train_csgo.py:825)
2026-01-07 14:24:22 - INFO -         [TRAINABLE] paligemma_with_expert.gemma_expert.model.layers.9.self_attn.o_proj.weight (shape: torch.Size([1024, 2048])) - (2833430:train_csgo.py:825)
2026-01-07 14:24:22 - INFO -         [TRAINABLE] paligemma_with_expert.gemma_expert.model.layers.9.mlp.gate_proj.weight (shape: torch.Size([4096, 1024])) - (2833430:train_csgo.py:825)
2026-01-07 14:24:22 - INFO -         [TRAINABLE] paligemma_with_expert.gemma_expert.model.layers.9.mlp.up_proj.weight (shape: torch.Size([4096, 1024])) - (2833430:train_csgo.py:825)
2026-01-07 14:24:22 - INFO -         [TRAINABLE] paligemma_with_expert.gemma_expert.model.layers.9.mlp.down_proj.weight (shape: torch.Size([1024, 4096])) - (2833430:train_csgo.py:825)
2026-01-07 14:24:22 - INFO -         [TRAINABLE] paligemma_with_expert.gemma_expert.model.layers.9.input_layernorm.dense.weight (shape: torch.Size([3072, 1024])) - (2833430:train_csgo.py:825)
2026-01-07 14:24:22 - INFO -         [TRAINABLE] paligemma_with_expert.gemma_expert.model.layers.9.input_layernorm.dense.bias (shape: torch.Size([3072])) - (2833430:train_csgo.py:825)
2026-01-07 14:24:22 - INFO -         [TRAINABLE] paligemma_with_expert.gemma_expert.model.layers.9.post_attention_layernorm.dense.weight (shape: torch.Size([3072, 1024])) - (2833430:train_csgo.py:825)
2026-01-07 14:24:22 - INFO -         [TRAINABLE] paligemma_with_expert.gemma_expert.model.layers.9.post_attention_layernorm.dense.bias (shape: torch.Size([3072])) - (2833430:train_csgo.py:825)
2026-01-07 14:24:22 - INFO -         [TRAINABLE] paligemma_with_expert.gemma_expert.model.layers.10.self_attn.q_proj.weight (shape: torch.Size([2048, 1024])) - (2833430:train_csgo.py:825)
2026-01-07 14:24:22 - INFO -         [TRAINABLE] paligemma_with_expert.gemma_expert.model.layers.10.self_attn.k_proj.weight (shape: torch.Size([256, 1024])) - (2833430:train_csgo.py:825)
2026-01-07 14:24:22 - INFO -         [TRAINABLE] paligemma_with_expert.gemma_expert.model.layers.10.self_attn.v_proj.weight (shape: torch.Size([256, 1024])) - (2833430:train_csgo.py:825)
2026-01-07 14:24:22 - INFO -         [TRAINABLE] paligemma_with_expert.gemma_expert.model.layers.10.self_attn.o_proj.weight (shape: torch.Size([1024, 2048])) - (2833430:train_csgo.py:825)
2026-01-07 14:24:22 - INFO -         [TRAINABLE] paligemma_with_expert.gemma_expert.model.layers.10.mlp.gate_proj.weight (shape: torch.Size([4096, 1024])) - (2833430:train_csgo.py:825)
2026-01-07 14:24:22 - INFO -         [TRAINABLE] paligemma_with_expert.gemma_expert.model.layers.10.mlp.up_proj.weight (shape: torch.Size([4096, 1024])) - (2833430:train_csgo.py:825)
2026-01-07 14:24:22 - INFO -         [TRAINABLE] paligemma_with_expert.gemma_expert.model.layers.10.mlp.down_proj.weight (shape: torch.Size([1024, 4096])) - (2833430:train_csgo.py:825)
2026-01-07 14:24:22 - INFO -         [TRAINABLE] paligemma_with_expert.gemma_expert.model.layers.10.input_layernorm.dense.weight (shape: torch.Size([3072, 1024])) - (2833430:train_csgo.py:825)
2026-01-07 14:24:22 - INFO -         [TRAINABLE] paligemma_with_expert.gemma_expert.model.layers.10.input_layernorm.dense.bias (shape: torch.Size([3072])) - (2833430:train_csgo.py:825)
2026-01-07 14:24:22 - INFO -         [TRAINABLE] paligemma_with_expert.gemma_expert.model.layers.10.post_attention_layernorm.dense.weight (shape: torch.Size([3072, 1024])) - (2833430:train_csgo.py:825)
2026-01-07 14:24:22 - INFO -         [TRAINABLE] paligemma_with_expert.gemma_expert.model.layers.10.post_attention_layernorm.dense.bias (shape: torch.Size([3072])) - (2833430:train_csgo.py:825)
2026-01-07 14:24:22 - INFO -         [TRAINABLE] paligemma_with_expert.gemma_expert.model.layers.11.self_attn.q_proj.weight (shape: torch.Size([2048, 1024])) - (2833430:train_csgo.py:825)
2026-01-07 14:24:22 - INFO -         [TRAINABLE] paligemma_with_expert.gemma_expert.model.layers.11.self_attn.k_proj.weight (shape: torch.Size([256, 1024])) - (2833430:train_csgo.py:825)
2026-01-07 14:24:22 - INFO -         [TRAINABLE] paligemma_with_expert.gemma_expert.model.layers.11.self_attn.v_proj.weight (shape: torch.Size([256, 1024])) - (2833430:train_csgo.py:825)
2026-01-07 14:24:22 - INFO -         [TRAINABLE] paligemma_with_expert.gemma_expert.model.layers.11.self_attn.o_proj.weight (shape: torch.Size([1024, 2048])) - (2833430:train_csgo.py:825)
2026-01-07 14:24:22 - INFO -         [TRAINABLE] paligemma_with_expert.gemma_expert.model.layers.11.mlp.gate_proj.weight (shape: torch.Size([4096, 1024])) - (2833430:train_csgo.py:825)
2026-01-07 14:24:22 - INFO -         [TRAINABLE] paligemma_with_expert.gemma_expert.model.layers.11.mlp.up_proj.weight (shape: torch.Size([4096, 1024])) - (2833430:train_csgo.py:825)
2026-01-07 14:24:22 - INFO -         [TRAINABLE] paligemma_with_expert.gemma_expert.model.layers.11.mlp.down_proj.weight (shape: torch.Size([1024, 4096])) - (2833430:train_csgo.py:825)
2026-01-07 14:24:22 - INFO -         [TRAINABLE] paligemma_with_expert.gemma_expert.model.layers.11.input_layernorm.dense.weight (shape: torch.Size([3072, 1024])) - (2833430:train_csgo.py:825)
2026-01-07 14:24:22 - INFO -         [TRAINABLE] paligemma_with_expert.gemma_expert.model.layers.11.input_layernorm.dense.bias (shape: torch.Size([3072])) - (2833430:train_csgo.py:825)
2026-01-07 14:24:22 - INFO -         [TRAINABLE] paligemma_with_expert.gemma_expert.model.layers.11.post_attention_layernorm.dense.weight (shape: torch.Size([3072, 1024])) - (2833430:train_csgo.py:825)
2026-01-07 14:24:22 - INFO -         [TRAINABLE] paligemma_with_expert.gemma_expert.model.layers.11.post_attention_layernorm.dense.bias (shape: torch.Size([3072])) - (2833430:train_csgo.py:825)
2026-01-07 14:24:22 - INFO -         [TRAINABLE] paligemma_with_expert.gemma_expert.model.layers.12.self_attn.q_proj.weight (shape: torch.Size([2048, 1024])) - (2833430:train_csgo.py:825)
2026-01-07 14:24:22 - INFO -         [TRAINABLE] paligemma_with_expert.gemma_expert.model.layers.12.self_attn.k_proj.weight (shape: torch.Size([256, 1024])) - (2833430:train_csgo.py:825)
2026-01-07 14:24:22 - INFO -         [TRAINABLE] paligemma_with_expert.gemma_expert.model.layers.12.self_attn.v_proj.weight (shape: torch.Size([256, 1024])) - (2833430:train_csgo.py:825)
2026-01-07 14:24:22 - INFO -         [TRAINABLE] paligemma_with_expert.gemma_expert.model.layers.12.self_attn.o_proj.weight (shape: torch.Size([1024, 2048])) - (2833430:train_csgo.py:825)
2026-01-07 14:24:22 - INFO -         [TRAINABLE] paligemma_with_expert.gemma_expert.model.layers.12.mlp.gate_proj.weight (shape: torch.Size([4096, 1024])) - (2833430:train_csgo.py:825)
2026-01-07 14:24:22 - INFO -         [TRAINABLE] paligemma_with_expert.gemma_expert.model.layers.12.mlp.up_proj.weight (shape: torch.Size([4096, 1024])) - (2833430:train_csgo.py:825)
2026-01-07 14:24:22 - INFO -         [TRAINABLE] paligemma_with_expert.gemma_expert.model.layers.12.mlp.down_proj.weight (shape: torch.Size([1024, 4096])) - (2833430:train_csgo.py:825)
2026-01-07 14:24:22 - INFO -         [TRAINABLE] paligemma_with_expert.gemma_expert.model.layers.12.input_layernorm.dense.weight (shape: torch.Size([3072, 1024])) - (2833430:train_csgo.py:825)
2026-01-07 14:24:22 - INFO -         [TRAINABLE] paligemma_with_expert.gemma_expert.model.layers.12.input_layernorm.dense.bias (shape: torch.Size([3072])) - (2833430:train_csgo.py:825)
2026-01-07 14:24:22 - INFO -         [TRAINABLE] paligemma_with_expert.gemma_expert.model.layers.12.post_attention_layernorm.dense.weight (shape: torch.Size([3072, 1024])) - (2833430:train_csgo.py:825)
2026-01-07 14:24:22 - INFO -         [TRAINABLE] paligemma_with_expert.gemma_expert.model.layers.12.post_attention_layernorm.dense.bias (shape: torch.Size([3072])) - (2833430:train_csgo.py:825)
2026-01-07 14:24:22 - INFO -         [TRAINABLE] paligemma_with_expert.gemma_expert.model.layers.13.self_attn.q_proj.weight (shape: torch.Size([2048, 1024])) - (2833430:train_csgo.py:825)
2026-01-07 14:24:22 - INFO -         [TRAINABLE] paligemma_with_expert.gemma_expert.model.layers.13.self_attn.k_proj.weight (shape: torch.Size([256, 1024])) - (2833430:train_csgo.py:825)
2026-01-07 14:24:22 - INFO -         [TRAINABLE] paligemma_with_expert.gemma_expert.model.layers.13.self_attn.v_proj.weight (shape: torch.Size([256, 1024])) - (2833430:train_csgo.py:825)
2026-01-07 14:24:22 - INFO -         [TRAINABLE] paligemma_with_expert.gemma_expert.model.layers.13.self_attn.o_proj.weight (shape: torch.Size([1024, 2048])) - (2833430:train_csgo.py:825)
2026-01-07 14:24:22 - INFO -         [TRAINABLE] paligemma_with_expert.gemma_expert.model.layers.13.mlp.gate_proj.weight (shape: torch.Size([4096, 1024])) - (2833430:train_csgo.py:825)
2026-01-07 14:24:22 - INFO -         [TRAINABLE] paligemma_with_expert.gemma_expert.model.layers.13.mlp.up_proj.weight (shape: torch.Size([4096, 1024])) - (2833430:train_csgo.py:825)
2026-01-07 14:24:22 - INFO -         [TRAINABLE] paligemma_with_expert.gemma_expert.model.layers.13.mlp.down_proj.weight (shape: torch.Size([1024, 4096])) - (2833430:train_csgo.py:825)
2026-01-07 14:24:22 - INFO -         [TRAINABLE] paligemma_with_expert.gemma_expert.model.layers.13.input_layernorm.dense.weight (shape: torch.Size([3072, 1024])) - (2833430:train_csgo.py:825)
2026-01-07 14:24:22 - INFO -         [TRAINABLE] paligemma_with_expert.gemma_expert.model.layers.13.input_layernorm.dense.bias (shape: torch.Size([3072])) - (2833430:train_csgo.py:825)
2026-01-07 14:24:22 - INFO -         [TRAINABLE] paligemma_with_expert.gemma_expert.model.layers.13.post_attention_layernorm.dense.weight (shape: torch.Size([3072, 1024])) - (2833430:train_csgo.py:825)
2026-01-07 14:24:22 - INFO -         [TRAINABLE] paligemma_with_expert.gemma_expert.model.layers.13.post_attention_layernorm.dense.bias (shape: torch.Size([3072])) - (2833430:train_csgo.py:825)
2026-01-07 14:24:22 - INFO -         [TRAINABLE] paligemma_with_expert.gemma_expert.model.layers.14.self_attn.q_proj.weight (shape: torch.Size([2048, 1024])) - (2833430:train_csgo.py:825)
2026-01-07 14:24:22 - INFO -         [TRAINABLE] paligemma_with_expert.gemma_expert.model.layers.14.self_attn.k_proj.weight (shape: torch.Size([256, 1024])) - (2833430:train_csgo.py:825)
2026-01-07 14:24:22 - INFO -         [TRAINABLE] paligemma_with_expert.gemma_expert.model.layers.14.self_attn.v_proj.weight (shape: torch.Size([256, 1024])) - (2833430:train_csgo.py:825)
2026-01-07 14:24:22 - INFO -         [TRAINABLE] paligemma_with_expert.gemma_expert.model.layers.14.self_attn.o_proj.weight (shape: torch.Size([1024, 2048])) - (2833430:train_csgo.py:825)
2026-01-07 14:24:22 - INFO -         [TRAINABLE] paligemma_with_expert.gemma_expert.model.layers.14.mlp.gate_proj.weight (shape: torch.Size([4096, 1024])) - (2833430:train_csgo.py:825)
2026-01-07 14:24:22 - INFO -         [TRAINABLE] paligemma_with_expert.gemma_expert.model.layers.14.mlp.up_proj.weight (shape: torch.Size([4096, 1024])) - (2833430:train_csgo.py:825)
2026-01-07 14:24:22 - INFO -         [TRAINABLE] paligemma_with_expert.gemma_expert.model.layers.14.mlp.down_proj.weight (shape: torch.Size([1024, 4096])) - (2833430:train_csgo.py:825)
2026-01-07 14:24:22 - INFO -         [TRAINABLE] paligemma_with_expert.gemma_expert.model.layers.14.input_layernorm.dense.weight (shape: torch.Size([3072, 1024])) - (2833430:train_csgo.py:825)
2026-01-07 14:24:22 - INFO -         [TRAINABLE] paligemma_with_expert.gemma_expert.model.layers.14.input_layernorm.dense.bias (shape: torch.Size([3072])) - (2833430:train_csgo.py:825)
2026-01-07 14:24:22 - INFO -         [TRAINABLE] paligemma_with_expert.gemma_expert.model.layers.14.post_attention_layernorm.dense.weight (shape: torch.Size([3072, 1024])) - (2833430:train_csgo.py:825)
2026-01-07 14:24:22 - INFO -         [TRAINABLE] paligemma_with_expert.gemma_expert.model.layers.14.post_attention_layernorm.dense.bias (shape: torch.Size([3072])) - (2833430:train_csgo.py:825)
2026-01-07 14:24:22 - INFO -         [TRAINABLE] paligemma_with_expert.gemma_expert.model.layers.15.self_attn.q_proj.weight (shape: torch.Size([2048, 1024])) - (2833430:train_csgo.py:825)
2026-01-07 14:24:22 - INFO -         [TRAINABLE] paligemma_with_expert.gemma_expert.model.layers.15.self_attn.k_proj.weight (shape: torch.Size([256, 1024])) - (2833430:train_csgo.py:825)
2026-01-07 14:24:22 - INFO -         [TRAINABLE] paligemma_with_expert.gemma_expert.model.layers.15.self_attn.v_proj.weight (shape: torch.Size([256, 1024])) - (2833430:train_csgo.py:825)
2026-01-07 14:24:22 - INFO -         [TRAINABLE] paligemma_with_expert.gemma_expert.model.layers.15.self_attn.o_proj.weight (shape: torch.Size([1024, 2048])) - (2833430:train_csgo.py:825)
2026-01-07 14:24:22 - INFO -         [TRAINABLE] paligemma_with_expert.gemma_expert.model.layers.15.mlp.gate_proj.weight (shape: torch.Size([4096, 1024])) - (2833430:train_csgo.py:825)
2026-01-07 14:24:22 - INFO -         [TRAINABLE] paligemma_with_expert.gemma_expert.model.layers.15.mlp.up_proj.weight (shape: torch.Size([4096, 1024])) - (2833430:train_csgo.py:825)
2026-01-07 14:24:22 - INFO -         [TRAINABLE] paligemma_with_expert.gemma_expert.model.layers.15.mlp.down_proj.weight (shape: torch.Size([1024, 4096])) - (2833430:train_csgo.py:825)
2026-01-07 14:24:22 - INFO -         [TRAINABLE] paligemma_with_expert.gemma_expert.model.layers.15.input_layernorm.dense.weight (shape: torch.Size([3072, 1024])) - (2833430:train_csgo.py:825)
2026-01-07 14:24:22 - INFO -         [TRAINABLE] paligemma_with_expert.gemma_expert.model.layers.15.input_layernorm.dense.bias (shape: torch.Size([3072])) - (2833430:train_csgo.py:825)
2026-01-07 14:24:22 - INFO -         [TRAINABLE] paligemma_with_expert.gemma_expert.model.layers.15.post_attention_layernorm.dense.weight (shape: torch.Size([3072, 1024])) - (2833430:train_csgo.py:825)
2026-01-07 14:24:22 - INFO -         [TRAINABLE] paligemma_with_expert.gemma_expert.model.layers.15.post_attention_layernorm.dense.bias (shape: torch.Size([3072])) - (2833430:train_csgo.py:825)
2026-01-07 14:24:22 - INFO -         [TRAINABLE] paligemma_with_expert.gemma_expert.model.layers.16.self_attn.q_proj.weight (shape: torch.Size([2048, 1024])) - (2833430:train_csgo.py:825)
2026-01-07 14:24:22 - INFO -         [TRAINABLE] paligemma_with_expert.gemma_expert.model.layers.16.self_attn.k_proj.weight (shape: torch.Size([256, 1024])) - (2833430:train_csgo.py:825)
2026-01-07 14:24:22 - INFO -         [TRAINABLE] paligemma_with_expert.gemma_expert.model.layers.16.self_attn.v_proj.weight (shape: torch.Size([256, 1024])) - (2833430:train_csgo.py:825)
2026-01-07 14:24:22 - INFO -         [TRAINABLE] paligemma_with_expert.gemma_expert.model.layers.16.self_attn.o_proj.weight (shape: torch.Size([1024, 2048])) - (2833430:train_csgo.py:825)
2026-01-07 14:24:22 - INFO -         [TRAINABLE] paligemma_with_expert.gemma_expert.model.layers.16.mlp.gate_proj.weight (shape: torch.Size([4096, 1024])) - (2833430:train_csgo.py:825)
2026-01-07 14:24:22 - INFO -         [TRAINABLE] paligemma_with_expert.gemma_expert.model.layers.16.mlp.up_proj.weight (shape: torch.Size([4096, 1024])) - (2833430:train_csgo.py:825)
2026-01-07 14:24:22 - INFO -         [TRAINABLE] paligemma_with_expert.gemma_expert.model.layers.16.mlp.down_proj.weight (shape: torch.Size([1024, 4096])) - (2833430:train_csgo.py:825)
2026-01-07 14:24:22 - INFO -         [TRAINABLE] paligemma_with_expert.gemma_expert.model.layers.16.input_layernorm.dense.weight (shape: torch.Size([3072, 1024])) - (2833430:train_csgo.py:825)
2026-01-07 14:24:22 - INFO -         [TRAINABLE] paligemma_with_expert.gemma_expert.model.layers.16.input_layernorm.dense.bias (shape: torch.Size([3072])) - (2833430:train_csgo.py:825)
2026-01-07 14:24:22 - INFO -         [TRAINABLE] paligemma_with_expert.gemma_expert.model.layers.16.post_attention_layernorm.dense.weight (shape: torch.Size([3072, 1024])) - (2833430:train_csgo.py:825)
2026-01-07 14:24:22 - INFO -         [TRAINABLE] paligemma_with_expert.gemma_expert.model.layers.16.post_attention_layernorm.dense.bias (shape: torch.Size([3072])) - (2833430:train_csgo.py:825)
2026-01-07 14:24:22 - INFO -         [TRAINABLE] paligemma_with_expert.gemma_expert.model.layers.17.self_attn.q_proj.weight (shape: torch.Size([2048, 1024])) - (2833430:train_csgo.py:825)
2026-01-07 14:24:22 - INFO -         [TRAINABLE] paligemma_with_expert.gemma_expert.model.layers.17.self_attn.k_proj.weight (shape: torch.Size([256, 1024])) - (2833430:train_csgo.py:825)
2026-01-07 14:24:22 - INFO -         [TRAINABLE] paligemma_with_expert.gemma_expert.model.layers.17.self_attn.v_proj.weight (shape: torch.Size([256, 1024])) - (2833430:train_csgo.py:825)
2026-01-07 14:24:22 - INFO -         [TRAINABLE] paligemma_with_expert.gemma_expert.model.layers.17.self_attn.o_proj.weight (shape: torch.Size([1024, 2048])) - (2833430:train_csgo.py:825)
2026-01-07 14:24:22 - INFO -         [TRAINABLE] paligemma_with_expert.gemma_expert.model.layers.17.mlp.gate_proj.weight (shape: torch.Size([4096, 1024])) - (2833430:train_csgo.py:825)
2026-01-07 14:24:22 - INFO -         [TRAINABLE] paligemma_with_expert.gemma_expert.model.layers.17.mlp.up_proj.weight (shape: torch.Size([4096, 1024])) - (2833430:train_csgo.py:825)
2026-01-07 14:24:22 - INFO -         [TRAINABLE] paligemma_with_expert.gemma_expert.model.layers.17.mlp.down_proj.weight (shape: torch.Size([1024, 4096])) - (2833430:train_csgo.py:825)
2026-01-07 14:24:22 - INFO -         [TRAINABLE] paligemma_with_expert.gemma_expert.model.layers.17.input_layernorm.dense.weight (shape: torch.Size([3072, 1024])) - (2833430:train_csgo.py:825)
2026-01-07 14:24:22 - INFO -         [TRAINABLE] paligemma_with_expert.gemma_expert.model.layers.17.input_layernorm.dense.bias (shape: torch.Size([3072])) - (2833430:train_csgo.py:825)
2026-01-07 14:24:22 - INFO -         [TRAINABLE] paligemma_with_expert.gemma_expert.model.layers.17.post_attention_layernorm.dense.weight (shape: torch.Size([3072, 1024])) - (2833430:train_csgo.py:825)
2026-01-07 14:24:22 - INFO -         [TRAINABLE] paligemma_with_expert.gemma_expert.model.layers.17.post_attention_layernorm.dense.bias (shape: torch.Size([3072])) - (2833430:train_csgo.py:825)
2026-01-07 14:24:22 - INFO -         [TRAINABLE] paligemma_with_expert.gemma_expert.model.norm.dense.weight (shape: torch.Size([3072, 1024])) - (2833430:train_csgo.py:825)
2026-01-07 14:24:22 - INFO -         [TRAINABLE] paligemma_with_expert.gemma_expert.model.norm.dense.bias (shape: torch.Size([3072])) - (2833430:train_csgo.py:825)
2026-01-07 14:24:22 - INFO -         [TRAINABLE] paligemma_with_expert.gemma_expert.lm_head.weight (shape: torch.Size([257152, 1024])) - (2833430:train_csgo.py:825)
2026-01-07 14:24:22 - INFO -         [TRAINABLE] action_in_proj.weight (shape: torch.Size([1024, 32])) - (2833430:train_csgo.py:825)
2026-01-07 14:24:22 - INFO -         [TRAINABLE] action_in_proj.bias (shape: torch.Size([1024])) - (2833430:train_csgo.py:825)
2026-01-07 14:24:22 - INFO -         [TRAINABLE] action_out_proj.weight (shape: torch.Size([32, 1024])) - (2833430:train_csgo.py:825)
2026-01-07 14:24:22 - INFO -         [TRAINABLE] action_out_proj.bias (shape: torch.Size([32])) - (2833430:train_csgo.py:825)
2026-01-07 14:24:22 - INFO -         [TRAINABLE] time_mlp_in.weight (shape: torch.Size([1024, 1024])) - (2833430:train_csgo.py:825)
2026-01-07 14:24:22 - INFO -         [TRAINABLE] time_mlp_in.bias (shape: torch.Size([1024])) - (2833430:train_csgo.py:825)
2026-01-07 14:24:22 - INFO -         [TRAINABLE] time_mlp_out.weight (shape: torch.Size([1024, 1024])) - (2833430:train_csgo.py:825)
2026-01-07 14:24:22 - INFO -         [TRAINABLE] time_mlp_out.bias (shape: torch.Size([1024])) - (2833430:train_csgo.py:825)
2026-01-07 14:24:22 - INFO - model.training_params: 3635642129, model.total_params: 3635642129 - (2833430:train_csgo.py:826)
2026-01-07 14:24:46 - INFO - step=8000 loss=0.0030 lr=5.00e-05 grad_norm=0.07 time=24.1s - (2833430:train_csgo.py:961)
2026-01-07 15:01:35 - INFO - step=8100 loss=0.0036 lr=5.00e-05 grad_norm=0.13 time=2209.1s - (2833430:train_csgo.py:961)
2026-01-07 15:39:33 - INFO - step=8200 loss=0.0039 lr=5.00e-05 grad_norm=0.13 time=2277.8s - (2833430:train_csgo.py:961)
2026-01-07 16:17:33 - INFO - step=8300 loss=0.0036 lr=5.00e-05 grad_norm=0.12 time=2280.1s - (2833430:train_csgo.py:961)
2026-01-07 16:55:33 - INFO - step=8400 loss=0.0035 lr=5.00e-05 grad_norm=0.13 time=2280.5s - (2833430:train_csgo.py:961)
2026-01-07 17:33:28 - INFO - step=8500 loss=0.0031 lr=5.00e-05 grad_norm=0.12 time=2274.3s - (2833430:train_csgo.py:961)
2026-01-07 18:11:13 - INFO - step=8600 loss=0.0031 lr=5.00e-05 grad_norm=0.10 time=2265.2s - (2833430:train_csgo.py:961)
2026-01-07 18:49:04 - INFO - step=8700 loss=0.0037 lr=5.00e-05 grad_norm=0.14 time=2271.5s - (2833430:train_csgo.py:961)
2026-01-07 19:27:08 - INFO - step=8800 loss=0.0035 lr=5.00e-05 grad_norm=0.12 time=2284.0s - (2833430:train_csgo.py:961)
2026-01-07 20:05:35 - INFO - step=8900 loss=0.0034 lr=5.00e-05 grad_norm=0.12 time=2306.6s - (2833430:train_csgo.py:961)
2026-01-07 20:43:37 - INFO - step=9000 loss=0.0032 lr=5.00e-05 grad_norm=0.12 time=2281.9s - (2833430:train_csgo.py:961)
2026-01-07 21:21:32 - INFO - step=9100 loss=0.0036 lr=5.00e-05 grad_norm=0.13 time=2274.7s - (2833430:train_csgo.py:961)
2026-01-07 21:59:21 - INFO - step=9200 loss=0.0033 lr=5.00e-05 grad_norm=0.12 time=2269.4s - (2833430:train_csgo.py:961)
2026-01-07 22:37:15 - INFO - step=9300 loss=0.0030 lr=5.00e-05 grad_norm=0.10 time=2274.4s - (2833430:train_csgo.py:961)
2026-01-07 23:15:06 - INFO - step=9400 loss=0.0029 lr=5.00e-05 grad_norm=0.10 time=2270.6s - (2833430:train_csgo.py:961)
2026-01-07 23:55:23 - INFO - step=9500 loss=0.0028 lr=5.00e-05 grad_norm=0.10 time=2417.1s - (2833430:train_csgo.py:961)
2026-01-08 00:33:25 - INFO - step=9600 loss=0.0030 lr=5.00e-05 grad_norm=0.11 time=2282.1s - (2833430:train_csgo.py:961)
2026-01-08 01:20:05 - INFO - step=9700 loss=0.0031 lr=5.00e-05 grad_norm=0.11 time=2799.7s - (2833430:train_csgo.py:961)
2026-01-08 01:58:02 - INFO - step=9800 loss=0.0031 lr=5.00e-05 grad_norm=0.10 time=2277.1s - (2833430:train_csgo.py:961)
2026-01-08 02:36:03 - INFO - step=9900 loss=0.0030 lr=5.00e-05 grad_norm=0.11 time=2281.3s - (2833430:train_csgo.py:961)
2026-01-08 03:14:05 - INFO - step=10000 loss=0.0028 lr=5.00e-05 grad_norm=0.11 time=2281.6s - (2833430:train_csgo.py:961)
2026-01-08 03:51:54 - INFO - step=10100 loss=0.0025 lr=5.00e-05 grad_norm=0.10 time=2269.8s - (2833430:train_csgo.py:961)
2026-01-08 04:29:48 - INFO - step=10200 loss=0.0030 lr=5.00e-05 grad_norm=0.12 time=2273.1s - (2833430:train_csgo.py:961)
2026-01-08 05:07:47 - INFO - step=10300 loss=0.0028 lr=5.00e-05 grad_norm=0.10 time=2279.3s - (2833430:train_csgo.py:961)
2026-01-08 05:45:50 - INFO - step=10400 loss=0.0029 lr=5.00e-05 grad_norm=0.11 time=2283.6s - (2833430:train_csgo.py:961)
2026-01-08 06:23:52 - INFO - step=10500 loss=0.0027 lr=5.00e-05 grad_norm=0.10 time=2281.8s - (2833430:train_csgo.py:961)
2026-01-08 07:01:45 - INFO - step=10600 loss=0.0029 lr=5.00e-05 grad_norm=0.11 time=2272.4s - (2833430:train_csgo.py:961)
2026-01-08 07:39:42 - INFO - step=10700 loss=0.0027 lr=5.00e-05 grad_norm=0.10 time=2277.3s - (2833430:train_csgo.py:961)
2026-01-08 08:17:51 - INFO - step=10800 loss=0.0025 lr=5.00e-05 grad_norm=0.10 time=2288.7s - (2833430:train_csgo.py:961)
2026-01-08 08:56:32 - INFO - step=10900 loss=0.0026 lr=5.00e-05 grad_norm=0.09 time=2320.9s - (2833430:train_csgo.py:961)
2026-01-08 09:34:58 - INFO - step=11000 loss=0.0026 lr=5.00e-05 grad_norm=0.10 time=2306.4s - (2833430:train_csgo.py:961)
2026-01-08 10:13:27 - INFO - step=11100 loss=0.0024 lr=5.00e-05 grad_norm=0.10 time=2308.6s - (2833430:train_csgo.py:961)
2026-01-08 10:52:01 - INFO - step=11200 loss=0.0028 lr=5.00e-05 grad_norm=0.11 time=2314.3s - (2833430:train_csgo.py:961)
2026-01-08 11:30:28 - INFO - step=11300 loss=0.0024 lr=5.00e-05 grad_norm=0.09 time=2306.8s - (2833430:train_csgo.py:961)
2026-01-08 12:08:29 - INFO - step=11400 loss=0.0028 lr=5.00e-05 grad_norm=0.10 time=2281.3s - (2833430:train_csgo.py:961)
2026-01-08 12:46:18 - INFO - step=11500 loss=0.0026 lr=5.00e-05 grad_norm=0.10 time=2269.0s - (2833430:train_csgo.py:961)
2026-01-08 13:24:06 - INFO - step=11600 loss=0.0023 lr=5.00e-05 grad_norm=0.09 time=2267.5s - (2833430:train_csgo.py:961)
2026-01-08 14:01:59 - INFO - step=11700 loss=0.0023 lr=5.00e-05 grad_norm=0.09 time=2273.3s - (2833430:train_csgo.py:961)
2026-01-08 14:39:52 - INFO - step=11800 loss=0.0027 lr=5.00e-05 grad_norm=0.10 time=2272.6s - (2833430:train_csgo.py:961)
2026-01-08 15:17:40 - INFO - step=11900 loss=0.0025 lr=5.00e-05 grad_norm=0.09 time=2268.9s - (2833430:train_csgo.py:961)
2026-01-08 15:55:28 - INFO - Saved checkpoint at step 12000 -> /data/jiahao/openpi/checkpoints/pi05_csgo_3maps_exp10_2/pi05_csgo_3maps_exp10_2/12000 - (2833430:train_csgo.py:240)
2026-01-08 15:55:42 - INFO - step=12000 loss=0.0022 lr=5.00e-05 grad_norm=0.09 time=2281.9s - (2833430:train_csgo.py:961)
2026-01-08 16:33:34 - INFO - step=12100 loss=0.0026 lr=5.00e-05 grad_norm=0.10 time=2271.7s - (2833430:train_csgo.py:961)
2026-01-08 17:11:36 - INFO - step=12200 loss=0.0022 lr=5.00e-05 grad_norm=0.09 time=2281.7s - (2833430:train_csgo.py:961)
2026-01-08 17:49:34 - INFO - step=12300 loss=0.0026 lr=5.00e-05 grad_norm=0.11 time=2278.0s - (2833430:train_csgo.py:961)
2026-01-08 18:27:18 - INFO - step=12400 loss=0.0022 lr=5.00e-05 grad_norm=0.09 time=2263.9s - (2833430:train_csgo.py:961)
2026-01-08 19:05:05 - INFO - step=12500 loss=0.0024 lr=5.00e-05 grad_norm=0.09 time=2267.4s - (2833430:train_csgo.py:961)
2026-01-08 19:42:47 - INFO - step=12600 loss=0.0025 lr=5.00e-05 grad_norm=0.10 time=2262.3s - (2833430:train_csgo.py:961)
2026-01-08 20:20:38 - INFO - step=12700 loss=0.0026 lr=5.00e-05 grad_norm=0.10 time=2270.7s - (2833430:train_csgo.py:961)
2026-01-08 20:58:25 - INFO - step=12800 loss=0.0024 lr=5.00e-05 grad_norm=0.10 time=2267.2s - (2833430:train_csgo.py:961)
2026-01-08 21:36:21 - INFO - step=12900 loss=0.0025 lr=5.00e-05 grad_norm=0.12 time=2275.5s - (2833430:train_csgo.py:961)
2026-01-08 22:14:04 - INFO - step=13000 loss=0.0023 lr=5.00e-05 grad_norm=0.09 time=2262.8s - (2833430:train_csgo.py:961)
2026-01-08 22:51:57 - INFO - step=13100 loss=0.0023 lr=5.00e-05 grad_norm=0.10 time=2273.3s - (2833430:train_csgo.py:961)
2026-01-08 23:29:56 - INFO - step=13200 loss=0.0024 lr=5.00e-05 grad_norm=0.09 time=2278.7s - (2833430:train_csgo.py:961)
2026-01-09 00:07:52 - INFO - step=13300 loss=0.0026 lr=5.00e-05 grad_norm=0.12 time=2276.2s - (2833430:train_csgo.py:961)
2026-01-09 00:51:45 - INFO - step=13400 loss=0.0023 lr=5.00e-05 grad_norm=0.09 time=2633.4s - (2833430:train_csgo.py:961)
2026-01-09 01:41:19 - INFO - step=13500 loss=0.0021 lr=5.00e-05 grad_norm=0.09 time=2973.9s - (2833430:train_csgo.py:961)
2026-01-09 02:29:41 - INFO - step=13600 loss=0.0025 lr=5.00e-05 grad_norm=0.10 time=2902.0s - (2833430:train_csgo.py:961)
2026-01-09 03:12:50 - INFO - step=13700 loss=0.0020 lr=5.00e-05 grad_norm=0.09 time=2588.7s - (2833430:train_csgo.py:961)
2026-01-09 03:53:36 - INFO - step=13800 loss=0.0021 lr=5.00e-05 grad_norm=0.10 time=2445.7s - (2833430:train_csgo.py:961)
2026-01-09 04:34:32 - INFO - step=13900 loss=0.0022 lr=5.00e-05 grad_norm=0.08 time=2456.6s - (2833430:train_csgo.py:961)
2026-01-09 05:14:19 - INFO - step=14000 loss=0.0021 lr=5.00e-05 grad_norm=0.09 time=2386.4s - (2833430:train_csgo.py:961)
2026-01-09 05:54:11 - INFO - step=14100 loss=0.0020 lr=5.00e-05 grad_norm=0.09 time=2392.5s - (2833430:train_csgo.py:961)
2026-01-09 06:33:48 - INFO - step=14200 loss=0.0023 lr=5.00e-05 grad_norm=0.10 time=2376.3s - (2833430:train_csgo.py:961)
2026-01-09 07:13:18 - INFO - step=14300 loss=0.0019 lr=5.00e-05 grad_norm=0.08 time=2370.7s - (2833430:train_csgo.py:961)
2026-01-09 07:52:25 - INFO - step=14400 loss=0.0020 lr=5.00e-05 grad_norm=0.08 time=2346.3s - (2833430:train_csgo.py:961)
2026-01-09 08:32:23 - INFO - step=14500 loss=0.0021 lr=5.00e-05 grad_norm=0.09 time=2398.1s - (2833430:train_csgo.py:961)
2026-01-09 09:12:05 - INFO - step=14600 loss=0.0021 lr=5.00e-05 grad_norm=0.09 time=2382.0s - (2833430:train_csgo.py:961)
2026-01-09 09:51:33 - INFO - step=14700 loss=0.0021 lr=5.00e-05 grad_norm=0.09 time=2367.6s - (2833430:train_csgo.py:961)
2026-01-09 10:30:46 - INFO - step=14800 loss=0.0023 lr=5.00e-05 grad_norm=0.10 time=2353.6s - (2833430:train_csgo.py:961)
2026-01-09 11:10:25 - INFO - step=14900 loss=0.0022 lr=5.00e-05 grad_norm=0.10 time=2378.8s - (2833430:train_csgo.py:961)
2026-01-09 11:50:09 - INFO - step=15000 loss=0.0020 lr=5.00e-05 grad_norm=0.08 time=2383.9s - (2833430:train_csgo.py:961)
2026-01-09 12:29:41 - INFO - step=15100 loss=0.0019 lr=5.00e-05 grad_norm=0.08 time=2372.0s - (2833430:train_csgo.py:961)
2026-01-09 13:09:00 - INFO - step=15200 loss=0.0022 lr=5.00e-05 grad_norm=0.09 time=2359.1s - (2833430:train_csgo.py:961)
2026-01-09 13:48:29 - INFO - step=15300 loss=0.0020 lr=5.00e-05 grad_norm=0.09 time=2368.4s - (2833430:train_csgo.py:961)
2026-01-09 14:27:53 - INFO - step=15400 loss=0.0022 lr=5.00e-05 grad_norm=0.10 time=2363.9s - (2833430:train_csgo.py:961)
2026-01-09 15:07:32 - INFO - step=15500 loss=0.0020 lr=5.00e-05 grad_norm=0.09 time=2378.9s - (2833430:train_csgo.py:961)
2026-01-09 15:47:02 - INFO - step=15600 loss=0.0021 lr=5.00e-05 grad_norm=0.09 time=2369.8s - (2833430:train_csgo.py:961)
2026-01-09 16:26:21 - INFO - step=15700 loss=0.0020 lr=5.00e-05 grad_norm=0.09 time=2359.0s - (2833430:train_csgo.py:961)
2026-01-09 17:05:41 - INFO - step=15800 loss=0.0022 lr=5.00e-05 grad_norm=0.10 time=2360.5s - (2833430:train_csgo.py:961)
2026-01-09 17:45:20 - INFO - step=15900 loss=0.0020 lr=5.00e-05 grad_norm=0.08 time=2378.5s - (2833430:train_csgo.py:961)
2026-01-09 18:25:35 - INFO - Saved checkpoint at step 16000 -> /data/jiahao/openpi/checkpoints/pi05_csgo_3maps_exp10_2/pi05_csgo_3maps_exp10_2/16000 - (2833430:train_csgo.py:240)
2026-01-09 18:25:56 - INFO - step=16000 loss=0.0018 lr=5.00e-05 grad_norm=0.07 time=2436.1s - (2833430:train_csgo.py:961)
2026-01-09 19:05:17 - INFO - step=16100 loss=0.0026 lr=5.00e-05 grad_norm=0.11 time=2360.8s - (2833430:train_csgo.py:961)
2026-01-09 19:44:32 - INFO - step=16200 loss=0.0026 lr=5.00e-05 grad_norm=0.11 time=2355.1s - (2833430:train_csgo.py:961)
2026-01-09 20:24:34 - INFO - step=16300 loss=0.0028 lr=5.00e-05 grad_norm=0.11 time=2402.1s - (2833430:train_csgo.py:961)
2026-01-09 21:04:36 - INFO - step=16400 loss=0.0025 lr=5.00e-05 grad_norm=0.10 time=2401.5s - (2833430:train_csgo.py:961)
2026-01-09 21:44:19 - INFO - step=16500 loss=0.0027 lr=5.00e-05 grad_norm=0.11 time=2383.0s - (2833430:train_csgo.py:961)
2026-01-09 22:24:05 - INFO - step=16600 loss=0.0023 lr=5.00e-05 grad_norm=0.09 time=2386.0s - (2833430:train_csgo.py:961)
2026-01-09 23:03:39 - INFO - step=16700 loss=0.0027 lr=5.00e-05 grad_norm=0.11 time=2373.9s - (2833430:train_csgo.py:961)
2026-01-09 23:43:10 - INFO - step=16800 loss=0.0024 lr=5.00e-05 grad_norm=0.10 time=2371.4s - (2833430:train_csgo.py:961)
2026-01-10 00:22:49 - INFO - step=16900 loss=0.0021 lr=5.00e-05 grad_norm=0.09 time=2378.0s - (2833430:train_csgo.py:961)
2026-01-10 01:02:14 - INFO - step=17000 loss=0.0026 lr=5.00e-05 grad_norm=0.10 time=2365.7s - (2833430:train_csgo.py:961)
2026-01-10 01:42:04 - INFO - step=17100 loss=0.0027 lr=5.00e-05 grad_norm=0.11 time=2389.3s - (2833430:train_csgo.py:961)
2026-01-10 02:21:52 - INFO - step=17200 loss=0.0025 lr=5.00e-05 grad_norm=0.10 time=2388.1s - (2833430:train_csgo.py:961)
2026-01-10 03:01:40 - INFO - step=17300 loss=0.0027 lr=5.00e-05 grad_norm=0.11 time=2388.4s - (2833430:train_csgo.py:961)
2026-01-10 03:41:19 - INFO - step=17400 loss=0.0026 lr=5.00e-05 grad_norm=0.10 time=2378.7s - (2833430:train_csgo.py:961)
2026-01-10 04:21:28 - INFO - step=17500 loss=0.0024 lr=5.00e-05 grad_norm=0.10 time=2409.0s - (2833430:train_csgo.py:961)
2026-01-10 05:01:39 - INFO - step=17600 loss=0.0025 lr=5.00e-05 grad_norm=0.10 time=2411.2s - (2833430:train_csgo.py:961)
2026-01-10 05:41:14 - INFO - step=17700 loss=0.0031 lr=5.00e-05 grad_norm=0.12 time=2374.5s - (2833430:train_csgo.py:961)
2026-01-10 06:21:08 - INFO - step=17800 loss=0.0025 lr=5.00e-05 grad_norm=0.10 time=2393.5s - (2833430:train_csgo.py:961)
2026-01-10 07:01:13 - INFO - step=17900 loss=0.0024 lr=5.00e-05 grad_norm=0.10 time=2404.7s - (2833430:train_csgo.py:961)
2026-01-10 07:40:59 - INFO - step=18000 loss=0.0024 lr=5.00e-05 grad_norm=0.10 time=2385.9s - (2833430:train_csgo.py:961)
2026-01-10 08:20:59 - INFO - step=18100 loss=0.0027 lr=5.00e-05 grad_norm=0.10 time=2400.4s - (2833430:train_csgo.py:961)
2026-01-10 09:00:58 - INFO - step=18200 loss=0.0025 lr=5.00e-05 grad_norm=0.09 time=2399.2s - (2833430:train_csgo.py:961)
2026-01-10 09:40:53 - INFO - step=18300 loss=0.0027 lr=5.00e-05 grad_norm=0.11 time=2394.9s - (2833430:train_csgo.py:961)
2026-01-10 10:21:03 - INFO - step=18400 loss=0.0026 lr=5.00e-05 grad_norm=0.10 time=2409.8s - (2833430:train_csgo.py:961)
2026-01-10 11:00:40 - INFO - step=18500 loss=0.0025 lr=5.00e-05 grad_norm=0.10 time=2377.0s - (2833430:train_csgo.py:961)
2026-01-10 11:40:26 - INFO - step=18600 loss=0.0026 lr=5.00e-05 grad_norm=0.10 time=2385.5s - (2833430:train_csgo.py:961)
2026-01-10 12:18:19 - INFO - step=18700 loss=0.0025 lr=5.00e-05 grad_norm=0.10 time=2273.1s - (2833430:train_csgo.py:961)
2026-01-10 12:56:25 - INFO - step=18800 loss=0.0022 lr=5.00e-05 grad_norm=0.09 time=2286.4s - (2833430:train_csgo.py:961)
2026-01-10 13:34:26 - INFO - step=18900 loss=0.0023 lr=5.00e-05 grad_norm=0.09 time=2280.8s - (2833430:train_csgo.py:961)
2026-01-10 14:12:25 - INFO - step=19000 loss=0.0026 lr=5.00e-05 grad_norm=0.10 time=2279.3s - (2833430:train_csgo.py:961)
2026-01-10 14:50:24 - INFO - step=19100 loss=0.0023 lr=5.00e-05 grad_norm=0.10 time=2279.0s - (2833430:train_csgo.py:961)
2026-01-10 15:28:24 - INFO - step=19200 loss=0.0022 lr=5.00e-05 grad_norm=0.10 time=2280.0s - (2833430:train_csgo.py:961)
2026-01-10 16:06:32 - INFO - step=19300 loss=0.0025 lr=5.00e-05 grad_norm=0.10 time=2287.7s - (2833430:train_csgo.py:961)
2026-01-10 16:44:31 - INFO - step=19400 loss=0.0022 lr=5.00e-05 grad_norm=0.09 time=2278.8s - (2833430:train_csgo.py:961)
2026-01-10 17:22:32 - INFO - step=19500 loss=0.0026 lr=5.00e-05 grad_norm=0.10 time=2281.2s - (2833430:train_csgo.py:961)
2026-01-10 18:00:32 - INFO - step=19600 loss=0.0026 lr=5.00e-05 grad_norm=0.09 time=2279.9s - (2833430:train_csgo.py:961)
2026-01-10 18:38:28 - INFO - step=19700 loss=0.0022 lr=5.00e-05 grad_norm=0.09 time=2276.1s - (2833430:train_csgo.py:961)
2026-01-10 19:16:24 - INFO - step=19800 loss=0.0025 lr=5.00e-05 grad_norm=0.10 time=2275.9s - (2833430:train_csgo.py:961)
2026-01-10 19:54:17 - INFO - step=19900 loss=0.0022 lr=5.00e-05 grad_norm=0.09 time=2273.6s - (2833430:train_csgo.py:961)
2026-01-10 20:32:12 - INFO - Saved checkpoint at step 20000 -> /data/jiahao/openpi/checkpoints/pi05_csgo_3maps_exp10_2/pi05_csgo_3maps_exp10_2/20000 - (2833430:train_csgo.py:240)
2026-01-10 20:32:28 - INFO - step=20000 loss=0.0024 lr=5.00e-05 grad_norm=0.09 time=2290.3s - (2833430:train_csgo.py:961)
2026-01-10 21:10:24 - INFO - step=20100 loss=0.0024 lr=5.00e-05 grad_norm=0.09 time=2276.0s - (2833430:train_csgo.py:961)
2026-01-10 21:48:28 - INFO - step=20200 loss=0.0024 lr=5.00e-05 grad_norm=0.10 time=2284.0s - (2833430:train_csgo.py:961)
2026-01-10 22:26:18 - INFO - step=20300 loss=0.0023 lr=5.00e-05 grad_norm=0.10 time=2270.5s - (2833430:train_csgo.py:961)
2026-01-10 23:04:08 - INFO - step=20400 loss=0.0026 lr=5.00e-05 grad_norm=0.10 time=2269.4s - (2833430:train_csgo.py:961)
2026-01-10 23:41:53 - INFO - step=20500 loss=0.0023 lr=5.00e-05 grad_norm=0.10 time=2265.0s - (2833430:train_csgo.py:961)
2026-01-11 00:19:55 - INFO - step=20600 loss=0.0026 lr=5.00e-05 grad_norm=0.10 time=2281.9s - (2833430:train_csgo.py:961)
2026-01-11 00:57:53 - INFO - step=20700 loss=0.0022 lr=5.00e-05 grad_norm=0.10 time=2278.8s - (2833430:train_csgo.py:961)
2026-01-11 01:35:41 - INFO - step=20800 loss=0.0022 lr=5.00e-05 grad_norm=0.09 time=2267.9s - (2833430:train_csgo.py:961)
2026-01-11 02:13:31 - INFO - step=20900 loss=0.0022 lr=5.00e-05 grad_norm=0.09 time=2269.7s - (2833430:train_csgo.py:961)
2026-01-11 02:51:24 - INFO - step=21000 loss=0.0023 lr=5.00e-05 grad_norm=0.09 time=2272.6s - (2833430:train_csgo.py:961)
2026-01-11 03:29:11 - INFO - step=21100 loss=0.0026 lr=5.00e-05 grad_norm=0.11 time=2267.6s - (2833430:train_csgo.py:961)
2026-01-11 04:07:03 - INFO - step=21200 loss=0.0025 lr=5.00e-05 grad_norm=0.11 time=2272.2s - (2833430:train_csgo.py:961)
2026-01-11 04:44:54 - INFO - step=21300 loss=0.0021 lr=5.00e-05 grad_norm=0.09 time=2270.8s - (2833430:train_csgo.py:961)
2026-01-11 05:22:48 - INFO - step=21400 loss=0.0025 lr=5.00e-05 grad_norm=0.10 time=2273.4s - (2833430:train_csgo.py:961)
2026-01-11 06:00:36 - INFO - step=21500 loss=0.0024 lr=5.00e-05 grad_norm=0.09 time=2268.1s - (2833430:train_csgo.py:961)
2026-01-11 06:38:37 - INFO - step=21600 loss=0.0024 lr=5.00e-05 grad_norm=0.11 time=2281.5s - (2833430:train_csgo.py:961)
2026-01-11 07:16:27 - INFO - step=21700 loss=0.0023 lr=5.00e-05 grad_norm=0.09 time=2269.9s - (2833430:train_csgo.py:961)
2026-01-11 07:54:10 - INFO - step=21800 loss=0.0024 lr=5.00e-05 grad_norm=0.09 time=2263.3s - (2833430:train_csgo.py:961)
2026-01-11 08:31:52 - INFO - step=21900 loss=0.0020 lr=5.00e-05 grad_norm=0.08 time=2261.1s - (2833430:train_csgo.py:961)
2026-01-11 09:09:31 - INFO - step=22000 loss=0.0026 lr=5.00e-05 grad_norm=0.10 time=2259.6s - (2833430:train_csgo.py:961)
2026-01-11 09:47:22 - INFO - step=22100 loss=0.0021 lr=5.00e-05 grad_norm=0.08 time=2271.2s - (2833430:train_csgo.py:961)
2026-01-11 10:25:08 - INFO - step=22200 loss=0.0024 lr=5.00e-05 grad_norm=0.10 time=2266.0s - (2833430:train_csgo.py:961)
2026-01-11 11:03:01 - INFO - step=22300 loss=0.0023 lr=5.00e-05 grad_norm=0.10 time=2272.6s - (2833430:train_csgo.py:961)
2026-01-11 11:40:58 - INFO - step=22400 loss=0.0026 lr=5.00e-05 grad_norm=0.10 time=2276.9s - (2833430:train_csgo.py:961)
2026-01-11 12:19:06 - INFO - step=22500 loss=0.0024 lr=5.00e-05 grad_norm=0.09 time=2287.6s - (2833430:train_csgo.py:961)
2026-01-11 12:57:09 - INFO - step=22600 loss=0.0022 lr=5.00e-05 grad_norm=0.09 time=2283.5s - (2833430:train_csgo.py:961)
2026-01-11 13:35:17 - INFO - step=22700 loss=0.0022 lr=5.00e-05 grad_norm=0.09 time=2287.5s - (2833430:train_csgo.py:961)
2026-01-11 14:13:23 - INFO - step=22800 loss=0.0020 lr=5.00e-05 grad_norm=0.09 time=2286.8s - (2833430:train_csgo.py:961)
2026-01-11 14:51:15 - INFO - step=22900 loss=0.0022 lr=5.00e-05 grad_norm=0.10 time=2271.2s - (2833430:train_csgo.py:961)
2026-01-11 15:29:26 - INFO - step=23000 loss=0.0021 lr=5.00e-05 grad_norm=0.09 time=2291.4s - (2833430:train_csgo.py:961)
2026-01-11 16:07:20 - INFO - step=23100 loss=0.0020 lr=5.00e-05 grad_norm=0.08 time=2273.5s - (2833430:train_csgo.py:961)
2026-01-11 16:45:11 - INFO - step=23200 loss=0.0021 lr=5.00e-05 grad_norm=0.08 time=2271.5s - (2833430:train_csgo.py:961)
2026-01-11 17:23:07 - INFO - step=23300 loss=0.0023 lr=5.00e-05 grad_norm=0.10 time=2275.6s - (2833430:train_csgo.py:961)
2026-01-11 18:00:56 - INFO - step=23400 loss=0.0020 lr=5.00e-05 grad_norm=0.08 time=2269.1s - (2833430:train_csgo.py:961)
2026-01-11 18:38:55 - INFO - step=23500 loss=0.0022 lr=5.00e-05 grad_norm=0.09 time=2278.9s - (2833430:train_csgo.py:961)
2026-01-11 19:17:01 - INFO - step=23600 loss=0.0020 lr=5.00e-05 grad_norm=0.09 time=2285.9s - (2833430:train_csgo.py:961)
2026-01-11 19:55:06 - INFO - step=23700 loss=0.0023 lr=5.00e-05 grad_norm=0.09 time=2285.3s - (2833430:train_csgo.py:961)
2026-01-11 20:32:54 - INFO - step=23800 loss=0.0021 lr=5.00e-05 grad_norm=0.09 time=2268.4s - (2833430:train_csgo.py:961)
2026-01-11 21:10:40 - INFO - step=23900 loss=0.0020 lr=5.00e-05 grad_norm=0.08 time=2265.7s - (2833430:train_csgo.py:961)
2026-01-11 21:48:46 - INFO - Saved checkpoint at step 24000 -> /data/jiahao/openpi/checkpoints/pi05_csgo_3maps_exp10_2/pi05_csgo_3maps_exp10_2/24000 - (2833430:train_csgo.py:240)
2026-01-11 21:49:01 - INFO - step=24000 loss=0.0019 lr=5.00e-05 grad_norm=0.08 time=2300.8s - (2833430:train_csgo.py:961)
2026-01-11 22:26:46 - INFO - step=24100 loss=0.0023 lr=5.00e-05 grad_norm=0.10 time=2265.1s - (2833430:train_csgo.py:961)
2026-01-11 23:04:35 - INFO - step=24200 loss=0.0024 lr=5.00e-05 grad_norm=0.10 time=2269.2s - (2833430:train_csgo.py:961)
2026-01-11 23:42:23 - INFO - step=24300 loss=0.0021 lr=5.00e-05 grad_norm=0.08 time=2268.2s - (2833430:train_csgo.py:961)
2026-01-12 00:20:38 - INFO - step=24400 loss=0.0025 lr=5.00e-05 grad_norm=0.09 time=2295.0s - (2833430:train_csgo.py:961)
2026-01-12 00:58:38 - INFO - step=24500 loss=0.0021 lr=5.00e-05 grad_norm=0.09 time=2279.7s - (2833430:train_csgo.py:961)
2026-01-12 01:36:25 - INFO - step=24600 loss=0.0022 lr=5.00e-05 grad_norm=0.09 time=2266.8s - (2833430:train_csgo.py:961)
2026-01-12 02:14:13 - INFO - step=24700 loss=0.0019 lr=5.00e-05 grad_norm=0.08 time=2268.5s - (2833430:train_csgo.py:961)
2026-01-12 02:52:09 - INFO - step=24800 loss=0.0025 lr=5.00e-05 grad_norm=0.10 time=2275.9s - (2833430:train_csgo.py:961)
2026-01-12 03:30:09 - INFO - step=24900 loss=0.0020 lr=5.00e-05 grad_norm=0.08 time=2279.7s - (2833430:train_csgo.py:961)
2026-01-12 04:08:01 - INFO - step=25000 loss=0.0023 lr=5.00e-05 grad_norm=0.09 time=2272.0s - (2833430:train_csgo.py:961)
2026-01-12 04:46:03 - INFO - step=25100 loss=0.0022 lr=5.00e-05 grad_norm=0.09 time=2282.0s - (2833430:train_csgo.py:961)
2026-01-12 05:23:59 - INFO - step=25200 loss=0.0022 lr=5.00e-05 grad_norm=0.09 time=2275.6s - (2833430:train_csgo.py:961)
2026-01-12 06:01:47 - INFO - step=25300 loss=0.0022 lr=5.00e-05 grad_norm=0.09 time=2268.4s - (2833430:train_csgo.py:961)
2026-01-12 06:39:45 - INFO - step=25400 loss=0.0020 lr=5.00e-05 grad_norm=0.08 time=2277.4s - (2833430:train_csgo.py:961)
2026-01-12 07:17:35 - INFO - step=25500 loss=0.0021 lr=5.00e-05 grad_norm=0.08 time=2270.3s - (2833430:train_csgo.py:961)
2026-01-12 07:55:25 - INFO - step=25600 loss=0.0022 lr=5.00e-05 grad_norm=0.10 time=2270.5s - (2833430:train_csgo.py:961)
2026-01-12 08:33:20 - INFO - step=25700 loss=0.0021 lr=5.00e-05 grad_norm=0.08 time=2274.6s - (2833430:train_csgo.py:961)
2026-01-12 09:11:14 - INFO - step=25800 loss=0.0021 lr=5.00e-05 grad_norm=0.09 time=2273.8s - (2833430:train_csgo.py:961)
2026-01-12 09:49:00 - INFO - step=25900 loss=0.0024 lr=5.00e-05 grad_norm=0.11 time=2266.7s - (2833430:train_csgo.py:961)
2026-01-12 10:26:49 - INFO - step=26000 loss=0.0024 lr=5.00e-05 grad_norm=0.10 time=2268.3s - (2833430:train_csgo.py:961)
2026-01-12 11:04:45 - INFO - step=26100 loss=0.0022 lr=5.00e-05 grad_norm=0.10 time=2276.3s - (2833430:train_csgo.py:961)
2026-01-12 11:42:33 - INFO - step=26200 loss=0.0021 lr=5.00e-05 grad_norm=0.10 time=2268.0s - (2833430:train_csgo.py:961)
2026-01-12 12:20:40 - INFO - step=26300 loss=0.0022 lr=5.00e-05 grad_norm=0.09 time=2286.9s - (2833430:train_csgo.py:961)
2026-01-12 12:58:32 - INFO - step=26400 loss=0.0022 lr=5.00e-05 grad_norm=0.09 time=2272.2s - (2833430:train_csgo.py:961)
2026-01-12 13:36:27 - INFO - step=26500 loss=0.0020 lr=5.00e-05 grad_norm=0.09 time=2274.9s - (2833430:train_csgo.py:961)
2026-01-12 14:14:26 - INFO - step=26600 loss=0.0021 lr=5.00e-05 grad_norm=0.09 time=2278.6s - (2833430:train_csgo.py:961)
2026-01-12 14:52:28 - INFO - step=26700 loss=0.0023 lr=5.00e-05 grad_norm=0.08 time=2282.0s - (2833430:train_csgo.py:961)
2026-01-12 15:30:38 - INFO - step=26800 loss=0.0021 lr=5.00e-05 grad_norm=0.08 time=2290.5s - (2833430:train_csgo.py:961)
2026-01-12 16:08:43 - INFO - step=26900 loss=0.0020 lr=5.00e-05 grad_norm=0.08 time=2284.9s - (2833430:train_csgo.py:961)
2026-01-12 16:46:51 - INFO - step=27000 loss=0.0022 lr=5.00e-05 grad_norm=0.09 time=2288.0s - (2833430:train_csgo.py:961)
2026-01-12 17:24:57 - INFO - step=27100 loss=0.0023 lr=5.00e-05 grad_norm=0.09 time=2286.2s - (2833430:train_csgo.py:961)
2026-01-12 18:03:08 - INFO - step=27200 loss=0.0020 lr=5.00e-05 grad_norm=0.08 time=2290.8s - (2833430:train_csgo.py:961)
2026-01-12 18:41:13 - INFO - step=27300 loss=0.0019 lr=5.00e-05 grad_norm=0.08 time=2284.7s - (2833430:train_csgo.py:961)
2026-01-12 19:19:18 - INFO - step=27400 loss=0.0020 lr=5.00e-05 grad_norm=0.08 time=2285.1s - (2833430:train_csgo.py:961)
2026-01-12 19:57:17 - INFO - step=27500 loss=0.0025 lr=5.00e-05 grad_norm=0.11 time=2278.9s - (2833430:train_csgo.py:961)
2026-01-12 20:35:15 - INFO - step=27600 loss=0.0020 lr=5.00e-05 grad_norm=0.09 time=2278.2s - (2833430:train_csgo.py:961)
2026-01-12 21:13:16 - INFO - step=27700 loss=0.0018 lr=5.00e-05 grad_norm=0.08 time=2280.9s - (2833430:train_csgo.py:961)
2026-01-12 21:51:24 - INFO - step=27800 loss=0.0022 lr=5.00e-05 grad_norm=0.09 time=2288.7s - (2833430:train_csgo.py:961)
2026-01-12 22:29:08 - INFO - step=27900 loss=0.0020 lr=5.00e-05 grad_norm=0.09 time=2263.8s - (2833430:train_csgo.py:961)
2026-01-12 23:07:04 - INFO - Saved checkpoint at step 28000 -> /data/jiahao/openpi/checkpoints/pi05_csgo_3maps_exp10_2/pi05_csgo_3maps_exp10_2/28000 - (2833430:train_csgo.py:240)
2026-01-12 23:07:20 - INFO - step=28000 loss=0.0018 lr=5.00e-05 grad_norm=0.07 time=2291.4s - (2833430:train_csgo.py:961)
2026-01-12 23:45:04 - INFO - step=28100 loss=0.0021 lr=5.00e-05 grad_norm=0.09 time=2264.2s - (2833430:train_csgo.py:961)
2026-01-13 00:23:09 - INFO - step=28200 loss=0.0019 lr=5.00e-05 grad_norm=0.08 time=2285.4s - (2833430:train_csgo.py:961)
2026-01-13 01:01:15 - INFO - step=28300 loss=0.0017 lr=5.00e-05 grad_norm=0.08 time=2285.5s - (2833430:train_csgo.py:961)
2026-01-13 01:39:11 - INFO - step=28400 loss=0.0020 lr=5.00e-05 grad_norm=0.08 time=2276.6s - (2833430:train_csgo.py:961)
2026-01-13 02:17:15 - INFO - step=28500 loss=0.0021 lr=5.00e-05 grad_norm=0.09 time=2283.4s - (2833430:train_csgo.py:961)
2026-01-13 02:55:20 - INFO - step=28600 loss=0.0021 lr=5.00e-05 grad_norm=0.09 time=2285.5s - (2833430:train_csgo.py:961)
2026-01-13 03:33:29 - INFO - step=28700 loss=0.0019 lr=5.00e-05 grad_norm=0.08 time=2288.4s - (2833430:train_csgo.py:961)
2026-01-13 04:11:26 - INFO - step=28800 loss=0.0021 lr=5.00e-05 grad_norm=0.09 time=2277.1s - (2833430:train_csgo.py:961)
2026-01-13 04:49:31 - INFO - step=28900 loss=0.0021 lr=5.00e-05 grad_norm=0.10 time=2285.2s - (2833430:train_csgo.py:961)
2026-01-13 05:27:32 - INFO - step=29000 loss=0.0020 lr=5.00e-05 grad_norm=0.09 time=2281.2s - (2833430:train_csgo.py:961)
2026-01-13 06:05:53 - INFO - step=29100 loss=0.0020 lr=5.00e-05 grad_norm=0.08 time=2300.6s - (2833430:train_csgo.py:961)
2026-01-13 06:43:58 - INFO - step=29200 loss=0.0022 lr=5.00e-05 grad_norm=0.09 time=2285.7s - (2833430:train_csgo.py:961)
2026-01-13 07:21:58 - INFO - step=29300 loss=0.0020 lr=5.00e-05 grad_norm=0.08 time=2279.5s - (2833430:train_csgo.py:961)
2026-01-13 07:59:59 - INFO - step=29400 loss=0.0022 lr=5.00e-05 grad_norm=0.09 time=2281.3s - (2833430:train_csgo.py:961)
2026-01-13 08:38:03 - INFO - step=29500 loss=0.0020 lr=5.00e-05 grad_norm=0.08 time=2283.9s - (2833430:train_csgo.py:961)
2026-01-13 09:16:01 - INFO - step=29600 loss=0.0021 lr=5.00e-05 grad_norm=0.10 time=2277.6s - (2833430:train_csgo.py:961)
2026-01-13 09:54:06 - INFO - step=29700 loss=0.0018 lr=5.00e-05 grad_norm=0.08 time=2285.6s - (2833430:train_csgo.py:961)
2026-01-13 10:32:04 - INFO - step=29800 loss=0.0019 lr=5.00e-05 grad_norm=0.09 time=2277.8s - (2833430:train_csgo.py:961)
2026-01-13 11:10:10 - INFO - step=29900 loss=0.0020 lr=5.00e-05 grad_norm=0.08 time=2285.9s - (2833430:train_csgo.py:961)
2026-01-13 11:47:56 - INFO - Saved checkpoint at step 29999 -> /data/jiahao/openpi/checkpoints/pi05_csgo_3maps_exp10_2/pi05_csgo_3maps_exp10_2/29999 - (2833430:train_csgo.py:240)
