2025-12-17 14:00:45 - INFO - Created experiment checkpoint directory: /data/jiahao/openpi/checkpoints/pi05_csgo_exp9/pi05_csgo_exp9 - (364794:train_csgo.py:618)
2025-12-17 14:00:47 - INFO - Using batch size per GPU: 128 (total batch size across 1 GPUs: 128) - (364794:train_csgo.py:632)
2025-12-17 14:00:47 - INFO - Loaded norm stats from /home/jiahao/task/openpi/assets/pi05_csgo_exp9/csgosquare/de_dust2 - (364794:config.py:201)
2025-12-17 14:00:47 - INFO - data_config: DataConfig(is_csgo=True, csgo_config={'debug': False, 'data_dir': 'data/preprocessed_data', 'train_maps': ['de_dust2'], 'val_maps': ['de_dust2'], 'test_maps': ['de_dust2'], 'map_size': [224, 224], 'fps_size': [224, 224], 'is_dataset_aug': False, 'is_fps_dropout': True, 'is_fps_aug': False, 'erasing_p': 0.6}, repo_id='csgosquare/de_dust2', asset_id='csgosquare/de_dust2', norm_stats={'state': NormStats(mean=array([0., 0., 0., 0., 0.]), std=array([0., 0., 0., 0., 0.]), q01=array([0., 0., 0., 0., 0.]), q99=array([0., 0., 0., 0., 0.])), 'actions': NormStats(mean=array([0.47046348, 0.47302914, 0.51344818, 0.25002921, 0.51068771]), std=array([0.22577411, 0.24745122, 0.20623468, 0.00385537, 0.28606942]), q01=array([0.10222656, 0.10899883, 0.1338    , 0.24444802, 0.00540733]), q99=array([0.87680313, 0.91055117, 0.9024    , 0.25555105, 0.99275177]))}, repack_transforms=Group(inputs=[RepackTransform(structure={'observation/image': 'image', 'observation/wrist_image': 'wrist_image', 'observation/state': 'state', 'map_id': 'map_id', 'actions': 'actions', 'prompt': 'prompt'})], outputs=()), data_transforms=Group(inputs=[CsgoInputs(model_type=<ModelType.PI05: 'pi05'>)], outputs=[CsgoOutputs()]), model_transforms=Group(inputs=[InjectDefaultPrompt(prompt=None), ResizeImages(height=224, width=224), TokenizePrompt(tokenizer=<openpi.models.tokenizer.PaligemmaTokenizer object at 0x73730831acd0>, discrete_state_input=False), PadStatesAndActions(model_action_dim=32)], outputs=()), use_quantile_norm=True, action_sequence_keys=('actions',), prompt_from_task=True, rlds_data_dir=None, action_space=None, filter_dict_path=None) - (364794:data_loader.py:305)
2025-12-17 14:00:47 - INFO - local dataset: 20000 - (364794:data_loader.py:405)
2025-12-17 14:00:47 - INFO - local_batch_size: 128 - (364794:data_loader.py:406)
2025-12-17 14:00:47 - INFO - Unable to initialize backend 'rocm': module 'jaxlib.xla_extension' has no attribute 'GpuAllocatorConfig' - (364794:xla_bridge.py:925)
2025-12-17 14:00:47 - INFO - Unable to initialize backend 'tpu': INTERNAL: Failed to open libtpu.so: libtpu.so: cannot open shared object file: No such file or directory - (364794:xla_bridge.py:925)
2025-12-17 14:00:47 - INFO - local dataloader: 156 - (364794:data_loader.py:418)
2025-12-17 14:01:09 - INFO - 
batch_sample: [<class 'openpi.models.model.Observation'>, <class 'torch.Tensor'>] - (364794:train_csgo.py:640)
2025-12-17 14:01:09 - INFO - batch_sample[0].to_dict().keys() = dict_keys(['map_ids', 'state', 'tokenized_prompt', 'tokenized_prompt_mask', 'token_ar_mask', 'token_loss_mask', 'image', 'image_mask']) - (364794:train_csgo.py:641)
2025-12-17 14:01:09 - INFO - batch_sample[1].shape = torch.Size([128, 1, 32]) - (364794:train_csgo.py:642)
2025-12-17 14:01:09 - INFO - 
 - (364794:train_csgo.py:643)
2025-12-17 14:01:09 - INFO - Loaded norm stats from /home/jiahao/task/openpi/assets/pi05_csgo_exp9/csgosquare/de_dust2 - (364794:config.py:201)
2025-12-17 14:01:09 - INFO - data_config: DataConfig(is_csgo=True, csgo_config={'debug': False, 'data_dir': 'data/preprocessed_data', 'train_maps': ['de_dust2'], 'val_maps': ['de_dust2'], 'test_maps': ['de_dust2'], 'map_size': [224, 224], 'fps_size': [224, 224], 'is_dataset_aug': False, 'is_fps_dropout': True, 'is_fps_aug': False, 'erasing_p': 0.6}, repo_id='csgosquare/de_dust2', asset_id='csgosquare/de_dust2', norm_stats={'state': NormStats(mean=array([0., 0., 0., 0., 0.]), std=array([0., 0., 0., 0., 0.]), q01=array([0., 0., 0., 0., 0.]), q99=array([0., 0., 0., 0., 0.])), 'actions': NormStats(mean=array([0.47046348, 0.47302914, 0.51344818, 0.25002921, 0.51068771]), std=array([0.22577411, 0.24745122, 0.20623468, 0.00385537, 0.28606942]), q01=array([0.10222656, 0.10899883, 0.1338    , 0.24444802, 0.00540733]), q99=array([0.87680313, 0.91055117, 0.9024    , 0.25555105, 0.99275177]))}, repack_transforms=Group(inputs=[RepackTransform(structure={'observation/image': 'image', 'observation/wrist_image': 'wrist_image', 'observation/state': 'state', 'map_id': 'map_id', 'actions': 'actions', 'prompt': 'prompt'})], outputs=()), data_transforms=Group(inputs=[CsgoInputs(model_type=<ModelType.PI05: 'pi05'>)], outputs=[CsgoOutputs()]), model_transforms=Group(inputs=[InjectDefaultPrompt(prompt=None), ResizeImages(height=224, width=224), TokenizePrompt(tokenizer=<openpi.models.tokenizer.PaligemmaTokenizer object at 0x7370fc0f1c90>, discrete_state_input=False), PadStatesAndActions(model_action_dim=32)], outputs=()), use_quantile_norm=True, action_sequence_keys=('actions',), prompt_from_task=True, rlds_data_dir=None, action_space=None, filter_dict_path=None) - (364794:data_loader.py:305)
2025-12-17 14:01:10 - INFO - local dataset: 20000 - (364794:data_loader.py:405)
2025-12-17 14:01:10 - INFO - local_batch_size: 128 - (364794:data_loader.py:406)
2025-12-17 14:01:10 - INFO - local dataloader: 156 - (364794:data_loader.py:418)
2025-12-17 14:01:42 - INFO - Cleared sample batch and data loader from memory - (364794:train_csgo.py:683)
2025-12-17 14:02:34 - INFO - Enabled gradient checkpointing for PI0Pytorch model - (364794:pi0_pytorch.py:301)
2025-12-17 14:02:34 - INFO - Enabled gradient checkpointing for memory optimization - (364794:train_csgo.py:707)
2025-12-17 14:02:34 - INFO - Step 0 (after_model_creation): GPU memory - allocated: 7.49GB, reserved: 7.52GB, free: 0.03GB, peak_allocated: 7.49GB, peak_reserved: 7.52GB - (364794:train_csgo.py:354)
2025-12-17 14:02:34 - INFO - Loading weights from: /home/jiahao/.cache/openpi/openpi-assets/checkpoints/pi05_base - (364794:train_csgo.py:736)
2025-12-17 14:02:36 - INFO - Loaded PyTorch weights from /home/jiahao/.cache/openpi/openpi-assets/checkpoints/pi05_base - (364794:train_csgo.py:745)
2025-12-17 14:02:36 - INFO - Running on: gpu-05 | world_size=1 - (364794:train_csgo.py:805)
2025-12-17 14:02:36 - INFO - Training config: batch_size=128, effective_batch_size=128, num_train_steps=30000 - (364794:train_csgo.py:808)
2025-12-17 14:02:36 - INFO - Memory optimizations: gradient_checkpointing=True - (364794:train_csgo.py:811)
2025-12-17 14:02:36 - INFO - LR schedule: warmup=1000, peak_lr=5.00e-05, decay_steps=100000, end_lr=5.00e-05 - (364794:train_csgo.py:812)
2025-12-17 14:02:36 - INFO - Optimizer: AdamW, weight_decay=1e-10, clip_norm=1.0 - (364794:train_csgo.py:815)
2025-12-17 14:02:36 - INFO - EMA is not supported for PyTorch training - (364794:train_csgo.py:818)
2025-12-17 14:02:36 - INFO - Training precision: bfloat16 - (364794:train_csgo.py:819)
2025-12-17 14:02:36 - INFO -     Parameters to be optimized: - (364794:train_csgo.py:822)
2025-12-17 14:02:36 - INFO -         [TRAINABLE] paligemma_with_expert.paligemma.model.vision_tower.vision_model.embeddings.patch_embedding.weight (shape: torch.Size([1152, 3, 14, 14])) - (364794:train_csgo.py:825)
2025-12-17 14:02:36 - INFO -         [TRAINABLE] paligemma_with_expert.paligemma.model.vision_tower.vision_model.embeddings.patch_embedding.bias (shape: torch.Size([1152])) - (364794:train_csgo.py:825)
2025-12-17 14:02:36 - INFO -         [TRAINABLE] paligemma_with_expert.paligemma.model.vision_tower.vision_model.embeddings.position_embedding.weight (shape: torch.Size([256, 1152])) - (364794:train_csgo.py:825)
2025-12-17 14:02:36 - INFO -         [TRAINABLE] paligemma_with_expert.paligemma.model.vision_tower.vision_model.encoder.layers.0.layer_norm1.weight (shape: torch.Size([1152])) - (364794:train_csgo.py:825)
2025-12-17 14:02:36 - INFO -         [TRAINABLE] paligemma_with_expert.paligemma.model.vision_tower.vision_model.encoder.layers.0.layer_norm1.bias (shape: torch.Size([1152])) - (364794:train_csgo.py:825)
2025-12-17 14:02:36 - INFO -         [TRAINABLE] paligemma_with_expert.paligemma.model.vision_tower.vision_model.encoder.layers.0.self_attn.k_proj.weight (shape: torch.Size([1152, 1152])) - (364794:train_csgo.py:825)
2025-12-17 14:02:36 - INFO -         [TRAINABLE] paligemma_with_expert.paligemma.model.vision_tower.vision_model.encoder.layers.0.self_attn.k_proj.bias (shape: torch.Size([1152])) - (364794:train_csgo.py:825)
2025-12-17 14:02:36 - INFO -         [TRAINABLE] paligemma_with_expert.paligemma.model.vision_tower.vision_model.encoder.layers.0.self_attn.v_proj.weight (shape: torch.Size([1152, 1152])) - (364794:train_csgo.py:825)
2025-12-17 14:02:36 - INFO -         [TRAINABLE] paligemma_with_expert.paligemma.model.vision_tower.vision_model.encoder.layers.0.self_attn.v_proj.bias (shape: torch.Size([1152])) - (364794:train_csgo.py:825)
2025-12-17 14:02:36 - INFO -         [TRAINABLE] paligemma_with_expert.paligemma.model.vision_tower.vision_model.encoder.layers.0.self_attn.q_proj.weight (shape: torch.Size([1152, 1152])) - (364794:train_csgo.py:825)
2025-12-17 14:02:36 - INFO -         [TRAINABLE] paligemma_with_expert.paligemma.model.vision_tower.vision_model.encoder.layers.0.self_attn.q_proj.bias (shape: torch.Size([1152])) - (364794:train_csgo.py:825)
2025-12-17 14:02:36 - INFO -         [TRAINABLE] paligemma_with_expert.paligemma.model.vision_tower.vision_model.encoder.layers.0.self_attn.out_proj.weight (shape: torch.Size([1152, 1152])) - (364794:train_csgo.py:825)
2025-12-17 14:02:36 - INFO -         [TRAINABLE] paligemma_with_expert.paligemma.model.vision_tower.vision_model.encoder.layers.0.self_attn.out_proj.bias (shape: torch.Size([1152])) - (364794:train_csgo.py:825)
2025-12-17 14:02:36 - INFO -         [TRAINABLE] paligemma_with_expert.paligemma.model.vision_tower.vision_model.encoder.layers.0.layer_norm2.weight (shape: torch.Size([1152])) - (364794:train_csgo.py:825)
2025-12-17 14:02:36 - INFO -         [TRAINABLE] paligemma_with_expert.paligemma.model.vision_tower.vision_model.encoder.layers.0.layer_norm2.bias (shape: torch.Size([1152])) - (364794:train_csgo.py:825)
2025-12-17 14:02:36 - INFO -         [TRAINABLE] paligemma_with_expert.paligemma.model.vision_tower.vision_model.encoder.layers.0.mlp.fc1.weight (shape: torch.Size([4304, 1152])) - (364794:train_csgo.py:825)
2025-12-17 14:02:36 - INFO -         [TRAINABLE] paligemma_with_expert.paligemma.model.vision_tower.vision_model.encoder.layers.0.mlp.fc1.bias (shape: torch.Size([4304])) - (364794:train_csgo.py:825)
2025-12-17 14:02:36 - INFO -         [TRAINABLE] paligemma_with_expert.paligemma.model.vision_tower.vision_model.encoder.layers.0.mlp.fc2.weight (shape: torch.Size([1152, 4304])) - (364794:train_csgo.py:825)
2025-12-17 14:02:36 - INFO -         [TRAINABLE] paligemma_with_expert.paligemma.model.vision_tower.vision_model.encoder.layers.0.mlp.fc2.bias (shape: torch.Size([1152])) - (364794:train_csgo.py:825)
2025-12-17 14:02:36 - INFO -         [TRAINABLE] paligemma_with_expert.paligemma.model.vision_tower.vision_model.encoder.layers.1.layer_norm1.weight (shape: torch.Size([1152])) - (364794:train_csgo.py:825)
2025-12-17 14:02:36 - INFO -         [TRAINABLE] paligemma_with_expert.paligemma.model.vision_tower.vision_model.encoder.layers.1.layer_norm1.bias (shape: torch.Size([1152])) - (364794:train_csgo.py:825)
2025-12-17 14:02:36 - INFO -         [TRAINABLE] paligemma_with_expert.paligemma.model.vision_tower.vision_model.encoder.layers.1.self_attn.k_proj.weight (shape: torch.Size([1152, 1152])) - (364794:train_csgo.py:825)
2025-12-17 14:02:36 - INFO -         [TRAINABLE] paligemma_with_expert.paligemma.model.vision_tower.vision_model.encoder.layers.1.self_attn.k_proj.bias (shape: torch.Size([1152])) - (364794:train_csgo.py:825)
2025-12-17 14:02:36 - INFO -         [TRAINABLE] paligemma_with_expert.paligemma.model.vision_tower.vision_model.encoder.layers.1.self_attn.v_proj.weight (shape: torch.Size([1152, 1152])) - (364794:train_csgo.py:825)
2025-12-17 14:02:36 - INFO -         [TRAINABLE] paligemma_with_expert.paligemma.model.vision_tower.vision_model.encoder.layers.1.self_attn.v_proj.bias (shape: torch.Size([1152])) - (364794:train_csgo.py:825)
2025-12-17 14:02:36 - INFO -         [TRAINABLE] paligemma_with_expert.paligemma.model.vision_tower.vision_model.encoder.layers.1.self_attn.q_proj.weight (shape: torch.Size([1152, 1152])) - (364794:train_csgo.py:825)
2025-12-17 14:02:36 - INFO -         [TRAINABLE] paligemma_with_expert.paligemma.model.vision_tower.vision_model.encoder.layers.1.self_attn.q_proj.bias (shape: torch.Size([1152])) - (364794:train_csgo.py:825)
2025-12-17 14:02:36 - INFO -         [TRAINABLE] paligemma_with_expert.paligemma.model.vision_tower.vision_model.encoder.layers.1.self_attn.out_proj.weight (shape: torch.Size([1152, 1152])) - (364794:train_csgo.py:825)
2025-12-17 14:02:36 - INFO -         [TRAINABLE] paligemma_with_expert.paligemma.model.vision_tower.vision_model.encoder.layers.1.self_attn.out_proj.bias (shape: torch.Size([1152])) - (364794:train_csgo.py:825)
2025-12-17 14:02:36 - INFO -         [TRAINABLE] paligemma_with_expert.paligemma.model.vision_tower.vision_model.encoder.layers.1.layer_norm2.weight (shape: torch.Size([1152])) - (364794:train_csgo.py:825)
2025-12-17 14:02:36 - INFO -         [TRAINABLE] paligemma_with_expert.paligemma.model.vision_tower.vision_model.encoder.layers.1.layer_norm2.bias (shape: torch.Size([1152])) - (364794:train_csgo.py:825)
2025-12-17 14:02:36 - INFO -         [TRAINABLE] paligemma_with_expert.paligemma.model.vision_tower.vision_model.encoder.layers.1.mlp.fc1.weight (shape: torch.Size([4304, 1152])) - (364794:train_csgo.py:825)
2025-12-17 14:02:36 - INFO -         [TRAINABLE] paligemma_with_expert.paligemma.model.vision_tower.vision_model.encoder.layers.1.mlp.fc1.bias (shape: torch.Size([4304])) - (364794:train_csgo.py:825)
2025-12-17 14:02:36 - INFO -         [TRAINABLE] paligemma_with_expert.paligemma.model.vision_tower.vision_model.encoder.layers.1.mlp.fc2.weight (shape: torch.Size([1152, 4304])) - (364794:train_csgo.py:825)
2025-12-17 14:02:36 - INFO -         [TRAINABLE] paligemma_with_expert.paligemma.model.vision_tower.vision_model.encoder.layers.1.mlp.fc2.bias (shape: torch.Size([1152])) - (364794:train_csgo.py:825)
2025-12-17 14:02:36 - INFO -         [TRAINABLE] paligemma_with_expert.paligemma.model.vision_tower.vision_model.encoder.layers.2.layer_norm1.weight (shape: torch.Size([1152])) - (364794:train_csgo.py:825)
2025-12-17 14:02:36 - INFO -         [TRAINABLE] paligemma_with_expert.paligemma.model.vision_tower.vision_model.encoder.layers.2.layer_norm1.bias (shape: torch.Size([1152])) - (364794:train_csgo.py:825)
2025-12-17 14:02:36 - INFO -         [TRAINABLE] paligemma_with_expert.paligemma.model.vision_tower.vision_model.encoder.layers.2.self_attn.k_proj.weight (shape: torch.Size([1152, 1152])) - (364794:train_csgo.py:825)
2025-12-17 14:02:36 - INFO -         [TRAINABLE] paligemma_with_expert.paligemma.model.vision_tower.vision_model.encoder.layers.2.self_attn.k_proj.bias (shape: torch.Size([1152])) - (364794:train_csgo.py:825)
2025-12-17 14:02:36 - INFO -         [TRAINABLE] paligemma_with_expert.paligemma.model.vision_tower.vision_model.encoder.layers.2.self_attn.v_proj.weight (shape: torch.Size([1152, 1152])) - (364794:train_csgo.py:825)
2025-12-17 14:02:36 - INFO -         [TRAINABLE] paligemma_with_expert.paligemma.model.vision_tower.vision_model.encoder.layers.2.self_attn.v_proj.bias (shape: torch.Size([1152])) - (364794:train_csgo.py:825)
2025-12-17 14:02:36 - INFO -         [TRAINABLE] paligemma_with_expert.paligemma.model.vision_tower.vision_model.encoder.layers.2.self_attn.q_proj.weight (shape: torch.Size([1152, 1152])) - (364794:train_csgo.py:825)
2025-12-17 14:02:36 - INFO -         [TRAINABLE] paligemma_with_expert.paligemma.model.vision_tower.vision_model.encoder.layers.2.self_attn.q_proj.bias (shape: torch.Size([1152])) - (364794:train_csgo.py:825)
2025-12-17 14:02:36 - INFO -         [TRAINABLE] paligemma_with_expert.paligemma.model.vision_tower.vision_model.encoder.layers.2.self_attn.out_proj.weight (shape: torch.Size([1152, 1152])) - (364794:train_csgo.py:825)
2025-12-17 14:02:36 - INFO -         [TRAINABLE] paligemma_with_expert.paligemma.model.vision_tower.vision_model.encoder.layers.2.self_attn.out_proj.bias (shape: torch.Size([1152])) - (364794:train_csgo.py:825)
2025-12-17 14:02:36 - INFO -         [TRAINABLE] paligemma_with_expert.paligemma.model.vision_tower.vision_model.encoder.layers.2.layer_norm2.weight (shape: torch.Size([1152])) - (364794:train_csgo.py:825)
2025-12-17 14:02:36 - INFO -         [TRAINABLE] paligemma_with_expert.paligemma.model.vision_tower.vision_model.encoder.layers.2.layer_norm2.bias (shape: torch.Size([1152])) - (364794:train_csgo.py:825)
2025-12-17 14:02:36 - INFO -         [TRAINABLE] paligemma_with_expert.paligemma.model.vision_tower.vision_model.encoder.layers.2.mlp.fc1.weight (shape: torch.Size([4304, 1152])) - (364794:train_csgo.py:825)
2025-12-17 14:02:36 - INFO -         [TRAINABLE] paligemma_with_expert.paligemma.model.vision_tower.vision_model.encoder.layers.2.mlp.fc1.bias (shape: torch.Size([4304])) - (364794:train_csgo.py:825)
2025-12-17 14:02:36 - INFO -         [TRAINABLE] paligemma_with_expert.paligemma.model.vision_tower.vision_model.encoder.layers.2.mlp.fc2.weight (shape: torch.Size([1152, 4304])) - (364794:train_csgo.py:825)
2025-12-17 14:02:36 - INFO -         [TRAINABLE] paligemma_with_expert.paligemma.model.vision_tower.vision_model.encoder.layers.2.mlp.fc2.bias (shape: torch.Size([1152])) - (364794:train_csgo.py:825)
2025-12-17 14:02:36 - INFO -         [TRAINABLE] paligemma_with_expert.paligemma.model.vision_tower.vision_model.encoder.layers.3.layer_norm1.weight (shape: torch.Size([1152])) - (364794:train_csgo.py:825)
2025-12-17 14:02:36 - INFO -         [TRAINABLE] paligemma_with_expert.paligemma.model.vision_tower.vision_model.encoder.layers.3.layer_norm1.bias (shape: torch.Size([1152])) - (364794:train_csgo.py:825)
2025-12-17 14:02:36 - INFO -         [TRAINABLE] paligemma_with_expert.paligemma.model.vision_tower.vision_model.encoder.layers.3.self_attn.k_proj.weight (shape: torch.Size([1152, 1152])) - (364794:train_csgo.py:825)
2025-12-17 14:02:36 - INFO -         [TRAINABLE] paligemma_with_expert.paligemma.model.vision_tower.vision_model.encoder.layers.3.self_attn.k_proj.bias (shape: torch.Size([1152])) - (364794:train_csgo.py:825)
2025-12-17 14:02:36 - INFO -         [TRAINABLE] paligemma_with_expert.paligemma.model.vision_tower.vision_model.encoder.layers.3.self_attn.v_proj.weight (shape: torch.Size([1152, 1152])) - (364794:train_csgo.py:825)
2025-12-17 14:02:36 - INFO -         [TRAINABLE] paligemma_with_expert.paligemma.model.vision_tower.vision_model.encoder.layers.3.self_attn.v_proj.bias (shape: torch.Size([1152])) - (364794:train_csgo.py:825)
2025-12-17 14:02:36 - INFO -         [TRAINABLE] paligemma_with_expert.paligemma.model.vision_tower.vision_model.encoder.layers.3.self_attn.q_proj.weight (shape: torch.Size([1152, 1152])) - (364794:train_csgo.py:825)
2025-12-17 14:02:36 - INFO -         [TRAINABLE] paligemma_with_expert.paligemma.model.vision_tower.vision_model.encoder.layers.3.self_attn.q_proj.bias (shape: torch.Size([1152])) - (364794:train_csgo.py:825)
2025-12-17 14:02:36 - INFO -         [TRAINABLE] paligemma_with_expert.paligemma.model.vision_tower.vision_model.encoder.layers.3.self_attn.out_proj.weight (shape: torch.Size([1152, 1152])) - (364794:train_csgo.py:825)
2025-12-17 14:02:36 - INFO -         [TRAINABLE] paligemma_with_expert.paligemma.model.vision_tower.vision_model.encoder.layers.3.self_attn.out_proj.bias (shape: torch.Size([1152])) - (364794:train_csgo.py:825)
2025-12-17 14:02:36 - INFO -         [TRAINABLE] paligemma_with_expert.paligemma.model.vision_tower.vision_model.encoder.layers.3.layer_norm2.weight (shape: torch.Size([1152])) - (364794:train_csgo.py:825)
2025-12-17 14:02:36 - INFO -         [TRAINABLE] paligemma_with_expert.paligemma.model.vision_tower.vision_model.encoder.layers.3.layer_norm2.bias (shape: torch.Size([1152])) - (364794:train_csgo.py:825)
2025-12-17 14:02:36 - INFO -         [TRAINABLE] paligemma_with_expert.paligemma.model.vision_tower.vision_model.encoder.layers.3.mlp.fc1.weight (shape: torch.Size([4304, 1152])) - (364794:train_csgo.py:825)
2025-12-17 14:02:36 - INFO -         [TRAINABLE] paligemma_with_expert.paligemma.model.vision_tower.vision_model.encoder.layers.3.mlp.fc1.bias (shape: torch.Size([4304])) - (364794:train_csgo.py:825)
2025-12-17 14:02:36 - INFO -         [TRAINABLE] paligemma_with_expert.paligemma.model.vision_tower.vision_model.encoder.layers.3.mlp.fc2.weight (shape: torch.Size([1152, 4304])) - (364794:train_csgo.py:825)
2025-12-17 14:02:36 - INFO -         [TRAINABLE] paligemma_with_expert.paligemma.model.vision_tower.vision_model.encoder.layers.3.mlp.fc2.bias (shape: torch.Size([1152])) - (364794:train_csgo.py:825)
2025-12-17 14:02:36 - INFO -         [TRAINABLE] paligemma_with_expert.paligemma.model.vision_tower.vision_model.encoder.layers.4.layer_norm1.weight (shape: torch.Size([1152])) - (364794:train_csgo.py:825)
2025-12-17 14:02:36 - INFO -         [TRAINABLE] paligemma_with_expert.paligemma.model.vision_tower.vision_model.encoder.layers.4.layer_norm1.bias (shape: torch.Size([1152])) - (364794:train_csgo.py:825)
2025-12-17 14:02:36 - INFO -         [TRAINABLE] paligemma_with_expert.paligemma.model.vision_tower.vision_model.encoder.layers.4.self_attn.k_proj.weight (shape: torch.Size([1152, 1152])) - (364794:train_csgo.py:825)
2025-12-17 14:02:36 - INFO -         [TRAINABLE] paligemma_with_expert.paligemma.model.vision_tower.vision_model.encoder.layers.4.self_attn.k_proj.bias (shape: torch.Size([1152])) - (364794:train_csgo.py:825)
2025-12-17 14:02:36 - INFO -         [TRAINABLE] paligemma_with_expert.paligemma.model.vision_tower.vision_model.encoder.layers.4.self_attn.v_proj.weight (shape: torch.Size([1152, 1152])) - (364794:train_csgo.py:825)
2025-12-17 14:02:36 - INFO -         [TRAINABLE] paligemma_with_expert.paligemma.model.vision_tower.vision_model.encoder.layers.4.self_attn.v_proj.bias (shape: torch.Size([1152])) - (364794:train_csgo.py:825)
2025-12-17 14:02:36 - INFO -         [TRAINABLE] paligemma_with_expert.paligemma.model.vision_tower.vision_model.encoder.layers.4.self_attn.q_proj.weight (shape: torch.Size([1152, 1152])) - (364794:train_csgo.py:825)
2025-12-17 14:02:36 - INFO -         [TRAINABLE] paligemma_with_expert.paligemma.model.vision_tower.vision_model.encoder.layers.4.self_attn.q_proj.bias (shape: torch.Size([1152])) - (364794:train_csgo.py:825)
2025-12-17 14:02:36 - INFO -         [TRAINABLE] paligemma_with_expert.paligemma.model.vision_tower.vision_model.encoder.layers.4.self_attn.out_proj.weight (shape: torch.Size([1152, 1152])) - (364794:train_csgo.py:825)
2025-12-17 14:02:36 - INFO -         [TRAINABLE] paligemma_with_expert.paligemma.model.vision_tower.vision_model.encoder.layers.4.self_attn.out_proj.bias (shape: torch.Size([1152])) - (364794:train_csgo.py:825)
2025-12-17 14:02:36 - INFO -         [TRAINABLE] paligemma_with_expert.paligemma.model.vision_tower.vision_model.encoder.layers.4.layer_norm2.weight (shape: torch.Size([1152])) - (364794:train_csgo.py:825)
2025-12-17 14:02:36 - INFO -         [TRAINABLE] paligemma_with_expert.paligemma.model.vision_tower.vision_model.encoder.layers.4.layer_norm2.bias (shape: torch.Size([1152])) - (364794:train_csgo.py:825)
2025-12-17 14:02:36 - INFO -         [TRAINABLE] paligemma_with_expert.paligemma.model.vision_tower.vision_model.encoder.layers.4.mlp.fc1.weight (shape: torch.Size([4304, 1152])) - (364794:train_csgo.py:825)
2025-12-17 14:02:36 - INFO -         [TRAINABLE] paligemma_with_expert.paligemma.model.vision_tower.vision_model.encoder.layers.4.mlp.fc1.bias (shape: torch.Size([4304])) - (364794:train_csgo.py:825)
2025-12-17 14:02:36 - INFO -         [TRAINABLE] paligemma_with_expert.paligemma.model.vision_tower.vision_model.encoder.layers.4.mlp.fc2.weight (shape: torch.Size([1152, 4304])) - (364794:train_csgo.py:825)
2025-12-17 14:02:36 - INFO -         [TRAINABLE] paligemma_with_expert.paligemma.model.vision_tower.vision_model.encoder.layers.4.mlp.fc2.bias (shape: torch.Size([1152])) - (364794:train_csgo.py:825)
2025-12-17 14:02:36 - INFO -         [TRAINABLE] paligemma_with_expert.paligemma.model.vision_tower.vision_model.encoder.layers.5.layer_norm1.weight (shape: torch.Size([1152])) - (364794:train_csgo.py:825)
2025-12-17 14:02:36 - INFO -         [TRAINABLE] paligemma_with_expert.paligemma.model.vision_tower.vision_model.encoder.layers.5.layer_norm1.bias (shape: torch.Size([1152])) - (364794:train_csgo.py:825)
2025-12-17 14:02:36 - INFO -         [TRAINABLE] paligemma_with_expert.paligemma.model.vision_tower.vision_model.encoder.layers.5.self_attn.k_proj.weight (shape: torch.Size([1152, 1152])) - (364794:train_csgo.py:825)
2025-12-17 14:02:36 - INFO -         [TRAINABLE] paligemma_with_expert.paligemma.model.vision_tower.vision_model.encoder.layers.5.self_attn.k_proj.bias (shape: torch.Size([1152])) - (364794:train_csgo.py:825)
2025-12-17 14:02:36 - INFO -         [TRAINABLE] paligemma_with_expert.paligemma.model.vision_tower.vision_model.encoder.layers.5.self_attn.v_proj.weight (shape: torch.Size([1152, 1152])) - (364794:train_csgo.py:825)
2025-12-17 14:02:36 - INFO -         [TRAINABLE] paligemma_with_expert.paligemma.model.vision_tower.vision_model.encoder.layers.5.self_attn.v_proj.bias (shape: torch.Size([1152])) - (364794:train_csgo.py:825)
2025-12-17 14:02:36 - INFO -         [TRAINABLE] paligemma_with_expert.paligemma.model.vision_tower.vision_model.encoder.layers.5.self_attn.q_proj.weight (shape: torch.Size([1152, 1152])) - (364794:train_csgo.py:825)
2025-12-17 14:02:36 - INFO -         [TRAINABLE] paligemma_with_expert.paligemma.model.vision_tower.vision_model.encoder.layers.5.self_attn.q_proj.bias (shape: torch.Size([1152])) - (364794:train_csgo.py:825)
2025-12-17 14:02:36 - INFO -         [TRAINABLE] paligemma_with_expert.paligemma.model.vision_tower.vision_model.encoder.layers.5.self_attn.out_proj.weight (shape: torch.Size([1152, 1152])) - (364794:train_csgo.py:825)
2025-12-17 14:02:36 - INFO -         [TRAINABLE] paligemma_with_expert.paligemma.model.vision_tower.vision_model.encoder.layers.5.self_attn.out_proj.bias (shape: torch.Size([1152])) - (364794:train_csgo.py:825)
2025-12-17 14:02:36 - INFO -         [TRAINABLE] paligemma_with_expert.paligemma.model.vision_tower.vision_model.encoder.layers.5.layer_norm2.weight (shape: torch.Size([1152])) - (364794:train_csgo.py:825)
2025-12-17 14:02:36 - INFO -         [TRAINABLE] paligemma_with_expert.paligemma.model.vision_tower.vision_model.encoder.layers.5.layer_norm2.bias (shape: torch.Size([1152])) - (364794:train_csgo.py:825)
2025-12-17 14:02:36 - INFO -         [TRAINABLE] paligemma_with_expert.paligemma.model.vision_tower.vision_model.encoder.layers.5.mlp.fc1.weight (shape: torch.Size([4304, 1152])) - (364794:train_csgo.py:825)
2025-12-17 14:02:36 - INFO -         [TRAINABLE] paligemma_with_expert.paligemma.model.vision_tower.vision_model.encoder.layers.5.mlp.fc1.bias (shape: torch.Size([4304])) - (364794:train_csgo.py:825)
2025-12-17 14:02:36 - INFO -         [TRAINABLE] paligemma_with_expert.paligemma.model.vision_tower.vision_model.encoder.layers.5.mlp.fc2.weight (shape: torch.Size([1152, 4304])) - (364794:train_csgo.py:825)
2025-12-17 14:02:36 - INFO -         [TRAINABLE] paligemma_with_expert.paligemma.model.vision_tower.vision_model.encoder.layers.5.mlp.fc2.bias (shape: torch.Size([1152])) - (364794:train_csgo.py:825)
2025-12-17 14:02:36 - INFO -         [TRAINABLE] paligemma_with_expert.paligemma.model.vision_tower.vision_model.encoder.layers.6.layer_norm1.weight (shape: torch.Size([1152])) - (364794:train_csgo.py:825)
2025-12-17 14:02:36 - INFO -         [TRAINABLE] paligemma_with_expert.paligemma.model.vision_tower.vision_model.encoder.layers.6.layer_norm1.bias (shape: torch.Size([1152])) - (364794:train_csgo.py:825)
2025-12-17 14:02:36 - INFO -         [TRAINABLE] paligemma_with_expert.paligemma.model.vision_tower.vision_model.encoder.layers.6.self_attn.k_proj.weight (shape: torch.Size([1152, 1152])) - (364794:train_csgo.py:825)
2025-12-17 14:02:36 - INFO -         [TRAINABLE] paligemma_with_expert.paligemma.model.vision_tower.vision_model.encoder.layers.6.self_attn.k_proj.bias (shape: torch.Size([1152])) - (364794:train_csgo.py:825)
2025-12-17 14:02:36 - INFO -         [TRAINABLE] paligemma_with_expert.paligemma.model.vision_tower.vision_model.encoder.layers.6.self_attn.v_proj.weight (shape: torch.Size([1152, 1152])) - (364794:train_csgo.py:825)
2025-12-17 14:02:36 - INFO -         [TRAINABLE] paligemma_with_expert.paligemma.model.vision_tower.vision_model.encoder.layers.6.self_attn.v_proj.bias (shape: torch.Size([1152])) - (364794:train_csgo.py:825)
2025-12-17 14:02:36 - INFO -         [TRAINABLE] paligemma_with_expert.paligemma.model.vision_tower.vision_model.encoder.layers.6.self_attn.q_proj.weight (shape: torch.Size([1152, 1152])) - (364794:train_csgo.py:825)
2025-12-17 14:02:36 - INFO -         [TRAINABLE] paligemma_with_expert.paligemma.model.vision_tower.vision_model.encoder.layers.6.self_attn.q_proj.bias (shape: torch.Size([1152])) - (364794:train_csgo.py:825)
2025-12-17 14:02:36 - INFO -         [TRAINABLE] paligemma_with_expert.paligemma.model.vision_tower.vision_model.encoder.layers.6.self_attn.out_proj.weight (shape: torch.Size([1152, 1152])) - (364794:train_csgo.py:825)
2025-12-17 14:02:36 - INFO -         [TRAINABLE] paligemma_with_expert.paligemma.model.vision_tower.vision_model.encoder.layers.6.self_attn.out_proj.bias (shape: torch.Size([1152])) - (364794:train_csgo.py:825)
2025-12-17 14:02:36 - INFO -         [TRAINABLE] paligemma_with_expert.paligemma.model.vision_tower.vision_model.encoder.layers.6.layer_norm2.weight (shape: torch.Size([1152])) - (364794:train_csgo.py:825)
2025-12-17 14:02:36 - INFO -         [TRAINABLE] paligemma_with_expert.paligemma.model.vision_tower.vision_model.encoder.layers.6.layer_norm2.bias (shape: torch.Size([1152])) - (364794:train_csgo.py:825)
2025-12-17 14:02:36 - INFO -         [TRAINABLE] paligemma_with_expert.paligemma.model.vision_tower.vision_model.encoder.layers.6.mlp.fc1.weight (shape: torch.Size([4304, 1152])) - (364794:train_csgo.py:825)
2025-12-17 14:02:36 - INFO -         [TRAINABLE] paligemma_with_expert.paligemma.model.vision_tower.vision_model.encoder.layers.6.mlp.fc1.bias (shape: torch.Size([4304])) - (364794:train_csgo.py:825)
2025-12-17 14:02:36 - INFO -         [TRAINABLE] paligemma_with_expert.paligemma.model.vision_tower.vision_model.encoder.layers.6.mlp.fc2.weight (shape: torch.Size([1152, 4304])) - (364794:train_csgo.py:825)
2025-12-17 14:02:36 - INFO -         [TRAINABLE] paligemma_with_expert.paligemma.model.vision_tower.vision_model.encoder.layers.6.mlp.fc2.bias (shape: torch.Size([1152])) - (364794:train_csgo.py:825)
2025-12-17 14:02:36 - INFO -         [TRAINABLE] paligemma_with_expert.paligemma.model.vision_tower.vision_model.encoder.layers.7.layer_norm1.weight (shape: torch.Size([1152])) - (364794:train_csgo.py:825)
2025-12-17 14:02:36 - INFO -         [TRAINABLE] paligemma_with_expert.paligemma.model.vision_tower.vision_model.encoder.layers.7.layer_norm1.bias (shape: torch.Size([1152])) - (364794:train_csgo.py:825)
2025-12-17 14:02:36 - INFO -         [TRAINABLE] paligemma_with_expert.paligemma.model.vision_tower.vision_model.encoder.layers.7.self_attn.k_proj.weight (shape: torch.Size([1152, 1152])) - (364794:train_csgo.py:825)
2025-12-17 14:02:36 - INFO -         [TRAINABLE] paligemma_with_expert.paligemma.model.vision_tower.vision_model.encoder.layers.7.self_attn.k_proj.bias (shape: torch.Size([1152])) - (364794:train_csgo.py:825)
2025-12-17 14:02:36 - INFO -         [TRAINABLE] paligemma_with_expert.paligemma.model.vision_tower.vision_model.encoder.layers.7.self_attn.v_proj.weight (shape: torch.Size([1152, 1152])) - (364794:train_csgo.py:825)
2025-12-17 14:02:36 - INFO -         [TRAINABLE] paligemma_with_expert.paligemma.model.vision_tower.vision_model.encoder.layers.7.self_attn.v_proj.bias (shape: torch.Size([1152])) - (364794:train_csgo.py:825)
2025-12-17 14:02:36 - INFO -         [TRAINABLE] paligemma_with_expert.paligemma.model.vision_tower.vision_model.encoder.layers.7.self_attn.q_proj.weight (shape: torch.Size([1152, 1152])) - (364794:train_csgo.py:825)
2025-12-17 14:02:36 - INFO -         [TRAINABLE] paligemma_with_expert.paligemma.model.vision_tower.vision_model.encoder.layers.7.self_attn.q_proj.bias (shape: torch.Size([1152])) - (364794:train_csgo.py:825)
2025-12-17 14:02:36 - INFO -         [TRAINABLE] paligemma_with_expert.paligemma.model.vision_tower.vision_model.encoder.layers.7.self_attn.out_proj.weight (shape: torch.Size([1152, 1152])) - (364794:train_csgo.py:825)
2025-12-17 14:02:36 - INFO -         [TRAINABLE] paligemma_with_expert.paligemma.model.vision_tower.vision_model.encoder.layers.7.self_attn.out_proj.bias (shape: torch.Size([1152])) - (364794:train_csgo.py:825)
2025-12-17 14:02:36 - INFO -         [TRAINABLE] paligemma_with_expert.paligemma.model.vision_tower.vision_model.encoder.layers.7.layer_norm2.weight (shape: torch.Size([1152])) - (364794:train_csgo.py:825)
2025-12-17 14:02:36 - INFO -         [TRAINABLE] paligemma_with_expert.paligemma.model.vision_tower.vision_model.encoder.layers.7.layer_norm2.bias (shape: torch.Size([1152])) - (364794:train_csgo.py:825)
2025-12-17 14:02:36 - INFO -         [TRAINABLE] paligemma_with_expert.paligemma.model.vision_tower.vision_model.encoder.layers.7.mlp.fc1.weight (shape: torch.Size([4304, 1152])) - (364794:train_csgo.py:825)
2025-12-17 14:02:36 - INFO -         [TRAINABLE] paligemma_with_expert.paligemma.model.vision_tower.vision_model.encoder.layers.7.mlp.fc1.bias (shape: torch.Size([4304])) - (364794:train_csgo.py:825)
2025-12-17 14:02:36 - INFO -         [TRAINABLE] paligemma_with_expert.paligemma.model.vision_tower.vision_model.encoder.layers.7.mlp.fc2.weight (shape: torch.Size([1152, 4304])) - (364794:train_csgo.py:825)
2025-12-17 14:02:36 - INFO -         [TRAINABLE] paligemma_with_expert.paligemma.model.vision_tower.vision_model.encoder.layers.7.mlp.fc2.bias (shape: torch.Size([1152])) - (364794:train_csgo.py:825)
2025-12-17 14:02:36 - INFO -         [TRAINABLE] paligemma_with_expert.paligemma.model.vision_tower.vision_model.encoder.layers.8.layer_norm1.weight (shape: torch.Size([1152])) - (364794:train_csgo.py:825)
2025-12-17 14:02:36 - INFO -         [TRAINABLE] paligemma_with_expert.paligemma.model.vision_tower.vision_model.encoder.layers.8.layer_norm1.bias (shape: torch.Size([1152])) - (364794:train_csgo.py:825)
2025-12-17 14:02:36 - INFO -         [TRAINABLE] paligemma_with_expert.paligemma.model.vision_tower.vision_model.encoder.layers.8.self_attn.k_proj.weight (shape: torch.Size([1152, 1152])) - (364794:train_csgo.py:825)
2025-12-17 14:02:36 - INFO -         [TRAINABLE] paligemma_with_expert.paligemma.model.vision_tower.vision_model.encoder.layers.8.self_attn.k_proj.bias (shape: torch.Size([1152])) - (364794:train_csgo.py:825)
2025-12-17 14:02:36 - INFO -         [TRAINABLE] paligemma_with_expert.paligemma.model.vision_tower.vision_model.encoder.layers.8.self_attn.v_proj.weight (shape: torch.Size([1152, 1152])) - (364794:train_csgo.py:825)
2025-12-17 14:02:36 - INFO -         [TRAINABLE] paligemma_with_expert.paligemma.model.vision_tower.vision_model.encoder.layers.8.self_attn.v_proj.bias (shape: torch.Size([1152])) - (364794:train_csgo.py:825)
2025-12-17 14:02:36 - INFO -         [TRAINABLE] paligemma_with_expert.paligemma.model.vision_tower.vision_model.encoder.layers.8.self_attn.q_proj.weight (shape: torch.Size([1152, 1152])) - (364794:train_csgo.py:825)
2025-12-17 14:02:36 - INFO -         [TRAINABLE] paligemma_with_expert.paligemma.model.vision_tower.vision_model.encoder.layers.8.self_attn.q_proj.bias (shape: torch.Size([1152])) - (364794:train_csgo.py:825)
2025-12-17 14:02:36 - INFO -         [TRAINABLE] paligemma_with_expert.paligemma.model.vision_tower.vision_model.encoder.layers.8.self_attn.out_proj.weight (shape: torch.Size([1152, 1152])) - (364794:train_csgo.py:825)
2025-12-17 14:02:36 - INFO -         [TRAINABLE] paligemma_with_expert.paligemma.model.vision_tower.vision_model.encoder.layers.8.self_attn.out_proj.bias (shape: torch.Size([1152])) - (364794:train_csgo.py:825)
2025-12-17 14:02:36 - INFO -         [TRAINABLE] paligemma_with_expert.paligemma.model.vision_tower.vision_model.encoder.layers.8.layer_norm2.weight (shape: torch.Size([1152])) - (364794:train_csgo.py:825)
2025-12-17 14:02:36 - INFO -         [TRAINABLE] paligemma_with_expert.paligemma.model.vision_tower.vision_model.encoder.layers.8.layer_norm2.bias (shape: torch.Size([1152])) - (364794:train_csgo.py:825)
2025-12-17 14:02:36 - INFO -         [TRAINABLE] paligemma_with_expert.paligemma.model.vision_tower.vision_model.encoder.layers.8.mlp.fc1.weight (shape: torch.Size([4304, 1152])) - (364794:train_csgo.py:825)
2025-12-17 14:02:36 - INFO -         [TRAINABLE] paligemma_with_expert.paligemma.model.vision_tower.vision_model.encoder.layers.8.mlp.fc1.bias (shape: torch.Size([4304])) - (364794:train_csgo.py:825)
2025-12-17 14:02:36 - INFO -         [TRAINABLE] paligemma_with_expert.paligemma.model.vision_tower.vision_model.encoder.layers.8.mlp.fc2.weight (shape: torch.Size([1152, 4304])) - (364794:train_csgo.py:825)
2025-12-17 14:02:36 - INFO -         [TRAINABLE] paligemma_with_expert.paligemma.model.vision_tower.vision_model.encoder.layers.8.mlp.fc2.bias (shape: torch.Size([1152])) - (364794:train_csgo.py:825)
2025-12-17 14:02:36 - INFO -         [TRAINABLE] paligemma_with_expert.paligemma.model.vision_tower.vision_model.encoder.layers.9.layer_norm1.weight (shape: torch.Size([1152])) - (364794:train_csgo.py:825)
2025-12-17 14:02:36 - INFO -         [TRAINABLE] paligemma_with_expert.paligemma.model.vision_tower.vision_model.encoder.layers.9.layer_norm1.bias (shape: torch.Size([1152])) - (364794:train_csgo.py:825)
2025-12-17 14:02:36 - INFO -         [TRAINABLE] paligemma_with_expert.paligemma.model.vision_tower.vision_model.encoder.layers.9.self_attn.k_proj.weight (shape: torch.Size([1152, 1152])) - (364794:train_csgo.py:825)
2025-12-17 14:02:36 - INFO -         [TRAINABLE] paligemma_with_expert.paligemma.model.vision_tower.vision_model.encoder.layers.9.self_attn.k_proj.bias (shape: torch.Size([1152])) - (364794:train_csgo.py:825)
2025-12-17 14:02:36 - INFO -         [TRAINABLE] paligemma_with_expert.paligemma.model.vision_tower.vision_model.encoder.layers.9.self_attn.v_proj.weight (shape: torch.Size([1152, 1152])) - (364794:train_csgo.py:825)
2025-12-17 14:02:36 - INFO -         [TRAINABLE] paligemma_with_expert.paligemma.model.vision_tower.vision_model.encoder.layers.9.self_attn.v_proj.bias (shape: torch.Size([1152])) - (364794:train_csgo.py:825)
2025-12-17 14:02:36 - INFO -         [TRAINABLE] paligemma_with_expert.paligemma.model.vision_tower.vision_model.encoder.layers.9.self_attn.q_proj.weight (shape: torch.Size([1152, 1152])) - (364794:train_csgo.py:825)
2025-12-17 14:02:36 - INFO -         [TRAINABLE] paligemma_with_expert.paligemma.model.vision_tower.vision_model.encoder.layers.9.self_attn.q_proj.bias (shape: torch.Size([1152])) - (364794:train_csgo.py:825)
2025-12-17 14:02:36 - INFO -         [TRAINABLE] paligemma_with_expert.paligemma.model.vision_tower.vision_model.encoder.layers.9.self_attn.out_proj.weight (shape: torch.Size([1152, 1152])) - (364794:train_csgo.py:825)
2025-12-17 14:02:36 - INFO -         [TRAINABLE] paligemma_with_expert.paligemma.model.vision_tower.vision_model.encoder.layers.9.self_attn.out_proj.bias (shape: torch.Size([1152])) - (364794:train_csgo.py:825)
2025-12-17 14:02:36 - INFO -         [TRAINABLE] paligemma_with_expert.paligemma.model.vision_tower.vision_model.encoder.layers.9.layer_norm2.weight (shape: torch.Size([1152])) - (364794:train_csgo.py:825)
2025-12-17 14:02:36 - INFO -         [TRAINABLE] paligemma_with_expert.paligemma.model.vision_tower.vision_model.encoder.layers.9.layer_norm2.bias (shape: torch.Size([1152])) - (364794:train_csgo.py:825)
2025-12-17 14:02:36 - INFO -         [TRAINABLE] paligemma_with_expert.paligemma.model.vision_tower.vision_model.encoder.layers.9.mlp.fc1.weight (shape: torch.Size([4304, 1152])) - (364794:train_csgo.py:825)
2025-12-17 14:02:36 - INFO -         [TRAINABLE] paligemma_with_expert.paligemma.model.vision_tower.vision_model.encoder.layers.9.mlp.fc1.bias (shape: torch.Size([4304])) - (364794:train_csgo.py:825)
2025-12-17 14:02:36 - INFO -         [TRAINABLE] paligemma_with_expert.paligemma.model.vision_tower.vision_model.encoder.layers.9.mlp.fc2.weight (shape: torch.Size([1152, 4304])) - (364794:train_csgo.py:825)
2025-12-17 14:02:36 - INFO -         [TRAINABLE] paligemma_with_expert.paligemma.model.vision_tower.vision_model.encoder.layers.9.mlp.fc2.bias (shape: torch.Size([1152])) - (364794:train_csgo.py:825)
2025-12-17 14:02:36 - INFO -         [TRAINABLE] paligemma_with_expert.paligemma.model.vision_tower.vision_model.encoder.layers.10.layer_norm1.weight (shape: torch.Size([1152])) - (364794:train_csgo.py:825)
2025-12-17 14:02:36 - INFO -         [TRAINABLE] paligemma_with_expert.paligemma.model.vision_tower.vision_model.encoder.layers.10.layer_norm1.bias (shape: torch.Size([1152])) - (364794:train_csgo.py:825)
2025-12-17 14:02:36 - INFO -         [TRAINABLE] paligemma_with_expert.paligemma.model.vision_tower.vision_model.encoder.layers.10.self_attn.k_proj.weight (shape: torch.Size([1152, 1152])) - (364794:train_csgo.py:825)
2025-12-17 14:02:36 - INFO -         [TRAINABLE] paligemma_with_expert.paligemma.model.vision_tower.vision_model.encoder.layers.10.self_attn.k_proj.bias (shape: torch.Size([1152])) - (364794:train_csgo.py:825)
2025-12-17 14:02:36 - INFO -         [TRAINABLE] paligemma_with_expert.paligemma.model.vision_tower.vision_model.encoder.layers.10.self_attn.v_proj.weight (shape: torch.Size([1152, 1152])) - (364794:train_csgo.py:825)
2025-12-17 14:02:36 - INFO -         [TRAINABLE] paligemma_with_expert.paligemma.model.vision_tower.vision_model.encoder.layers.10.self_attn.v_proj.bias (shape: torch.Size([1152])) - (364794:train_csgo.py:825)
2025-12-17 14:02:36 - INFO -         [TRAINABLE] paligemma_with_expert.paligemma.model.vision_tower.vision_model.encoder.layers.10.self_attn.q_proj.weight (shape: torch.Size([1152, 1152])) - (364794:train_csgo.py:825)
2025-12-17 14:02:36 - INFO -         [TRAINABLE] paligemma_with_expert.paligemma.model.vision_tower.vision_model.encoder.layers.10.self_attn.q_proj.bias (shape: torch.Size([1152])) - (364794:train_csgo.py:825)
2025-12-17 14:02:36 - INFO -         [TRAINABLE] paligemma_with_expert.paligemma.model.vision_tower.vision_model.encoder.layers.10.self_attn.out_proj.weight (shape: torch.Size([1152, 1152])) - (364794:train_csgo.py:825)
2025-12-17 14:02:36 - INFO -         [TRAINABLE] paligemma_with_expert.paligemma.model.vision_tower.vision_model.encoder.layers.10.self_attn.out_proj.bias (shape: torch.Size([1152])) - (364794:train_csgo.py:825)
2025-12-17 14:02:36 - INFO -         [TRAINABLE] paligemma_with_expert.paligemma.model.vision_tower.vision_model.encoder.layers.10.layer_norm2.weight (shape: torch.Size([1152])) - (364794:train_csgo.py:825)
2025-12-17 14:02:36 - INFO -         [TRAINABLE] paligemma_with_expert.paligemma.model.vision_tower.vision_model.encoder.layers.10.layer_norm2.bias (shape: torch.Size([1152])) - (364794:train_csgo.py:825)
2025-12-17 14:02:36 - INFO -         [TRAINABLE] paligemma_with_expert.paligemma.model.vision_tower.vision_model.encoder.layers.10.mlp.fc1.weight (shape: torch.Size([4304, 1152])) - (364794:train_csgo.py:825)
2025-12-17 14:02:36 - INFO -         [TRAINABLE] paligemma_with_expert.paligemma.model.vision_tower.vision_model.encoder.layers.10.mlp.fc1.bias (shape: torch.Size([4304])) - (364794:train_csgo.py:825)
2025-12-17 14:02:36 - INFO -         [TRAINABLE] paligemma_with_expert.paligemma.model.vision_tower.vision_model.encoder.layers.10.mlp.fc2.weight (shape: torch.Size([1152, 4304])) - (364794:train_csgo.py:825)
2025-12-17 14:02:36 - INFO -         [TRAINABLE] paligemma_with_expert.paligemma.model.vision_tower.vision_model.encoder.layers.10.mlp.fc2.bias (shape: torch.Size([1152])) - (364794:train_csgo.py:825)
2025-12-17 14:02:36 - INFO -         [TRAINABLE] paligemma_with_expert.paligemma.model.vision_tower.vision_model.encoder.layers.11.layer_norm1.weight (shape: torch.Size([1152])) - (364794:train_csgo.py:825)
2025-12-17 14:02:36 - INFO -         [TRAINABLE] paligemma_with_expert.paligemma.model.vision_tower.vision_model.encoder.layers.11.layer_norm1.bias (shape: torch.Size([1152])) - (364794:train_csgo.py:825)
2025-12-17 14:02:36 - INFO -         [TRAINABLE] paligemma_with_expert.paligemma.model.vision_tower.vision_model.encoder.layers.11.self_attn.k_proj.weight (shape: torch.Size([1152, 1152])) - (364794:train_csgo.py:825)
2025-12-17 14:02:36 - INFO -         [TRAINABLE] paligemma_with_expert.paligemma.model.vision_tower.vision_model.encoder.layers.11.self_attn.k_proj.bias (shape: torch.Size([1152])) - (364794:train_csgo.py:825)
2025-12-17 14:02:36 - INFO -         [TRAINABLE] paligemma_with_expert.paligemma.model.vision_tower.vision_model.encoder.layers.11.self_attn.v_proj.weight (shape: torch.Size([1152, 1152])) - (364794:train_csgo.py:825)
2025-12-17 14:02:36 - INFO -         [TRAINABLE] paligemma_with_expert.paligemma.model.vision_tower.vision_model.encoder.layers.11.self_attn.v_proj.bias (shape: torch.Size([1152])) - (364794:train_csgo.py:825)
2025-12-17 14:02:36 - INFO -         [TRAINABLE] paligemma_with_expert.paligemma.model.vision_tower.vision_model.encoder.layers.11.self_attn.q_proj.weight (shape: torch.Size([1152, 1152])) - (364794:train_csgo.py:825)
2025-12-17 14:02:36 - INFO -         [TRAINABLE] paligemma_with_expert.paligemma.model.vision_tower.vision_model.encoder.layers.11.self_attn.q_proj.bias (shape: torch.Size([1152])) - (364794:train_csgo.py:825)
2025-12-17 14:02:36 - INFO -         [TRAINABLE] paligemma_with_expert.paligemma.model.vision_tower.vision_model.encoder.layers.11.self_attn.out_proj.weight (shape: torch.Size([1152, 1152])) - (364794:train_csgo.py:825)
2025-12-17 14:02:36 - INFO -         [TRAINABLE] paligemma_with_expert.paligemma.model.vision_tower.vision_model.encoder.layers.11.self_attn.out_proj.bias (shape: torch.Size([1152])) - (364794:train_csgo.py:825)
2025-12-17 14:02:36 - INFO -         [TRAINABLE] paligemma_with_expert.paligemma.model.vision_tower.vision_model.encoder.layers.11.layer_norm2.weight (shape: torch.Size([1152])) - (364794:train_csgo.py:825)
2025-12-17 14:02:36 - INFO -         [TRAINABLE] paligemma_with_expert.paligemma.model.vision_tower.vision_model.encoder.layers.11.layer_norm2.bias (shape: torch.Size([1152])) - (364794:train_csgo.py:825)
2025-12-17 14:02:36 - INFO -         [TRAINABLE] paligemma_with_expert.paligemma.model.vision_tower.vision_model.encoder.layers.11.mlp.fc1.weight (shape: torch.Size([4304, 1152])) - (364794:train_csgo.py:825)
2025-12-17 14:02:36 - INFO -         [TRAINABLE] paligemma_with_expert.paligemma.model.vision_tower.vision_model.encoder.layers.11.mlp.fc1.bias (shape: torch.Size([4304])) - (364794:train_csgo.py:825)
2025-12-17 14:02:36 - INFO -         [TRAINABLE] paligemma_with_expert.paligemma.model.vision_tower.vision_model.encoder.layers.11.mlp.fc2.weight (shape: torch.Size([1152, 4304])) - (364794:train_csgo.py:825)
2025-12-17 14:02:36 - INFO -         [TRAINABLE] paligemma_with_expert.paligemma.model.vision_tower.vision_model.encoder.layers.11.mlp.fc2.bias (shape: torch.Size([1152])) - (364794:train_csgo.py:825)
2025-12-17 14:02:36 - INFO -         [TRAINABLE] paligemma_with_expert.paligemma.model.vision_tower.vision_model.encoder.layers.12.layer_norm1.weight (shape: torch.Size([1152])) - (364794:train_csgo.py:825)
2025-12-17 14:02:36 - INFO -         [TRAINABLE] paligemma_with_expert.paligemma.model.vision_tower.vision_model.encoder.layers.12.layer_norm1.bias (shape: torch.Size([1152])) - (364794:train_csgo.py:825)
2025-12-17 14:02:36 - INFO -         [TRAINABLE] paligemma_with_expert.paligemma.model.vision_tower.vision_model.encoder.layers.12.self_attn.k_proj.weight (shape: torch.Size([1152, 1152])) - (364794:train_csgo.py:825)
2025-12-17 14:02:36 - INFO -         [TRAINABLE] paligemma_with_expert.paligemma.model.vision_tower.vision_model.encoder.layers.12.self_attn.k_proj.bias (shape: torch.Size([1152])) - (364794:train_csgo.py:825)
2025-12-17 14:02:36 - INFO -         [TRAINABLE] paligemma_with_expert.paligemma.model.vision_tower.vision_model.encoder.layers.12.self_attn.v_proj.weight (shape: torch.Size([1152, 1152])) - (364794:train_csgo.py:825)
2025-12-17 14:02:36 - INFO -         [TRAINABLE] paligemma_with_expert.paligemma.model.vision_tower.vision_model.encoder.layers.12.self_attn.v_proj.bias (shape: torch.Size([1152])) - (364794:train_csgo.py:825)
2025-12-17 14:02:36 - INFO -         [TRAINABLE] paligemma_with_expert.paligemma.model.vision_tower.vision_model.encoder.layers.12.self_attn.q_proj.weight (shape: torch.Size([1152, 1152])) - (364794:train_csgo.py:825)
2025-12-17 14:02:36 - INFO -         [TRAINABLE] paligemma_with_expert.paligemma.model.vision_tower.vision_model.encoder.layers.12.self_attn.q_proj.bias (shape: torch.Size([1152])) - (364794:train_csgo.py:825)
2025-12-17 14:02:36 - INFO -         [TRAINABLE] paligemma_with_expert.paligemma.model.vision_tower.vision_model.encoder.layers.12.self_attn.out_proj.weight (shape: torch.Size([1152, 1152])) - (364794:train_csgo.py:825)
2025-12-17 14:02:36 - INFO -         [TRAINABLE] paligemma_with_expert.paligemma.model.vision_tower.vision_model.encoder.layers.12.self_attn.out_proj.bias (shape: torch.Size([1152])) - (364794:train_csgo.py:825)
2025-12-17 14:02:36 - INFO -         [TRAINABLE] paligemma_with_expert.paligemma.model.vision_tower.vision_model.encoder.layers.12.layer_norm2.weight (shape: torch.Size([1152])) - (364794:train_csgo.py:825)
2025-12-17 14:02:36 - INFO -         [TRAINABLE] paligemma_with_expert.paligemma.model.vision_tower.vision_model.encoder.layers.12.layer_norm2.bias (shape: torch.Size([1152])) - (364794:train_csgo.py:825)
2025-12-17 14:02:36 - INFO -         [TRAINABLE] paligemma_with_expert.paligemma.model.vision_tower.vision_model.encoder.layers.12.mlp.fc1.weight (shape: torch.Size([4304, 1152])) - (364794:train_csgo.py:825)
2025-12-17 14:02:36 - INFO -         [TRAINABLE] paligemma_with_expert.paligemma.model.vision_tower.vision_model.encoder.layers.12.mlp.fc1.bias (shape: torch.Size([4304])) - (364794:train_csgo.py:825)
2025-12-17 14:02:36 - INFO -         [TRAINABLE] paligemma_with_expert.paligemma.model.vision_tower.vision_model.encoder.layers.12.mlp.fc2.weight (shape: torch.Size([1152, 4304])) - (364794:train_csgo.py:825)
2025-12-17 14:02:36 - INFO -         [TRAINABLE] paligemma_with_expert.paligemma.model.vision_tower.vision_model.encoder.layers.12.mlp.fc2.bias (shape: torch.Size([1152])) - (364794:train_csgo.py:825)
2025-12-17 14:02:36 - INFO -         [TRAINABLE] paligemma_with_expert.paligemma.model.vision_tower.vision_model.encoder.layers.13.layer_norm1.weight (shape: torch.Size([1152])) - (364794:train_csgo.py:825)
2025-12-17 14:02:36 - INFO -         [TRAINABLE] paligemma_with_expert.paligemma.model.vision_tower.vision_model.encoder.layers.13.layer_norm1.bias (shape: torch.Size([1152])) - (364794:train_csgo.py:825)
2025-12-17 14:02:36 - INFO -         [TRAINABLE] paligemma_with_expert.paligemma.model.vision_tower.vision_model.encoder.layers.13.self_attn.k_proj.weight (shape: torch.Size([1152, 1152])) - (364794:train_csgo.py:825)
2025-12-17 14:02:36 - INFO -         [TRAINABLE] paligemma_with_expert.paligemma.model.vision_tower.vision_model.encoder.layers.13.self_attn.k_proj.bias (shape: torch.Size([1152])) - (364794:train_csgo.py:825)
2025-12-17 14:02:36 - INFO -         [TRAINABLE] paligemma_with_expert.paligemma.model.vision_tower.vision_model.encoder.layers.13.self_attn.v_proj.weight (shape: torch.Size([1152, 1152])) - (364794:train_csgo.py:825)
2025-12-17 14:02:36 - INFO -         [TRAINABLE] paligemma_with_expert.paligemma.model.vision_tower.vision_model.encoder.layers.13.self_attn.v_proj.bias (shape: torch.Size([1152])) - (364794:train_csgo.py:825)
2025-12-17 14:02:36 - INFO -         [TRAINABLE] paligemma_with_expert.paligemma.model.vision_tower.vision_model.encoder.layers.13.self_attn.q_proj.weight (shape: torch.Size([1152, 1152])) - (364794:train_csgo.py:825)
2025-12-17 14:02:36 - INFO -         [TRAINABLE] paligemma_with_expert.paligemma.model.vision_tower.vision_model.encoder.layers.13.self_attn.q_proj.bias (shape: torch.Size([1152])) - (364794:train_csgo.py:825)
2025-12-17 14:02:36 - INFO -         [TRAINABLE] paligemma_with_expert.paligemma.model.vision_tower.vision_model.encoder.layers.13.self_attn.out_proj.weight (shape: torch.Size([1152, 1152])) - (364794:train_csgo.py:825)
2025-12-17 14:02:36 - INFO -         [TRAINABLE] paligemma_with_expert.paligemma.model.vision_tower.vision_model.encoder.layers.13.self_attn.out_proj.bias (shape: torch.Size([1152])) - (364794:train_csgo.py:825)
2025-12-17 14:02:36 - INFO -         [TRAINABLE] paligemma_with_expert.paligemma.model.vision_tower.vision_model.encoder.layers.13.layer_norm2.weight (shape: torch.Size([1152])) - (364794:train_csgo.py:825)
2025-12-17 14:02:36 - INFO -         [TRAINABLE] paligemma_with_expert.paligemma.model.vision_tower.vision_model.encoder.layers.13.layer_norm2.bias (shape: torch.Size([1152])) - (364794:train_csgo.py:825)
2025-12-17 14:02:36 - INFO -         [TRAINABLE] paligemma_with_expert.paligemma.model.vision_tower.vision_model.encoder.layers.13.mlp.fc1.weight (shape: torch.Size([4304, 1152])) - (364794:train_csgo.py:825)
2025-12-17 14:02:36 - INFO -         [TRAINABLE] paligemma_with_expert.paligemma.model.vision_tower.vision_model.encoder.layers.13.mlp.fc1.bias (shape: torch.Size([4304])) - (364794:train_csgo.py:825)
2025-12-17 14:02:36 - INFO -         [TRAINABLE] paligemma_with_expert.paligemma.model.vision_tower.vision_model.encoder.layers.13.mlp.fc2.weight (shape: torch.Size([1152, 4304])) - (364794:train_csgo.py:825)
2025-12-17 14:02:36 - INFO -         [TRAINABLE] paligemma_with_expert.paligemma.model.vision_tower.vision_model.encoder.layers.13.mlp.fc2.bias (shape: torch.Size([1152])) - (364794:train_csgo.py:825)
2025-12-17 14:02:36 - INFO -         [TRAINABLE] paligemma_with_expert.paligemma.model.vision_tower.vision_model.encoder.layers.14.layer_norm1.weight (shape: torch.Size([1152])) - (364794:train_csgo.py:825)
2025-12-17 14:02:36 - INFO -         [TRAINABLE] paligemma_with_expert.paligemma.model.vision_tower.vision_model.encoder.layers.14.layer_norm1.bias (shape: torch.Size([1152])) - (364794:train_csgo.py:825)
2025-12-17 14:02:36 - INFO -         [TRAINABLE] paligemma_with_expert.paligemma.model.vision_tower.vision_model.encoder.layers.14.self_attn.k_proj.weight (shape: torch.Size([1152, 1152])) - (364794:train_csgo.py:825)
2025-12-17 14:02:36 - INFO -         [TRAINABLE] paligemma_with_expert.paligemma.model.vision_tower.vision_model.encoder.layers.14.self_attn.k_proj.bias (shape: torch.Size([1152])) - (364794:train_csgo.py:825)
2025-12-17 14:02:36 - INFO -         [TRAINABLE] paligemma_with_expert.paligemma.model.vision_tower.vision_model.encoder.layers.14.self_attn.v_proj.weight (shape: torch.Size([1152, 1152])) - (364794:train_csgo.py:825)
2025-12-17 14:02:36 - INFO -         [TRAINABLE] paligemma_with_expert.paligemma.model.vision_tower.vision_model.encoder.layers.14.self_attn.v_proj.bias (shape: torch.Size([1152])) - (364794:train_csgo.py:825)
2025-12-17 14:02:36 - INFO -         [TRAINABLE] paligemma_with_expert.paligemma.model.vision_tower.vision_model.encoder.layers.14.self_attn.q_proj.weight (shape: torch.Size([1152, 1152])) - (364794:train_csgo.py:825)
2025-12-17 14:02:36 - INFO -         [TRAINABLE] paligemma_with_expert.paligemma.model.vision_tower.vision_model.encoder.layers.14.self_attn.q_proj.bias (shape: torch.Size([1152])) - (364794:train_csgo.py:825)
2025-12-17 14:02:36 - INFO -         [TRAINABLE] paligemma_with_expert.paligemma.model.vision_tower.vision_model.encoder.layers.14.self_attn.out_proj.weight (shape: torch.Size([1152, 1152])) - (364794:train_csgo.py:825)
2025-12-17 14:02:36 - INFO -         [TRAINABLE] paligemma_with_expert.paligemma.model.vision_tower.vision_model.encoder.layers.14.self_attn.out_proj.bias (shape: torch.Size([1152])) - (364794:train_csgo.py:825)
2025-12-17 14:02:36 - INFO -         [TRAINABLE] paligemma_with_expert.paligemma.model.vision_tower.vision_model.encoder.layers.14.layer_norm2.weight (shape: torch.Size([1152])) - (364794:train_csgo.py:825)
2025-12-17 14:02:36 - INFO -         [TRAINABLE] paligemma_with_expert.paligemma.model.vision_tower.vision_model.encoder.layers.14.layer_norm2.bias (shape: torch.Size([1152])) - (364794:train_csgo.py:825)
2025-12-17 14:02:36 - INFO -         [TRAINABLE] paligemma_with_expert.paligemma.model.vision_tower.vision_model.encoder.layers.14.mlp.fc1.weight (shape: torch.Size([4304, 1152])) - (364794:train_csgo.py:825)
2025-12-17 14:02:36 - INFO -         [TRAINABLE] paligemma_with_expert.paligemma.model.vision_tower.vision_model.encoder.layers.14.mlp.fc1.bias (shape: torch.Size([4304])) - (364794:train_csgo.py:825)
2025-12-17 14:02:36 - INFO -         [TRAINABLE] paligemma_with_expert.paligemma.model.vision_tower.vision_model.encoder.layers.14.mlp.fc2.weight (shape: torch.Size([1152, 4304])) - (364794:train_csgo.py:825)
2025-12-17 14:02:36 - INFO -         [TRAINABLE] paligemma_with_expert.paligemma.model.vision_tower.vision_model.encoder.layers.14.mlp.fc2.bias (shape: torch.Size([1152])) - (364794:train_csgo.py:825)
2025-12-17 14:02:36 - INFO -         [TRAINABLE] paligemma_with_expert.paligemma.model.vision_tower.vision_model.encoder.layers.15.layer_norm1.weight (shape: torch.Size([1152])) - (364794:train_csgo.py:825)
2025-12-17 14:02:36 - INFO -         [TRAINABLE] paligemma_with_expert.paligemma.model.vision_tower.vision_model.encoder.layers.15.layer_norm1.bias (shape: torch.Size([1152])) - (364794:train_csgo.py:825)
2025-12-17 14:02:36 - INFO -         [TRAINABLE] paligemma_with_expert.paligemma.model.vision_tower.vision_model.encoder.layers.15.self_attn.k_proj.weight (shape: torch.Size([1152, 1152])) - (364794:train_csgo.py:825)
2025-12-17 14:02:36 - INFO -         [TRAINABLE] paligemma_with_expert.paligemma.model.vision_tower.vision_model.encoder.layers.15.self_attn.k_proj.bias (shape: torch.Size([1152])) - (364794:train_csgo.py:825)
2025-12-17 14:02:36 - INFO -         [TRAINABLE] paligemma_with_expert.paligemma.model.vision_tower.vision_model.encoder.layers.15.self_attn.v_proj.weight (shape: torch.Size([1152, 1152])) - (364794:train_csgo.py:825)
2025-12-17 14:02:36 - INFO -         [TRAINABLE] paligemma_with_expert.paligemma.model.vision_tower.vision_model.encoder.layers.15.self_attn.v_proj.bias (shape: torch.Size([1152])) - (364794:train_csgo.py:825)
2025-12-17 14:02:36 - INFO -         [TRAINABLE] paligemma_with_expert.paligemma.model.vision_tower.vision_model.encoder.layers.15.self_attn.q_proj.weight (shape: torch.Size([1152, 1152])) - (364794:train_csgo.py:825)
2025-12-17 14:02:36 - INFO -         [TRAINABLE] paligemma_with_expert.paligemma.model.vision_tower.vision_model.encoder.layers.15.self_attn.q_proj.bias (shape: torch.Size([1152])) - (364794:train_csgo.py:825)
2025-12-17 14:02:36 - INFO -         [TRAINABLE] paligemma_with_expert.paligemma.model.vision_tower.vision_model.encoder.layers.15.self_attn.out_proj.weight (shape: torch.Size([1152, 1152])) - (364794:train_csgo.py:825)
2025-12-17 14:02:36 - INFO -         [TRAINABLE] paligemma_with_expert.paligemma.model.vision_tower.vision_model.encoder.layers.15.self_attn.out_proj.bias (shape: torch.Size([1152])) - (364794:train_csgo.py:825)
2025-12-17 14:02:36 - INFO -         [TRAINABLE] paligemma_with_expert.paligemma.model.vision_tower.vision_model.encoder.layers.15.layer_norm2.weight (shape: torch.Size([1152])) - (364794:train_csgo.py:825)
2025-12-17 14:02:36 - INFO -         [TRAINABLE] paligemma_with_expert.paligemma.model.vision_tower.vision_model.encoder.layers.15.layer_norm2.bias (shape: torch.Size([1152])) - (364794:train_csgo.py:825)
2025-12-17 14:02:36 - INFO -         [TRAINABLE] paligemma_with_expert.paligemma.model.vision_tower.vision_model.encoder.layers.15.mlp.fc1.weight (shape: torch.Size([4304, 1152])) - (364794:train_csgo.py:825)
2025-12-17 14:02:36 - INFO -         [TRAINABLE] paligemma_with_expert.paligemma.model.vision_tower.vision_model.encoder.layers.15.mlp.fc1.bias (shape: torch.Size([4304])) - (364794:train_csgo.py:825)
2025-12-17 14:02:36 - INFO -         [TRAINABLE] paligemma_with_expert.paligemma.model.vision_tower.vision_model.encoder.layers.15.mlp.fc2.weight (shape: torch.Size([1152, 4304])) - (364794:train_csgo.py:825)
2025-12-17 14:02:36 - INFO -         [TRAINABLE] paligemma_with_expert.paligemma.model.vision_tower.vision_model.encoder.layers.15.mlp.fc2.bias (shape: torch.Size([1152])) - (364794:train_csgo.py:825)
2025-12-17 14:02:36 - INFO -         [TRAINABLE] paligemma_with_expert.paligemma.model.vision_tower.vision_model.encoder.layers.16.layer_norm1.weight (shape: torch.Size([1152])) - (364794:train_csgo.py:825)
2025-12-17 14:02:36 - INFO -         [TRAINABLE] paligemma_with_expert.paligemma.model.vision_tower.vision_model.encoder.layers.16.layer_norm1.bias (shape: torch.Size([1152])) - (364794:train_csgo.py:825)
2025-12-17 14:02:36 - INFO -         [TRAINABLE] paligemma_with_expert.paligemma.model.vision_tower.vision_model.encoder.layers.16.self_attn.k_proj.weight (shape: torch.Size([1152, 1152])) - (364794:train_csgo.py:825)
2025-12-17 14:02:36 - INFO -         [TRAINABLE] paligemma_with_expert.paligemma.model.vision_tower.vision_model.encoder.layers.16.self_attn.k_proj.bias (shape: torch.Size([1152])) - (364794:train_csgo.py:825)
2025-12-17 14:02:36 - INFO -         [TRAINABLE] paligemma_with_expert.paligemma.model.vision_tower.vision_model.encoder.layers.16.self_attn.v_proj.weight (shape: torch.Size([1152, 1152])) - (364794:train_csgo.py:825)
2025-12-17 14:02:36 - INFO -         [TRAINABLE] paligemma_with_expert.paligemma.model.vision_tower.vision_model.encoder.layers.16.self_attn.v_proj.bias (shape: torch.Size([1152])) - (364794:train_csgo.py:825)
2025-12-17 14:02:36 - INFO -         [TRAINABLE] paligemma_with_expert.paligemma.model.vision_tower.vision_model.encoder.layers.16.self_attn.q_proj.weight (shape: torch.Size([1152, 1152])) - (364794:train_csgo.py:825)
2025-12-17 14:02:36 - INFO -         [TRAINABLE] paligemma_with_expert.paligemma.model.vision_tower.vision_model.encoder.layers.16.self_attn.q_proj.bias (shape: torch.Size([1152])) - (364794:train_csgo.py:825)
2025-12-17 14:02:36 - INFO -         [TRAINABLE] paligemma_with_expert.paligemma.model.vision_tower.vision_model.encoder.layers.16.self_attn.out_proj.weight (shape: torch.Size([1152, 1152])) - (364794:train_csgo.py:825)
2025-12-17 14:02:36 - INFO -         [TRAINABLE] paligemma_with_expert.paligemma.model.vision_tower.vision_model.encoder.layers.16.self_attn.out_proj.bias (shape: torch.Size([1152])) - (364794:train_csgo.py:825)
2025-12-17 14:02:36 - INFO -         [TRAINABLE] paligemma_with_expert.paligemma.model.vision_tower.vision_model.encoder.layers.16.layer_norm2.weight (shape: torch.Size([1152])) - (364794:train_csgo.py:825)
2025-12-17 14:02:36 - INFO -         [TRAINABLE] paligemma_with_expert.paligemma.model.vision_tower.vision_model.encoder.layers.16.layer_norm2.bias (shape: torch.Size([1152])) - (364794:train_csgo.py:825)
2025-12-17 14:02:36 - INFO -         [TRAINABLE] paligemma_with_expert.paligemma.model.vision_tower.vision_model.encoder.layers.16.mlp.fc1.weight (shape: torch.Size([4304, 1152])) - (364794:train_csgo.py:825)
2025-12-17 14:02:36 - INFO -         [TRAINABLE] paligemma_with_expert.paligemma.model.vision_tower.vision_model.encoder.layers.16.mlp.fc1.bias (shape: torch.Size([4304])) - (364794:train_csgo.py:825)
2025-12-17 14:02:36 - INFO -         [TRAINABLE] paligemma_with_expert.paligemma.model.vision_tower.vision_model.encoder.layers.16.mlp.fc2.weight (shape: torch.Size([1152, 4304])) - (364794:train_csgo.py:825)
2025-12-17 14:02:36 - INFO -         [TRAINABLE] paligemma_with_expert.paligemma.model.vision_tower.vision_model.encoder.layers.16.mlp.fc2.bias (shape: torch.Size([1152])) - (364794:train_csgo.py:825)
2025-12-17 14:02:36 - INFO -         [TRAINABLE] paligemma_with_expert.paligemma.model.vision_tower.vision_model.encoder.layers.17.layer_norm1.weight (shape: torch.Size([1152])) - (364794:train_csgo.py:825)
2025-12-17 14:02:36 - INFO -         [TRAINABLE] paligemma_with_expert.paligemma.model.vision_tower.vision_model.encoder.layers.17.layer_norm1.bias (shape: torch.Size([1152])) - (364794:train_csgo.py:825)
2025-12-17 14:02:36 - INFO -         [TRAINABLE] paligemma_with_expert.paligemma.model.vision_tower.vision_model.encoder.layers.17.self_attn.k_proj.weight (shape: torch.Size([1152, 1152])) - (364794:train_csgo.py:825)
2025-12-17 14:02:36 - INFO -         [TRAINABLE] paligemma_with_expert.paligemma.model.vision_tower.vision_model.encoder.layers.17.self_attn.k_proj.bias (shape: torch.Size([1152])) - (364794:train_csgo.py:825)
2025-12-17 14:02:36 - INFO -         [TRAINABLE] paligemma_with_expert.paligemma.model.vision_tower.vision_model.encoder.layers.17.self_attn.v_proj.weight (shape: torch.Size([1152, 1152])) - (364794:train_csgo.py:825)
2025-12-17 14:02:36 - INFO -         [TRAINABLE] paligemma_with_expert.paligemma.model.vision_tower.vision_model.encoder.layers.17.self_attn.v_proj.bias (shape: torch.Size([1152])) - (364794:train_csgo.py:825)
2025-12-17 14:02:36 - INFO -         [TRAINABLE] paligemma_with_expert.paligemma.model.vision_tower.vision_model.encoder.layers.17.self_attn.q_proj.weight (shape: torch.Size([1152, 1152])) - (364794:train_csgo.py:825)
2025-12-17 14:02:36 - INFO -         [TRAINABLE] paligemma_with_expert.paligemma.model.vision_tower.vision_model.encoder.layers.17.self_attn.q_proj.bias (shape: torch.Size([1152])) - (364794:train_csgo.py:825)
2025-12-17 14:02:36 - INFO -         [TRAINABLE] paligemma_with_expert.paligemma.model.vision_tower.vision_model.encoder.layers.17.self_attn.out_proj.weight (shape: torch.Size([1152, 1152])) - (364794:train_csgo.py:825)
2025-12-17 14:02:36 - INFO -         [TRAINABLE] paligemma_with_expert.paligemma.model.vision_tower.vision_model.encoder.layers.17.self_attn.out_proj.bias (shape: torch.Size([1152])) - (364794:train_csgo.py:825)
2025-12-17 14:02:36 - INFO -         [TRAINABLE] paligemma_with_expert.paligemma.model.vision_tower.vision_model.encoder.layers.17.layer_norm2.weight (shape: torch.Size([1152])) - (364794:train_csgo.py:825)
2025-12-17 14:02:36 - INFO -         [TRAINABLE] paligemma_with_expert.paligemma.model.vision_tower.vision_model.encoder.layers.17.layer_norm2.bias (shape: torch.Size([1152])) - (364794:train_csgo.py:825)
2025-12-17 14:02:36 - INFO -         [TRAINABLE] paligemma_with_expert.paligemma.model.vision_tower.vision_model.encoder.layers.17.mlp.fc1.weight (shape: torch.Size([4304, 1152])) - (364794:train_csgo.py:825)
2025-12-17 14:02:36 - INFO -         [TRAINABLE] paligemma_with_expert.paligemma.model.vision_tower.vision_model.encoder.layers.17.mlp.fc1.bias (shape: torch.Size([4304])) - (364794:train_csgo.py:825)
2025-12-17 14:02:36 - INFO -         [TRAINABLE] paligemma_with_expert.paligemma.model.vision_tower.vision_model.encoder.layers.17.mlp.fc2.weight (shape: torch.Size([1152, 4304])) - (364794:train_csgo.py:825)
2025-12-17 14:02:36 - INFO -         [TRAINABLE] paligemma_with_expert.paligemma.model.vision_tower.vision_model.encoder.layers.17.mlp.fc2.bias (shape: torch.Size([1152])) - (364794:train_csgo.py:825)
2025-12-17 14:02:36 - INFO -         [TRAINABLE] paligemma_with_expert.paligemma.model.vision_tower.vision_model.encoder.layers.18.layer_norm1.weight (shape: torch.Size([1152])) - (364794:train_csgo.py:825)
2025-12-17 14:02:36 - INFO -         [TRAINABLE] paligemma_with_expert.paligemma.model.vision_tower.vision_model.encoder.layers.18.layer_norm1.bias (shape: torch.Size([1152])) - (364794:train_csgo.py:825)
2025-12-17 14:02:36 - INFO -         [TRAINABLE] paligemma_with_expert.paligemma.model.vision_tower.vision_model.encoder.layers.18.self_attn.k_proj.weight (shape: torch.Size([1152, 1152])) - (364794:train_csgo.py:825)
2025-12-17 14:02:36 - INFO -         [TRAINABLE] paligemma_with_expert.paligemma.model.vision_tower.vision_model.encoder.layers.18.self_attn.k_proj.bias (shape: torch.Size([1152])) - (364794:train_csgo.py:825)
2025-12-17 14:02:36 - INFO -         [TRAINABLE] paligemma_with_expert.paligemma.model.vision_tower.vision_model.encoder.layers.18.self_attn.v_proj.weight (shape: torch.Size([1152, 1152])) - (364794:train_csgo.py:825)
2025-12-17 14:02:36 - INFO -         [TRAINABLE] paligemma_with_expert.paligemma.model.vision_tower.vision_model.encoder.layers.18.self_attn.v_proj.bias (shape: torch.Size([1152])) - (364794:train_csgo.py:825)
2025-12-17 14:02:36 - INFO -         [TRAINABLE] paligemma_with_expert.paligemma.model.vision_tower.vision_model.encoder.layers.18.self_attn.q_proj.weight (shape: torch.Size([1152, 1152])) - (364794:train_csgo.py:825)
2025-12-17 14:02:36 - INFO -         [TRAINABLE] paligemma_with_expert.paligemma.model.vision_tower.vision_model.encoder.layers.18.self_attn.q_proj.bias (shape: torch.Size([1152])) - (364794:train_csgo.py:825)
2025-12-17 14:02:36 - INFO -         [TRAINABLE] paligemma_with_expert.paligemma.model.vision_tower.vision_model.encoder.layers.18.self_attn.out_proj.weight (shape: torch.Size([1152, 1152])) - (364794:train_csgo.py:825)
2025-12-17 14:02:36 - INFO -         [TRAINABLE] paligemma_with_expert.paligemma.model.vision_tower.vision_model.encoder.layers.18.self_attn.out_proj.bias (shape: torch.Size([1152])) - (364794:train_csgo.py:825)
2025-12-17 14:02:36 - INFO -         [TRAINABLE] paligemma_with_expert.paligemma.model.vision_tower.vision_model.encoder.layers.18.layer_norm2.weight (shape: torch.Size([1152])) - (364794:train_csgo.py:825)
2025-12-17 14:02:36 - INFO -         [TRAINABLE] paligemma_with_expert.paligemma.model.vision_tower.vision_model.encoder.layers.18.layer_norm2.bias (shape: torch.Size([1152])) - (364794:train_csgo.py:825)
2025-12-17 14:02:36 - INFO -         [TRAINABLE] paligemma_with_expert.paligemma.model.vision_tower.vision_model.encoder.layers.18.mlp.fc1.weight (shape: torch.Size([4304, 1152])) - (364794:train_csgo.py:825)
2025-12-17 14:02:36 - INFO -         [TRAINABLE] paligemma_with_expert.paligemma.model.vision_tower.vision_model.encoder.layers.18.mlp.fc1.bias (shape: torch.Size([4304])) - (364794:train_csgo.py:825)
2025-12-17 14:02:36 - INFO -         [TRAINABLE] paligemma_with_expert.paligemma.model.vision_tower.vision_model.encoder.layers.18.mlp.fc2.weight (shape: torch.Size([1152, 4304])) - (364794:train_csgo.py:825)
2025-12-17 14:02:36 - INFO -         [TRAINABLE] paligemma_with_expert.paligemma.model.vision_tower.vision_model.encoder.layers.18.mlp.fc2.bias (shape: torch.Size([1152])) - (364794:train_csgo.py:825)
2025-12-17 14:02:36 - INFO -         [TRAINABLE] paligemma_with_expert.paligemma.model.vision_tower.vision_model.encoder.layers.19.layer_norm1.weight (shape: torch.Size([1152])) - (364794:train_csgo.py:825)
2025-12-17 14:02:36 - INFO -         [TRAINABLE] paligemma_with_expert.paligemma.model.vision_tower.vision_model.encoder.layers.19.layer_norm1.bias (shape: torch.Size([1152])) - (364794:train_csgo.py:825)
2025-12-17 14:02:36 - INFO -         [TRAINABLE] paligemma_with_expert.paligemma.model.vision_tower.vision_model.encoder.layers.19.self_attn.k_proj.weight (shape: torch.Size([1152, 1152])) - (364794:train_csgo.py:825)
2025-12-17 14:02:36 - INFO -         [TRAINABLE] paligemma_with_expert.paligemma.model.vision_tower.vision_model.encoder.layers.19.self_attn.k_proj.bias (shape: torch.Size([1152])) - (364794:train_csgo.py:825)
2025-12-17 14:02:36 - INFO -         [TRAINABLE] paligemma_with_expert.paligemma.model.vision_tower.vision_model.encoder.layers.19.self_attn.v_proj.weight (shape: torch.Size([1152, 1152])) - (364794:train_csgo.py:825)
2025-12-17 14:02:36 - INFO -         [TRAINABLE] paligemma_with_expert.paligemma.model.vision_tower.vision_model.encoder.layers.19.self_attn.v_proj.bias (shape: torch.Size([1152])) - (364794:train_csgo.py:825)
2025-12-17 14:02:36 - INFO -         [TRAINABLE] paligemma_with_expert.paligemma.model.vision_tower.vision_model.encoder.layers.19.self_attn.q_proj.weight (shape: torch.Size([1152, 1152])) - (364794:train_csgo.py:825)
2025-12-17 14:02:36 - INFO -         [TRAINABLE] paligemma_with_expert.paligemma.model.vision_tower.vision_model.encoder.layers.19.self_attn.q_proj.bias (shape: torch.Size([1152])) - (364794:train_csgo.py:825)
2025-12-17 14:02:36 - INFO -         [TRAINABLE] paligemma_with_expert.paligemma.model.vision_tower.vision_model.encoder.layers.19.self_attn.out_proj.weight (shape: torch.Size([1152, 1152])) - (364794:train_csgo.py:825)
2025-12-17 14:02:36 - INFO -         [TRAINABLE] paligemma_with_expert.paligemma.model.vision_tower.vision_model.encoder.layers.19.self_attn.out_proj.bias (shape: torch.Size([1152])) - (364794:train_csgo.py:825)
2025-12-17 14:02:36 - INFO -         [TRAINABLE] paligemma_with_expert.paligemma.model.vision_tower.vision_model.encoder.layers.19.layer_norm2.weight (shape: torch.Size([1152])) - (364794:train_csgo.py:825)
2025-12-17 14:02:36 - INFO -         [TRAINABLE] paligemma_with_expert.paligemma.model.vision_tower.vision_model.encoder.layers.19.layer_norm2.bias (shape: torch.Size([1152])) - (364794:train_csgo.py:825)
2025-12-17 14:02:36 - INFO -         [TRAINABLE] paligemma_with_expert.paligemma.model.vision_tower.vision_model.encoder.layers.19.mlp.fc1.weight (shape: torch.Size([4304, 1152])) - (364794:train_csgo.py:825)
2025-12-17 14:02:36 - INFO -         [TRAINABLE] paligemma_with_expert.paligemma.model.vision_tower.vision_model.encoder.layers.19.mlp.fc1.bias (shape: torch.Size([4304])) - (364794:train_csgo.py:825)
2025-12-17 14:02:36 - INFO -         [TRAINABLE] paligemma_with_expert.paligemma.model.vision_tower.vision_model.encoder.layers.19.mlp.fc2.weight (shape: torch.Size([1152, 4304])) - (364794:train_csgo.py:825)
2025-12-17 14:02:36 - INFO -         [TRAINABLE] paligemma_with_expert.paligemma.model.vision_tower.vision_model.encoder.layers.19.mlp.fc2.bias (shape: torch.Size([1152])) - (364794:train_csgo.py:825)
2025-12-17 14:02:36 - INFO -         [TRAINABLE] paligemma_with_expert.paligemma.model.vision_tower.vision_model.encoder.layers.20.layer_norm1.weight (shape: torch.Size([1152])) - (364794:train_csgo.py:825)
2025-12-17 14:02:36 - INFO -         [TRAINABLE] paligemma_with_expert.paligemma.model.vision_tower.vision_model.encoder.layers.20.layer_norm1.bias (shape: torch.Size([1152])) - (364794:train_csgo.py:825)
2025-12-17 14:02:36 - INFO -         [TRAINABLE] paligemma_with_expert.paligemma.model.vision_tower.vision_model.encoder.layers.20.self_attn.k_proj.weight (shape: torch.Size([1152, 1152])) - (364794:train_csgo.py:825)
2025-12-17 14:02:36 - INFO -         [TRAINABLE] paligemma_with_expert.paligemma.model.vision_tower.vision_model.encoder.layers.20.self_attn.k_proj.bias (shape: torch.Size([1152])) - (364794:train_csgo.py:825)
2025-12-17 14:02:36 - INFO -         [TRAINABLE] paligemma_with_expert.paligemma.model.vision_tower.vision_model.encoder.layers.20.self_attn.v_proj.weight (shape: torch.Size([1152, 1152])) - (364794:train_csgo.py:825)
2025-12-17 14:02:36 - INFO -         [TRAINABLE] paligemma_with_expert.paligemma.model.vision_tower.vision_model.encoder.layers.20.self_attn.v_proj.bias (shape: torch.Size([1152])) - (364794:train_csgo.py:825)
2025-12-17 14:02:36 - INFO -         [TRAINABLE] paligemma_with_expert.paligemma.model.vision_tower.vision_model.encoder.layers.20.self_attn.q_proj.weight (shape: torch.Size([1152, 1152])) - (364794:train_csgo.py:825)
2025-12-17 14:02:36 - INFO -         [TRAINABLE] paligemma_with_expert.paligemma.model.vision_tower.vision_model.encoder.layers.20.self_attn.q_proj.bias (shape: torch.Size([1152])) - (364794:train_csgo.py:825)
2025-12-17 14:02:36 - INFO -         [TRAINABLE] paligemma_with_expert.paligemma.model.vision_tower.vision_model.encoder.layers.20.self_attn.out_proj.weight (shape: torch.Size([1152, 1152])) - (364794:train_csgo.py:825)
2025-12-17 14:02:36 - INFO -         [TRAINABLE] paligemma_with_expert.paligemma.model.vision_tower.vision_model.encoder.layers.20.self_attn.out_proj.bias (shape: torch.Size([1152])) - (364794:train_csgo.py:825)
2025-12-17 14:02:36 - INFO -         [TRAINABLE] paligemma_with_expert.paligemma.model.vision_tower.vision_model.encoder.layers.20.layer_norm2.weight (shape: torch.Size([1152])) - (364794:train_csgo.py:825)
2025-12-17 14:02:36 - INFO -         [TRAINABLE] paligemma_with_expert.paligemma.model.vision_tower.vision_model.encoder.layers.20.layer_norm2.bias (shape: torch.Size([1152])) - (364794:train_csgo.py:825)
2025-12-17 14:02:36 - INFO -         [TRAINABLE] paligemma_with_expert.paligemma.model.vision_tower.vision_model.encoder.layers.20.mlp.fc1.weight (shape: torch.Size([4304, 1152])) - (364794:train_csgo.py:825)
2025-12-17 14:02:36 - INFO -         [TRAINABLE] paligemma_with_expert.paligemma.model.vision_tower.vision_model.encoder.layers.20.mlp.fc1.bias (shape: torch.Size([4304])) - (364794:train_csgo.py:825)
2025-12-17 14:02:36 - INFO -         [TRAINABLE] paligemma_with_expert.paligemma.model.vision_tower.vision_model.encoder.layers.20.mlp.fc2.weight (shape: torch.Size([1152, 4304])) - (364794:train_csgo.py:825)
2025-12-17 14:02:36 - INFO -         [TRAINABLE] paligemma_with_expert.paligemma.model.vision_tower.vision_model.encoder.layers.20.mlp.fc2.bias (shape: torch.Size([1152])) - (364794:train_csgo.py:825)
2025-12-17 14:02:36 - INFO -         [TRAINABLE] paligemma_with_expert.paligemma.model.vision_tower.vision_model.encoder.layers.21.layer_norm1.weight (shape: torch.Size([1152])) - (364794:train_csgo.py:825)
2025-12-17 14:02:36 - INFO -         [TRAINABLE] paligemma_with_expert.paligemma.model.vision_tower.vision_model.encoder.layers.21.layer_norm1.bias (shape: torch.Size([1152])) - (364794:train_csgo.py:825)
2025-12-17 14:02:36 - INFO -         [TRAINABLE] paligemma_with_expert.paligemma.model.vision_tower.vision_model.encoder.layers.21.self_attn.k_proj.weight (shape: torch.Size([1152, 1152])) - (364794:train_csgo.py:825)
2025-12-17 14:02:36 - INFO -         [TRAINABLE] paligemma_with_expert.paligemma.model.vision_tower.vision_model.encoder.layers.21.self_attn.k_proj.bias (shape: torch.Size([1152])) - (364794:train_csgo.py:825)
2025-12-17 14:02:36 - INFO -         [TRAINABLE] paligemma_with_expert.paligemma.model.vision_tower.vision_model.encoder.layers.21.self_attn.v_proj.weight (shape: torch.Size([1152, 1152])) - (364794:train_csgo.py:825)
2025-12-17 14:02:36 - INFO -         [TRAINABLE] paligemma_with_expert.paligemma.model.vision_tower.vision_model.encoder.layers.21.self_attn.v_proj.bias (shape: torch.Size([1152])) - (364794:train_csgo.py:825)
2025-12-17 14:02:36 - INFO -         [TRAINABLE] paligemma_with_expert.paligemma.model.vision_tower.vision_model.encoder.layers.21.self_attn.q_proj.weight (shape: torch.Size([1152, 1152])) - (364794:train_csgo.py:825)
2025-12-17 14:02:36 - INFO -         [TRAINABLE] paligemma_with_expert.paligemma.model.vision_tower.vision_model.encoder.layers.21.self_attn.q_proj.bias (shape: torch.Size([1152])) - (364794:train_csgo.py:825)
2025-12-17 14:02:36 - INFO -         [TRAINABLE] paligemma_with_expert.paligemma.model.vision_tower.vision_model.encoder.layers.21.self_attn.out_proj.weight (shape: torch.Size([1152, 1152])) - (364794:train_csgo.py:825)
2025-12-17 14:02:36 - INFO -         [TRAINABLE] paligemma_with_expert.paligemma.model.vision_tower.vision_model.encoder.layers.21.self_attn.out_proj.bias (shape: torch.Size([1152])) - (364794:train_csgo.py:825)
2025-12-17 14:02:36 - INFO -         [TRAINABLE] paligemma_with_expert.paligemma.model.vision_tower.vision_model.encoder.layers.21.layer_norm2.weight (shape: torch.Size([1152])) - (364794:train_csgo.py:825)
2025-12-17 14:02:36 - INFO -         [TRAINABLE] paligemma_with_expert.paligemma.model.vision_tower.vision_model.encoder.layers.21.layer_norm2.bias (shape: torch.Size([1152])) - (364794:train_csgo.py:825)
2025-12-17 14:02:36 - INFO -         [TRAINABLE] paligemma_with_expert.paligemma.model.vision_tower.vision_model.encoder.layers.21.mlp.fc1.weight (shape: torch.Size([4304, 1152])) - (364794:train_csgo.py:825)
2025-12-17 14:02:36 - INFO -         [TRAINABLE] paligemma_with_expert.paligemma.model.vision_tower.vision_model.encoder.layers.21.mlp.fc1.bias (shape: torch.Size([4304])) - (364794:train_csgo.py:825)
2025-12-17 14:02:36 - INFO -         [TRAINABLE] paligemma_with_expert.paligemma.model.vision_tower.vision_model.encoder.layers.21.mlp.fc2.weight (shape: torch.Size([1152, 4304])) - (364794:train_csgo.py:825)
2025-12-17 14:02:36 - INFO -         [TRAINABLE] paligemma_with_expert.paligemma.model.vision_tower.vision_model.encoder.layers.21.mlp.fc2.bias (shape: torch.Size([1152])) - (364794:train_csgo.py:825)
2025-12-17 14:02:36 - INFO -         [TRAINABLE] paligemma_with_expert.paligemma.model.vision_tower.vision_model.encoder.layers.22.layer_norm1.weight (shape: torch.Size([1152])) - (364794:train_csgo.py:825)
2025-12-17 14:02:36 - INFO -         [TRAINABLE] paligemma_with_expert.paligemma.model.vision_tower.vision_model.encoder.layers.22.layer_norm1.bias (shape: torch.Size([1152])) - (364794:train_csgo.py:825)
2025-12-17 14:02:36 - INFO -         [TRAINABLE] paligemma_with_expert.paligemma.model.vision_tower.vision_model.encoder.layers.22.self_attn.k_proj.weight (shape: torch.Size([1152, 1152])) - (364794:train_csgo.py:825)
2025-12-17 14:02:36 - INFO -         [TRAINABLE] paligemma_with_expert.paligemma.model.vision_tower.vision_model.encoder.layers.22.self_attn.k_proj.bias (shape: torch.Size([1152])) - (364794:train_csgo.py:825)
2025-12-17 14:02:36 - INFO -         [TRAINABLE] paligemma_with_expert.paligemma.model.vision_tower.vision_model.encoder.layers.22.self_attn.v_proj.weight (shape: torch.Size([1152, 1152])) - (364794:train_csgo.py:825)
2025-12-17 14:02:36 - INFO -         [TRAINABLE] paligemma_with_expert.paligemma.model.vision_tower.vision_model.encoder.layers.22.self_attn.v_proj.bias (shape: torch.Size([1152])) - (364794:train_csgo.py:825)
2025-12-17 14:02:36 - INFO -         [TRAINABLE] paligemma_with_expert.paligemma.model.vision_tower.vision_model.encoder.layers.22.self_attn.q_proj.weight (shape: torch.Size([1152, 1152])) - (364794:train_csgo.py:825)
2025-12-17 14:02:36 - INFO -         [TRAINABLE] paligemma_with_expert.paligemma.model.vision_tower.vision_model.encoder.layers.22.self_attn.q_proj.bias (shape: torch.Size([1152])) - (364794:train_csgo.py:825)
2025-12-17 14:02:36 - INFO -         [TRAINABLE] paligemma_with_expert.paligemma.model.vision_tower.vision_model.encoder.layers.22.self_attn.out_proj.weight (shape: torch.Size([1152, 1152])) - (364794:train_csgo.py:825)
2025-12-17 14:02:36 - INFO -         [TRAINABLE] paligemma_with_expert.paligemma.model.vision_tower.vision_model.encoder.layers.22.self_attn.out_proj.bias (shape: torch.Size([1152])) - (364794:train_csgo.py:825)
2025-12-17 14:02:36 - INFO -         [TRAINABLE] paligemma_with_expert.paligemma.model.vision_tower.vision_model.encoder.layers.22.layer_norm2.weight (shape: torch.Size([1152])) - (364794:train_csgo.py:825)
2025-12-17 14:02:36 - INFO -         [TRAINABLE] paligemma_with_expert.paligemma.model.vision_tower.vision_model.encoder.layers.22.layer_norm2.bias (shape: torch.Size([1152])) - (364794:train_csgo.py:825)
2025-12-17 14:02:36 - INFO -         [TRAINABLE] paligemma_with_expert.paligemma.model.vision_tower.vision_model.encoder.layers.22.mlp.fc1.weight (shape: torch.Size([4304, 1152])) - (364794:train_csgo.py:825)
2025-12-17 14:02:36 - INFO -         [TRAINABLE] paligemma_with_expert.paligemma.model.vision_tower.vision_model.encoder.layers.22.mlp.fc1.bias (shape: torch.Size([4304])) - (364794:train_csgo.py:825)
2025-12-17 14:02:36 - INFO -         [TRAINABLE] paligemma_with_expert.paligemma.model.vision_tower.vision_model.encoder.layers.22.mlp.fc2.weight (shape: torch.Size([1152, 4304])) - (364794:train_csgo.py:825)
2025-12-17 14:02:36 - INFO -         [TRAINABLE] paligemma_with_expert.paligemma.model.vision_tower.vision_model.encoder.layers.22.mlp.fc2.bias (shape: torch.Size([1152])) - (364794:train_csgo.py:825)
2025-12-17 14:02:36 - INFO -         [TRAINABLE] paligemma_with_expert.paligemma.model.vision_tower.vision_model.encoder.layers.23.layer_norm1.weight (shape: torch.Size([1152])) - (364794:train_csgo.py:825)
2025-12-17 14:02:36 - INFO -         [TRAINABLE] paligemma_with_expert.paligemma.model.vision_tower.vision_model.encoder.layers.23.layer_norm1.bias (shape: torch.Size([1152])) - (364794:train_csgo.py:825)
2025-12-17 14:02:36 - INFO -         [TRAINABLE] paligemma_with_expert.paligemma.model.vision_tower.vision_model.encoder.layers.23.self_attn.k_proj.weight (shape: torch.Size([1152, 1152])) - (364794:train_csgo.py:825)
2025-12-17 14:02:36 - INFO -         [TRAINABLE] paligemma_with_expert.paligemma.model.vision_tower.vision_model.encoder.layers.23.self_attn.k_proj.bias (shape: torch.Size([1152])) - (364794:train_csgo.py:825)
2025-12-17 14:02:36 - INFO -         [TRAINABLE] paligemma_with_expert.paligemma.model.vision_tower.vision_model.encoder.layers.23.self_attn.v_proj.weight (shape: torch.Size([1152, 1152])) - (364794:train_csgo.py:825)
2025-12-17 14:02:36 - INFO -         [TRAINABLE] paligemma_with_expert.paligemma.model.vision_tower.vision_model.encoder.layers.23.self_attn.v_proj.bias (shape: torch.Size([1152])) - (364794:train_csgo.py:825)
2025-12-17 14:02:36 - INFO -         [TRAINABLE] paligemma_with_expert.paligemma.model.vision_tower.vision_model.encoder.layers.23.self_attn.q_proj.weight (shape: torch.Size([1152, 1152])) - (364794:train_csgo.py:825)
2025-12-17 14:02:36 - INFO -         [TRAINABLE] paligemma_with_expert.paligemma.model.vision_tower.vision_model.encoder.layers.23.self_attn.q_proj.bias (shape: torch.Size([1152])) - (364794:train_csgo.py:825)
2025-12-17 14:02:36 - INFO -         [TRAINABLE] paligemma_with_expert.paligemma.model.vision_tower.vision_model.encoder.layers.23.self_attn.out_proj.weight (shape: torch.Size([1152, 1152])) - (364794:train_csgo.py:825)
2025-12-17 14:02:36 - INFO -         [TRAINABLE] paligemma_with_expert.paligemma.model.vision_tower.vision_model.encoder.layers.23.self_attn.out_proj.bias (shape: torch.Size([1152])) - (364794:train_csgo.py:825)
2025-12-17 14:02:36 - INFO -         [TRAINABLE] paligemma_with_expert.paligemma.model.vision_tower.vision_model.encoder.layers.23.layer_norm2.weight (shape: torch.Size([1152])) - (364794:train_csgo.py:825)
2025-12-17 14:02:36 - INFO -         [TRAINABLE] paligemma_with_expert.paligemma.model.vision_tower.vision_model.encoder.layers.23.layer_norm2.bias (shape: torch.Size([1152])) - (364794:train_csgo.py:825)
2025-12-17 14:02:36 - INFO -         [TRAINABLE] paligemma_with_expert.paligemma.model.vision_tower.vision_model.encoder.layers.23.mlp.fc1.weight (shape: torch.Size([4304, 1152])) - (364794:train_csgo.py:825)
2025-12-17 14:02:36 - INFO -         [TRAINABLE] paligemma_with_expert.paligemma.model.vision_tower.vision_model.encoder.layers.23.mlp.fc1.bias (shape: torch.Size([4304])) - (364794:train_csgo.py:825)
2025-12-17 14:02:36 - INFO -         [TRAINABLE] paligemma_with_expert.paligemma.model.vision_tower.vision_model.encoder.layers.23.mlp.fc2.weight (shape: torch.Size([1152, 4304])) - (364794:train_csgo.py:825)
2025-12-17 14:02:36 - INFO -         [TRAINABLE] paligemma_with_expert.paligemma.model.vision_tower.vision_model.encoder.layers.23.mlp.fc2.bias (shape: torch.Size([1152])) - (364794:train_csgo.py:825)
2025-12-17 14:02:36 - INFO -         [TRAINABLE] paligemma_with_expert.paligemma.model.vision_tower.vision_model.encoder.layers.24.layer_norm1.weight (shape: torch.Size([1152])) - (364794:train_csgo.py:825)
2025-12-17 14:02:36 - INFO -         [TRAINABLE] paligemma_with_expert.paligemma.model.vision_tower.vision_model.encoder.layers.24.layer_norm1.bias (shape: torch.Size([1152])) - (364794:train_csgo.py:825)
2025-12-17 14:02:36 - INFO -         [TRAINABLE] paligemma_with_expert.paligemma.model.vision_tower.vision_model.encoder.layers.24.self_attn.k_proj.weight (shape: torch.Size([1152, 1152])) - (364794:train_csgo.py:825)
2025-12-17 14:02:36 - INFO -         [TRAINABLE] paligemma_with_expert.paligemma.model.vision_tower.vision_model.encoder.layers.24.self_attn.k_proj.bias (shape: torch.Size([1152])) - (364794:train_csgo.py:825)
2025-12-17 14:02:36 - INFO -         [TRAINABLE] paligemma_with_expert.paligemma.model.vision_tower.vision_model.encoder.layers.24.self_attn.v_proj.weight (shape: torch.Size([1152, 1152])) - (364794:train_csgo.py:825)
2025-12-17 14:02:36 - INFO -         [TRAINABLE] paligemma_with_expert.paligemma.model.vision_tower.vision_model.encoder.layers.24.self_attn.v_proj.bias (shape: torch.Size([1152])) - (364794:train_csgo.py:825)
2025-12-17 14:02:36 - INFO -         [TRAINABLE] paligemma_with_expert.paligemma.model.vision_tower.vision_model.encoder.layers.24.self_attn.q_proj.weight (shape: torch.Size([1152, 1152])) - (364794:train_csgo.py:825)
2025-12-17 14:02:36 - INFO -         [TRAINABLE] paligemma_with_expert.paligemma.model.vision_tower.vision_model.encoder.layers.24.self_attn.q_proj.bias (shape: torch.Size([1152])) - (364794:train_csgo.py:825)
2025-12-17 14:02:36 - INFO -         [TRAINABLE] paligemma_with_expert.paligemma.model.vision_tower.vision_model.encoder.layers.24.self_attn.out_proj.weight (shape: torch.Size([1152, 1152])) - (364794:train_csgo.py:825)
2025-12-17 14:02:36 - INFO -         [TRAINABLE] paligemma_with_expert.paligemma.model.vision_tower.vision_model.encoder.layers.24.self_attn.out_proj.bias (shape: torch.Size([1152])) - (364794:train_csgo.py:825)
2025-12-17 14:02:36 - INFO -         [TRAINABLE] paligemma_with_expert.paligemma.model.vision_tower.vision_model.encoder.layers.24.layer_norm2.weight (shape: torch.Size([1152])) - (364794:train_csgo.py:825)
2025-12-17 14:02:36 - INFO -         [TRAINABLE] paligemma_with_expert.paligemma.model.vision_tower.vision_model.encoder.layers.24.layer_norm2.bias (shape: torch.Size([1152])) - (364794:train_csgo.py:825)
2025-12-17 14:02:36 - INFO -         [TRAINABLE] paligemma_with_expert.paligemma.model.vision_tower.vision_model.encoder.layers.24.mlp.fc1.weight (shape: torch.Size([4304, 1152])) - (364794:train_csgo.py:825)
2025-12-17 14:02:36 - INFO -         [TRAINABLE] paligemma_with_expert.paligemma.model.vision_tower.vision_model.encoder.layers.24.mlp.fc1.bias (shape: torch.Size([4304])) - (364794:train_csgo.py:825)
2025-12-17 14:02:36 - INFO -         [TRAINABLE] paligemma_with_expert.paligemma.model.vision_tower.vision_model.encoder.layers.24.mlp.fc2.weight (shape: torch.Size([1152, 4304])) - (364794:train_csgo.py:825)
2025-12-17 14:02:36 - INFO -         [TRAINABLE] paligemma_with_expert.paligemma.model.vision_tower.vision_model.encoder.layers.24.mlp.fc2.bias (shape: torch.Size([1152])) - (364794:train_csgo.py:825)
2025-12-17 14:02:36 - INFO -         [TRAINABLE] paligemma_with_expert.paligemma.model.vision_tower.vision_model.encoder.layers.25.layer_norm1.weight (shape: torch.Size([1152])) - (364794:train_csgo.py:825)
2025-12-17 14:02:36 - INFO -         [TRAINABLE] paligemma_with_expert.paligemma.model.vision_tower.vision_model.encoder.layers.25.layer_norm1.bias (shape: torch.Size([1152])) - (364794:train_csgo.py:825)
2025-12-17 14:02:36 - INFO -         [TRAINABLE] paligemma_with_expert.paligemma.model.vision_tower.vision_model.encoder.layers.25.self_attn.k_proj.weight (shape: torch.Size([1152, 1152])) - (364794:train_csgo.py:825)
2025-12-17 14:02:36 - INFO -         [TRAINABLE] paligemma_with_expert.paligemma.model.vision_tower.vision_model.encoder.layers.25.self_attn.k_proj.bias (shape: torch.Size([1152])) - (364794:train_csgo.py:825)
2025-12-17 14:02:36 - INFO -         [TRAINABLE] paligemma_with_expert.paligemma.model.vision_tower.vision_model.encoder.layers.25.self_attn.v_proj.weight (shape: torch.Size([1152, 1152])) - (364794:train_csgo.py:825)
2025-12-17 14:02:36 - INFO -         [TRAINABLE] paligemma_with_expert.paligemma.model.vision_tower.vision_model.encoder.layers.25.self_attn.v_proj.bias (shape: torch.Size([1152])) - (364794:train_csgo.py:825)
2025-12-17 14:02:36 - INFO -         [TRAINABLE] paligemma_with_expert.paligemma.model.vision_tower.vision_model.encoder.layers.25.self_attn.q_proj.weight (shape: torch.Size([1152, 1152])) - (364794:train_csgo.py:825)
2025-12-17 14:02:36 - INFO -         [TRAINABLE] paligemma_with_expert.paligemma.model.vision_tower.vision_model.encoder.layers.25.self_attn.q_proj.bias (shape: torch.Size([1152])) - (364794:train_csgo.py:825)
2025-12-17 14:02:36 - INFO -         [TRAINABLE] paligemma_with_expert.paligemma.model.vision_tower.vision_model.encoder.layers.25.self_attn.out_proj.weight (shape: torch.Size([1152, 1152])) - (364794:train_csgo.py:825)
2025-12-17 14:02:36 - INFO -         [TRAINABLE] paligemma_with_expert.paligemma.model.vision_tower.vision_model.encoder.layers.25.self_attn.out_proj.bias (shape: torch.Size([1152])) - (364794:train_csgo.py:825)
2025-12-17 14:02:36 - INFO -         [TRAINABLE] paligemma_with_expert.paligemma.model.vision_tower.vision_model.encoder.layers.25.layer_norm2.weight (shape: torch.Size([1152])) - (364794:train_csgo.py:825)
2025-12-17 14:02:36 - INFO -         [TRAINABLE] paligemma_with_expert.paligemma.model.vision_tower.vision_model.encoder.layers.25.layer_norm2.bias (shape: torch.Size([1152])) - (364794:train_csgo.py:825)
2025-12-17 14:02:36 - INFO -         [TRAINABLE] paligemma_with_expert.paligemma.model.vision_tower.vision_model.encoder.layers.25.mlp.fc1.weight (shape: torch.Size([4304, 1152])) - (364794:train_csgo.py:825)
2025-12-17 14:02:36 - INFO -         [TRAINABLE] paligemma_with_expert.paligemma.model.vision_tower.vision_model.encoder.layers.25.mlp.fc1.bias (shape: torch.Size([4304])) - (364794:train_csgo.py:825)
2025-12-17 14:02:36 - INFO -         [TRAINABLE] paligemma_with_expert.paligemma.model.vision_tower.vision_model.encoder.layers.25.mlp.fc2.weight (shape: torch.Size([1152, 4304])) - (364794:train_csgo.py:825)
2025-12-17 14:02:36 - INFO -         [TRAINABLE] paligemma_with_expert.paligemma.model.vision_tower.vision_model.encoder.layers.25.mlp.fc2.bias (shape: torch.Size([1152])) - (364794:train_csgo.py:825)
2025-12-17 14:02:36 - INFO -         [TRAINABLE] paligemma_with_expert.paligemma.model.vision_tower.vision_model.encoder.layers.26.layer_norm1.weight (shape: torch.Size([1152])) - (364794:train_csgo.py:825)
2025-12-17 14:02:36 - INFO -         [TRAINABLE] paligemma_with_expert.paligemma.model.vision_tower.vision_model.encoder.layers.26.layer_norm1.bias (shape: torch.Size([1152])) - (364794:train_csgo.py:825)
2025-12-17 14:02:36 - INFO -         [TRAINABLE] paligemma_with_expert.paligemma.model.vision_tower.vision_model.encoder.layers.26.self_attn.k_proj.weight (shape: torch.Size([1152, 1152])) - (364794:train_csgo.py:825)
2025-12-17 14:02:36 - INFO -         [TRAINABLE] paligemma_with_expert.paligemma.model.vision_tower.vision_model.encoder.layers.26.self_attn.k_proj.bias (shape: torch.Size([1152])) - (364794:train_csgo.py:825)
2025-12-17 14:02:36 - INFO -         [TRAINABLE] paligemma_with_expert.paligemma.model.vision_tower.vision_model.encoder.layers.26.self_attn.v_proj.weight (shape: torch.Size([1152, 1152])) - (364794:train_csgo.py:825)
2025-12-17 14:02:36 - INFO -         [TRAINABLE] paligemma_with_expert.paligemma.model.vision_tower.vision_model.encoder.layers.26.self_attn.v_proj.bias (shape: torch.Size([1152])) - (364794:train_csgo.py:825)
2025-12-17 14:02:36 - INFO -         [TRAINABLE] paligemma_with_expert.paligemma.model.vision_tower.vision_model.encoder.layers.26.self_attn.q_proj.weight (shape: torch.Size([1152, 1152])) - (364794:train_csgo.py:825)
2025-12-17 14:02:36 - INFO -         [TRAINABLE] paligemma_with_expert.paligemma.model.vision_tower.vision_model.encoder.layers.26.self_attn.q_proj.bias (shape: torch.Size([1152])) - (364794:train_csgo.py:825)
2025-12-17 14:02:36 - INFO -         [TRAINABLE] paligemma_with_expert.paligemma.model.vision_tower.vision_model.encoder.layers.26.self_attn.out_proj.weight (shape: torch.Size([1152, 1152])) - (364794:train_csgo.py:825)
2025-12-17 14:02:36 - INFO -         [TRAINABLE] paligemma_with_expert.paligemma.model.vision_tower.vision_model.encoder.layers.26.self_attn.out_proj.bias (shape: torch.Size([1152])) - (364794:train_csgo.py:825)
2025-12-17 14:02:36 - INFO -         [TRAINABLE] paligemma_with_expert.paligemma.model.vision_tower.vision_model.encoder.layers.26.layer_norm2.weight (shape: torch.Size([1152])) - (364794:train_csgo.py:825)
2025-12-17 14:02:36 - INFO -         [TRAINABLE] paligemma_with_expert.paligemma.model.vision_tower.vision_model.encoder.layers.26.layer_norm2.bias (shape: torch.Size([1152])) - (364794:train_csgo.py:825)
2025-12-17 14:02:36 - INFO -         [TRAINABLE] paligemma_with_expert.paligemma.model.vision_tower.vision_model.encoder.layers.26.mlp.fc1.weight (shape: torch.Size([4304, 1152])) - (364794:train_csgo.py:825)
2025-12-17 14:02:36 - INFO -         [TRAINABLE] paligemma_with_expert.paligemma.model.vision_tower.vision_model.encoder.layers.26.mlp.fc1.bias (shape: torch.Size([4304])) - (364794:train_csgo.py:825)
2025-12-17 14:02:36 - INFO -         [TRAINABLE] paligemma_with_expert.paligemma.model.vision_tower.vision_model.encoder.layers.26.mlp.fc2.weight (shape: torch.Size([1152, 4304])) - (364794:train_csgo.py:825)
2025-12-17 14:02:36 - INFO -         [TRAINABLE] paligemma_with_expert.paligemma.model.vision_tower.vision_model.encoder.layers.26.mlp.fc2.bias (shape: torch.Size([1152])) - (364794:train_csgo.py:825)
2025-12-17 14:02:36 - INFO -         [TRAINABLE] paligemma_with_expert.paligemma.model.vision_tower.vision_model.post_layernorm.weight (shape: torch.Size([1152])) - (364794:train_csgo.py:825)
2025-12-17 14:02:36 - INFO -         [TRAINABLE] paligemma_with_expert.paligemma.model.vision_tower.vision_model.post_layernorm.bias (shape: torch.Size([1152])) - (364794:train_csgo.py:825)
2025-12-17 14:02:36 - INFO -         [TRAINABLE] paligemma_with_expert.paligemma.model.multi_modal_projector.linear.weight (shape: torch.Size([2048, 1152])) - (364794:train_csgo.py:825)
2025-12-17 14:02:36 - INFO -         [TRAINABLE] paligemma_with_expert.paligemma.model.multi_modal_projector.linear.bias (shape: torch.Size([2048])) - (364794:train_csgo.py:825)
2025-12-17 14:02:36 - INFO -         [TRAINABLE] paligemma_with_expert.paligemma.model.language_model.embed_tokens.weight (shape: torch.Size([257152, 2048])) - (364794:train_csgo.py:825)
2025-12-17 14:02:36 - INFO -         [TRAINABLE] paligemma_with_expert.paligemma.model.language_model.layers.0.self_attn.q_proj.weight (shape: torch.Size([2048, 2048])) - (364794:train_csgo.py:825)
2025-12-17 14:02:36 - INFO -         [TRAINABLE] paligemma_with_expert.paligemma.model.language_model.layers.0.self_attn.k_proj.weight (shape: torch.Size([256, 2048])) - (364794:train_csgo.py:825)
2025-12-17 14:02:36 - INFO -         [TRAINABLE] paligemma_with_expert.paligemma.model.language_model.layers.0.self_attn.v_proj.weight (shape: torch.Size([256, 2048])) - (364794:train_csgo.py:825)
2025-12-17 14:02:36 - INFO -         [TRAINABLE] paligemma_with_expert.paligemma.model.language_model.layers.0.self_attn.o_proj.weight (shape: torch.Size([2048, 2048])) - (364794:train_csgo.py:825)
2025-12-17 14:02:36 - INFO -         [TRAINABLE] paligemma_with_expert.paligemma.model.language_model.layers.0.mlp.gate_proj.weight (shape: torch.Size([16384, 2048])) - (364794:train_csgo.py:825)
2025-12-17 14:02:36 - INFO -         [TRAINABLE] paligemma_with_expert.paligemma.model.language_model.layers.0.mlp.up_proj.weight (shape: torch.Size([16384, 2048])) - (364794:train_csgo.py:825)
2025-12-17 14:02:36 - INFO -         [TRAINABLE] paligemma_with_expert.paligemma.model.language_model.layers.0.mlp.down_proj.weight (shape: torch.Size([2048, 16384])) - (364794:train_csgo.py:825)
2025-12-17 14:02:36 - INFO -         [TRAINABLE] paligemma_with_expert.paligemma.model.language_model.layers.0.input_layernorm.weight (shape: torch.Size([2048])) - (364794:train_csgo.py:825)
2025-12-17 14:02:36 - INFO -         [TRAINABLE] paligemma_with_expert.paligemma.model.language_model.layers.0.post_attention_layernorm.weight (shape: torch.Size([2048])) - (364794:train_csgo.py:825)
2025-12-17 14:02:36 - INFO -         [TRAINABLE] paligemma_with_expert.paligemma.model.language_model.layers.1.self_attn.q_proj.weight (shape: torch.Size([2048, 2048])) - (364794:train_csgo.py:825)
2025-12-17 14:02:36 - INFO -         [TRAINABLE] paligemma_with_expert.paligemma.model.language_model.layers.1.self_attn.k_proj.weight (shape: torch.Size([256, 2048])) - (364794:train_csgo.py:825)
2025-12-17 14:02:36 - INFO -         [TRAINABLE] paligemma_with_expert.paligemma.model.language_model.layers.1.self_attn.v_proj.weight (shape: torch.Size([256, 2048])) - (364794:train_csgo.py:825)
2025-12-17 14:02:36 - INFO -         [TRAINABLE] paligemma_with_expert.paligemma.model.language_model.layers.1.self_attn.o_proj.weight (shape: torch.Size([2048, 2048])) - (364794:train_csgo.py:825)
2025-12-17 14:02:36 - INFO -         [TRAINABLE] paligemma_with_expert.paligemma.model.language_model.layers.1.mlp.gate_proj.weight (shape: torch.Size([16384, 2048])) - (364794:train_csgo.py:825)
2025-12-17 14:02:36 - INFO -         [TRAINABLE] paligemma_with_expert.paligemma.model.language_model.layers.1.mlp.up_proj.weight (shape: torch.Size([16384, 2048])) - (364794:train_csgo.py:825)
2025-12-17 14:02:36 - INFO -         [TRAINABLE] paligemma_with_expert.paligemma.model.language_model.layers.1.mlp.down_proj.weight (shape: torch.Size([2048, 16384])) - (364794:train_csgo.py:825)
2025-12-17 14:02:36 - INFO -         [TRAINABLE] paligemma_with_expert.paligemma.model.language_model.layers.1.input_layernorm.weight (shape: torch.Size([2048])) - (364794:train_csgo.py:825)
2025-12-17 14:02:36 - INFO -         [TRAINABLE] paligemma_with_expert.paligemma.model.language_model.layers.1.post_attention_layernorm.weight (shape: torch.Size([2048])) - (364794:train_csgo.py:825)
2025-12-17 14:02:36 - INFO -         [TRAINABLE] paligemma_with_expert.paligemma.model.language_model.layers.2.self_attn.q_proj.weight (shape: torch.Size([2048, 2048])) - (364794:train_csgo.py:825)
2025-12-17 14:02:36 - INFO -         [TRAINABLE] paligemma_with_expert.paligemma.model.language_model.layers.2.self_attn.k_proj.weight (shape: torch.Size([256, 2048])) - (364794:train_csgo.py:825)
2025-12-17 14:02:36 - INFO -         [TRAINABLE] paligemma_with_expert.paligemma.model.language_model.layers.2.self_attn.v_proj.weight (shape: torch.Size([256, 2048])) - (364794:train_csgo.py:825)
2025-12-17 14:02:36 - INFO -         [TRAINABLE] paligemma_with_expert.paligemma.model.language_model.layers.2.self_attn.o_proj.weight (shape: torch.Size([2048, 2048])) - (364794:train_csgo.py:825)
2025-12-17 14:02:36 - INFO -         [TRAINABLE] paligemma_with_expert.paligemma.model.language_model.layers.2.mlp.gate_proj.weight (shape: torch.Size([16384, 2048])) - (364794:train_csgo.py:825)
2025-12-17 14:02:36 - INFO -         [TRAINABLE] paligemma_with_expert.paligemma.model.language_model.layers.2.mlp.up_proj.weight (shape: torch.Size([16384, 2048])) - (364794:train_csgo.py:825)
2025-12-17 14:02:36 - INFO -         [TRAINABLE] paligemma_with_expert.paligemma.model.language_model.layers.2.mlp.down_proj.weight (shape: torch.Size([2048, 16384])) - (364794:train_csgo.py:825)
2025-12-17 14:02:36 - INFO -         [TRAINABLE] paligemma_with_expert.paligemma.model.language_model.layers.2.input_layernorm.weight (shape: torch.Size([2048])) - (364794:train_csgo.py:825)
2025-12-17 14:02:36 - INFO -         [TRAINABLE] paligemma_with_expert.paligemma.model.language_model.layers.2.post_attention_layernorm.weight (shape: torch.Size([2048])) - (364794:train_csgo.py:825)
2025-12-17 14:02:36 - INFO -         [TRAINABLE] paligemma_with_expert.paligemma.model.language_model.layers.3.self_attn.q_proj.weight (shape: torch.Size([2048, 2048])) - (364794:train_csgo.py:825)
2025-12-17 14:02:36 - INFO -         [TRAINABLE] paligemma_with_expert.paligemma.model.language_model.layers.3.self_attn.k_proj.weight (shape: torch.Size([256, 2048])) - (364794:train_csgo.py:825)
2025-12-17 14:02:36 - INFO -         [TRAINABLE] paligemma_with_expert.paligemma.model.language_model.layers.3.self_attn.v_proj.weight (shape: torch.Size([256, 2048])) - (364794:train_csgo.py:825)
2025-12-17 14:02:36 - INFO -         [TRAINABLE] paligemma_with_expert.paligemma.model.language_model.layers.3.self_attn.o_proj.weight (shape: torch.Size([2048, 2048])) - (364794:train_csgo.py:825)
2025-12-17 14:02:36 - INFO -         [TRAINABLE] paligemma_with_expert.paligemma.model.language_model.layers.3.mlp.gate_proj.weight (shape: torch.Size([16384, 2048])) - (364794:train_csgo.py:825)
2025-12-17 14:02:36 - INFO -         [TRAINABLE] paligemma_with_expert.paligemma.model.language_model.layers.3.mlp.up_proj.weight (shape: torch.Size([16384, 2048])) - (364794:train_csgo.py:825)
2025-12-17 14:02:36 - INFO -         [TRAINABLE] paligemma_with_expert.paligemma.model.language_model.layers.3.mlp.down_proj.weight (shape: torch.Size([2048, 16384])) - (364794:train_csgo.py:825)
2025-12-17 14:02:36 - INFO -         [TRAINABLE] paligemma_with_expert.paligemma.model.language_model.layers.3.input_layernorm.weight (shape: torch.Size([2048])) - (364794:train_csgo.py:825)
2025-12-17 14:02:36 - INFO -         [TRAINABLE] paligemma_with_expert.paligemma.model.language_model.layers.3.post_attention_layernorm.weight (shape: torch.Size([2048])) - (364794:train_csgo.py:825)
2025-12-17 14:02:36 - INFO -         [TRAINABLE] paligemma_with_expert.paligemma.model.language_model.layers.4.self_attn.q_proj.weight (shape: torch.Size([2048, 2048])) - (364794:train_csgo.py:825)
2025-12-17 14:02:36 - INFO -         [TRAINABLE] paligemma_with_expert.paligemma.model.language_model.layers.4.self_attn.k_proj.weight (shape: torch.Size([256, 2048])) - (364794:train_csgo.py:825)
2025-12-17 14:02:36 - INFO -         [TRAINABLE] paligemma_with_expert.paligemma.model.language_model.layers.4.self_attn.v_proj.weight (shape: torch.Size([256, 2048])) - (364794:train_csgo.py:825)
2025-12-17 14:02:36 - INFO -         [TRAINABLE] paligemma_with_expert.paligemma.model.language_model.layers.4.self_attn.o_proj.weight (shape: torch.Size([2048, 2048])) - (364794:train_csgo.py:825)
2025-12-17 14:02:36 - INFO -         [TRAINABLE] paligemma_with_expert.paligemma.model.language_model.layers.4.mlp.gate_proj.weight (shape: torch.Size([16384, 2048])) - (364794:train_csgo.py:825)
2025-12-17 14:02:36 - INFO -         [TRAINABLE] paligemma_with_expert.paligemma.model.language_model.layers.4.mlp.up_proj.weight (shape: torch.Size([16384, 2048])) - (364794:train_csgo.py:825)
2025-12-17 14:02:36 - INFO -         [TRAINABLE] paligemma_with_expert.paligemma.model.language_model.layers.4.mlp.down_proj.weight (shape: torch.Size([2048, 16384])) - (364794:train_csgo.py:825)
2025-12-17 14:02:36 - INFO -         [TRAINABLE] paligemma_with_expert.paligemma.model.language_model.layers.4.input_layernorm.weight (shape: torch.Size([2048])) - (364794:train_csgo.py:825)
2025-12-17 14:02:36 - INFO -         [TRAINABLE] paligemma_with_expert.paligemma.model.language_model.layers.4.post_attention_layernorm.weight (shape: torch.Size([2048])) - (364794:train_csgo.py:825)
2025-12-17 14:02:36 - INFO -         [TRAINABLE] paligemma_with_expert.paligemma.model.language_model.layers.5.self_attn.q_proj.weight (shape: torch.Size([2048, 2048])) - (364794:train_csgo.py:825)
2025-12-17 14:02:36 - INFO -         [TRAINABLE] paligemma_with_expert.paligemma.model.language_model.layers.5.self_attn.k_proj.weight (shape: torch.Size([256, 2048])) - (364794:train_csgo.py:825)
2025-12-17 14:02:36 - INFO -         [TRAINABLE] paligemma_with_expert.paligemma.model.language_model.layers.5.self_attn.v_proj.weight (shape: torch.Size([256, 2048])) - (364794:train_csgo.py:825)
2025-12-17 14:02:36 - INFO -         [TRAINABLE] paligemma_with_expert.paligemma.model.language_model.layers.5.self_attn.o_proj.weight (shape: torch.Size([2048, 2048])) - (364794:train_csgo.py:825)
2025-12-17 14:02:36 - INFO -         [TRAINABLE] paligemma_with_expert.paligemma.model.language_model.layers.5.mlp.gate_proj.weight (shape: torch.Size([16384, 2048])) - (364794:train_csgo.py:825)
2025-12-17 14:02:36 - INFO -         [TRAINABLE] paligemma_with_expert.paligemma.model.language_model.layers.5.mlp.up_proj.weight (shape: torch.Size([16384, 2048])) - (364794:train_csgo.py:825)
2025-12-17 14:02:36 - INFO -         [TRAINABLE] paligemma_with_expert.paligemma.model.language_model.layers.5.mlp.down_proj.weight (shape: torch.Size([2048, 16384])) - (364794:train_csgo.py:825)
2025-12-17 14:02:36 - INFO -         [TRAINABLE] paligemma_with_expert.paligemma.model.language_model.layers.5.input_layernorm.weight (shape: torch.Size([2048])) - (364794:train_csgo.py:825)
2025-12-17 14:02:36 - INFO -         [TRAINABLE] paligemma_with_expert.paligemma.model.language_model.layers.5.post_attention_layernorm.weight (shape: torch.Size([2048])) - (364794:train_csgo.py:825)
2025-12-17 14:02:36 - INFO -         [TRAINABLE] paligemma_with_expert.paligemma.model.language_model.layers.6.self_attn.q_proj.weight (shape: torch.Size([2048, 2048])) - (364794:train_csgo.py:825)
2025-12-17 14:02:36 - INFO -         [TRAINABLE] paligemma_with_expert.paligemma.model.language_model.layers.6.self_attn.k_proj.weight (shape: torch.Size([256, 2048])) - (364794:train_csgo.py:825)
2025-12-17 14:02:36 - INFO -         [TRAINABLE] paligemma_with_expert.paligemma.model.language_model.layers.6.self_attn.v_proj.weight (shape: torch.Size([256, 2048])) - (364794:train_csgo.py:825)
2025-12-17 14:02:36 - INFO -         [TRAINABLE] paligemma_with_expert.paligemma.model.language_model.layers.6.self_attn.o_proj.weight (shape: torch.Size([2048, 2048])) - (364794:train_csgo.py:825)
2025-12-17 14:02:36 - INFO -         [TRAINABLE] paligemma_with_expert.paligemma.model.language_model.layers.6.mlp.gate_proj.weight (shape: torch.Size([16384, 2048])) - (364794:train_csgo.py:825)
2025-12-17 14:02:36 - INFO -         [TRAINABLE] paligemma_with_expert.paligemma.model.language_model.layers.6.mlp.up_proj.weight (shape: torch.Size([16384, 2048])) - (364794:train_csgo.py:825)
2025-12-17 14:02:36 - INFO -         [TRAINABLE] paligemma_with_expert.paligemma.model.language_model.layers.6.mlp.down_proj.weight (shape: torch.Size([2048, 16384])) - (364794:train_csgo.py:825)
2025-12-17 14:02:36 - INFO -         [TRAINABLE] paligemma_with_expert.paligemma.model.language_model.layers.6.input_layernorm.weight (shape: torch.Size([2048])) - (364794:train_csgo.py:825)
2025-12-17 14:02:36 - INFO -         [TRAINABLE] paligemma_with_expert.paligemma.model.language_model.layers.6.post_attention_layernorm.weight (shape: torch.Size([2048])) - (364794:train_csgo.py:825)
2025-12-17 14:02:36 - INFO -         [TRAINABLE] paligemma_with_expert.paligemma.model.language_model.layers.7.self_attn.q_proj.weight (shape: torch.Size([2048, 2048])) - (364794:train_csgo.py:825)
2025-12-17 14:02:36 - INFO -         [TRAINABLE] paligemma_with_expert.paligemma.model.language_model.layers.7.self_attn.k_proj.weight (shape: torch.Size([256, 2048])) - (364794:train_csgo.py:825)
2025-12-17 14:02:36 - INFO -         [TRAINABLE] paligemma_with_expert.paligemma.model.language_model.layers.7.self_attn.v_proj.weight (shape: torch.Size([256, 2048])) - (364794:train_csgo.py:825)
2025-12-17 14:02:36 - INFO -         [TRAINABLE] paligemma_with_expert.paligemma.model.language_model.layers.7.self_attn.o_proj.weight (shape: torch.Size([2048, 2048])) - (364794:train_csgo.py:825)
2025-12-17 14:02:36 - INFO -         [TRAINABLE] paligemma_with_expert.paligemma.model.language_model.layers.7.mlp.gate_proj.weight (shape: torch.Size([16384, 2048])) - (364794:train_csgo.py:825)
2025-12-17 14:02:36 - INFO -         [TRAINABLE] paligemma_with_expert.paligemma.model.language_model.layers.7.mlp.up_proj.weight (shape: torch.Size([16384, 2048])) - (364794:train_csgo.py:825)
2025-12-17 14:02:36 - INFO -         [TRAINABLE] paligemma_with_expert.paligemma.model.language_model.layers.7.mlp.down_proj.weight (shape: torch.Size([2048, 16384])) - (364794:train_csgo.py:825)
2025-12-17 14:02:36 - INFO -         [TRAINABLE] paligemma_with_expert.paligemma.model.language_model.layers.7.input_layernorm.weight (shape: torch.Size([2048])) - (364794:train_csgo.py:825)
2025-12-17 14:02:36 - INFO -         [TRAINABLE] paligemma_with_expert.paligemma.model.language_model.layers.7.post_attention_layernorm.weight (shape: torch.Size([2048])) - (364794:train_csgo.py:825)
2025-12-17 14:02:36 - INFO -         [TRAINABLE] paligemma_with_expert.paligemma.model.language_model.layers.8.self_attn.q_proj.weight (shape: torch.Size([2048, 2048])) - (364794:train_csgo.py:825)
2025-12-17 14:02:36 - INFO -         [TRAINABLE] paligemma_with_expert.paligemma.model.language_model.layers.8.self_attn.k_proj.weight (shape: torch.Size([256, 2048])) - (364794:train_csgo.py:825)
2025-12-17 14:02:36 - INFO -         [TRAINABLE] paligemma_with_expert.paligemma.model.language_model.layers.8.self_attn.v_proj.weight (shape: torch.Size([256, 2048])) - (364794:train_csgo.py:825)
2025-12-17 14:02:36 - INFO -         [TRAINABLE] paligemma_with_expert.paligemma.model.language_model.layers.8.self_attn.o_proj.weight (shape: torch.Size([2048, 2048])) - (364794:train_csgo.py:825)
2025-12-17 14:02:36 - INFO -         [TRAINABLE] paligemma_with_expert.paligemma.model.language_model.layers.8.mlp.gate_proj.weight (shape: torch.Size([16384, 2048])) - (364794:train_csgo.py:825)
2025-12-17 14:02:36 - INFO -         [TRAINABLE] paligemma_with_expert.paligemma.model.language_model.layers.8.mlp.up_proj.weight (shape: torch.Size([16384, 2048])) - (364794:train_csgo.py:825)
2025-12-17 14:02:36 - INFO -         [TRAINABLE] paligemma_with_expert.paligemma.model.language_model.layers.8.mlp.down_proj.weight (shape: torch.Size([2048, 16384])) - (364794:train_csgo.py:825)
2025-12-17 14:02:36 - INFO -         [TRAINABLE] paligemma_with_expert.paligemma.model.language_model.layers.8.input_layernorm.weight (shape: torch.Size([2048])) - (364794:train_csgo.py:825)
2025-12-17 14:02:36 - INFO -         [TRAINABLE] paligemma_with_expert.paligemma.model.language_model.layers.8.post_attention_layernorm.weight (shape: torch.Size([2048])) - (364794:train_csgo.py:825)
2025-12-17 14:02:36 - INFO -         [TRAINABLE] paligemma_with_expert.paligemma.model.language_model.layers.9.self_attn.q_proj.weight (shape: torch.Size([2048, 2048])) - (364794:train_csgo.py:825)
2025-12-17 14:02:36 - INFO -         [TRAINABLE] paligemma_with_expert.paligemma.model.language_model.layers.9.self_attn.k_proj.weight (shape: torch.Size([256, 2048])) - (364794:train_csgo.py:825)
2025-12-17 14:02:36 - INFO -         [TRAINABLE] paligemma_with_expert.paligemma.model.language_model.layers.9.self_attn.v_proj.weight (shape: torch.Size([256, 2048])) - (364794:train_csgo.py:825)
2025-12-17 14:02:36 - INFO -         [TRAINABLE] paligemma_with_expert.paligemma.model.language_model.layers.9.self_attn.o_proj.weight (shape: torch.Size([2048, 2048])) - (364794:train_csgo.py:825)
2025-12-17 14:02:36 - INFO -         [TRAINABLE] paligemma_with_expert.paligemma.model.language_model.layers.9.mlp.gate_proj.weight (shape: torch.Size([16384, 2048])) - (364794:train_csgo.py:825)
2025-12-17 14:02:36 - INFO -         [TRAINABLE] paligemma_with_expert.paligemma.model.language_model.layers.9.mlp.up_proj.weight (shape: torch.Size([16384, 2048])) - (364794:train_csgo.py:825)
2025-12-17 14:02:36 - INFO -         [TRAINABLE] paligemma_with_expert.paligemma.model.language_model.layers.9.mlp.down_proj.weight (shape: torch.Size([2048, 16384])) - (364794:train_csgo.py:825)
2025-12-17 14:02:36 - INFO -         [TRAINABLE] paligemma_with_expert.paligemma.model.language_model.layers.9.input_layernorm.weight (shape: torch.Size([2048])) - (364794:train_csgo.py:825)
2025-12-17 14:02:36 - INFO -         [TRAINABLE] paligemma_with_expert.paligemma.model.language_model.layers.9.post_attention_layernorm.weight (shape: torch.Size([2048])) - (364794:train_csgo.py:825)
2025-12-17 14:02:36 - INFO -         [TRAINABLE] paligemma_with_expert.paligemma.model.language_model.layers.10.self_attn.q_proj.weight (shape: torch.Size([2048, 2048])) - (364794:train_csgo.py:825)
2025-12-17 14:02:36 - INFO -         [TRAINABLE] paligemma_with_expert.paligemma.model.language_model.layers.10.self_attn.k_proj.weight (shape: torch.Size([256, 2048])) - (364794:train_csgo.py:825)
2025-12-17 14:02:36 - INFO -         [TRAINABLE] paligemma_with_expert.paligemma.model.language_model.layers.10.self_attn.v_proj.weight (shape: torch.Size([256, 2048])) - (364794:train_csgo.py:825)
2025-12-17 14:02:36 - INFO -         [TRAINABLE] paligemma_with_expert.paligemma.model.language_model.layers.10.self_attn.o_proj.weight (shape: torch.Size([2048, 2048])) - (364794:train_csgo.py:825)
2025-12-17 14:02:36 - INFO -         [TRAINABLE] paligemma_with_expert.paligemma.model.language_model.layers.10.mlp.gate_proj.weight (shape: torch.Size([16384, 2048])) - (364794:train_csgo.py:825)
2025-12-17 14:02:36 - INFO -         [TRAINABLE] paligemma_with_expert.paligemma.model.language_model.layers.10.mlp.up_proj.weight (shape: torch.Size([16384, 2048])) - (364794:train_csgo.py:825)
2025-12-17 14:02:36 - INFO -         [TRAINABLE] paligemma_with_expert.paligemma.model.language_model.layers.10.mlp.down_proj.weight (shape: torch.Size([2048, 16384])) - (364794:train_csgo.py:825)
2025-12-17 14:02:36 - INFO -         [TRAINABLE] paligemma_with_expert.paligemma.model.language_model.layers.10.input_layernorm.weight (shape: torch.Size([2048])) - (364794:train_csgo.py:825)
2025-12-17 14:02:36 - INFO -         [TRAINABLE] paligemma_with_expert.paligemma.model.language_model.layers.10.post_attention_layernorm.weight (shape: torch.Size([2048])) - (364794:train_csgo.py:825)
2025-12-17 14:02:36 - INFO -         [TRAINABLE] paligemma_with_expert.paligemma.model.language_model.layers.11.self_attn.q_proj.weight (shape: torch.Size([2048, 2048])) - (364794:train_csgo.py:825)
2025-12-17 14:02:36 - INFO -         [TRAINABLE] paligemma_with_expert.paligemma.model.language_model.layers.11.self_attn.k_proj.weight (shape: torch.Size([256, 2048])) - (364794:train_csgo.py:825)
2025-12-17 14:02:36 - INFO -         [TRAINABLE] paligemma_with_expert.paligemma.model.language_model.layers.11.self_attn.v_proj.weight (shape: torch.Size([256, 2048])) - (364794:train_csgo.py:825)
2025-12-17 14:02:36 - INFO -         [TRAINABLE] paligemma_with_expert.paligemma.model.language_model.layers.11.self_attn.o_proj.weight (shape: torch.Size([2048, 2048])) - (364794:train_csgo.py:825)
2025-12-17 14:02:36 - INFO -         [TRAINABLE] paligemma_with_expert.paligemma.model.language_model.layers.11.mlp.gate_proj.weight (shape: torch.Size([16384, 2048])) - (364794:train_csgo.py:825)
2025-12-17 14:02:36 - INFO -         [TRAINABLE] paligemma_with_expert.paligemma.model.language_model.layers.11.mlp.up_proj.weight (shape: torch.Size([16384, 2048])) - (364794:train_csgo.py:825)
2025-12-17 14:02:36 - INFO -         [TRAINABLE] paligemma_with_expert.paligemma.model.language_model.layers.11.mlp.down_proj.weight (shape: torch.Size([2048, 16384])) - (364794:train_csgo.py:825)
2025-12-17 14:02:36 - INFO -         [TRAINABLE] paligemma_with_expert.paligemma.model.language_model.layers.11.input_layernorm.weight (shape: torch.Size([2048])) - (364794:train_csgo.py:825)
2025-12-17 14:02:36 - INFO -         [TRAINABLE] paligemma_with_expert.paligemma.model.language_model.layers.11.post_attention_layernorm.weight (shape: torch.Size([2048])) - (364794:train_csgo.py:825)
2025-12-17 14:02:36 - INFO -         [TRAINABLE] paligemma_with_expert.paligemma.model.language_model.layers.12.self_attn.q_proj.weight (shape: torch.Size([2048, 2048])) - (364794:train_csgo.py:825)
2025-12-17 14:02:36 - INFO -         [TRAINABLE] paligemma_with_expert.paligemma.model.language_model.layers.12.self_attn.k_proj.weight (shape: torch.Size([256, 2048])) - (364794:train_csgo.py:825)
2025-12-17 14:02:36 - INFO -         [TRAINABLE] paligemma_with_expert.paligemma.model.language_model.layers.12.self_attn.v_proj.weight (shape: torch.Size([256, 2048])) - (364794:train_csgo.py:825)
2025-12-17 14:02:36 - INFO -         [TRAINABLE] paligemma_with_expert.paligemma.model.language_model.layers.12.self_attn.o_proj.weight (shape: torch.Size([2048, 2048])) - (364794:train_csgo.py:825)
2025-12-17 14:02:36 - INFO -         [TRAINABLE] paligemma_with_expert.paligemma.model.language_model.layers.12.mlp.gate_proj.weight (shape: torch.Size([16384, 2048])) - (364794:train_csgo.py:825)
2025-12-17 14:02:36 - INFO -         [TRAINABLE] paligemma_with_expert.paligemma.model.language_model.layers.12.mlp.up_proj.weight (shape: torch.Size([16384, 2048])) - (364794:train_csgo.py:825)
2025-12-17 14:02:36 - INFO -         [TRAINABLE] paligemma_with_expert.paligemma.model.language_model.layers.12.mlp.down_proj.weight (shape: torch.Size([2048, 16384])) - (364794:train_csgo.py:825)
2025-12-17 14:02:36 - INFO -         [TRAINABLE] paligemma_with_expert.paligemma.model.language_model.layers.12.input_layernorm.weight (shape: torch.Size([2048])) - (364794:train_csgo.py:825)
2025-12-17 14:02:36 - INFO -         [TRAINABLE] paligemma_with_expert.paligemma.model.language_model.layers.12.post_attention_layernorm.weight (shape: torch.Size([2048])) - (364794:train_csgo.py:825)
2025-12-17 14:02:36 - INFO -         [TRAINABLE] paligemma_with_expert.paligemma.model.language_model.layers.13.self_attn.q_proj.weight (shape: torch.Size([2048, 2048])) - (364794:train_csgo.py:825)
2025-12-17 14:02:36 - INFO -         [TRAINABLE] paligemma_with_expert.paligemma.model.language_model.layers.13.self_attn.k_proj.weight (shape: torch.Size([256, 2048])) - (364794:train_csgo.py:825)
2025-12-17 14:02:36 - INFO -         [TRAINABLE] paligemma_with_expert.paligemma.model.language_model.layers.13.self_attn.v_proj.weight (shape: torch.Size([256, 2048])) - (364794:train_csgo.py:825)
2025-12-17 14:02:36 - INFO -         [TRAINABLE] paligemma_with_expert.paligemma.model.language_model.layers.13.self_attn.o_proj.weight (shape: torch.Size([2048, 2048])) - (364794:train_csgo.py:825)
2025-12-17 14:02:36 - INFO -         [TRAINABLE] paligemma_with_expert.paligemma.model.language_model.layers.13.mlp.gate_proj.weight (shape: torch.Size([16384, 2048])) - (364794:train_csgo.py:825)
2025-12-17 14:02:36 - INFO -         [TRAINABLE] paligemma_with_expert.paligemma.model.language_model.layers.13.mlp.up_proj.weight (shape: torch.Size([16384, 2048])) - (364794:train_csgo.py:825)
2025-12-17 14:02:36 - INFO -         [TRAINABLE] paligemma_with_expert.paligemma.model.language_model.layers.13.mlp.down_proj.weight (shape: torch.Size([2048, 16384])) - (364794:train_csgo.py:825)
2025-12-17 14:02:36 - INFO -         [TRAINABLE] paligemma_with_expert.paligemma.model.language_model.layers.13.input_layernorm.weight (shape: torch.Size([2048])) - (364794:train_csgo.py:825)
2025-12-17 14:02:36 - INFO -         [TRAINABLE] paligemma_with_expert.paligemma.model.language_model.layers.13.post_attention_layernorm.weight (shape: torch.Size([2048])) - (364794:train_csgo.py:825)
2025-12-17 14:02:36 - INFO -         [TRAINABLE] paligemma_with_expert.paligemma.model.language_model.layers.14.self_attn.q_proj.weight (shape: torch.Size([2048, 2048])) - (364794:train_csgo.py:825)
2025-12-17 14:02:36 - INFO -         [TRAINABLE] paligemma_with_expert.paligemma.model.language_model.layers.14.self_attn.k_proj.weight (shape: torch.Size([256, 2048])) - (364794:train_csgo.py:825)
2025-12-17 14:02:36 - INFO -         [TRAINABLE] paligemma_with_expert.paligemma.model.language_model.layers.14.self_attn.v_proj.weight (shape: torch.Size([256, 2048])) - (364794:train_csgo.py:825)
2025-12-17 14:02:36 - INFO -         [TRAINABLE] paligemma_with_expert.paligemma.model.language_model.layers.14.self_attn.o_proj.weight (shape: torch.Size([2048, 2048])) - (364794:train_csgo.py:825)
2025-12-17 14:02:36 - INFO -         [TRAINABLE] paligemma_with_expert.paligemma.model.language_model.layers.14.mlp.gate_proj.weight (shape: torch.Size([16384, 2048])) - (364794:train_csgo.py:825)
2025-12-17 14:02:36 - INFO -         [TRAINABLE] paligemma_with_expert.paligemma.model.language_model.layers.14.mlp.up_proj.weight (shape: torch.Size([16384, 2048])) - (364794:train_csgo.py:825)
2025-12-17 14:02:36 - INFO -         [TRAINABLE] paligemma_with_expert.paligemma.model.language_model.layers.14.mlp.down_proj.weight (shape: torch.Size([2048, 16384])) - (364794:train_csgo.py:825)
2025-12-17 14:02:36 - INFO -         [TRAINABLE] paligemma_with_expert.paligemma.model.language_model.layers.14.input_layernorm.weight (shape: torch.Size([2048])) - (364794:train_csgo.py:825)
2025-12-17 14:02:36 - INFO -         [TRAINABLE] paligemma_with_expert.paligemma.model.language_model.layers.14.post_attention_layernorm.weight (shape: torch.Size([2048])) - (364794:train_csgo.py:825)
2025-12-17 14:02:36 - INFO -         [TRAINABLE] paligemma_with_expert.paligemma.model.language_model.layers.15.self_attn.q_proj.weight (shape: torch.Size([2048, 2048])) - (364794:train_csgo.py:825)
2025-12-17 14:02:36 - INFO -         [TRAINABLE] paligemma_with_expert.paligemma.model.language_model.layers.15.self_attn.k_proj.weight (shape: torch.Size([256, 2048])) - (364794:train_csgo.py:825)
2025-12-17 14:02:36 - INFO -         [TRAINABLE] paligemma_with_expert.paligemma.model.language_model.layers.15.self_attn.v_proj.weight (shape: torch.Size([256, 2048])) - (364794:train_csgo.py:825)
2025-12-17 14:02:36 - INFO -         [TRAINABLE] paligemma_with_expert.paligemma.model.language_model.layers.15.self_attn.o_proj.weight (shape: torch.Size([2048, 2048])) - (364794:train_csgo.py:825)
2025-12-17 14:02:36 - INFO -         [TRAINABLE] paligemma_with_expert.paligemma.model.language_model.layers.15.mlp.gate_proj.weight (shape: torch.Size([16384, 2048])) - (364794:train_csgo.py:825)
2025-12-17 14:02:36 - INFO -         [TRAINABLE] paligemma_with_expert.paligemma.model.language_model.layers.15.mlp.up_proj.weight (shape: torch.Size([16384, 2048])) - (364794:train_csgo.py:825)
2025-12-17 14:02:36 - INFO -         [TRAINABLE] paligemma_with_expert.paligemma.model.language_model.layers.15.mlp.down_proj.weight (shape: torch.Size([2048, 16384])) - (364794:train_csgo.py:825)
2025-12-17 14:02:36 - INFO -         [TRAINABLE] paligemma_with_expert.paligemma.model.language_model.layers.15.input_layernorm.weight (shape: torch.Size([2048])) - (364794:train_csgo.py:825)
2025-12-17 14:02:36 - INFO -         [TRAINABLE] paligemma_with_expert.paligemma.model.language_model.layers.15.post_attention_layernorm.weight (shape: torch.Size([2048])) - (364794:train_csgo.py:825)
2025-12-17 14:02:36 - INFO -         [TRAINABLE] paligemma_with_expert.paligemma.model.language_model.layers.16.self_attn.q_proj.weight (shape: torch.Size([2048, 2048])) - (364794:train_csgo.py:825)
2025-12-17 14:02:36 - INFO -         [TRAINABLE] paligemma_with_expert.paligemma.model.language_model.layers.16.self_attn.k_proj.weight (shape: torch.Size([256, 2048])) - (364794:train_csgo.py:825)
2025-12-17 14:02:36 - INFO -         [TRAINABLE] paligemma_with_expert.paligemma.model.language_model.layers.16.self_attn.v_proj.weight (shape: torch.Size([256, 2048])) - (364794:train_csgo.py:825)
2025-12-17 14:02:36 - INFO -         [TRAINABLE] paligemma_with_expert.paligemma.model.language_model.layers.16.self_attn.o_proj.weight (shape: torch.Size([2048, 2048])) - (364794:train_csgo.py:825)
2025-12-17 14:02:36 - INFO -         [TRAINABLE] paligemma_with_expert.paligemma.model.language_model.layers.16.mlp.gate_proj.weight (shape: torch.Size([16384, 2048])) - (364794:train_csgo.py:825)
2025-12-17 14:02:36 - INFO -         [TRAINABLE] paligemma_with_expert.paligemma.model.language_model.layers.16.mlp.up_proj.weight (shape: torch.Size([16384, 2048])) - (364794:train_csgo.py:825)
2025-12-17 14:02:36 - INFO -         [TRAINABLE] paligemma_with_expert.paligemma.model.language_model.layers.16.mlp.down_proj.weight (shape: torch.Size([2048, 16384])) - (364794:train_csgo.py:825)
2025-12-17 14:02:36 - INFO -         [TRAINABLE] paligemma_with_expert.paligemma.model.language_model.layers.16.input_layernorm.weight (shape: torch.Size([2048])) - (364794:train_csgo.py:825)
2025-12-17 14:02:36 - INFO -         [TRAINABLE] paligemma_with_expert.paligemma.model.language_model.layers.16.post_attention_layernorm.weight (shape: torch.Size([2048])) - (364794:train_csgo.py:825)
2025-12-17 14:02:36 - INFO -         [TRAINABLE] paligemma_with_expert.paligemma.model.language_model.layers.17.self_attn.q_proj.weight (shape: torch.Size([2048, 2048])) - (364794:train_csgo.py:825)
2025-12-17 14:02:36 - INFO -         [TRAINABLE] paligemma_with_expert.paligemma.model.language_model.layers.17.self_attn.k_proj.weight (shape: torch.Size([256, 2048])) - (364794:train_csgo.py:825)
2025-12-17 14:02:36 - INFO -         [TRAINABLE] paligemma_with_expert.paligemma.model.language_model.layers.17.self_attn.v_proj.weight (shape: torch.Size([256, 2048])) - (364794:train_csgo.py:825)
2025-12-17 14:02:36 - INFO -         [TRAINABLE] paligemma_with_expert.paligemma.model.language_model.layers.17.self_attn.o_proj.weight (shape: torch.Size([2048, 2048])) - (364794:train_csgo.py:825)
2025-12-17 14:02:36 - INFO -         [TRAINABLE] paligemma_with_expert.paligemma.model.language_model.layers.17.mlp.gate_proj.weight (shape: torch.Size([16384, 2048])) - (364794:train_csgo.py:825)
2025-12-17 14:02:36 - INFO -         [TRAINABLE] paligemma_with_expert.paligemma.model.language_model.layers.17.mlp.up_proj.weight (shape: torch.Size([16384, 2048])) - (364794:train_csgo.py:825)
2025-12-17 14:02:36 - INFO -         [TRAINABLE] paligemma_with_expert.paligemma.model.language_model.layers.17.mlp.down_proj.weight (shape: torch.Size([2048, 16384])) - (364794:train_csgo.py:825)
2025-12-17 14:02:36 - INFO -         [TRAINABLE] paligemma_with_expert.paligemma.model.language_model.layers.17.input_layernorm.weight (shape: torch.Size([2048])) - (364794:train_csgo.py:825)
2025-12-17 14:02:36 - INFO -         [TRAINABLE] paligemma_with_expert.paligemma.model.language_model.layers.17.post_attention_layernorm.weight (shape: torch.Size([2048])) - (364794:train_csgo.py:825)
2025-12-17 14:02:36 - INFO -         [TRAINABLE] paligemma_with_expert.paligemma.model.language_model.norm.weight (shape: torch.Size([2048])) - (364794:train_csgo.py:825)
2025-12-17 14:02:36 - INFO -         [TRAINABLE] paligemma_with_expert.gemma_expert.model.layers.0.self_attn.q_proj.weight (shape: torch.Size([2048, 1024])) - (364794:train_csgo.py:825)
2025-12-17 14:02:36 - INFO -         [TRAINABLE] paligemma_with_expert.gemma_expert.model.layers.0.self_attn.k_proj.weight (shape: torch.Size([256, 1024])) - (364794:train_csgo.py:825)
2025-12-17 14:02:36 - INFO -         [TRAINABLE] paligemma_with_expert.gemma_expert.model.layers.0.self_attn.v_proj.weight (shape: torch.Size([256, 1024])) - (364794:train_csgo.py:825)
2025-12-17 14:02:36 - INFO -         [TRAINABLE] paligemma_with_expert.gemma_expert.model.layers.0.self_attn.o_proj.weight (shape: torch.Size([1024, 2048])) - (364794:train_csgo.py:825)
2025-12-17 14:02:36 - INFO -         [TRAINABLE] paligemma_with_expert.gemma_expert.model.layers.0.mlp.gate_proj.weight (shape: torch.Size([4096, 1024])) - (364794:train_csgo.py:825)
2025-12-17 14:02:36 - INFO -         [TRAINABLE] paligemma_with_expert.gemma_expert.model.layers.0.mlp.up_proj.weight (shape: torch.Size([4096, 1024])) - (364794:train_csgo.py:825)
2025-12-17 14:02:36 - INFO -         [TRAINABLE] paligemma_with_expert.gemma_expert.model.layers.0.mlp.down_proj.weight (shape: torch.Size([1024, 4096])) - (364794:train_csgo.py:825)
2025-12-17 14:02:36 - INFO -         [TRAINABLE] paligemma_with_expert.gemma_expert.model.layers.0.input_layernorm.dense.weight (shape: torch.Size([3072, 1024])) - (364794:train_csgo.py:825)
2025-12-17 14:02:36 - INFO -         [TRAINABLE] paligemma_with_expert.gemma_expert.model.layers.0.input_layernorm.dense.bias (shape: torch.Size([3072])) - (364794:train_csgo.py:825)
2025-12-17 14:02:36 - INFO -         [TRAINABLE] paligemma_with_expert.gemma_expert.model.layers.0.post_attention_layernorm.dense.weight (shape: torch.Size([3072, 1024])) - (364794:train_csgo.py:825)
2025-12-17 14:02:36 - INFO -         [TRAINABLE] paligemma_with_expert.gemma_expert.model.layers.0.post_attention_layernorm.dense.bias (shape: torch.Size([3072])) - (364794:train_csgo.py:825)
2025-12-17 14:02:36 - INFO -         [TRAINABLE] paligemma_with_expert.gemma_expert.model.layers.1.self_attn.q_proj.weight (shape: torch.Size([2048, 1024])) - (364794:train_csgo.py:825)
2025-12-17 14:02:36 - INFO -         [TRAINABLE] paligemma_with_expert.gemma_expert.model.layers.1.self_attn.k_proj.weight (shape: torch.Size([256, 1024])) - (364794:train_csgo.py:825)
2025-12-17 14:02:36 - INFO -         [TRAINABLE] paligemma_with_expert.gemma_expert.model.layers.1.self_attn.v_proj.weight (shape: torch.Size([256, 1024])) - (364794:train_csgo.py:825)
2025-12-17 14:02:36 - INFO -         [TRAINABLE] paligemma_with_expert.gemma_expert.model.layers.1.self_attn.o_proj.weight (shape: torch.Size([1024, 2048])) - (364794:train_csgo.py:825)
2025-12-17 14:02:36 - INFO -         [TRAINABLE] paligemma_with_expert.gemma_expert.model.layers.1.mlp.gate_proj.weight (shape: torch.Size([4096, 1024])) - (364794:train_csgo.py:825)
2025-12-17 14:02:36 - INFO -         [TRAINABLE] paligemma_with_expert.gemma_expert.model.layers.1.mlp.up_proj.weight (shape: torch.Size([4096, 1024])) - (364794:train_csgo.py:825)
2025-12-17 14:02:36 - INFO -         [TRAINABLE] paligemma_with_expert.gemma_expert.model.layers.1.mlp.down_proj.weight (shape: torch.Size([1024, 4096])) - (364794:train_csgo.py:825)
2025-12-17 14:02:36 - INFO -         [TRAINABLE] paligemma_with_expert.gemma_expert.model.layers.1.input_layernorm.dense.weight (shape: torch.Size([3072, 1024])) - (364794:train_csgo.py:825)
2025-12-17 14:02:36 - INFO -         [TRAINABLE] paligemma_with_expert.gemma_expert.model.layers.1.input_layernorm.dense.bias (shape: torch.Size([3072])) - (364794:train_csgo.py:825)
2025-12-17 14:02:36 - INFO -         [TRAINABLE] paligemma_with_expert.gemma_expert.model.layers.1.post_attention_layernorm.dense.weight (shape: torch.Size([3072, 1024])) - (364794:train_csgo.py:825)
2025-12-17 14:02:36 - INFO -         [TRAINABLE] paligemma_with_expert.gemma_expert.model.layers.1.post_attention_layernorm.dense.bias (shape: torch.Size([3072])) - (364794:train_csgo.py:825)
2025-12-17 14:02:36 - INFO -         [TRAINABLE] paligemma_with_expert.gemma_expert.model.layers.2.self_attn.q_proj.weight (shape: torch.Size([2048, 1024])) - (364794:train_csgo.py:825)
2025-12-17 14:02:36 - INFO -         [TRAINABLE] paligemma_with_expert.gemma_expert.model.layers.2.self_attn.k_proj.weight (shape: torch.Size([256, 1024])) - (364794:train_csgo.py:825)
2025-12-17 14:02:36 - INFO -         [TRAINABLE] paligemma_with_expert.gemma_expert.model.layers.2.self_attn.v_proj.weight (shape: torch.Size([256, 1024])) - (364794:train_csgo.py:825)
2025-12-17 14:02:36 - INFO -         [TRAINABLE] paligemma_with_expert.gemma_expert.model.layers.2.self_attn.o_proj.weight (shape: torch.Size([1024, 2048])) - (364794:train_csgo.py:825)
2025-12-17 14:02:36 - INFO -         [TRAINABLE] paligemma_with_expert.gemma_expert.model.layers.2.mlp.gate_proj.weight (shape: torch.Size([4096, 1024])) - (364794:train_csgo.py:825)
2025-12-17 14:02:36 - INFO -         [TRAINABLE] paligemma_with_expert.gemma_expert.model.layers.2.mlp.up_proj.weight (shape: torch.Size([4096, 1024])) - (364794:train_csgo.py:825)
2025-12-17 14:02:36 - INFO -         [TRAINABLE] paligemma_with_expert.gemma_expert.model.layers.2.mlp.down_proj.weight (shape: torch.Size([1024, 4096])) - (364794:train_csgo.py:825)
2025-12-17 14:02:36 - INFO -         [TRAINABLE] paligemma_with_expert.gemma_expert.model.layers.2.input_layernorm.dense.weight (shape: torch.Size([3072, 1024])) - (364794:train_csgo.py:825)
2025-12-17 14:02:36 - INFO -         [TRAINABLE] paligemma_with_expert.gemma_expert.model.layers.2.input_layernorm.dense.bias (shape: torch.Size([3072])) - (364794:train_csgo.py:825)
2025-12-17 14:02:36 - INFO -         [TRAINABLE] paligemma_with_expert.gemma_expert.model.layers.2.post_attention_layernorm.dense.weight (shape: torch.Size([3072, 1024])) - (364794:train_csgo.py:825)
2025-12-17 14:02:36 - INFO -         [TRAINABLE] paligemma_with_expert.gemma_expert.model.layers.2.post_attention_layernorm.dense.bias (shape: torch.Size([3072])) - (364794:train_csgo.py:825)
2025-12-17 14:02:36 - INFO -         [TRAINABLE] paligemma_with_expert.gemma_expert.model.layers.3.self_attn.q_proj.weight (shape: torch.Size([2048, 1024])) - (364794:train_csgo.py:825)
2025-12-17 14:02:36 - INFO -         [TRAINABLE] paligemma_with_expert.gemma_expert.model.layers.3.self_attn.k_proj.weight (shape: torch.Size([256, 1024])) - (364794:train_csgo.py:825)
2025-12-17 14:02:36 - INFO -         [TRAINABLE] paligemma_with_expert.gemma_expert.model.layers.3.self_attn.v_proj.weight (shape: torch.Size([256, 1024])) - (364794:train_csgo.py:825)
2025-12-17 14:02:36 - INFO -         [TRAINABLE] paligemma_with_expert.gemma_expert.model.layers.3.self_attn.o_proj.weight (shape: torch.Size([1024, 2048])) - (364794:train_csgo.py:825)
2025-12-17 14:02:36 - INFO -         [TRAINABLE] paligemma_with_expert.gemma_expert.model.layers.3.mlp.gate_proj.weight (shape: torch.Size([4096, 1024])) - (364794:train_csgo.py:825)
2025-12-17 14:02:36 - INFO -         [TRAINABLE] paligemma_with_expert.gemma_expert.model.layers.3.mlp.up_proj.weight (shape: torch.Size([4096, 1024])) - (364794:train_csgo.py:825)
2025-12-17 14:02:36 - INFO -         [TRAINABLE] paligemma_with_expert.gemma_expert.model.layers.3.mlp.down_proj.weight (shape: torch.Size([1024, 4096])) - (364794:train_csgo.py:825)
2025-12-17 14:02:36 - INFO -         [TRAINABLE] paligemma_with_expert.gemma_expert.model.layers.3.input_layernorm.dense.weight (shape: torch.Size([3072, 1024])) - (364794:train_csgo.py:825)
2025-12-17 14:02:36 - INFO -         [TRAINABLE] paligemma_with_expert.gemma_expert.model.layers.3.input_layernorm.dense.bias (shape: torch.Size([3072])) - (364794:train_csgo.py:825)
2025-12-17 14:02:36 - INFO -         [TRAINABLE] paligemma_with_expert.gemma_expert.model.layers.3.post_attention_layernorm.dense.weight (shape: torch.Size([3072, 1024])) - (364794:train_csgo.py:825)
2025-12-17 14:02:36 - INFO -         [TRAINABLE] paligemma_with_expert.gemma_expert.model.layers.3.post_attention_layernorm.dense.bias (shape: torch.Size([3072])) - (364794:train_csgo.py:825)
2025-12-17 14:02:36 - INFO -         [TRAINABLE] paligemma_with_expert.gemma_expert.model.layers.4.self_attn.q_proj.weight (shape: torch.Size([2048, 1024])) - (364794:train_csgo.py:825)
2025-12-17 14:02:36 - INFO -         [TRAINABLE] paligemma_with_expert.gemma_expert.model.layers.4.self_attn.k_proj.weight (shape: torch.Size([256, 1024])) - (364794:train_csgo.py:825)
2025-12-17 14:02:36 - INFO -         [TRAINABLE] paligemma_with_expert.gemma_expert.model.layers.4.self_attn.v_proj.weight (shape: torch.Size([256, 1024])) - (364794:train_csgo.py:825)
2025-12-17 14:02:36 - INFO -         [TRAINABLE] paligemma_with_expert.gemma_expert.model.layers.4.self_attn.o_proj.weight (shape: torch.Size([1024, 2048])) - (364794:train_csgo.py:825)
2025-12-17 14:02:36 - INFO -         [TRAINABLE] paligemma_with_expert.gemma_expert.model.layers.4.mlp.gate_proj.weight (shape: torch.Size([4096, 1024])) - (364794:train_csgo.py:825)
2025-12-17 14:02:36 - INFO -         [TRAINABLE] paligemma_with_expert.gemma_expert.model.layers.4.mlp.up_proj.weight (shape: torch.Size([4096, 1024])) - (364794:train_csgo.py:825)
2025-12-17 14:02:36 - INFO -         [TRAINABLE] paligemma_with_expert.gemma_expert.model.layers.4.mlp.down_proj.weight (shape: torch.Size([1024, 4096])) - (364794:train_csgo.py:825)
2025-12-17 14:02:36 - INFO -         [TRAINABLE] paligemma_with_expert.gemma_expert.model.layers.4.input_layernorm.dense.weight (shape: torch.Size([3072, 1024])) - (364794:train_csgo.py:825)
2025-12-17 14:02:36 - INFO -         [TRAINABLE] paligemma_with_expert.gemma_expert.model.layers.4.input_layernorm.dense.bias (shape: torch.Size([3072])) - (364794:train_csgo.py:825)
2025-12-17 14:02:36 - INFO -         [TRAINABLE] paligemma_with_expert.gemma_expert.model.layers.4.post_attention_layernorm.dense.weight (shape: torch.Size([3072, 1024])) - (364794:train_csgo.py:825)
2025-12-17 14:02:36 - INFO -         [TRAINABLE] paligemma_with_expert.gemma_expert.model.layers.4.post_attention_layernorm.dense.bias (shape: torch.Size([3072])) - (364794:train_csgo.py:825)
2025-12-17 14:02:36 - INFO -         [TRAINABLE] paligemma_with_expert.gemma_expert.model.layers.5.self_attn.q_proj.weight (shape: torch.Size([2048, 1024])) - (364794:train_csgo.py:825)
2025-12-17 14:02:36 - INFO -         [TRAINABLE] paligemma_with_expert.gemma_expert.model.layers.5.self_attn.k_proj.weight (shape: torch.Size([256, 1024])) - (364794:train_csgo.py:825)
2025-12-17 14:02:36 - INFO -         [TRAINABLE] paligemma_with_expert.gemma_expert.model.layers.5.self_attn.v_proj.weight (shape: torch.Size([256, 1024])) - (364794:train_csgo.py:825)
2025-12-17 14:02:36 - INFO -         [TRAINABLE] paligemma_with_expert.gemma_expert.model.layers.5.self_attn.o_proj.weight (shape: torch.Size([1024, 2048])) - (364794:train_csgo.py:825)
2025-12-17 14:02:36 - INFO -         [TRAINABLE] paligemma_with_expert.gemma_expert.model.layers.5.mlp.gate_proj.weight (shape: torch.Size([4096, 1024])) - (364794:train_csgo.py:825)
2025-12-17 14:02:36 - INFO -         [TRAINABLE] paligemma_with_expert.gemma_expert.model.layers.5.mlp.up_proj.weight (shape: torch.Size([4096, 1024])) - (364794:train_csgo.py:825)
2025-12-17 14:02:36 - INFO -         [TRAINABLE] paligemma_with_expert.gemma_expert.model.layers.5.mlp.down_proj.weight (shape: torch.Size([1024, 4096])) - (364794:train_csgo.py:825)
2025-12-17 14:02:36 - INFO -         [TRAINABLE] paligemma_with_expert.gemma_expert.model.layers.5.input_layernorm.dense.weight (shape: torch.Size([3072, 1024])) - (364794:train_csgo.py:825)
2025-12-17 14:02:36 - INFO -         [TRAINABLE] paligemma_with_expert.gemma_expert.model.layers.5.input_layernorm.dense.bias (shape: torch.Size([3072])) - (364794:train_csgo.py:825)
2025-12-17 14:02:36 - INFO -         [TRAINABLE] paligemma_with_expert.gemma_expert.model.layers.5.post_attention_layernorm.dense.weight (shape: torch.Size([3072, 1024])) - (364794:train_csgo.py:825)
2025-12-17 14:02:36 - INFO -         [TRAINABLE] paligemma_with_expert.gemma_expert.model.layers.5.post_attention_layernorm.dense.bias (shape: torch.Size([3072])) - (364794:train_csgo.py:825)
2025-12-17 14:02:36 - INFO -         [TRAINABLE] paligemma_with_expert.gemma_expert.model.layers.6.self_attn.q_proj.weight (shape: torch.Size([2048, 1024])) - (364794:train_csgo.py:825)
2025-12-17 14:02:36 - INFO -         [TRAINABLE] paligemma_with_expert.gemma_expert.model.layers.6.self_attn.k_proj.weight (shape: torch.Size([256, 1024])) - (364794:train_csgo.py:825)
2025-12-17 14:02:36 - INFO -         [TRAINABLE] paligemma_with_expert.gemma_expert.model.layers.6.self_attn.v_proj.weight (shape: torch.Size([256, 1024])) - (364794:train_csgo.py:825)
2025-12-17 14:02:36 - INFO -         [TRAINABLE] paligemma_with_expert.gemma_expert.model.layers.6.self_attn.o_proj.weight (shape: torch.Size([1024, 2048])) - (364794:train_csgo.py:825)
2025-12-17 14:02:36 - INFO -         [TRAINABLE] paligemma_with_expert.gemma_expert.model.layers.6.mlp.gate_proj.weight (shape: torch.Size([4096, 1024])) - (364794:train_csgo.py:825)
2025-12-17 14:02:36 - INFO -         [TRAINABLE] paligemma_with_expert.gemma_expert.model.layers.6.mlp.up_proj.weight (shape: torch.Size([4096, 1024])) - (364794:train_csgo.py:825)
2025-12-17 14:02:36 - INFO -         [TRAINABLE] paligemma_with_expert.gemma_expert.model.layers.6.mlp.down_proj.weight (shape: torch.Size([1024, 4096])) - (364794:train_csgo.py:825)
2025-12-17 14:02:36 - INFO -         [TRAINABLE] paligemma_with_expert.gemma_expert.model.layers.6.input_layernorm.dense.weight (shape: torch.Size([3072, 1024])) - (364794:train_csgo.py:825)
2025-12-17 14:02:36 - INFO -         [TRAINABLE] paligemma_with_expert.gemma_expert.model.layers.6.input_layernorm.dense.bias (shape: torch.Size([3072])) - (364794:train_csgo.py:825)
2025-12-17 14:02:36 - INFO -         [TRAINABLE] paligemma_with_expert.gemma_expert.model.layers.6.post_attention_layernorm.dense.weight (shape: torch.Size([3072, 1024])) - (364794:train_csgo.py:825)
2025-12-17 14:02:36 - INFO -         [TRAINABLE] paligemma_with_expert.gemma_expert.model.layers.6.post_attention_layernorm.dense.bias (shape: torch.Size([3072])) - (364794:train_csgo.py:825)
2025-12-17 14:02:36 - INFO -         [TRAINABLE] paligemma_with_expert.gemma_expert.model.layers.7.self_attn.q_proj.weight (shape: torch.Size([2048, 1024])) - (364794:train_csgo.py:825)
2025-12-17 14:02:36 - INFO -         [TRAINABLE] paligemma_with_expert.gemma_expert.model.layers.7.self_attn.k_proj.weight (shape: torch.Size([256, 1024])) - (364794:train_csgo.py:825)
2025-12-17 14:02:36 - INFO -         [TRAINABLE] paligemma_with_expert.gemma_expert.model.layers.7.self_attn.v_proj.weight (shape: torch.Size([256, 1024])) - (364794:train_csgo.py:825)
2025-12-17 14:02:36 - INFO -         [TRAINABLE] paligemma_with_expert.gemma_expert.model.layers.7.self_attn.o_proj.weight (shape: torch.Size([1024, 2048])) - (364794:train_csgo.py:825)
2025-12-17 14:02:36 - INFO -         [TRAINABLE] paligemma_with_expert.gemma_expert.model.layers.7.mlp.gate_proj.weight (shape: torch.Size([4096, 1024])) - (364794:train_csgo.py:825)
2025-12-17 14:02:36 - INFO -         [TRAINABLE] paligemma_with_expert.gemma_expert.model.layers.7.mlp.up_proj.weight (shape: torch.Size([4096, 1024])) - (364794:train_csgo.py:825)
2025-12-17 14:02:36 - INFO -         [TRAINABLE] paligemma_with_expert.gemma_expert.model.layers.7.mlp.down_proj.weight (shape: torch.Size([1024, 4096])) - (364794:train_csgo.py:825)
2025-12-17 14:02:36 - INFO -         [TRAINABLE] paligemma_with_expert.gemma_expert.model.layers.7.input_layernorm.dense.weight (shape: torch.Size([3072, 1024])) - (364794:train_csgo.py:825)
2025-12-17 14:02:36 - INFO -         [TRAINABLE] paligemma_with_expert.gemma_expert.model.layers.7.input_layernorm.dense.bias (shape: torch.Size([3072])) - (364794:train_csgo.py:825)
2025-12-17 14:02:36 - INFO -         [TRAINABLE] paligemma_with_expert.gemma_expert.model.layers.7.post_attention_layernorm.dense.weight (shape: torch.Size([3072, 1024])) - (364794:train_csgo.py:825)
2025-12-17 14:02:36 - INFO -         [TRAINABLE] paligemma_with_expert.gemma_expert.model.layers.7.post_attention_layernorm.dense.bias (shape: torch.Size([3072])) - (364794:train_csgo.py:825)
2025-12-17 14:02:36 - INFO -         [TRAINABLE] paligemma_with_expert.gemma_expert.model.layers.8.self_attn.q_proj.weight (shape: torch.Size([2048, 1024])) - (364794:train_csgo.py:825)
2025-12-17 14:02:36 - INFO -         [TRAINABLE] paligemma_with_expert.gemma_expert.model.layers.8.self_attn.k_proj.weight (shape: torch.Size([256, 1024])) - (364794:train_csgo.py:825)
2025-12-17 14:02:36 - INFO -         [TRAINABLE] paligemma_with_expert.gemma_expert.model.layers.8.self_attn.v_proj.weight (shape: torch.Size([256, 1024])) - (364794:train_csgo.py:825)
2025-12-17 14:02:36 - INFO -         [TRAINABLE] paligemma_with_expert.gemma_expert.model.layers.8.self_attn.o_proj.weight (shape: torch.Size([1024, 2048])) - (364794:train_csgo.py:825)
2025-12-17 14:02:36 - INFO -         [TRAINABLE] paligemma_with_expert.gemma_expert.model.layers.8.mlp.gate_proj.weight (shape: torch.Size([4096, 1024])) - (364794:train_csgo.py:825)
2025-12-17 14:02:36 - INFO -         [TRAINABLE] paligemma_with_expert.gemma_expert.model.layers.8.mlp.up_proj.weight (shape: torch.Size([4096, 1024])) - (364794:train_csgo.py:825)
2025-12-17 14:02:36 - INFO -         [TRAINABLE] paligemma_with_expert.gemma_expert.model.layers.8.mlp.down_proj.weight (shape: torch.Size([1024, 4096])) - (364794:train_csgo.py:825)
2025-12-17 14:02:36 - INFO -         [TRAINABLE] paligemma_with_expert.gemma_expert.model.layers.8.input_layernorm.dense.weight (shape: torch.Size([3072, 1024])) - (364794:train_csgo.py:825)
2025-12-17 14:02:36 - INFO -         [TRAINABLE] paligemma_with_expert.gemma_expert.model.layers.8.input_layernorm.dense.bias (shape: torch.Size([3072])) - (364794:train_csgo.py:825)
2025-12-17 14:02:36 - INFO -         [TRAINABLE] paligemma_with_expert.gemma_expert.model.layers.8.post_attention_layernorm.dense.weight (shape: torch.Size([3072, 1024])) - (364794:train_csgo.py:825)
2025-12-17 14:02:36 - INFO -         [TRAINABLE] paligemma_with_expert.gemma_expert.model.layers.8.post_attention_layernorm.dense.bias (shape: torch.Size([3072])) - (364794:train_csgo.py:825)
2025-12-17 14:02:36 - INFO -         [TRAINABLE] paligemma_with_expert.gemma_expert.model.layers.9.self_attn.q_proj.weight (shape: torch.Size([2048, 1024])) - (364794:train_csgo.py:825)
2025-12-17 14:02:36 - INFO -         [TRAINABLE] paligemma_with_expert.gemma_expert.model.layers.9.self_attn.k_proj.weight (shape: torch.Size([256, 1024])) - (364794:train_csgo.py:825)
2025-12-17 14:02:36 - INFO -         [TRAINABLE] paligemma_with_expert.gemma_expert.model.layers.9.self_attn.v_proj.weight (shape: torch.Size([256, 1024])) - (364794:train_csgo.py:825)
2025-12-17 14:02:36 - INFO -         [TRAINABLE] paligemma_with_expert.gemma_expert.model.layers.9.self_attn.o_proj.weight (shape: torch.Size([1024, 2048])) - (364794:train_csgo.py:825)
2025-12-17 14:02:36 - INFO -         [TRAINABLE] paligemma_with_expert.gemma_expert.model.layers.9.mlp.gate_proj.weight (shape: torch.Size([4096, 1024])) - (364794:train_csgo.py:825)
2025-12-17 14:02:36 - INFO -         [TRAINABLE] paligemma_with_expert.gemma_expert.model.layers.9.mlp.up_proj.weight (shape: torch.Size([4096, 1024])) - (364794:train_csgo.py:825)
2025-12-17 14:02:36 - INFO -         [TRAINABLE] paligemma_with_expert.gemma_expert.model.layers.9.mlp.down_proj.weight (shape: torch.Size([1024, 4096])) - (364794:train_csgo.py:825)
2025-12-17 14:02:36 - INFO -         [TRAINABLE] paligemma_with_expert.gemma_expert.model.layers.9.input_layernorm.dense.weight (shape: torch.Size([3072, 1024])) - (364794:train_csgo.py:825)
2025-12-17 14:02:36 - INFO -         [TRAINABLE] paligemma_with_expert.gemma_expert.model.layers.9.input_layernorm.dense.bias (shape: torch.Size([3072])) - (364794:train_csgo.py:825)
2025-12-17 14:02:36 - INFO -         [TRAINABLE] paligemma_with_expert.gemma_expert.model.layers.9.post_attention_layernorm.dense.weight (shape: torch.Size([3072, 1024])) - (364794:train_csgo.py:825)
2025-12-17 14:02:36 - INFO -         [TRAINABLE] paligemma_with_expert.gemma_expert.model.layers.9.post_attention_layernorm.dense.bias (shape: torch.Size([3072])) - (364794:train_csgo.py:825)
2025-12-17 14:02:36 - INFO -         [TRAINABLE] paligemma_with_expert.gemma_expert.model.layers.10.self_attn.q_proj.weight (shape: torch.Size([2048, 1024])) - (364794:train_csgo.py:825)
2025-12-17 14:02:36 - INFO -         [TRAINABLE] paligemma_with_expert.gemma_expert.model.layers.10.self_attn.k_proj.weight (shape: torch.Size([256, 1024])) - (364794:train_csgo.py:825)
2025-12-17 14:02:36 - INFO -         [TRAINABLE] paligemma_with_expert.gemma_expert.model.layers.10.self_attn.v_proj.weight (shape: torch.Size([256, 1024])) - (364794:train_csgo.py:825)
2025-12-17 14:02:36 - INFO -         [TRAINABLE] paligemma_with_expert.gemma_expert.model.layers.10.self_attn.o_proj.weight (shape: torch.Size([1024, 2048])) - (364794:train_csgo.py:825)
2025-12-17 14:02:36 - INFO -         [TRAINABLE] paligemma_with_expert.gemma_expert.model.layers.10.mlp.gate_proj.weight (shape: torch.Size([4096, 1024])) - (364794:train_csgo.py:825)
2025-12-17 14:02:36 - INFO -         [TRAINABLE] paligemma_with_expert.gemma_expert.model.layers.10.mlp.up_proj.weight (shape: torch.Size([4096, 1024])) - (364794:train_csgo.py:825)
2025-12-17 14:02:36 - INFO -         [TRAINABLE] paligemma_with_expert.gemma_expert.model.layers.10.mlp.down_proj.weight (shape: torch.Size([1024, 4096])) - (364794:train_csgo.py:825)
2025-12-17 14:02:36 - INFO -         [TRAINABLE] paligemma_with_expert.gemma_expert.model.layers.10.input_layernorm.dense.weight (shape: torch.Size([3072, 1024])) - (364794:train_csgo.py:825)
2025-12-17 14:02:36 - INFO -         [TRAINABLE] paligemma_with_expert.gemma_expert.model.layers.10.input_layernorm.dense.bias (shape: torch.Size([3072])) - (364794:train_csgo.py:825)
2025-12-17 14:02:36 - INFO -         [TRAINABLE] paligemma_with_expert.gemma_expert.model.layers.10.post_attention_layernorm.dense.weight (shape: torch.Size([3072, 1024])) - (364794:train_csgo.py:825)
2025-12-17 14:02:36 - INFO -         [TRAINABLE] paligemma_with_expert.gemma_expert.model.layers.10.post_attention_layernorm.dense.bias (shape: torch.Size([3072])) - (364794:train_csgo.py:825)
2025-12-17 14:02:36 - INFO -         [TRAINABLE] paligemma_with_expert.gemma_expert.model.layers.11.self_attn.q_proj.weight (shape: torch.Size([2048, 1024])) - (364794:train_csgo.py:825)
2025-12-17 14:02:36 - INFO -         [TRAINABLE] paligemma_with_expert.gemma_expert.model.layers.11.self_attn.k_proj.weight (shape: torch.Size([256, 1024])) - (364794:train_csgo.py:825)
2025-12-17 14:02:36 - INFO -         [TRAINABLE] paligemma_with_expert.gemma_expert.model.layers.11.self_attn.v_proj.weight (shape: torch.Size([256, 1024])) - (364794:train_csgo.py:825)
2025-12-17 14:02:36 - INFO -         [TRAINABLE] paligemma_with_expert.gemma_expert.model.layers.11.self_attn.o_proj.weight (shape: torch.Size([1024, 2048])) - (364794:train_csgo.py:825)
2025-12-17 14:02:36 - INFO -         [TRAINABLE] paligemma_with_expert.gemma_expert.model.layers.11.mlp.gate_proj.weight (shape: torch.Size([4096, 1024])) - (364794:train_csgo.py:825)
2025-12-17 14:02:36 - INFO -         [TRAINABLE] paligemma_with_expert.gemma_expert.model.layers.11.mlp.up_proj.weight (shape: torch.Size([4096, 1024])) - (364794:train_csgo.py:825)
2025-12-17 14:02:36 - INFO -         [TRAINABLE] paligemma_with_expert.gemma_expert.model.layers.11.mlp.down_proj.weight (shape: torch.Size([1024, 4096])) - (364794:train_csgo.py:825)
2025-12-17 14:02:36 - INFO -         [TRAINABLE] paligemma_with_expert.gemma_expert.model.layers.11.input_layernorm.dense.weight (shape: torch.Size([3072, 1024])) - (364794:train_csgo.py:825)
2025-12-17 14:02:36 - INFO -         [TRAINABLE] paligemma_with_expert.gemma_expert.model.layers.11.input_layernorm.dense.bias (shape: torch.Size([3072])) - (364794:train_csgo.py:825)
2025-12-17 14:02:36 - INFO -         [TRAINABLE] paligemma_with_expert.gemma_expert.model.layers.11.post_attention_layernorm.dense.weight (shape: torch.Size([3072, 1024])) - (364794:train_csgo.py:825)
2025-12-17 14:02:36 - INFO -         [TRAINABLE] paligemma_with_expert.gemma_expert.model.layers.11.post_attention_layernorm.dense.bias (shape: torch.Size([3072])) - (364794:train_csgo.py:825)
2025-12-17 14:02:36 - INFO -         [TRAINABLE] paligemma_with_expert.gemma_expert.model.layers.12.self_attn.q_proj.weight (shape: torch.Size([2048, 1024])) - (364794:train_csgo.py:825)
2025-12-17 14:02:36 - INFO -         [TRAINABLE] paligemma_with_expert.gemma_expert.model.layers.12.self_attn.k_proj.weight (shape: torch.Size([256, 1024])) - (364794:train_csgo.py:825)
2025-12-17 14:02:36 - INFO -         [TRAINABLE] paligemma_with_expert.gemma_expert.model.layers.12.self_attn.v_proj.weight (shape: torch.Size([256, 1024])) - (364794:train_csgo.py:825)
2025-12-17 14:02:36 - INFO -         [TRAINABLE] paligemma_with_expert.gemma_expert.model.layers.12.self_attn.o_proj.weight (shape: torch.Size([1024, 2048])) - (364794:train_csgo.py:825)
2025-12-17 14:02:36 - INFO -         [TRAINABLE] paligemma_with_expert.gemma_expert.model.layers.12.mlp.gate_proj.weight (shape: torch.Size([4096, 1024])) - (364794:train_csgo.py:825)
2025-12-17 14:02:36 - INFO -         [TRAINABLE] paligemma_with_expert.gemma_expert.model.layers.12.mlp.up_proj.weight (shape: torch.Size([4096, 1024])) - (364794:train_csgo.py:825)
2025-12-17 14:02:36 - INFO -         [TRAINABLE] paligemma_with_expert.gemma_expert.model.layers.12.mlp.down_proj.weight (shape: torch.Size([1024, 4096])) - (364794:train_csgo.py:825)
2025-12-17 14:02:36 - INFO -         [TRAINABLE] paligemma_with_expert.gemma_expert.model.layers.12.input_layernorm.dense.weight (shape: torch.Size([3072, 1024])) - (364794:train_csgo.py:825)
2025-12-17 14:02:36 - INFO -         [TRAINABLE] paligemma_with_expert.gemma_expert.model.layers.12.input_layernorm.dense.bias (shape: torch.Size([3072])) - (364794:train_csgo.py:825)
2025-12-17 14:02:36 - INFO -         [TRAINABLE] paligemma_with_expert.gemma_expert.model.layers.12.post_attention_layernorm.dense.weight (shape: torch.Size([3072, 1024])) - (364794:train_csgo.py:825)
2025-12-17 14:02:36 - INFO -         [TRAINABLE] paligemma_with_expert.gemma_expert.model.layers.12.post_attention_layernorm.dense.bias (shape: torch.Size([3072])) - (364794:train_csgo.py:825)
2025-12-17 14:02:36 - INFO -         [TRAINABLE] paligemma_with_expert.gemma_expert.model.layers.13.self_attn.q_proj.weight (shape: torch.Size([2048, 1024])) - (364794:train_csgo.py:825)
2025-12-17 14:02:36 - INFO -         [TRAINABLE] paligemma_with_expert.gemma_expert.model.layers.13.self_attn.k_proj.weight (shape: torch.Size([256, 1024])) - (364794:train_csgo.py:825)
2025-12-17 14:02:36 - INFO -         [TRAINABLE] paligemma_with_expert.gemma_expert.model.layers.13.self_attn.v_proj.weight (shape: torch.Size([256, 1024])) - (364794:train_csgo.py:825)
2025-12-17 14:02:36 - INFO -         [TRAINABLE] paligemma_with_expert.gemma_expert.model.layers.13.self_attn.o_proj.weight (shape: torch.Size([1024, 2048])) - (364794:train_csgo.py:825)
2025-12-17 14:02:36 - INFO -         [TRAINABLE] paligemma_with_expert.gemma_expert.model.layers.13.mlp.gate_proj.weight (shape: torch.Size([4096, 1024])) - (364794:train_csgo.py:825)
2025-12-17 14:02:36 - INFO -         [TRAINABLE] paligemma_with_expert.gemma_expert.model.layers.13.mlp.up_proj.weight (shape: torch.Size([4096, 1024])) - (364794:train_csgo.py:825)
2025-12-17 14:02:36 - INFO -         [TRAINABLE] paligemma_with_expert.gemma_expert.model.layers.13.mlp.down_proj.weight (shape: torch.Size([1024, 4096])) - (364794:train_csgo.py:825)
2025-12-17 14:02:36 - INFO -         [TRAINABLE] paligemma_with_expert.gemma_expert.model.layers.13.input_layernorm.dense.weight (shape: torch.Size([3072, 1024])) - (364794:train_csgo.py:825)
2025-12-17 14:02:36 - INFO -         [TRAINABLE] paligemma_with_expert.gemma_expert.model.layers.13.input_layernorm.dense.bias (shape: torch.Size([3072])) - (364794:train_csgo.py:825)
2025-12-17 14:02:36 - INFO -         [TRAINABLE] paligemma_with_expert.gemma_expert.model.layers.13.post_attention_layernorm.dense.weight (shape: torch.Size([3072, 1024])) - (364794:train_csgo.py:825)
2025-12-17 14:02:36 - INFO -         [TRAINABLE] paligemma_with_expert.gemma_expert.model.layers.13.post_attention_layernorm.dense.bias (shape: torch.Size([3072])) - (364794:train_csgo.py:825)
2025-12-17 14:02:36 - INFO -         [TRAINABLE] paligemma_with_expert.gemma_expert.model.layers.14.self_attn.q_proj.weight (shape: torch.Size([2048, 1024])) - (364794:train_csgo.py:825)
2025-12-17 14:02:36 - INFO -         [TRAINABLE] paligemma_with_expert.gemma_expert.model.layers.14.self_attn.k_proj.weight (shape: torch.Size([256, 1024])) - (364794:train_csgo.py:825)
2025-12-17 14:02:36 - INFO -         [TRAINABLE] paligemma_with_expert.gemma_expert.model.layers.14.self_attn.v_proj.weight (shape: torch.Size([256, 1024])) - (364794:train_csgo.py:825)
2025-12-17 14:02:36 - INFO -         [TRAINABLE] paligemma_with_expert.gemma_expert.model.layers.14.self_attn.o_proj.weight (shape: torch.Size([1024, 2048])) - (364794:train_csgo.py:825)
2025-12-17 14:02:36 - INFO -         [TRAINABLE] paligemma_with_expert.gemma_expert.model.layers.14.mlp.gate_proj.weight (shape: torch.Size([4096, 1024])) - (364794:train_csgo.py:825)
2025-12-17 14:02:36 - INFO -         [TRAINABLE] paligemma_with_expert.gemma_expert.model.layers.14.mlp.up_proj.weight (shape: torch.Size([4096, 1024])) - (364794:train_csgo.py:825)
2025-12-17 14:02:36 - INFO -         [TRAINABLE] paligemma_with_expert.gemma_expert.model.layers.14.mlp.down_proj.weight (shape: torch.Size([1024, 4096])) - (364794:train_csgo.py:825)
2025-12-17 14:02:36 - INFO -         [TRAINABLE] paligemma_with_expert.gemma_expert.model.layers.14.input_layernorm.dense.weight (shape: torch.Size([3072, 1024])) - (364794:train_csgo.py:825)
2025-12-17 14:02:36 - INFO -         [TRAINABLE] paligemma_with_expert.gemma_expert.model.layers.14.input_layernorm.dense.bias (shape: torch.Size([3072])) - (364794:train_csgo.py:825)
2025-12-17 14:02:36 - INFO -         [TRAINABLE] paligemma_with_expert.gemma_expert.model.layers.14.post_attention_layernorm.dense.weight (shape: torch.Size([3072, 1024])) - (364794:train_csgo.py:825)
2025-12-17 14:02:36 - INFO -         [TRAINABLE] paligemma_with_expert.gemma_expert.model.layers.14.post_attention_layernorm.dense.bias (shape: torch.Size([3072])) - (364794:train_csgo.py:825)
2025-12-17 14:02:36 - INFO -         [TRAINABLE] paligemma_with_expert.gemma_expert.model.layers.15.self_attn.q_proj.weight (shape: torch.Size([2048, 1024])) - (364794:train_csgo.py:825)
2025-12-17 14:02:36 - INFO -         [TRAINABLE] paligemma_with_expert.gemma_expert.model.layers.15.self_attn.k_proj.weight (shape: torch.Size([256, 1024])) - (364794:train_csgo.py:825)
2025-12-17 14:02:36 - INFO -         [TRAINABLE] paligemma_with_expert.gemma_expert.model.layers.15.self_attn.v_proj.weight (shape: torch.Size([256, 1024])) - (364794:train_csgo.py:825)
2025-12-17 14:02:36 - INFO -         [TRAINABLE] paligemma_with_expert.gemma_expert.model.layers.15.self_attn.o_proj.weight (shape: torch.Size([1024, 2048])) - (364794:train_csgo.py:825)
2025-12-17 14:02:36 - INFO -         [TRAINABLE] paligemma_with_expert.gemma_expert.model.layers.15.mlp.gate_proj.weight (shape: torch.Size([4096, 1024])) - (364794:train_csgo.py:825)
2025-12-17 14:02:36 - INFO -         [TRAINABLE] paligemma_with_expert.gemma_expert.model.layers.15.mlp.up_proj.weight (shape: torch.Size([4096, 1024])) - (364794:train_csgo.py:825)
2025-12-17 14:02:36 - INFO -         [TRAINABLE] paligemma_with_expert.gemma_expert.model.layers.15.mlp.down_proj.weight (shape: torch.Size([1024, 4096])) - (364794:train_csgo.py:825)
2025-12-17 14:02:36 - INFO -         [TRAINABLE] paligemma_with_expert.gemma_expert.model.layers.15.input_layernorm.dense.weight (shape: torch.Size([3072, 1024])) - (364794:train_csgo.py:825)
2025-12-17 14:02:36 - INFO -         [TRAINABLE] paligemma_with_expert.gemma_expert.model.layers.15.input_layernorm.dense.bias (shape: torch.Size([3072])) - (364794:train_csgo.py:825)
2025-12-17 14:02:36 - INFO -         [TRAINABLE] paligemma_with_expert.gemma_expert.model.layers.15.post_attention_layernorm.dense.weight (shape: torch.Size([3072, 1024])) - (364794:train_csgo.py:825)
2025-12-17 14:02:36 - INFO -         [TRAINABLE] paligemma_with_expert.gemma_expert.model.layers.15.post_attention_layernorm.dense.bias (shape: torch.Size([3072])) - (364794:train_csgo.py:825)
2025-12-17 14:02:36 - INFO -         [TRAINABLE] paligemma_with_expert.gemma_expert.model.layers.16.self_attn.q_proj.weight (shape: torch.Size([2048, 1024])) - (364794:train_csgo.py:825)
2025-12-17 14:02:36 - INFO -         [TRAINABLE] paligemma_with_expert.gemma_expert.model.layers.16.self_attn.k_proj.weight (shape: torch.Size([256, 1024])) - (364794:train_csgo.py:825)
2025-12-17 14:02:36 - INFO -         [TRAINABLE] paligemma_with_expert.gemma_expert.model.layers.16.self_attn.v_proj.weight (shape: torch.Size([256, 1024])) - (364794:train_csgo.py:825)
2025-12-17 14:02:36 - INFO -         [TRAINABLE] paligemma_with_expert.gemma_expert.model.layers.16.self_attn.o_proj.weight (shape: torch.Size([1024, 2048])) - (364794:train_csgo.py:825)
2025-12-17 14:02:36 - INFO -         [TRAINABLE] paligemma_with_expert.gemma_expert.model.layers.16.mlp.gate_proj.weight (shape: torch.Size([4096, 1024])) - (364794:train_csgo.py:825)
2025-12-17 14:02:36 - INFO -         [TRAINABLE] paligemma_with_expert.gemma_expert.model.layers.16.mlp.up_proj.weight (shape: torch.Size([4096, 1024])) - (364794:train_csgo.py:825)
2025-12-17 14:02:36 - INFO -         [TRAINABLE] paligemma_with_expert.gemma_expert.model.layers.16.mlp.down_proj.weight (shape: torch.Size([1024, 4096])) - (364794:train_csgo.py:825)
2025-12-17 14:02:36 - INFO -         [TRAINABLE] paligemma_with_expert.gemma_expert.model.layers.16.input_layernorm.dense.weight (shape: torch.Size([3072, 1024])) - (364794:train_csgo.py:825)
2025-12-17 14:02:36 - INFO -         [TRAINABLE] paligemma_with_expert.gemma_expert.model.layers.16.input_layernorm.dense.bias (shape: torch.Size([3072])) - (364794:train_csgo.py:825)
2025-12-17 14:02:36 - INFO -         [TRAINABLE] paligemma_with_expert.gemma_expert.model.layers.16.post_attention_layernorm.dense.weight (shape: torch.Size([3072, 1024])) - (364794:train_csgo.py:825)
2025-12-17 14:02:36 - INFO -         [TRAINABLE] paligemma_with_expert.gemma_expert.model.layers.16.post_attention_layernorm.dense.bias (shape: torch.Size([3072])) - (364794:train_csgo.py:825)
2025-12-17 14:02:36 - INFO -         [TRAINABLE] paligemma_with_expert.gemma_expert.model.layers.17.self_attn.q_proj.weight (shape: torch.Size([2048, 1024])) - (364794:train_csgo.py:825)
2025-12-17 14:02:36 - INFO -         [TRAINABLE] paligemma_with_expert.gemma_expert.model.layers.17.self_attn.k_proj.weight (shape: torch.Size([256, 1024])) - (364794:train_csgo.py:825)
2025-12-17 14:02:36 - INFO -         [TRAINABLE] paligemma_with_expert.gemma_expert.model.layers.17.self_attn.v_proj.weight (shape: torch.Size([256, 1024])) - (364794:train_csgo.py:825)
2025-12-17 14:02:36 - INFO -         [TRAINABLE] paligemma_with_expert.gemma_expert.model.layers.17.self_attn.o_proj.weight (shape: torch.Size([1024, 2048])) - (364794:train_csgo.py:825)
2025-12-17 14:02:36 - INFO -         [TRAINABLE] paligemma_with_expert.gemma_expert.model.layers.17.mlp.gate_proj.weight (shape: torch.Size([4096, 1024])) - (364794:train_csgo.py:825)
2025-12-17 14:02:36 - INFO -         [TRAINABLE] paligemma_with_expert.gemma_expert.model.layers.17.mlp.up_proj.weight (shape: torch.Size([4096, 1024])) - (364794:train_csgo.py:825)
2025-12-17 14:02:36 - INFO -         [TRAINABLE] paligemma_with_expert.gemma_expert.model.layers.17.mlp.down_proj.weight (shape: torch.Size([1024, 4096])) - (364794:train_csgo.py:825)
2025-12-17 14:02:36 - INFO -         [TRAINABLE] paligemma_with_expert.gemma_expert.model.layers.17.input_layernorm.dense.weight (shape: torch.Size([3072, 1024])) - (364794:train_csgo.py:825)
2025-12-17 14:02:36 - INFO -         [TRAINABLE] paligemma_with_expert.gemma_expert.model.layers.17.input_layernorm.dense.bias (shape: torch.Size([3072])) - (364794:train_csgo.py:825)
2025-12-17 14:02:36 - INFO -         [TRAINABLE] paligemma_with_expert.gemma_expert.model.layers.17.post_attention_layernorm.dense.weight (shape: torch.Size([3072, 1024])) - (364794:train_csgo.py:825)
2025-12-17 14:02:36 - INFO -         [TRAINABLE] paligemma_with_expert.gemma_expert.model.layers.17.post_attention_layernorm.dense.bias (shape: torch.Size([3072])) - (364794:train_csgo.py:825)
2025-12-17 14:02:36 - INFO -         [TRAINABLE] paligemma_with_expert.gemma_expert.model.norm.dense.weight (shape: torch.Size([3072, 1024])) - (364794:train_csgo.py:825)
2025-12-17 14:02:36 - INFO -         [TRAINABLE] paligemma_with_expert.gemma_expert.model.norm.dense.bias (shape: torch.Size([3072])) - (364794:train_csgo.py:825)
2025-12-17 14:02:36 - INFO -         [TRAINABLE] paligemma_with_expert.gemma_expert.lm_head.weight (shape: torch.Size([257152, 1024])) - (364794:train_csgo.py:825)
2025-12-17 14:02:36 - INFO -         [TRAINABLE] action_in_proj.weight (shape: torch.Size([1024, 32])) - (364794:train_csgo.py:825)
2025-12-17 14:02:36 - INFO -         [TRAINABLE] action_in_proj.bias (shape: torch.Size([1024])) - (364794:train_csgo.py:825)
2025-12-17 14:02:36 - INFO -         [TRAINABLE] action_out_proj.weight (shape: torch.Size([32, 1024])) - (364794:train_csgo.py:825)
2025-12-17 14:02:36 - INFO -         [TRAINABLE] action_out_proj.bias (shape: torch.Size([32])) - (364794:train_csgo.py:825)
2025-12-17 14:02:36 - INFO -         [TRAINABLE] time_mlp_in.weight (shape: torch.Size([1024, 1024])) - (364794:train_csgo.py:825)
2025-12-17 14:02:36 - INFO -         [TRAINABLE] time_mlp_in.bias (shape: torch.Size([1024])) - (364794:train_csgo.py:825)
2025-12-17 14:02:36 - INFO -         [TRAINABLE] time_mlp_out.weight (shape: torch.Size([1024, 1024])) - (364794:train_csgo.py:825)
2025-12-17 14:02:36 - INFO -         [TRAINABLE] time_mlp_out.bias (shape: torch.Size([1024])) - (364794:train_csgo.py:825)
2025-12-17 14:02:36 - INFO - model.training_params: 3616757520, model.total_params: 3616757520 - (364794:train_csgo.py:826)
2025-12-17 14:02:59 - INFO - Step 0 (after_backward): GPU memory - allocated: 14.49GB, reserved: 65.59GB, free: 51.11GB, peak_allocated: 56.17GB, peak_reserved: 65.59GB - (364794:train_csgo.py:354)
2025-12-17 14:02:59 - INFO - step=0 loss=0.2369 lr=5.00e-08 grad_norm=3.08 time=23.0s - (364794:train_csgo.py:961)
2025-12-17 14:03:12 - INFO - Step 1 (after_backward): GPU memory - allocated: 27.97GB, reserved: 77.94GB, free: 49.97GB, peak_allocated: 69.65GB, peak_reserved: 77.94GB - (364794:train_csgo.py:354)
2025-12-17 14:03:26 - INFO - Step 2 (after_backward): GPU memory - allocated: 27.97GB, reserved: 77.94GB, free: 49.97GB, peak_allocated: 69.65GB, peak_reserved: 77.94GB - (364794:train_csgo.py:354)
2025-12-17 14:03:40 - INFO - Step 3 (after_backward): GPU memory - allocated: 27.97GB, reserved: 77.94GB, free: 49.97GB, peak_allocated: 69.65GB, peak_reserved: 77.94GB - (364794:train_csgo.py:354)
2025-12-17 14:03:58 - INFO - Step 4 (after_backward): GPU memory - allocated: 27.97GB, reserved: 77.94GB, free: 49.97GB, peak_allocated: 69.65GB, peak_reserved: 77.94GB - (364794:train_csgo.py:354)
2025-12-17 14:40:12 - INFO - step=100 loss=0.2030 lr=2.57e-06 grad_norm=2.12 time=2233.3s - (364794:train_csgo.py:961)
2025-12-17 15:18:00 - INFO - step=200 loss=0.1404 lr=7.57e-06 grad_norm=0.49 time=2268.2s - (364794:train_csgo.py:961)
2025-12-17 15:55:36 - INFO - step=300 loss=0.1218 lr=1.26e-05 grad_norm=0.78 time=2255.2s - (364794:train_csgo.py:961)
2025-12-17 16:33:18 - INFO - step=400 loss=0.1067 lr=1.76e-05 grad_norm=0.87 time=2262.5s - (364794:train_csgo.py:961)
2025-12-17 17:11:04 - INFO - step=500 loss=0.0918 lr=2.26e-05 grad_norm=0.97 time=2266.3s - (364794:train_csgo.py:961)
2025-12-17 17:48:47 - INFO - step=600 loss=0.0791 lr=2.75e-05 grad_norm=0.87 time=2262.8s - (364794:train_csgo.py:961)
2025-12-17 18:26:39 - INFO - step=700 loss=0.0704 lr=3.25e-05 grad_norm=0.84 time=2271.6s - (364794:train_csgo.py:961)
2025-12-17 19:04:34 - INFO - step=800 loss=0.0643 lr=3.75e-05 grad_norm=0.73 time=2274.8s - (364794:train_csgo.py:961)
2025-12-17 19:42:02 - INFO - step=900 loss=0.0581 lr=4.25e-05 grad_norm=0.67 time=2248.1s - (364794:train_csgo.py:961)
2025-12-17 20:19:47 - INFO - step=1000 loss=0.0529 lr=4.75e-05 grad_norm=0.62 time=2265.1s - (364794:train_csgo.py:961)
2025-12-17 20:57:35 - INFO - step=1100 loss=0.0476 lr=5.00e-05 grad_norm=0.62 time=2267.7s - (364794:train_csgo.py:961)
2025-12-17 21:35:03 - INFO - step=1200 loss=0.0413 lr=5.00e-05 grad_norm=0.55 time=2248.0s - (364794:train_csgo.py:961)
2025-12-17 22:12:39 - INFO - step=1300 loss=0.0396 lr=5.00e-05 grad_norm=0.54 time=2256.3s - (364794:train_csgo.py:961)
2025-12-17 22:50:21 - INFO - step=1400 loss=0.0357 lr=5.00e-05 grad_norm=0.51 time=2262.6s - (364794:train_csgo.py:961)
2025-12-17 23:27:52 - INFO - step=1500 loss=0.0331 lr=5.00e-05 grad_norm=0.49 time=2250.9s - (364794:train_csgo.py:961)
2025-12-18 00:05:33 - INFO - step=1600 loss=0.0310 lr=5.00e-05 grad_norm=0.44 time=2261.0s - (364794:train_csgo.py:961)
2025-12-18 00:43:05 - INFO - step=1700 loss=0.0298 lr=5.00e-05 grad_norm=0.45 time=2252.1s - (364794:train_csgo.py:961)
2025-12-18 01:20:48 - INFO - step=1800 loss=0.0300 lr=5.00e-05 grad_norm=0.45 time=2263.0s - (364794:train_csgo.py:961)
2025-12-18 01:58:51 - INFO - step=1900 loss=0.0297 lr=5.00e-05 grad_norm=0.47 time=2283.0s - (364794:train_csgo.py:961)
2025-12-18 02:36:30 - INFO - step=2000 loss=0.0276 lr=5.00e-05 grad_norm=0.44 time=2258.4s - (364794:train_csgo.py:961)
2025-12-18 03:14:15 - INFO - step=2100 loss=0.0260 lr=5.00e-05 grad_norm=0.41 time=2265.2s - (364794:train_csgo.py:961)
2025-12-18 03:52:00 - INFO - step=2200 loss=0.0264 lr=5.00e-05 grad_norm=0.42 time=2265.2s - (364794:train_csgo.py:961)
2025-12-18 04:29:36 - INFO - step=2300 loss=0.0257 lr=5.00e-05 grad_norm=0.39 time=2256.3s - (364794:train_csgo.py:961)
2025-12-18 05:07:25 - INFO - step=2400 loss=0.0245 lr=5.00e-05 grad_norm=0.39 time=2268.5s - (364794:train_csgo.py:961)
2025-12-18 05:45:06 - INFO - step=2500 loss=0.0233 lr=5.00e-05 grad_norm=0.37 time=2260.7s - (364794:train_csgo.py:961)
2025-12-18 06:22:50 - INFO - step=2600 loss=0.0228 lr=5.00e-05 grad_norm=0.37 time=2264.1s - (364794:train_csgo.py:961)
2025-12-18 07:00:42 - INFO - step=2700 loss=0.0222 lr=5.00e-05 grad_norm=0.35 time=2272.0s - (364794:train_csgo.py:961)
2025-12-18 07:38:13 - INFO - step=2800 loss=0.0224 lr=5.00e-05 grad_norm=0.36 time=2251.5s - (364794:train_csgo.py:961)
2025-12-18 08:15:55 - INFO - step=2900 loss=0.0215 lr=5.00e-05 grad_norm=0.34 time=2262.3s - (364794:train_csgo.py:961)
2025-12-18 08:53:36 - INFO - step=3000 loss=0.0219 lr=5.00e-05 grad_norm=0.36 time=2260.6s - (364794:train_csgo.py:961)
2025-12-18 09:31:45 - INFO - step=3100 loss=0.0204 lr=5.00e-05 grad_norm=0.34 time=2289.3s - (364794:train_csgo.py:961)
2025-12-18 10:09:27 - INFO - step=3200 loss=0.0205 lr=5.00e-05 grad_norm=0.36 time=2261.5s - (364794:train_csgo.py:961)
2025-12-18 10:47:08 - INFO - step=3300 loss=0.0199 lr=5.00e-05 grad_norm=0.33 time=2261.4s - (364794:train_csgo.py:961)
2025-12-18 11:24:40 - INFO - step=3400 loss=0.0221 lr=5.00e-05 grad_norm=0.37 time=2251.9s - (364794:train_csgo.py:961)
2025-12-18 12:02:17 - INFO - step=3500 loss=0.0201 lr=5.00e-05 grad_norm=0.34 time=2256.8s - (364794:train_csgo.py:961)
2025-12-18 12:59:55 - INFO - step=3600 loss=0.0194 lr=5.00e-05 grad_norm=0.31 time=3457.9s - (364794:train_csgo.py:961)
2025-12-18 13:37:39 - INFO - step=3700 loss=0.0196 lr=5.00e-05 grad_norm=0.34 time=2264.3s - (364794:train_csgo.py:961)
2025-12-18 14:15:23 - INFO - step=3800 loss=0.0188 lr=5.00e-05 grad_norm=0.33 time=2264.2s - (364794:train_csgo.py:961)
2025-12-18 14:53:25 - INFO - step=3900 loss=0.0178 lr=5.00e-05 grad_norm=0.31 time=2281.8s - (364794:train_csgo.py:961)
2025-12-18 15:31:05 - INFO - step=4000 loss=0.0184 lr=5.00e-05 grad_norm=0.32 time=2260.3s - (364794:train_csgo.py:961)
2025-12-18 16:08:55 - INFO - step=4100 loss=0.0185 lr=5.00e-05 grad_norm=0.33 time=2269.6s - (364794:train_csgo.py:961)
2025-12-18 16:46:37 - INFO - step=4200 loss=0.0177 lr=5.00e-05 grad_norm=0.32 time=2261.6s - (364794:train_csgo.py:961)
2025-12-18 17:24:31 - INFO - step=4300 loss=0.0186 lr=5.00e-05 grad_norm=0.32 time=2274.8s - (364794:train_csgo.py:961)
2025-12-18 18:02:18 - INFO - step=4400 loss=0.0172 lr=5.00e-05 grad_norm=0.30 time=2266.7s - (364794:train_csgo.py:961)
2025-12-18 18:40:01 - INFO - step=4500 loss=0.0177 lr=5.00e-05 grad_norm=0.32 time=2262.7s - (364794:train_csgo.py:961)
2025-12-18 19:17:49 - INFO - step=4600 loss=0.0176 lr=5.00e-05 grad_norm=0.33 time=2268.1s - (364794:train_csgo.py:961)
2025-12-18 19:55:38 - INFO - step=4700 loss=0.0177 lr=5.00e-05 grad_norm=0.32 time=2269.1s - (364794:train_csgo.py:961)
2025-12-18 20:33:23 - INFO - step=4800 loss=0.0172 lr=5.00e-05 grad_norm=0.31 time=2265.2s - (364794:train_csgo.py:961)
2025-12-18 21:11:21 - INFO - step=4900 loss=0.0169 lr=5.00e-05 grad_norm=0.33 time=2277.6s - (364794:train_csgo.py:961)
2025-12-18 21:49:13 - INFO - Saved checkpoint at step 5000 -> /data/jiahao/openpi/checkpoints/pi05_csgo_exp9/pi05_csgo_exp9/5000 - (364794:train_csgo.py:240)
2025-12-18 21:49:29 - INFO - step=5000 loss=0.0177 lr=5.00e-05 grad_norm=0.33 time=2288.5s - (364794:train_csgo.py:961)
2025-12-18 22:27:14 - INFO - step=5100 loss=0.0168 lr=5.00e-05 grad_norm=0.32 time=2264.7s - (364794:train_csgo.py:961)
2025-12-18 23:05:07 - INFO - step=5200 loss=0.0162 lr=5.00e-05 grad_norm=0.29 time=2273.5s - (364794:train_csgo.py:961)
2025-12-18 23:42:52 - INFO - step=5300 loss=0.0172 lr=5.00e-05 grad_norm=0.33 time=2264.1s - (364794:train_csgo.py:961)
2025-12-19 00:20:42 - INFO - step=5400 loss=0.0158 lr=5.00e-05 grad_norm=0.30 time=2270.5s - (364794:train_csgo.py:961)
2025-12-19 00:58:28 - INFO - step=5500 loss=0.0158 lr=5.00e-05 grad_norm=0.30 time=2265.9s - (364794:train_csgo.py:961)
2025-12-19 01:36:15 - INFO - step=5600 loss=0.0160 lr=5.00e-05 grad_norm=0.30 time=2267.6s - (364794:train_csgo.py:961)
2025-12-19 02:14:16 - INFO - step=5700 loss=0.0156 lr=5.00e-05 grad_norm=0.30 time=2280.8s - (364794:train_csgo.py:961)
2025-12-19 02:52:03 - INFO - step=5800 loss=0.0158 lr=5.00e-05 grad_norm=0.30 time=2267.2s - (364794:train_csgo.py:961)
2025-12-19 03:29:45 - INFO - step=5900 loss=0.0150 lr=5.00e-05 grad_norm=0.27 time=2262.0s - (364794:train_csgo.py:961)
2025-12-19 04:07:35 - INFO - step=6000 loss=0.0156 lr=5.00e-05 grad_norm=0.30 time=2269.4s - (364794:train_csgo.py:961)
2025-12-19 04:45:17 - INFO - step=6100 loss=0.0151 lr=5.00e-05 grad_norm=0.30 time=2262.2s - (364794:train_csgo.py:961)
2025-12-19 05:23:02 - INFO - step=6200 loss=0.0161 lr=5.00e-05 grad_norm=0.31 time=2265.0s - (364794:train_csgo.py:961)
2025-12-19 06:00:46 - INFO - step=6300 loss=0.0148 lr=5.00e-05 grad_norm=0.27 time=2263.5s - (364794:train_csgo.py:961)
2025-12-19 06:38:33 - INFO - step=6400 loss=0.0148 lr=5.00e-05 grad_norm=0.29 time=2267.8s - (364794:train_csgo.py:961)
2025-12-19 07:16:10 - INFO - step=6500 loss=0.0149 lr=5.00e-05 grad_norm=0.29 time=2257.0s - (364794:train_csgo.py:961)
2025-12-19 07:53:49 - INFO - step=6600 loss=0.0147 lr=5.00e-05 grad_norm=0.27 time=2259.1s - (364794:train_csgo.py:961)
2025-12-19 08:31:21 - INFO - step=6700 loss=0.0153 lr=5.00e-05 grad_norm=0.29 time=2251.9s - (364794:train_csgo.py:961)
2025-12-19 09:09:02 - INFO - step=6800 loss=0.0146 lr=5.00e-05 grad_norm=0.28 time=2261.0s - (364794:train_csgo.py:961)
2025-12-19 09:46:49 - INFO - step=6900 loss=0.0147 lr=5.00e-05 grad_norm=0.28 time=2266.2s - (364794:train_csgo.py:961)
2025-12-19 10:24:37 - INFO - step=7000 loss=0.0144 lr=5.00e-05 grad_norm=0.27 time=2268.1s - (364794:train_csgo.py:961)
2025-12-19 11:02:22 - INFO - step=7100 loss=0.0146 lr=5.00e-05 grad_norm=0.28 time=2264.8s - (364794:train_csgo.py:961)
2025-12-19 11:39:58 - INFO - step=7200 loss=0.0139 lr=5.00e-05 grad_norm=0.27 time=2256.9s - (364794:train_csgo.py:961)
2025-12-19 12:17:41 - INFO - step=7300 loss=0.0147 lr=5.00e-05 grad_norm=0.28 time=2262.1s - (364794:train_csgo.py:961)
2025-12-19 12:55:28 - INFO - step=7400 loss=0.0144 lr=5.00e-05 grad_norm=0.28 time=2267.0s - (364794:train_csgo.py:961)
2025-12-19 13:33:12 - INFO - step=7500 loss=0.0137 lr=5.00e-05 grad_norm=0.25 time=2264.5s - (364794:train_csgo.py:961)
2025-12-19 14:11:00 - INFO - step=7600 loss=0.0138 lr=5.00e-05 grad_norm=0.28 time=2268.0s - (364794:train_csgo.py:961)
2025-12-19 14:48:53 - INFO - step=7700 loss=0.0135 lr=5.00e-05 grad_norm=0.27 time=2273.2s - (364794:train_csgo.py:961)
2025-12-19 15:26:42 - INFO - step=7800 loss=0.0142 lr=5.00e-05 grad_norm=0.29 time=2268.9s - (364794:train_csgo.py:961)
2025-12-19 16:09:02 - INFO - step=7900 loss=0.0131 lr=5.00e-05 grad_norm=0.27 time=2539.8s - (364794:train_csgo.py:961)
2025-12-19 16:52:12 - INFO - step=8000 loss=0.0129 lr=5.00e-05 grad_norm=0.26 time=2590.4s - (364794:train_csgo.py:961)
2025-12-19 17:29:57 - INFO - step=8100 loss=0.0132 lr=5.00e-05 grad_norm=0.26 time=2264.9s - (364794:train_csgo.py:961)
2025-12-19 18:07:43 - INFO - step=8200 loss=0.0138 lr=5.00e-05 grad_norm=0.26 time=2265.4s - (364794:train_csgo.py:961)
2025-12-19 18:45:30 - INFO - step=8300 loss=0.0131 lr=5.00e-05 grad_norm=0.25 time=2267.1s - (364794:train_csgo.py:961)
2025-12-19 19:23:17 - INFO - step=8400 loss=0.0133 lr=5.00e-05 grad_norm=0.27 time=2267.0s - (364794:train_csgo.py:961)
2025-12-19 20:01:02 - INFO - step=8500 loss=0.0133 lr=5.00e-05 grad_norm=0.27 time=2264.8s - (364794:train_csgo.py:961)
2025-12-19 20:38:57 - INFO - step=8600 loss=0.0130 lr=5.00e-05 grad_norm=0.26 time=2275.3s - (364794:train_csgo.py:961)
2025-12-19 21:16:33 - INFO - step=8700 loss=0.0134 lr=5.00e-05 grad_norm=0.28 time=2256.1s - (364794:train_csgo.py:961)
2025-12-19 21:54:17 - INFO - step=8800 loss=0.0128 lr=5.00e-05 grad_norm=0.26 time=2264.3s - (364794:train_csgo.py:961)
2025-12-19 22:32:04 - INFO - step=8900 loss=0.0129 lr=5.00e-05 grad_norm=0.24 time=2266.5s - (364794:train_csgo.py:961)
2025-12-19 23:09:44 - INFO - step=9000 loss=0.0131 lr=5.00e-05 grad_norm=0.26 time=2260.0s - (364794:train_csgo.py:961)
2025-12-19 23:47:27 - INFO - step=9100 loss=0.0125 lr=5.00e-05 grad_norm=0.26 time=2263.6s - (364794:train_csgo.py:961)
2025-12-20 00:25:04 - INFO - step=9200 loss=0.0127 lr=5.00e-05 grad_norm=0.25 time=2256.6s - (364794:train_csgo.py:961)
2025-12-20 01:02:45 - INFO - step=9300 loss=0.0127 lr=5.00e-05 grad_norm=0.27 time=2261.2s - (364794:train_csgo.py:961)
2025-12-20 01:40:31 - INFO - step=9400 loss=0.0127 lr=5.00e-05 grad_norm=0.25 time=2265.3s - (364794:train_csgo.py:961)
2025-12-20 02:18:08 - INFO - step=9500 loss=0.0127 lr=5.00e-05 grad_norm=0.26 time=2257.8s - (364794:train_csgo.py:961)
2025-12-20 02:55:47 - INFO - step=9600 loss=0.0131 lr=5.00e-05 grad_norm=0.27 time=2258.9s - (364794:train_csgo.py:961)
2025-12-20 03:33:26 - INFO - step=9700 loss=0.0131 lr=5.00e-05 grad_norm=0.26 time=2259.1s - (364794:train_csgo.py:961)
2025-12-20 04:11:05 - INFO - step=9800 loss=0.0127 lr=5.00e-05 grad_norm=0.27 time=2258.8s - (364794:train_csgo.py:961)
2025-12-20 04:48:41 - INFO - step=9900 loss=0.0126 lr=5.00e-05 grad_norm=0.25 time=2256.2s - (364794:train_csgo.py:961)
2025-12-20 05:26:29 - INFO - Saved checkpoint at step 10000 -> /data/jiahao/openpi/checkpoints/pi05_csgo_exp9/pi05_csgo_exp9/10000 - (364794:train_csgo.py:240)
2025-12-20 05:26:46 - INFO - step=10000 loss=0.0124 lr=5.00e-05 grad_norm=0.25 time=2284.3s - (364794:train_csgo.py:961)
2025-12-20 06:04:21 - INFO - step=10100 loss=0.0125 lr=5.00e-05 grad_norm=0.26 time=2255.2s - (364794:train_csgo.py:961)
2025-12-20 06:42:07 - INFO - step=10200 loss=0.0118 lr=5.00e-05 grad_norm=0.24 time=2266.0s - (364794:train_csgo.py:961)
2025-12-20 07:19:49 - INFO - step=10300 loss=0.0123 lr=5.00e-05 grad_norm=0.26 time=2262.7s - (364794:train_csgo.py:961)
2025-12-20 07:57:20 - INFO - step=10400 loss=0.0121 lr=5.00e-05 grad_norm=0.25 time=2250.6s - (364794:train_csgo.py:961)
2025-12-20 08:35:05 - INFO - step=10500 loss=0.0121 lr=5.00e-05 grad_norm=0.25 time=2265.3s - (364794:train_csgo.py:961)
2025-12-20 09:12:42 - INFO - step=10600 loss=0.0119 lr=5.00e-05 grad_norm=0.25 time=2256.8s - (364794:train_csgo.py:961)
2025-12-20 09:50:21 - INFO - step=10700 loss=0.0123 lr=5.00e-05 grad_norm=0.26 time=2258.6s - (364794:train_csgo.py:961)
2025-12-20 10:28:06 - INFO - step=10800 loss=0.0115 lr=5.00e-05 grad_norm=0.24 time=2265.0s - (364794:train_csgo.py:961)
2025-12-20 11:05:42 - INFO - step=10900 loss=0.0115 lr=5.00e-05 grad_norm=0.24 time=2256.5s - (364794:train_csgo.py:961)
2025-12-20 11:43:25 - INFO - step=11000 loss=0.0123 lr=5.00e-05 grad_norm=0.26 time=2262.3s - (364794:train_csgo.py:961)
2025-12-20 12:21:05 - INFO - step=11100 loss=0.0113 lr=5.00e-05 grad_norm=0.23 time=2259.9s - (364794:train_csgo.py:961)
2025-12-20 12:58:38 - INFO - step=11200 loss=0.0124 lr=5.00e-05 grad_norm=0.26 time=2253.1s - (364794:train_csgo.py:961)
2025-12-20 13:36:19 - INFO - step=11300 loss=0.0113 lr=5.00e-05 grad_norm=0.23 time=2261.6s - (364794:train_csgo.py:961)
2025-12-20 14:14:10 - INFO - step=11400 loss=0.0117 lr=5.00e-05 grad_norm=0.25 time=2270.2s - (364794:train_csgo.py:961)
2025-12-20 14:51:56 - INFO - step=11500 loss=0.0115 lr=5.00e-05 grad_norm=0.24 time=2267.0s - (364794:train_csgo.py:961)
2025-12-20 15:29:40 - INFO - step=11600 loss=0.0120 lr=5.00e-05 grad_norm=0.24 time=2264.0s - (364794:train_csgo.py:961)
2025-12-20 16:07:24 - INFO - step=11700 loss=0.0111 lr=5.00e-05 grad_norm=0.25 time=2263.2s - (364794:train_csgo.py:961)
2025-12-20 16:44:59 - INFO - step=11800 loss=0.0115 lr=5.00e-05 grad_norm=0.24 time=2255.5s - (364794:train_csgo.py:961)
2025-12-20 17:22:42 - INFO - step=11900 loss=0.0116 lr=5.00e-05 grad_norm=0.25 time=2263.2s - (364794:train_csgo.py:961)
2025-12-20 18:00:20 - INFO - step=12000 loss=0.0120 lr=5.00e-05 grad_norm=0.25 time=2258.0s - (364794:train_csgo.py:961)
2025-12-20 18:38:00 - INFO - step=12100 loss=0.0107 lr=5.00e-05 grad_norm=0.22 time=2259.4s - (364794:train_csgo.py:961)
2025-12-20 19:15:38 - INFO - step=12200 loss=0.0114 lr=5.00e-05 grad_norm=0.24 time=2258.1s - (364794:train_csgo.py:961)
2025-12-20 19:53:16 - INFO - step=12300 loss=0.0113 lr=5.00e-05 grad_norm=0.24 time=2257.6s - (364794:train_csgo.py:961)
2025-12-20 20:30:51 - INFO - step=12400 loss=0.0115 lr=5.00e-05 grad_norm=0.26 time=2255.8s - (364794:train_csgo.py:961)
2025-12-20 21:08:37 - INFO - step=12500 loss=0.0117 lr=5.00e-05 grad_norm=0.24 time=2265.8s - (364794:train_csgo.py:961)
2025-12-20 21:46:06 - INFO - step=12600 loss=0.0117 lr=5.00e-05 grad_norm=0.25 time=2248.8s - (364794:train_csgo.py:961)
2025-12-20 22:23:39 - INFO - step=12700 loss=0.0112 lr=5.00e-05 grad_norm=0.23 time=2253.0s - (364794:train_csgo.py:961)
2025-12-20 23:01:20 - INFO - step=12800 loss=0.0109 lr=5.00e-05 grad_norm=0.24 time=2260.7s - (364794:train_csgo.py:961)
2025-12-20 23:38:47 - INFO - step=12900 loss=0.0117 lr=5.00e-05 grad_norm=0.25 time=2246.9s - (364794:train_csgo.py:961)
2025-12-21 00:16:31 - INFO - step=13000 loss=0.0111 lr=5.00e-05 grad_norm=0.24 time=2264.2s - (364794:train_csgo.py:961)
2025-12-21 00:53:56 - INFO - step=13100 loss=0.0109 lr=5.00e-05 grad_norm=0.24 time=2245.2s - (364794:train_csgo.py:961)
2025-12-21 01:31:41 - INFO - step=13200 loss=0.0117 lr=5.00e-05 grad_norm=0.24 time=2264.6s - (364794:train_csgo.py:961)
2025-12-21 02:09:21 - INFO - step=13300 loss=0.0108 lr=5.00e-05 grad_norm=0.23 time=2260.8s - (364794:train_csgo.py:961)
2025-12-21 02:46:55 - INFO - step=13400 loss=0.0111 lr=5.00e-05 grad_norm=0.25 time=2253.8s - (364794:train_csgo.py:961)
2025-12-21 03:24:30 - INFO - step=13500 loss=0.0107 lr=5.00e-05 grad_norm=0.23 time=2254.5s - (364794:train_csgo.py:961)
2025-12-21 04:02:06 - INFO - step=13600 loss=0.0110 lr=5.00e-05 grad_norm=0.25 time=2256.3s - (364794:train_csgo.py:961)
2025-12-21 04:39:40 - INFO - step=13700 loss=0.0114 lr=5.00e-05 grad_norm=0.24 time=2253.5s - (364794:train_csgo.py:961)
2025-12-21 05:17:17 - INFO - step=13800 loss=0.0103 lr=5.00e-05 grad_norm=0.22 time=2257.1s - (364794:train_csgo.py:961)
2025-12-21 05:54:58 - INFO - step=13900 loss=0.0108 lr=5.00e-05 grad_norm=0.23 time=2261.6s - (364794:train_csgo.py:961)
2025-12-21 06:32:29 - INFO - step=14000 loss=0.0106 lr=5.00e-05 grad_norm=0.23 time=2250.7s - (364794:train_csgo.py:961)
2025-12-21 07:10:10 - INFO - step=14100 loss=0.0104 lr=5.00e-05 grad_norm=0.22 time=2261.2s - (364794:train_csgo.py:961)
2025-12-21 07:47:44 - INFO - step=14200 loss=0.0108 lr=5.00e-05 grad_norm=0.24 time=2254.1s - (364794:train_csgo.py:961)
2025-12-21 08:25:15 - INFO - step=14300 loss=0.0103 lr=5.00e-05 grad_norm=0.22 time=2251.2s - (364794:train_csgo.py:961)
2025-12-21 09:02:54 - INFO - step=14400 loss=0.0108 lr=5.00e-05 grad_norm=0.23 time=2258.8s - (364794:train_csgo.py:961)
2025-12-21 09:40:19 - INFO - step=14500 loss=0.0108 lr=5.00e-05 grad_norm=0.22 time=2244.7s - (364794:train_csgo.py:961)
2025-12-21 10:17:58 - INFO - step=14600 loss=0.0104 lr=5.00e-05 grad_norm=0.22 time=2258.8s - (364794:train_csgo.py:961)
2025-12-21 10:55:35 - INFO - step=14700 loss=0.0111 lr=5.00e-05 grad_norm=0.23 time=2256.7s - (364794:train_csgo.py:961)
2025-12-21 11:33:08 - INFO - step=14800 loss=0.0103 lr=5.00e-05 grad_norm=0.21 time=2253.1s - (364794:train_csgo.py:961)
2025-12-21 12:10:48 - INFO - step=14900 loss=0.0105 lr=5.00e-05 grad_norm=0.22 time=2260.2s - (364794:train_csgo.py:961)
2025-12-21 12:48:34 - INFO - Saved checkpoint at step 15000 -> /data/jiahao/openpi/checkpoints/pi05_csgo_exp9/pi05_csgo_exp9/15000 - (364794:train_csgo.py:240)
2025-12-21 12:48:49 - INFO - step=15000 loss=0.0101 lr=5.00e-05 grad_norm=0.20 time=2281.6s - (364794:train_csgo.py:961)
2025-12-21 13:26:14 - INFO - step=15100 loss=0.0103 lr=5.00e-05 grad_norm=0.22 time=2244.6s - (364794:train_csgo.py:961)
2025-12-21 14:03:47 - INFO - step=15200 loss=0.0106 lr=5.00e-05 grad_norm=0.22 time=2253.3s - (364794:train_csgo.py:961)
2025-12-21 14:41:24 - INFO - step=15300 loss=0.0100 lr=5.00e-05 grad_norm=0.22 time=2257.0s - (364794:train_csgo.py:961)
2025-12-21 15:18:58 - INFO - step=15400 loss=0.0103 lr=5.00e-05 grad_norm=0.23 time=2254.0s - (364794:train_csgo.py:961)
2025-12-21 15:56:36 - INFO - step=15500 loss=0.0099 lr=5.00e-05 grad_norm=0.21 time=2257.7s - (364794:train_csgo.py:961)
2025-12-21 16:34:20 - INFO - step=15600 loss=0.0100 lr=5.00e-05 grad_norm=0.21 time=2263.4s - (364794:train_csgo.py:961)
2025-12-21 17:11:50 - INFO - step=15700 loss=0.0097 lr=5.00e-05 grad_norm=0.20 time=2250.4s - (364794:train_csgo.py:961)
2025-12-21 17:49:32 - INFO - step=15800 loss=0.0107 lr=5.00e-05 grad_norm=0.22 time=2262.5s - (364794:train_csgo.py:961)
2025-12-21 18:26:58 - INFO - step=15900 loss=0.0105 lr=5.00e-05 grad_norm=0.22 time=2245.3s - (364794:train_csgo.py:961)
2025-12-21 19:04:32 - INFO - step=16000 loss=0.0101 lr=5.00e-05 grad_norm=0.21 time=2253.9s - (364794:train_csgo.py:961)
2025-12-21 19:41:58 - INFO - step=16100 loss=0.0103 lr=5.00e-05 grad_norm=0.25 time=2246.5s - (364794:train_csgo.py:961)
2025-12-21 20:19:33 - INFO - step=16200 loss=0.0103 lr=5.00e-05 grad_norm=0.22 time=2255.3s - (364794:train_csgo.py:961)
2025-12-21 20:57:13 - INFO - step=16300 loss=0.0094 lr=5.00e-05 grad_norm=0.21 time=2260.1s - (364794:train_csgo.py:961)
2025-12-21 21:34:40 - INFO - step=16400 loss=0.0097 lr=5.00e-05 grad_norm=0.21 time=2247.0s - (364794:train_csgo.py:961)
2025-12-21 22:12:09 - INFO - step=16500 loss=0.0095 lr=5.00e-05 grad_norm=0.21 time=2248.5s - (364794:train_csgo.py:961)
2025-12-21 22:49:45 - INFO - step=16600 loss=0.0100 lr=5.00e-05 grad_norm=0.22 time=2256.2s - (364794:train_csgo.py:961)
2025-12-21 23:27:20 - INFO - step=16700 loss=0.0098 lr=5.00e-05 grad_norm=0.22 time=2254.5s - (364794:train_csgo.py:961)
2025-12-22 00:04:43 - INFO - step=16800 loss=0.0104 lr=5.00e-05 grad_norm=0.23 time=2243.3s - (364794:train_csgo.py:961)
2025-12-22 00:42:08 - INFO - step=16900 loss=0.0096 lr=5.00e-05 grad_norm=0.21 time=2245.7s - (364794:train_csgo.py:961)
2025-12-22 01:19:43 - INFO - step=17000 loss=0.0102 lr=5.00e-05 grad_norm=0.23 time=2254.9s - (364794:train_csgo.py:961)
2025-12-22 01:57:14 - INFO - step=17100 loss=0.0095 lr=5.00e-05 grad_norm=0.21 time=2250.8s - (364794:train_csgo.py:961)
2025-12-22 02:34:53 - INFO - step=17200 loss=0.0097 lr=5.00e-05 grad_norm=0.22 time=2259.1s - (364794:train_csgo.py:961)
2025-12-22 03:12:27 - INFO - step=17300 loss=0.0096 lr=5.00e-05 grad_norm=0.22 time=2253.4s - (364794:train_csgo.py:961)
2025-12-22 03:50:02 - INFO - step=17400 loss=0.0093 lr=5.00e-05 grad_norm=0.20 time=2254.9s - (364794:train_csgo.py:961)
2025-12-22 04:27:38 - INFO - step=17500 loss=0.0102 lr=5.00e-05 grad_norm=0.21 time=2256.4s - (364794:train_csgo.py:961)
2025-12-22 05:05:06 - INFO - step=17600 loss=0.0099 lr=5.00e-05 grad_norm=0.22 time=2247.7s - (364794:train_csgo.py:961)
2025-12-22 05:42:46 - INFO - step=17700 loss=0.0098 lr=5.00e-05 grad_norm=0.22 time=2260.8s - (364794:train_csgo.py:961)
2025-12-22 06:20:14 - INFO - step=17800 loss=0.0096 lr=5.00e-05 grad_norm=0.21 time=2247.7s - (364794:train_csgo.py:961)
2025-12-22 06:57:38 - INFO - step=17900 loss=0.0101 lr=5.00e-05 grad_norm=0.28 time=2244.2s - (364794:train_csgo.py:961)
2025-12-22 07:35:11 - INFO - step=18000 loss=0.0103 lr=5.00e-05 grad_norm=0.24 time=2252.9s - (364794:train_csgo.py:961)
2025-12-22 08:12:44 - INFO - step=18100 loss=0.0097 lr=5.00e-05 grad_norm=0.21 time=2253.0s - (364794:train_csgo.py:961)
2025-12-22 08:50:00 - INFO - step=18200 loss=0.0097 lr=5.00e-05 grad_norm=0.21 time=2235.8s - (364794:train_csgo.py:961)
2025-12-22 09:27:26 - INFO - step=18300 loss=0.0096 lr=5.00e-05 grad_norm=0.22 time=2245.7s - (364794:train_csgo.py:961)
2025-12-22 10:04:50 - INFO - step=18400 loss=0.0096 lr=5.00e-05 grad_norm=0.22 time=2244.4s - (364794:train_csgo.py:961)
2025-12-22 10:42:14 - INFO - step=18500 loss=0.0094 lr=5.00e-05 grad_norm=0.21 time=2244.0s - (364794:train_csgo.py:961)
2025-12-22 11:19:34 - INFO - step=18600 loss=0.0095 lr=5.00e-05 grad_norm=0.21 time=2240.2s - (364794:train_csgo.py:961)
2025-12-22 11:57:07 - INFO - step=18700 loss=0.0092 lr=5.00e-05 grad_norm=0.21 time=2252.4s - (364794:train_csgo.py:961)
2025-12-22 12:34:39 - INFO - step=18800 loss=0.0097 lr=5.00e-05 grad_norm=0.21 time=2252.7s - (364794:train_csgo.py:961)
2025-12-22 13:12:15 - INFO - step=18900 loss=0.0094 lr=5.00e-05 grad_norm=0.21 time=2255.5s - (364794:train_csgo.py:961)
2025-12-22 13:49:47 - INFO - step=19000 loss=0.0094 lr=5.00e-05 grad_norm=0.22 time=2251.8s - (364794:train_csgo.py:961)
2025-12-22 14:27:28 - INFO - step=19100 loss=0.0090 lr=5.00e-05 grad_norm=0.19 time=2261.5s - (364794:train_csgo.py:961)
2025-12-22 15:05:05 - INFO - step=19200 loss=0.0088 lr=5.00e-05 grad_norm=0.19 time=2257.4s - (364794:train_csgo.py:961)
2025-12-22 15:42:46 - INFO - step=19300 loss=0.0096 lr=5.00e-05 grad_norm=0.21 time=2260.6s - (364794:train_csgo.py:961)
2025-12-22 16:20:30 - INFO - step=19400 loss=0.0092 lr=5.00e-05 grad_norm=0.21 time=2263.4s - (364794:train_csgo.py:961)
2025-12-22 16:58:18 - INFO - step=19500 loss=0.0094 lr=5.00e-05 grad_norm=0.21 time=2268.0s - (364794:train_csgo.py:961)
2025-12-22 17:36:07 - INFO - step=19600 loss=0.0092 lr=5.00e-05 grad_norm=0.21 time=2269.4s - (364794:train_csgo.py:961)
2025-12-22 18:14:25 - INFO - step=19700 loss=0.0091 lr=5.00e-05 grad_norm=0.21 time=2298.2s - (364794:train_csgo.py:961)
2025-12-22 18:52:20 - INFO - step=19800 loss=0.0095 lr=5.00e-05 grad_norm=0.21 time=2274.5s - (364794:train_csgo.py:961)
2025-12-22 19:32:18 - INFO - step=19900 loss=0.0092 lr=5.00e-05 grad_norm=0.22 time=2398.7s - (364794:train_csgo.py:961)
2025-12-22 20:10:30 - INFO - Saved checkpoint at step 20000 -> /data/jiahao/openpi/checkpoints/pi05_csgo_exp9/pi05_csgo_exp9/20000 - (364794:train_csgo.py:240)
2025-12-22 20:10:46 - INFO - step=20000 loss=0.0085 lr=5.00e-05 grad_norm=0.21 time=2307.0s - (364794:train_csgo.py:961)
2025-12-22 20:48:26 - INFO - step=20100 loss=0.0096 lr=5.00e-05 grad_norm=0.23 time=2260.0s - (364794:train_csgo.py:961)
2025-12-22 21:26:15 - INFO - step=20200 loss=0.0093 lr=5.00e-05 grad_norm=0.21 time=2269.9s - (364794:train_csgo.py:961)
2025-12-22 22:03:50 - INFO - step=20300 loss=0.0091 lr=5.00e-05 grad_norm=0.20 time=2255.0s - (364794:train_csgo.py:961)
2025-12-22 22:41:15 - INFO - step=20400 loss=0.0092 lr=5.00e-05 grad_norm=0.21 time=2245.0s - (364794:train_csgo.py:961)
2025-12-22 23:18:48 - INFO - step=20500 loss=0.0096 lr=5.00e-05 grad_norm=0.20 time=2252.3s - (364794:train_csgo.py:961)
2025-12-22 23:56:23 - INFO - step=20600 loss=0.0095 lr=5.00e-05 grad_norm=0.24 time=2254.9s - (364794:train_csgo.py:961)
2025-12-23 00:33:47 - INFO - step=20700 loss=0.0086 lr=5.00e-05 grad_norm=0.20 time=2244.1s - (364794:train_csgo.py:961)
2025-12-23 01:11:22 - INFO - step=20800 loss=0.0096 lr=5.00e-05 grad_norm=0.22 time=2255.3s - (364794:train_csgo.py:961)
2025-12-23 01:48:45 - INFO - step=20900 loss=0.0093 lr=5.00e-05 grad_norm=0.23 time=2242.7s - (364794:train_csgo.py:961)
2025-12-23 02:26:26 - INFO - step=21000 loss=0.0091 lr=5.00e-05 grad_norm=0.22 time=2261.5s - (364794:train_csgo.py:961)
2025-12-23 03:03:55 - INFO - step=21100 loss=0.0090 lr=5.00e-05 grad_norm=0.21 time=2248.5s - (364794:train_csgo.py:961)
2025-12-23 03:41:31 - INFO - step=21200 loss=0.0092 lr=5.00e-05 grad_norm=0.21 time=2255.9s - (364794:train_csgo.py:961)
2025-12-23 04:19:06 - INFO - step=21300 loss=0.0088 lr=5.00e-05 grad_norm=0.20 time=2254.9s - (364794:train_csgo.py:961)
2025-12-23 04:56:32 - INFO - step=21400 loss=0.0092 lr=5.00e-05 grad_norm=0.21 time=2246.8s - (364794:train_csgo.py:961)
2025-12-23 05:34:03 - INFO - step=21500 loss=0.0086 lr=5.00e-05 grad_norm=0.20 time=2251.2s - (364794:train_csgo.py:961)
2025-12-23 06:11:32 - INFO - step=21600 loss=0.0095 lr=5.00e-05 grad_norm=0.24 time=2248.8s - (364794:train_csgo.py:961)
2025-12-23 06:49:03 - INFO - step=21700 loss=0.0093 lr=5.00e-05 grad_norm=0.21 time=2250.7s - (364794:train_csgo.py:961)
2025-12-23 07:26:27 - INFO - step=21800 loss=0.0090 lr=5.00e-05 grad_norm=0.21 time=2244.0s - (364794:train_csgo.py:961)
2025-12-23 08:03:56 - INFO - step=21900 loss=0.0087 lr=5.00e-05 grad_norm=0.19 time=2248.6s - (364794:train_csgo.py:961)
2025-12-23 08:41:21 - INFO - step=22000 loss=0.0094 lr=5.00e-05 grad_norm=0.22 time=2245.7s - (364794:train_csgo.py:961)
2025-12-23 09:18:39 - INFO - step=22100 loss=0.0091 lr=5.00e-05 grad_norm=0.20 time=2237.7s - (364794:train_csgo.py:961)
2025-12-23 09:56:07 - INFO - step=22200 loss=0.0085 lr=5.00e-05 grad_norm=0.19 time=2248.0s - (364794:train_csgo.py:961)
2025-12-23 10:33:22 - INFO - step=22300 loss=0.0093 lr=5.00e-05 grad_norm=0.21 time=2235.2s - (364794:train_csgo.py:961)
2025-12-23 11:10:47 - INFO - step=22400 loss=0.0087 lr=5.00e-05 grad_norm=0.20 time=2244.5s - (364794:train_csgo.py:961)
2025-12-23 11:48:11 - INFO - step=22500 loss=0.0084 lr=5.00e-05 grad_norm=0.19 time=2244.2s - (364794:train_csgo.py:961)
2025-12-23 12:25:43 - INFO - step=22600 loss=0.0092 lr=5.00e-05 grad_norm=0.20 time=2252.2s - (364794:train_csgo.py:961)
2025-12-23 13:03:11 - INFO - step=22700 loss=0.0098 lr=5.00e-05 grad_norm=0.22 time=2247.6s - (364794:train_csgo.py:961)
2025-12-23 13:40:56 - INFO - step=22800 loss=0.0089 lr=5.00e-05 grad_norm=0.22 time=2265.1s - (364794:train_csgo.py:961)
2025-12-23 14:18:35 - INFO - step=22900 loss=0.0091 lr=5.00e-05 grad_norm=0.20 time=2258.8s - (364794:train_csgo.py:961)
2025-12-23 14:56:17 - INFO - step=23000 loss=0.0092 lr=5.00e-05 grad_norm=0.22 time=2262.5s - (364794:train_csgo.py:961)
2025-12-23 15:34:06 - INFO - step=23100 loss=0.0088 lr=5.00e-05 grad_norm=0.20 time=2269.2s - (364794:train_csgo.py:961)
2025-12-23 16:11:44 - INFO - step=23200 loss=0.0087 lr=5.00e-05 grad_norm=0.20 time=2258.0s - (364794:train_csgo.py:961)
2025-12-23 16:49:31 - INFO - step=23300 loss=0.0089 lr=5.00e-05 grad_norm=0.21 time=2266.7s - (364794:train_csgo.py:961)
2025-12-23 17:27:13 - INFO - step=23400 loss=0.0086 lr=5.00e-05 grad_norm=0.20 time=2262.0s - (364794:train_csgo.py:961)
2025-12-23 18:05:00 - INFO - step=23500 loss=0.0090 lr=5.00e-05 grad_norm=0.22 time=2267.2s - (364794:train_csgo.py:961)
2025-12-23 18:42:48 - INFO - step=23600 loss=0.0087 lr=5.00e-05 grad_norm=0.21 time=2268.1s - (364794:train_csgo.py:961)
2025-12-23 19:20:28 - INFO - step=23700 loss=0.0089 lr=5.00e-05 grad_norm=0.21 time=2259.5s - (364794:train_csgo.py:961)
2025-12-23 19:58:08 - INFO - step=23800 loss=0.0088 lr=5.00e-05 grad_norm=0.21 time=2260.1s - (364794:train_csgo.py:961)
2025-12-23 20:35:41 - INFO - step=23900 loss=0.0088 lr=5.00e-05 grad_norm=0.20 time=2253.7s - (364794:train_csgo.py:961)
2025-12-23 21:13:19 - INFO - step=24000 loss=0.0086 lr=5.00e-05 grad_norm=0.21 time=2257.2s - (364794:train_csgo.py:961)
2025-12-23 21:51:03 - INFO - step=24100 loss=0.0088 lr=5.00e-05 grad_norm=0.20 time=2264.6s - (364794:train_csgo.py:961)
2025-12-23 22:28:37 - INFO - step=24200 loss=0.0087 lr=5.00e-05 grad_norm=0.21 time=2253.6s - (364794:train_csgo.py:961)
2025-12-23 23:06:04 - INFO - step=24300 loss=0.0084 lr=5.00e-05 grad_norm=0.20 time=2247.2s - (364794:train_csgo.py:961)
2025-12-23 23:43:45 - INFO - step=24400 loss=0.0079 lr=5.00e-05 grad_norm=0.19 time=2260.8s - (364794:train_csgo.py:961)
2025-12-24 00:21:29 - INFO - step=24500 loss=0.0085 lr=5.00e-05 grad_norm=0.19 time=2264.4s - (364794:train_csgo.py:961)
2025-12-24 00:59:08 - INFO - step=24600 loss=0.0084 lr=5.00e-05 grad_norm=0.18 time=2258.9s - (364794:train_csgo.py:961)
2025-12-24 01:36:52 - INFO - step=24700 loss=0.0087 lr=5.00e-05 grad_norm=0.21 time=2263.8s - (364794:train_csgo.py:961)
2025-12-24 02:14:38 - INFO - step=24800 loss=0.0084 lr=5.00e-05 grad_norm=0.20 time=2266.4s - (364794:train_csgo.py:961)
2025-12-24 02:52:22 - INFO - step=24900 loss=0.0083 lr=5.00e-05 grad_norm=0.19 time=2263.7s - (364794:train_csgo.py:961)
2025-12-24 03:30:19 - INFO - Saved checkpoint at step 25000 -> /data/jiahao/openpi/checkpoints/pi05_csgo_exp9/pi05_csgo_exp9/25000 - (364794:train_csgo.py:240)
2025-12-24 03:30:35 - INFO - step=25000 loss=0.0082 lr=5.00e-05 grad_norm=0.20 time=2292.7s - (364794:train_csgo.py:961)
2025-12-24 04:08:09 - INFO - step=25100 loss=0.0088 lr=5.00e-05 grad_norm=0.20 time=2254.0s - (364794:train_csgo.py:961)
2025-12-24 04:45:58 - INFO - step=25200 loss=0.0081 lr=5.00e-05 grad_norm=0.18 time=2269.3s - (364794:train_csgo.py:961)
2025-12-24 05:23:39 - INFO - step=25300 loss=0.0089 lr=5.00e-05 grad_norm=0.22 time=2261.2s - (364794:train_csgo.py:961)
2025-12-24 06:01:20 - INFO - step=25400 loss=0.0089 lr=5.00e-05 grad_norm=0.21 time=2261.3s - (364794:train_csgo.py:961)
2025-12-24 06:38:54 - INFO - step=25500 loss=0.0087 lr=5.00e-05 grad_norm=0.20 time=2253.8s - (364794:train_csgo.py:961)
2025-12-24 07:16:43 - INFO - step=25600 loss=0.0085 lr=5.00e-05 grad_norm=0.20 time=2269.1s - (364794:train_csgo.py:961)
2025-12-24 07:54:22 - INFO - step=25700 loss=0.0087 lr=5.00e-05 grad_norm=0.20 time=2258.5s - (364794:train_csgo.py:961)
2025-12-24 08:31:57 - INFO - step=25800 loss=0.0086 lr=5.00e-05 grad_norm=0.21 time=2254.9s - (364794:train_csgo.py:961)
2025-12-24 09:09:32 - INFO - step=25900 loss=0.0080 lr=5.00e-05 grad_norm=0.19 time=2255.6s - (364794:train_csgo.py:961)
2025-12-24 09:47:05 - INFO - step=26000 loss=0.0081 lr=5.00e-05 grad_norm=0.18 time=2252.8s - (364794:train_csgo.py:961)
2025-12-24 10:24:54 - INFO - step=26100 loss=0.0084 lr=5.00e-05 grad_norm=0.20 time=2268.8s - (364794:train_csgo.py:961)
2025-12-24 11:02:32 - INFO - step=26200 loss=0.0082 lr=5.00e-05 grad_norm=0.20 time=2258.0s - (364794:train_csgo.py:961)
2025-12-24 11:40:20 - INFO - step=26300 loss=0.0086 lr=5.00e-05 grad_norm=0.21 time=2267.5s - (364794:train_csgo.py:961)
2025-12-24 12:18:00 - INFO - step=26400 loss=0.0082 lr=5.00e-05 grad_norm=0.20 time=2260.1s - (364794:train_csgo.py:961)
2025-12-24 12:55:45 - INFO - step=26500 loss=0.0082 lr=5.00e-05 grad_norm=0.21 time=2265.8s - (364794:train_csgo.py:961)
2025-12-24 13:33:33 - INFO - step=26600 loss=0.0084 lr=5.00e-05 grad_norm=0.20 time=2267.5s - (364794:train_csgo.py:961)
2025-12-24 14:11:22 - INFO - step=26700 loss=0.0084 lr=5.00e-05 grad_norm=0.20 time=2268.8s - (364794:train_csgo.py:961)
2025-12-24 14:48:58 - INFO - step=26800 loss=0.0084 lr=5.00e-05 grad_norm=0.20 time=2256.5s - (364794:train_csgo.py:961)
2025-12-24 15:26:38 - INFO - step=26900 loss=0.0084 lr=5.00e-05 grad_norm=0.20 time=2259.6s - (364794:train_csgo.py:961)
2025-12-24 16:04:17 - INFO - step=27000 loss=0.0082 lr=5.00e-05 grad_norm=0.20 time=2259.6s - (364794:train_csgo.py:961)
2025-12-24 16:41:57 - INFO - step=27100 loss=0.0084 lr=5.00e-05 grad_norm=0.20 time=2259.6s - (364794:train_csgo.py:961)
2025-12-24 17:19:53 - INFO - step=27200 loss=0.0080 lr=5.00e-05 grad_norm=0.19 time=2275.8s - (364794:train_csgo.py:961)
2025-12-24 17:57:36 - INFO - step=27300 loss=0.0083 lr=5.00e-05 grad_norm=0.19 time=2263.4s - (364794:train_csgo.py:961)
2025-12-24 18:35:09 - INFO - step=27400 loss=0.0080 lr=5.00e-05 grad_norm=0.19 time=2253.0s - (364794:train_csgo.py:961)
2025-12-24 19:12:57 - INFO - step=27500 loss=0.0081 lr=5.00e-05 grad_norm=0.21 time=2267.8s - (364794:train_csgo.py:961)
2025-12-24 19:50:35 - INFO - step=27600 loss=0.0080 lr=5.00e-05 grad_norm=0.20 time=2258.1s - (364794:train_csgo.py:961)
2025-12-24 20:28:19 - INFO - step=27700 loss=0.0087 lr=5.00e-05 grad_norm=0.20 time=2263.9s - (364794:train_csgo.py:961)
2025-12-24 21:05:59 - INFO - step=27800 loss=0.0079 lr=5.00e-05 grad_norm=0.18 time=2260.0s - (364794:train_csgo.py:961)
2025-12-24 21:43:35 - INFO - step=27900 loss=0.0080 lr=5.00e-05 grad_norm=0.19 time=2255.6s - (364794:train_csgo.py:961)
2025-12-24 22:21:14 - INFO - step=28000 loss=0.0082 lr=5.00e-05 grad_norm=0.19 time=2259.1s - (364794:train_csgo.py:961)
2025-12-24 22:58:54 - INFO - step=28100 loss=0.0084 lr=5.00e-05 grad_norm=0.20 time=2260.7s - (364794:train_csgo.py:961)
2025-12-24 23:36:24 - INFO - step=28200 loss=0.0077 lr=5.00e-05 grad_norm=0.18 time=2249.7s - (364794:train_csgo.py:961)
2025-12-25 00:14:06 - INFO - step=28300 loss=0.0081 lr=5.00e-05 grad_norm=0.19 time=2262.0s - (364794:train_csgo.py:961)
2025-12-25 00:51:51 - INFO - step=28400 loss=0.0080 lr=5.00e-05 grad_norm=0.20 time=2265.0s - (364794:train_csgo.py:961)
2025-12-25 01:29:21 - INFO - step=28500 loss=0.0083 lr=5.00e-05 grad_norm=0.19 time=2249.8s - (364794:train_csgo.py:961)
2025-12-25 02:07:03 - INFO - step=28600 loss=0.0081 lr=5.00e-05 grad_norm=0.19 time=2261.8s - (364794:train_csgo.py:961)
2025-12-25 02:44:39 - INFO - step=28700 loss=0.0083 lr=5.00e-05 grad_norm=0.20 time=2256.3s - (364794:train_csgo.py:961)
2025-12-25 03:22:20 - INFO - step=28800 loss=0.0074 lr=5.00e-05 grad_norm=0.18 time=2260.6s - (364794:train_csgo.py:961)
2025-12-25 03:59:55 - INFO - step=28900 loss=0.0082 lr=5.00e-05 grad_norm=0.21 time=2255.5s - (364794:train_csgo.py:961)
2025-12-25 04:37:36 - INFO - step=29000 loss=0.0080 lr=5.00e-05 grad_norm=0.19 time=2260.9s - (364794:train_csgo.py:961)
2025-12-25 05:15:18 - INFO - step=29100 loss=0.0080 lr=5.00e-05 grad_norm=0.18 time=2262.4s - (364794:train_csgo.py:961)
2025-12-25 05:53:04 - INFO - step=29200 loss=0.0080 lr=5.00e-05 grad_norm=0.19 time=2265.5s - (364794:train_csgo.py:961)
2025-12-25 06:30:38 - INFO - step=29300 loss=0.0078 lr=5.00e-05 grad_norm=0.18 time=2254.0s - (364794:train_csgo.py:961)
2025-12-25 07:08:12 - INFO - step=29400 loss=0.0078 lr=5.00e-05 grad_norm=0.18 time=2253.7s - (364794:train_csgo.py:961)
2025-12-25 07:45:46 - INFO - step=29500 loss=0.0078 lr=5.00e-05 grad_norm=0.19 time=2254.5s - (364794:train_csgo.py:961)
2025-12-25 08:23:26 - INFO - step=29600 loss=0.0079 lr=5.00e-05 grad_norm=0.18 time=2259.9s - (364794:train_csgo.py:961)
2025-12-25 09:01:06 - INFO - step=29700 loss=0.0078 lr=5.00e-05 grad_norm=0.19 time=2259.9s - (364794:train_csgo.py:961)
2025-12-25 09:38:32 - INFO - step=29800 loss=0.0077 lr=5.00e-05 grad_norm=0.18 time=2246.3s - (364794:train_csgo.py:961)
2025-12-25 10:15:57 - INFO - step=29900 loss=0.0082 lr=5.00e-05 grad_norm=0.20 time=2244.9s - (364794:train_csgo.py:961)
2025-12-25 10:53:14 - INFO - Saved checkpoint at step 29999 -> /data/jiahao/openpi/checkpoints/pi05_csgo_exp9/pi05_csgo_exp9/29999 - (364794:train_csgo.py:240)
2025-12-25 10:53:57 - INFO - Saved checkpoint at step 30000 -> /data/jiahao/openpi/checkpoints/pi05_csgo_exp9/pi05_csgo_exp9/30000 - (364794:train_csgo.py:240)
