2025-12-17 12:40:03 - INFO - Created experiment checkpoint directory: /data/jiahao/openpi/checkpoints/pi05_csgo_exp10_1/pi05_csgo_exp10_1 - (334925:train_csgo.py:618)
2025-12-17 12:40:06 - INFO - Using batch size per GPU: 128 (total batch size across 1 GPUs: 128) - (334925:train_csgo.py:632)
2025-12-17 12:40:06 - INFO - Norm stats not found in /home/jiahao/task/openpi/assets/pi05_csgo_exp10_1/csgosquare/de_dust2, skipping. - (334925:config.py:204)
2025-12-17 12:40:06 - INFO - data_config: DataConfig(is_csgo=True, csgo_config={'debug': False, 'data_dir': 'data/preprocessed_data', 'train_maps': ['de_dust2'], 'val_maps': ['de_dust2'], 'test_maps': ['de_dust2'], 'map_size': [224, 224], 'fps_size': [224, 224], 'is_dataset_aug': False, 'is_fps_dropout': True, 'is_fps_aug': False, 'erasing_p': 0.6}, repo_id='csgosquare/de_dust2', asset_id='csgosquare/de_dust2', norm_stats=None, repack_transforms=Group(inputs=[RepackTransform(structure={'observation/image': 'image', 'observation/wrist_image': 'wrist_image', 'observation/state': 'state', 'map_id': 'map_id', 'actions': 'actions', 'prompt': 'prompt'})], outputs=()), data_transforms=Group(inputs=[CsgoInputs(model_type=<ModelType.PI05: 'pi05'>)], outputs=[CsgoOutputs()]), model_transforms=Group(inputs=[InjectDefaultPrompt(prompt=None), ResizeImages(height=224, width=224), TokenizePrompt(tokenizer=<openpi.models.tokenizer.PaligemmaTokenizer object at 0x70bb851c9e10>, discrete_state_input=False), PadStatesAndActions(model_action_dim=32)], outputs=()), use_quantile_norm=True, action_sequence_keys=('actions',), prompt_from_task=True, rlds_data_dir=None, action_space=None, filter_dict_path=None) - (334925:data_loader.py:305)
2025-12-17 12:40:06 - INFO - local dataset: 20000 - (334925:data_loader.py:405)
2025-12-17 12:40:06 - INFO - local_batch_size: 128 - (334925:data_loader.py:406)
2025-12-17 12:40:06 - INFO - Unable to initialize backend 'rocm': module 'jaxlib.xla_extension' has no attribute 'GpuAllocatorConfig' - (334925:xla_bridge.py:925)
2025-12-17 12:40:06 - INFO - Unable to initialize backend 'tpu': INTERNAL: Failed to open libtpu.so: libtpu.so: cannot open shared object file: No such file or directory - (334925:xla_bridge.py:925)
2025-12-17 12:40:06 - INFO - local dataloader: 156 - (334925:data_loader.py:418)
2025-12-17 12:40:39 - INFO - 
batch_sample: [<class 'openpi.models.model.Observation'>, <class 'torch.Tensor'>] - (334925:train_csgo.py:640)
2025-12-17 12:40:39 - INFO - batch_sample[0].to_dict().keys() = dict_keys(['map_ids', 'state', 'tokenized_prompt', 'tokenized_prompt_mask', 'token_ar_mask', 'token_loss_mask', 'image', 'image_mask']) - (334925:train_csgo.py:641)
2025-12-17 12:40:39 - INFO - batch_sample[1].shape = torch.Size([128, 1, 32]) - (334925:train_csgo.py:642)
2025-12-17 12:40:39 - INFO - 
 - (334925:train_csgo.py:643)
2025-12-17 12:40:41 - INFO - Norm stats not found in /home/jiahao/task/openpi/assets/pi05_csgo_exp10_1/csgosquare/de_dust2, skipping. - (334925:config.py:204)
2025-12-17 12:40:41 - INFO - data_config: DataConfig(is_csgo=True, csgo_config={'debug': False, 'data_dir': 'data/preprocessed_data', 'train_maps': ['de_dust2'], 'val_maps': ['de_dust2'], 'test_maps': ['de_dust2'], 'map_size': [224, 224], 'fps_size': [224, 224], 'is_dataset_aug': False, 'is_fps_dropout': True, 'is_fps_aug': False, 'erasing_p': 0.6}, repo_id='csgosquare/de_dust2', asset_id='csgosquare/de_dust2', norm_stats=None, repack_transforms=Group(inputs=[RepackTransform(structure={'observation/image': 'image', 'observation/wrist_image': 'wrist_image', 'observation/state': 'state', 'map_id': 'map_id', 'actions': 'actions', 'prompt': 'prompt'})], outputs=()), data_transforms=Group(inputs=[CsgoInputs(model_type=<ModelType.PI05: 'pi05'>)], outputs=[CsgoOutputs()]), model_transforms=Group(inputs=[InjectDefaultPrompt(prompt=None), ResizeImages(height=224, width=224), TokenizePrompt(tokenizer=<openpi.models.tokenizer.PaligemmaTokenizer object at 0x70bb85490a90>, discrete_state_input=False), PadStatesAndActions(model_action_dim=32)], outputs=()), use_quantile_norm=True, action_sequence_keys=('actions',), prompt_from_task=True, rlds_data_dir=None, action_space=None, filter_dict_path=None) - (334925:data_loader.py:305)
2025-12-17 12:40:41 - INFO - local dataset: 20000 - (334925:data_loader.py:405)
2025-12-17 12:40:41 - INFO - local_batch_size: 128 - (334925:data_loader.py:406)
2025-12-17 12:40:41 - INFO - local dataloader: 156 - (334925:data_loader.py:418)
2025-12-17 12:41:24 - INFO - Cleared sample batch and data loader from memory - (334925:train_csgo.py:683)
2025-12-17 12:42:24 - INFO - Enabled gradient checkpointing for PI0Pytorch model - (334925:pi0_pytorch.py:301)
2025-12-17 12:42:24 - INFO - Enabled gradient checkpointing for memory optimization - (334925:train_csgo.py:707)
2025-12-17 12:42:24 - INFO - Step 0 (after_model_creation): GPU memory - allocated: 7.52GB, reserved: 7.56GB, free: 0.04GB, peak_allocated: 7.52GB, peak_reserved: 7.56GB - (334925:train_csgo.py:354)
2025-12-17 12:42:24 - INFO - Loading weights from: /home/jiahao/.cache/openpi/openpi-assets/checkpoints/pi05_base - (334925:train_csgo.py:736)
2025-12-17 12:42:26 - INFO - Loaded PyTorch weights from /home/jiahao/.cache/openpi/openpi-assets/checkpoints/pi05_base - (334925:train_csgo.py:745)
2025-12-17 13:28:43 - INFO - Running on: gpu-05 | world_size=1 - (334925:train_csgo.py:795)
2025-12-17 13:28:43 - INFO - Training config: batch_size=128, effective_batch_size=128, num_train_steps=10000 - (334925:train_csgo.py:798)
2025-12-17 13:28:43 - INFO - Memory optimizations: gradient_checkpointing=True - (334925:train_csgo.py:801)
2025-12-17 13:28:43 - INFO - LR schedule: warmup=1000, peak_lr=5.00e-05, decay_steps=100000, end_lr=5.00e-05 - (334925:train_csgo.py:802)
2025-12-17 13:28:43 - INFO - Optimizer: AdamW, weight_decay=1e-10, clip_norm=1.0 - (334925:train_csgo.py:805)
2025-12-17 13:28:43 - INFO - EMA is not supported for PyTorch training - (334925:train_csgo.py:808)
2025-12-17 13:28:43 - INFO - Training precision: bfloat16 - (334925:train_csgo.py:809)
2025-12-17 13:28:43 - INFO -     Parameters to be optimized: - (334925:train_csgo.py:812)
2025-12-17 13:28:43 - INFO -         [TRAINABLE] fps_guided_map_attention.q_proj.weight (shape: torch.Size([2048, 2048])) - (334925:train_csgo.py:815)
2025-12-17 13:28:43 - INFO -         [TRAINABLE] fps_guided_map_attention.q_proj.bias (shape: torch.Size([2048])) - (334925:train_csgo.py:815)
2025-12-17 13:28:43 - INFO -         [TRAINABLE] fps_guided_map_attention.k_proj.weight (shape: torch.Size([2048, 2048])) - (334925:train_csgo.py:815)
2025-12-17 13:28:43 - INFO -         [TRAINABLE] fps_guided_map_attention.k_proj.bias (shape: torch.Size([2048])) - (334925:train_csgo.py:815)
2025-12-17 13:28:43 - INFO -         [TRAINABLE] fps_guided_map_attention.v_proj.weight (shape: torch.Size([2048, 2048])) - (334925:train_csgo.py:815)
2025-12-17 13:28:43 - INFO -         [TRAINABLE] fps_guided_map_attention.v_proj.bias (shape: torch.Size([2048])) - (334925:train_csgo.py:815)
2025-12-17 13:28:43 - INFO -         [TRAINABLE] fps_guided_map_attention.o_proj.weight (shape: torch.Size([2048, 2048])) - (334925:train_csgo.py:815)
2025-12-17 13:28:43 - INFO -         [TRAINABLE] fps_guided_map_attention.o_proj.bias (shape: torch.Size([2048])) - (334925:train_csgo.py:815)
2025-12-17 13:28:43 - INFO -         [TRAINABLE] paligemma_with_expert.paligemma.model.vision_tower.vision_model.embeddings.patch_embedding.weight (shape: torch.Size([1152, 3, 14, 14])) - (334925:train_csgo.py:815)
2025-12-17 13:28:43 - INFO -         [TRAINABLE] paligemma_with_expert.paligemma.model.vision_tower.vision_model.embeddings.patch_embedding.bias (shape: torch.Size([1152])) - (334925:train_csgo.py:815)
2025-12-17 13:28:43 - INFO -         [TRAINABLE] paligemma_with_expert.paligemma.model.vision_tower.vision_model.embeddings.position_embedding.weight (shape: torch.Size([256, 1152])) - (334925:train_csgo.py:815)
2025-12-17 13:28:43 - INFO -         [TRAINABLE] paligemma_with_expert.paligemma.model.vision_tower.vision_model.encoder.layers.0.layer_norm1.weight (shape: torch.Size([1152])) - (334925:train_csgo.py:815)
2025-12-17 13:28:43 - INFO -         [TRAINABLE] paligemma_with_expert.paligemma.model.vision_tower.vision_model.encoder.layers.0.layer_norm1.bias (shape: torch.Size([1152])) - (334925:train_csgo.py:815)
2025-12-17 13:28:43 - INFO -         [TRAINABLE] paligemma_with_expert.paligemma.model.vision_tower.vision_model.encoder.layers.0.self_attn.k_proj.weight (shape: torch.Size([1152, 1152])) - (334925:train_csgo.py:815)
2025-12-17 13:28:43 - INFO -         [TRAINABLE] paligemma_with_expert.paligemma.model.vision_tower.vision_model.encoder.layers.0.self_attn.k_proj.bias (shape: torch.Size([1152])) - (334925:train_csgo.py:815)
2025-12-17 13:28:43 - INFO -         [TRAINABLE] paligemma_with_expert.paligemma.model.vision_tower.vision_model.encoder.layers.0.self_attn.v_proj.weight (shape: torch.Size([1152, 1152])) - (334925:train_csgo.py:815)
2025-12-17 13:28:43 - INFO -         [TRAINABLE] paligemma_with_expert.paligemma.model.vision_tower.vision_model.encoder.layers.0.self_attn.v_proj.bias (shape: torch.Size([1152])) - (334925:train_csgo.py:815)
2025-12-17 13:28:43 - INFO -         [TRAINABLE] paligemma_with_expert.paligemma.model.vision_tower.vision_model.encoder.layers.0.self_attn.q_proj.weight (shape: torch.Size([1152, 1152])) - (334925:train_csgo.py:815)
2025-12-17 13:28:43 - INFO -         [TRAINABLE] paligemma_with_expert.paligemma.model.vision_tower.vision_model.encoder.layers.0.self_attn.q_proj.bias (shape: torch.Size([1152])) - (334925:train_csgo.py:815)
2025-12-17 13:28:43 - INFO -         [TRAINABLE] paligemma_with_expert.paligemma.model.vision_tower.vision_model.encoder.layers.0.self_attn.out_proj.weight (shape: torch.Size([1152, 1152])) - (334925:train_csgo.py:815)
2025-12-17 13:28:43 - INFO -         [TRAINABLE] paligemma_with_expert.paligemma.model.vision_tower.vision_model.encoder.layers.0.self_attn.out_proj.bias (shape: torch.Size([1152])) - (334925:train_csgo.py:815)
2025-12-17 13:28:43 - INFO -         [TRAINABLE] paligemma_with_expert.paligemma.model.vision_tower.vision_model.encoder.layers.0.layer_norm2.weight (shape: torch.Size([1152])) - (334925:train_csgo.py:815)
2025-12-17 13:28:43 - INFO -         [TRAINABLE] paligemma_with_expert.paligemma.model.vision_tower.vision_model.encoder.layers.0.layer_norm2.bias (shape: torch.Size([1152])) - (334925:train_csgo.py:815)
2025-12-17 13:28:43 - INFO -         [TRAINABLE] paligemma_with_expert.paligemma.model.vision_tower.vision_model.encoder.layers.0.mlp.fc1.weight (shape: torch.Size([4304, 1152])) - (334925:train_csgo.py:815)
2025-12-17 13:28:43 - INFO -         [TRAINABLE] paligemma_with_expert.paligemma.model.vision_tower.vision_model.encoder.layers.0.mlp.fc1.bias (shape: torch.Size([4304])) - (334925:train_csgo.py:815)
2025-12-17 13:28:43 - INFO -         [TRAINABLE] paligemma_with_expert.paligemma.model.vision_tower.vision_model.encoder.layers.0.mlp.fc2.weight (shape: torch.Size([1152, 4304])) - (334925:train_csgo.py:815)
2025-12-17 13:28:43 - INFO -         [TRAINABLE] paligemma_with_expert.paligemma.model.vision_tower.vision_model.encoder.layers.0.mlp.fc2.bias (shape: torch.Size([1152])) - (334925:train_csgo.py:815)
2025-12-17 13:28:43 - INFO -         [TRAINABLE] paligemma_with_expert.paligemma.model.vision_tower.vision_model.encoder.layers.1.layer_norm1.weight (shape: torch.Size([1152])) - (334925:train_csgo.py:815)
2025-12-17 13:28:43 - INFO -         [TRAINABLE] paligemma_with_expert.paligemma.model.vision_tower.vision_model.encoder.layers.1.layer_norm1.bias (shape: torch.Size([1152])) - (334925:train_csgo.py:815)
2025-12-17 13:28:43 - INFO -         [TRAINABLE] paligemma_with_expert.paligemma.model.vision_tower.vision_model.encoder.layers.1.self_attn.k_proj.weight (shape: torch.Size([1152, 1152])) - (334925:train_csgo.py:815)
2025-12-17 13:28:43 - INFO -         [TRAINABLE] paligemma_with_expert.paligemma.model.vision_tower.vision_model.encoder.layers.1.self_attn.k_proj.bias (shape: torch.Size([1152])) - (334925:train_csgo.py:815)
2025-12-17 13:28:43 - INFO -         [TRAINABLE] paligemma_with_expert.paligemma.model.vision_tower.vision_model.encoder.layers.1.self_attn.v_proj.weight (shape: torch.Size([1152, 1152])) - (334925:train_csgo.py:815)
2025-12-17 13:28:43 - INFO -         [TRAINABLE] paligemma_with_expert.paligemma.model.vision_tower.vision_model.encoder.layers.1.self_attn.v_proj.bias (shape: torch.Size([1152])) - (334925:train_csgo.py:815)
2025-12-17 13:28:43 - INFO -         [TRAINABLE] paligemma_with_expert.paligemma.model.vision_tower.vision_model.encoder.layers.1.self_attn.q_proj.weight (shape: torch.Size([1152, 1152])) - (334925:train_csgo.py:815)
2025-12-17 13:28:43 - INFO -         [TRAINABLE] paligemma_with_expert.paligemma.model.vision_tower.vision_model.encoder.layers.1.self_attn.q_proj.bias (shape: torch.Size([1152])) - (334925:train_csgo.py:815)
2025-12-17 13:28:43 - INFO -         [TRAINABLE] paligemma_with_expert.paligemma.model.vision_tower.vision_model.encoder.layers.1.self_attn.out_proj.weight (shape: torch.Size([1152, 1152])) - (334925:train_csgo.py:815)
2025-12-17 13:28:43 - INFO -         [TRAINABLE] paligemma_with_expert.paligemma.model.vision_tower.vision_model.encoder.layers.1.self_attn.out_proj.bias (shape: torch.Size([1152])) - (334925:train_csgo.py:815)
2025-12-17 13:28:43 - INFO -         [TRAINABLE] paligemma_with_expert.paligemma.model.vision_tower.vision_model.encoder.layers.1.layer_norm2.weight (shape: torch.Size([1152])) - (334925:train_csgo.py:815)
2025-12-17 13:28:43 - INFO -         [TRAINABLE] paligemma_with_expert.paligemma.model.vision_tower.vision_model.encoder.layers.1.layer_norm2.bias (shape: torch.Size([1152])) - (334925:train_csgo.py:815)
2025-12-17 13:28:43 - INFO -         [TRAINABLE] paligemma_with_expert.paligemma.model.vision_tower.vision_model.encoder.layers.1.mlp.fc1.weight (shape: torch.Size([4304, 1152])) - (334925:train_csgo.py:815)
2025-12-17 13:28:43 - INFO -         [TRAINABLE] paligemma_with_expert.paligemma.model.vision_tower.vision_model.encoder.layers.1.mlp.fc1.bias (shape: torch.Size([4304])) - (334925:train_csgo.py:815)
2025-12-17 13:28:43 - INFO -         [TRAINABLE] paligemma_with_expert.paligemma.model.vision_tower.vision_model.encoder.layers.1.mlp.fc2.weight (shape: torch.Size([1152, 4304])) - (334925:train_csgo.py:815)
2025-12-17 13:28:43 - INFO -         [TRAINABLE] paligemma_with_expert.paligemma.model.vision_tower.vision_model.encoder.layers.1.mlp.fc2.bias (shape: torch.Size([1152])) - (334925:train_csgo.py:815)
2025-12-17 13:28:43 - INFO -         [TRAINABLE] paligemma_with_expert.paligemma.model.vision_tower.vision_model.encoder.layers.2.layer_norm1.weight (shape: torch.Size([1152])) - (334925:train_csgo.py:815)
2025-12-17 13:28:43 - INFO -         [TRAINABLE] paligemma_with_expert.paligemma.model.vision_tower.vision_model.encoder.layers.2.layer_norm1.bias (shape: torch.Size([1152])) - (334925:train_csgo.py:815)
2025-12-17 13:28:43 - INFO -         [TRAINABLE] paligemma_with_expert.paligemma.model.vision_tower.vision_model.encoder.layers.2.self_attn.k_proj.weight (shape: torch.Size([1152, 1152])) - (334925:train_csgo.py:815)
2025-12-17 13:28:43 - INFO -         [TRAINABLE] paligemma_with_expert.paligemma.model.vision_tower.vision_model.encoder.layers.2.self_attn.k_proj.bias (shape: torch.Size([1152])) - (334925:train_csgo.py:815)
2025-12-17 13:28:43 - INFO -         [TRAINABLE] paligemma_with_expert.paligemma.model.vision_tower.vision_model.encoder.layers.2.self_attn.v_proj.weight (shape: torch.Size([1152, 1152])) - (334925:train_csgo.py:815)
2025-12-17 13:28:43 - INFO -         [TRAINABLE] paligemma_with_expert.paligemma.model.vision_tower.vision_model.encoder.layers.2.self_attn.v_proj.bias (shape: torch.Size([1152])) - (334925:train_csgo.py:815)
2025-12-17 13:28:43 - INFO -         [TRAINABLE] paligemma_with_expert.paligemma.model.vision_tower.vision_model.encoder.layers.2.self_attn.q_proj.weight (shape: torch.Size([1152, 1152])) - (334925:train_csgo.py:815)
2025-12-17 13:28:43 - INFO -         [TRAINABLE] paligemma_with_expert.paligemma.model.vision_tower.vision_model.encoder.layers.2.self_attn.q_proj.bias (shape: torch.Size([1152])) - (334925:train_csgo.py:815)
2025-12-17 13:28:43 - INFO -         [TRAINABLE] paligemma_with_expert.paligemma.model.vision_tower.vision_model.encoder.layers.2.self_attn.out_proj.weight (shape: torch.Size([1152, 1152])) - (334925:train_csgo.py:815)
2025-12-17 13:28:43 - INFO -         [TRAINABLE] paligemma_with_expert.paligemma.model.vision_tower.vision_model.encoder.layers.2.self_attn.out_proj.bias (shape: torch.Size([1152])) - (334925:train_csgo.py:815)
2025-12-17 13:28:43 - INFO -         [TRAINABLE] paligemma_with_expert.paligemma.model.vision_tower.vision_model.encoder.layers.2.layer_norm2.weight (shape: torch.Size([1152])) - (334925:train_csgo.py:815)
2025-12-17 13:28:43 - INFO -         [TRAINABLE] paligemma_with_expert.paligemma.model.vision_tower.vision_model.encoder.layers.2.layer_norm2.bias (shape: torch.Size([1152])) - (334925:train_csgo.py:815)
2025-12-17 13:28:43 - INFO -         [TRAINABLE] paligemma_with_expert.paligemma.model.vision_tower.vision_model.encoder.layers.2.mlp.fc1.weight (shape: torch.Size([4304, 1152])) - (334925:train_csgo.py:815)
2025-12-17 13:28:43 - INFO -         [TRAINABLE] paligemma_with_expert.paligemma.model.vision_tower.vision_model.encoder.layers.2.mlp.fc1.bias (shape: torch.Size([4304])) - (334925:train_csgo.py:815)
2025-12-17 13:28:43 - INFO -         [TRAINABLE] paligemma_with_expert.paligemma.model.vision_tower.vision_model.encoder.layers.2.mlp.fc2.weight (shape: torch.Size([1152, 4304])) - (334925:train_csgo.py:815)
2025-12-17 13:28:43 - INFO -         [TRAINABLE] paligemma_with_expert.paligemma.model.vision_tower.vision_model.encoder.layers.2.mlp.fc2.bias (shape: torch.Size([1152])) - (334925:train_csgo.py:815)
2025-12-17 13:28:43 - INFO -         [TRAINABLE] paligemma_with_expert.paligemma.model.vision_tower.vision_model.encoder.layers.3.layer_norm1.weight (shape: torch.Size([1152])) - (334925:train_csgo.py:815)
2025-12-17 13:28:43 - INFO -         [TRAINABLE] paligemma_with_expert.paligemma.model.vision_tower.vision_model.encoder.layers.3.layer_norm1.bias (shape: torch.Size([1152])) - (334925:train_csgo.py:815)
2025-12-17 13:28:43 - INFO -         [TRAINABLE] paligemma_with_expert.paligemma.model.vision_tower.vision_model.encoder.layers.3.self_attn.k_proj.weight (shape: torch.Size([1152, 1152])) - (334925:train_csgo.py:815)
2025-12-17 13:28:43 - INFO -         [TRAINABLE] paligemma_with_expert.paligemma.model.vision_tower.vision_model.encoder.layers.3.self_attn.k_proj.bias (shape: torch.Size([1152])) - (334925:train_csgo.py:815)
2025-12-17 13:28:43 - INFO -         [TRAINABLE] paligemma_with_expert.paligemma.model.vision_tower.vision_model.encoder.layers.3.self_attn.v_proj.weight (shape: torch.Size([1152, 1152])) - (334925:train_csgo.py:815)
2025-12-17 13:28:43 - INFO -         [TRAINABLE] paligemma_with_expert.paligemma.model.vision_tower.vision_model.encoder.layers.3.self_attn.v_proj.bias (shape: torch.Size([1152])) - (334925:train_csgo.py:815)
2025-12-17 13:28:43 - INFO -         [TRAINABLE] paligemma_with_expert.paligemma.model.vision_tower.vision_model.encoder.layers.3.self_attn.q_proj.weight (shape: torch.Size([1152, 1152])) - (334925:train_csgo.py:815)
2025-12-17 13:28:43 - INFO -         [TRAINABLE] paligemma_with_expert.paligemma.model.vision_tower.vision_model.encoder.layers.3.self_attn.q_proj.bias (shape: torch.Size([1152])) - (334925:train_csgo.py:815)
2025-12-17 13:28:43 - INFO -         [TRAINABLE] paligemma_with_expert.paligemma.model.vision_tower.vision_model.encoder.layers.3.self_attn.out_proj.weight (shape: torch.Size([1152, 1152])) - (334925:train_csgo.py:815)
2025-12-17 13:28:43 - INFO -         [TRAINABLE] paligemma_with_expert.paligemma.model.vision_tower.vision_model.encoder.layers.3.self_attn.out_proj.bias (shape: torch.Size([1152])) - (334925:train_csgo.py:815)
2025-12-17 13:28:43 - INFO -         [TRAINABLE] paligemma_with_expert.paligemma.model.vision_tower.vision_model.encoder.layers.3.layer_norm2.weight (shape: torch.Size([1152])) - (334925:train_csgo.py:815)
2025-12-17 13:28:43 - INFO -         [TRAINABLE] paligemma_with_expert.paligemma.model.vision_tower.vision_model.encoder.layers.3.layer_norm2.bias (shape: torch.Size([1152])) - (334925:train_csgo.py:815)
2025-12-17 13:28:43 - INFO -         [TRAINABLE] paligemma_with_expert.paligemma.model.vision_tower.vision_model.encoder.layers.3.mlp.fc1.weight (shape: torch.Size([4304, 1152])) - (334925:train_csgo.py:815)
2025-12-17 13:28:43 - INFO -         [TRAINABLE] paligemma_with_expert.paligemma.model.vision_tower.vision_model.encoder.layers.3.mlp.fc1.bias (shape: torch.Size([4304])) - (334925:train_csgo.py:815)
2025-12-17 13:28:43 - INFO -         [TRAINABLE] paligemma_with_expert.paligemma.model.vision_tower.vision_model.encoder.layers.3.mlp.fc2.weight (shape: torch.Size([1152, 4304])) - (334925:train_csgo.py:815)
2025-12-17 13:28:43 - INFO -         [TRAINABLE] paligemma_with_expert.paligemma.model.vision_tower.vision_model.encoder.layers.3.mlp.fc2.bias (shape: torch.Size([1152])) - (334925:train_csgo.py:815)
2025-12-17 13:28:43 - INFO -         [TRAINABLE] paligemma_with_expert.paligemma.model.vision_tower.vision_model.encoder.layers.4.layer_norm1.weight (shape: torch.Size([1152])) - (334925:train_csgo.py:815)
2025-12-17 13:28:43 - INFO -         [TRAINABLE] paligemma_with_expert.paligemma.model.vision_tower.vision_model.encoder.layers.4.layer_norm1.bias (shape: torch.Size([1152])) - (334925:train_csgo.py:815)
2025-12-17 13:28:43 - INFO -         [TRAINABLE] paligemma_with_expert.paligemma.model.vision_tower.vision_model.encoder.layers.4.self_attn.k_proj.weight (shape: torch.Size([1152, 1152])) - (334925:train_csgo.py:815)
2025-12-17 13:28:43 - INFO -         [TRAINABLE] paligemma_with_expert.paligemma.model.vision_tower.vision_model.encoder.layers.4.self_attn.k_proj.bias (shape: torch.Size([1152])) - (334925:train_csgo.py:815)
2025-12-17 13:28:43 - INFO -         [TRAINABLE] paligemma_with_expert.paligemma.model.vision_tower.vision_model.encoder.layers.4.self_attn.v_proj.weight (shape: torch.Size([1152, 1152])) - (334925:train_csgo.py:815)
2025-12-17 13:28:43 - INFO -         [TRAINABLE] paligemma_with_expert.paligemma.model.vision_tower.vision_model.encoder.layers.4.self_attn.v_proj.bias (shape: torch.Size([1152])) - (334925:train_csgo.py:815)
2025-12-17 13:28:43 - INFO -         [TRAINABLE] paligemma_with_expert.paligemma.model.vision_tower.vision_model.encoder.layers.4.self_attn.q_proj.weight (shape: torch.Size([1152, 1152])) - (334925:train_csgo.py:815)
2025-12-17 13:28:43 - INFO -         [TRAINABLE] paligemma_with_expert.paligemma.model.vision_tower.vision_model.encoder.layers.4.self_attn.q_proj.bias (shape: torch.Size([1152])) - (334925:train_csgo.py:815)
2025-12-17 13:28:43 - INFO -         [TRAINABLE] paligemma_with_expert.paligemma.model.vision_tower.vision_model.encoder.layers.4.self_attn.out_proj.weight (shape: torch.Size([1152, 1152])) - (334925:train_csgo.py:815)
2025-12-17 13:28:43 - INFO -         [TRAINABLE] paligemma_with_expert.paligemma.model.vision_tower.vision_model.encoder.layers.4.self_attn.out_proj.bias (shape: torch.Size([1152])) - (334925:train_csgo.py:815)
2025-12-17 13:28:43 - INFO -         [TRAINABLE] paligemma_with_expert.paligemma.model.vision_tower.vision_model.encoder.layers.4.layer_norm2.weight (shape: torch.Size([1152])) - (334925:train_csgo.py:815)
2025-12-17 13:28:43 - INFO -         [TRAINABLE] paligemma_with_expert.paligemma.model.vision_tower.vision_model.encoder.layers.4.layer_norm2.bias (shape: torch.Size([1152])) - (334925:train_csgo.py:815)
2025-12-17 13:28:43 - INFO -         [TRAINABLE] paligemma_with_expert.paligemma.model.vision_tower.vision_model.encoder.layers.4.mlp.fc1.weight (shape: torch.Size([4304, 1152])) - (334925:train_csgo.py:815)
2025-12-17 13:28:43 - INFO -         [TRAINABLE] paligemma_with_expert.paligemma.model.vision_tower.vision_model.encoder.layers.4.mlp.fc1.bias (shape: torch.Size([4304])) - (334925:train_csgo.py:815)
2025-12-17 13:28:43 - INFO -         [TRAINABLE] paligemma_with_expert.paligemma.model.vision_tower.vision_model.encoder.layers.4.mlp.fc2.weight (shape: torch.Size([1152, 4304])) - (334925:train_csgo.py:815)
2025-12-17 13:28:43 - INFO -         [TRAINABLE] paligemma_with_expert.paligemma.model.vision_tower.vision_model.encoder.layers.4.mlp.fc2.bias (shape: torch.Size([1152])) - (334925:train_csgo.py:815)
2025-12-17 13:28:43 - INFO -         [TRAINABLE] paligemma_with_expert.paligemma.model.vision_tower.vision_model.encoder.layers.5.layer_norm1.weight (shape: torch.Size([1152])) - (334925:train_csgo.py:815)
2025-12-17 13:28:43 - INFO -         [TRAINABLE] paligemma_with_expert.paligemma.model.vision_tower.vision_model.encoder.layers.5.layer_norm1.bias (shape: torch.Size([1152])) - (334925:train_csgo.py:815)
2025-12-17 13:28:43 - INFO -         [TRAINABLE] paligemma_with_expert.paligemma.model.vision_tower.vision_model.encoder.layers.5.self_attn.k_proj.weight (shape: torch.Size([1152, 1152])) - (334925:train_csgo.py:815)
2025-12-17 13:28:43 - INFO -         [TRAINABLE] paligemma_with_expert.paligemma.model.vision_tower.vision_model.encoder.layers.5.self_attn.k_proj.bias (shape: torch.Size([1152])) - (334925:train_csgo.py:815)
2025-12-17 13:28:43 - INFO -         [TRAINABLE] paligemma_with_expert.paligemma.model.vision_tower.vision_model.encoder.layers.5.self_attn.v_proj.weight (shape: torch.Size([1152, 1152])) - (334925:train_csgo.py:815)
2025-12-17 13:28:43 - INFO -         [TRAINABLE] paligemma_with_expert.paligemma.model.vision_tower.vision_model.encoder.layers.5.self_attn.v_proj.bias (shape: torch.Size([1152])) - (334925:train_csgo.py:815)
2025-12-17 13:28:43 - INFO -         [TRAINABLE] paligemma_with_expert.paligemma.model.vision_tower.vision_model.encoder.layers.5.self_attn.q_proj.weight (shape: torch.Size([1152, 1152])) - (334925:train_csgo.py:815)
2025-12-17 13:28:43 - INFO -         [TRAINABLE] paligemma_with_expert.paligemma.model.vision_tower.vision_model.encoder.layers.5.self_attn.q_proj.bias (shape: torch.Size([1152])) - (334925:train_csgo.py:815)
2025-12-17 13:28:43 - INFO -         [TRAINABLE] paligemma_with_expert.paligemma.model.vision_tower.vision_model.encoder.layers.5.self_attn.out_proj.weight (shape: torch.Size([1152, 1152])) - (334925:train_csgo.py:815)
2025-12-17 13:28:43 - INFO -         [TRAINABLE] paligemma_with_expert.paligemma.model.vision_tower.vision_model.encoder.layers.5.self_attn.out_proj.bias (shape: torch.Size([1152])) - (334925:train_csgo.py:815)
2025-12-17 13:28:43 - INFO -         [TRAINABLE] paligemma_with_expert.paligemma.model.vision_tower.vision_model.encoder.layers.5.layer_norm2.weight (shape: torch.Size([1152])) - (334925:train_csgo.py:815)
2025-12-17 13:28:43 - INFO -         [TRAINABLE] paligemma_with_expert.paligemma.model.vision_tower.vision_model.encoder.layers.5.layer_norm2.bias (shape: torch.Size([1152])) - (334925:train_csgo.py:815)
2025-12-17 13:28:43 - INFO -         [TRAINABLE] paligemma_with_expert.paligemma.model.vision_tower.vision_model.encoder.layers.5.mlp.fc1.weight (shape: torch.Size([4304, 1152])) - (334925:train_csgo.py:815)
2025-12-17 13:28:43 - INFO -         [TRAINABLE] paligemma_with_expert.paligemma.model.vision_tower.vision_model.encoder.layers.5.mlp.fc1.bias (shape: torch.Size([4304])) - (334925:train_csgo.py:815)
2025-12-17 13:28:43 - INFO -         [TRAINABLE] paligemma_with_expert.paligemma.model.vision_tower.vision_model.encoder.layers.5.mlp.fc2.weight (shape: torch.Size([1152, 4304])) - (334925:train_csgo.py:815)
2025-12-17 13:28:43 - INFO -         [TRAINABLE] paligemma_with_expert.paligemma.model.vision_tower.vision_model.encoder.layers.5.mlp.fc2.bias (shape: torch.Size([1152])) - (334925:train_csgo.py:815)
2025-12-17 13:28:43 - INFO -         [TRAINABLE] paligemma_with_expert.paligemma.model.vision_tower.vision_model.encoder.layers.6.layer_norm1.weight (shape: torch.Size([1152])) - (334925:train_csgo.py:815)
2025-12-17 13:28:43 - INFO -         [TRAINABLE] paligemma_with_expert.paligemma.model.vision_tower.vision_model.encoder.layers.6.layer_norm1.bias (shape: torch.Size([1152])) - (334925:train_csgo.py:815)
2025-12-17 13:28:43 - INFO -         [TRAINABLE] paligemma_with_expert.paligemma.model.vision_tower.vision_model.encoder.layers.6.self_attn.k_proj.weight (shape: torch.Size([1152, 1152])) - (334925:train_csgo.py:815)
2025-12-17 13:28:43 - INFO -         [TRAINABLE] paligemma_with_expert.paligemma.model.vision_tower.vision_model.encoder.layers.6.self_attn.k_proj.bias (shape: torch.Size([1152])) - (334925:train_csgo.py:815)
2025-12-17 13:28:43 - INFO -         [TRAINABLE] paligemma_with_expert.paligemma.model.vision_tower.vision_model.encoder.layers.6.self_attn.v_proj.weight (shape: torch.Size([1152, 1152])) - (334925:train_csgo.py:815)
2025-12-17 13:28:43 - INFO -         [TRAINABLE] paligemma_with_expert.paligemma.model.vision_tower.vision_model.encoder.layers.6.self_attn.v_proj.bias (shape: torch.Size([1152])) - (334925:train_csgo.py:815)
2025-12-17 13:28:43 - INFO -         [TRAINABLE] paligemma_with_expert.paligemma.model.vision_tower.vision_model.encoder.layers.6.self_attn.q_proj.weight (shape: torch.Size([1152, 1152])) - (334925:train_csgo.py:815)
2025-12-17 13:28:43 - INFO -         [TRAINABLE] paligemma_with_expert.paligemma.model.vision_tower.vision_model.encoder.layers.6.self_attn.q_proj.bias (shape: torch.Size([1152])) - (334925:train_csgo.py:815)
2025-12-17 13:28:43 - INFO -         [TRAINABLE] paligemma_with_expert.paligemma.model.vision_tower.vision_model.encoder.layers.6.self_attn.out_proj.weight (shape: torch.Size([1152, 1152])) - (334925:train_csgo.py:815)
2025-12-17 13:28:43 - INFO -         [TRAINABLE] paligemma_with_expert.paligemma.model.vision_tower.vision_model.encoder.layers.6.self_attn.out_proj.bias (shape: torch.Size([1152])) - (334925:train_csgo.py:815)
2025-12-17 13:28:43 - INFO -         [TRAINABLE] paligemma_with_expert.paligemma.model.vision_tower.vision_model.encoder.layers.6.layer_norm2.weight (shape: torch.Size([1152])) - (334925:train_csgo.py:815)
2025-12-17 13:28:43 - INFO -         [TRAINABLE] paligemma_with_expert.paligemma.model.vision_tower.vision_model.encoder.layers.6.layer_norm2.bias (shape: torch.Size([1152])) - (334925:train_csgo.py:815)
2025-12-17 13:28:43 - INFO -         [TRAINABLE] paligemma_with_expert.paligemma.model.vision_tower.vision_model.encoder.layers.6.mlp.fc1.weight (shape: torch.Size([4304, 1152])) - (334925:train_csgo.py:815)
2025-12-17 13:28:43 - INFO -         [TRAINABLE] paligemma_with_expert.paligemma.model.vision_tower.vision_model.encoder.layers.6.mlp.fc1.bias (shape: torch.Size([4304])) - (334925:train_csgo.py:815)
2025-12-17 13:28:43 - INFO -         [TRAINABLE] paligemma_with_expert.paligemma.model.vision_tower.vision_model.encoder.layers.6.mlp.fc2.weight (shape: torch.Size([1152, 4304])) - (334925:train_csgo.py:815)
2025-12-17 13:28:43 - INFO -         [TRAINABLE] paligemma_with_expert.paligemma.model.vision_tower.vision_model.encoder.layers.6.mlp.fc2.bias (shape: torch.Size([1152])) - (334925:train_csgo.py:815)
2025-12-17 13:28:43 - INFO -         [TRAINABLE] paligemma_with_expert.paligemma.model.vision_tower.vision_model.encoder.layers.7.layer_norm1.weight (shape: torch.Size([1152])) - (334925:train_csgo.py:815)
2025-12-17 13:28:43 - INFO -         [TRAINABLE] paligemma_with_expert.paligemma.model.vision_tower.vision_model.encoder.layers.7.layer_norm1.bias (shape: torch.Size([1152])) - (334925:train_csgo.py:815)
2025-12-17 13:28:43 - INFO -         [TRAINABLE] paligemma_with_expert.paligemma.model.vision_tower.vision_model.encoder.layers.7.self_attn.k_proj.weight (shape: torch.Size([1152, 1152])) - (334925:train_csgo.py:815)
2025-12-17 13:28:43 - INFO -         [TRAINABLE] paligemma_with_expert.paligemma.model.vision_tower.vision_model.encoder.layers.7.self_attn.k_proj.bias (shape: torch.Size([1152])) - (334925:train_csgo.py:815)
2025-12-17 13:28:43 - INFO -         [TRAINABLE] paligemma_with_expert.paligemma.model.vision_tower.vision_model.encoder.layers.7.self_attn.v_proj.weight (shape: torch.Size([1152, 1152])) - (334925:train_csgo.py:815)
2025-12-17 13:28:43 - INFO -         [TRAINABLE] paligemma_with_expert.paligemma.model.vision_tower.vision_model.encoder.layers.7.self_attn.v_proj.bias (shape: torch.Size([1152])) - (334925:train_csgo.py:815)
2025-12-17 13:28:43 - INFO -         [TRAINABLE] paligemma_with_expert.paligemma.model.vision_tower.vision_model.encoder.layers.7.self_attn.q_proj.weight (shape: torch.Size([1152, 1152])) - (334925:train_csgo.py:815)
2025-12-17 13:28:43 - INFO -         [TRAINABLE] paligemma_with_expert.paligemma.model.vision_tower.vision_model.encoder.layers.7.self_attn.q_proj.bias (shape: torch.Size([1152])) - (334925:train_csgo.py:815)
2025-12-17 13:28:43 - INFO -         [TRAINABLE] paligemma_with_expert.paligemma.model.vision_tower.vision_model.encoder.layers.7.self_attn.out_proj.weight (shape: torch.Size([1152, 1152])) - (334925:train_csgo.py:815)
2025-12-17 13:28:43 - INFO -         [TRAINABLE] paligemma_with_expert.paligemma.model.vision_tower.vision_model.encoder.layers.7.self_attn.out_proj.bias (shape: torch.Size([1152])) - (334925:train_csgo.py:815)
2025-12-17 13:28:43 - INFO -         [TRAINABLE] paligemma_with_expert.paligemma.model.vision_tower.vision_model.encoder.layers.7.layer_norm2.weight (shape: torch.Size([1152])) - (334925:train_csgo.py:815)
2025-12-17 13:28:43 - INFO -         [TRAINABLE] paligemma_with_expert.paligemma.model.vision_tower.vision_model.encoder.layers.7.layer_norm2.bias (shape: torch.Size([1152])) - (334925:train_csgo.py:815)
2025-12-17 13:28:43 - INFO -         [TRAINABLE] paligemma_with_expert.paligemma.model.vision_tower.vision_model.encoder.layers.7.mlp.fc1.weight (shape: torch.Size([4304, 1152])) - (334925:train_csgo.py:815)
2025-12-17 13:28:43 - INFO -         [TRAINABLE] paligemma_with_expert.paligemma.model.vision_tower.vision_model.encoder.layers.7.mlp.fc1.bias (shape: torch.Size([4304])) - (334925:train_csgo.py:815)
2025-12-17 13:28:43 - INFO -         [TRAINABLE] paligemma_with_expert.paligemma.model.vision_tower.vision_model.encoder.layers.7.mlp.fc2.weight (shape: torch.Size([1152, 4304])) - (334925:train_csgo.py:815)
2025-12-17 13:28:43 - INFO -         [TRAINABLE] paligemma_with_expert.paligemma.model.vision_tower.vision_model.encoder.layers.7.mlp.fc2.bias (shape: torch.Size([1152])) - (334925:train_csgo.py:815)
2025-12-17 13:28:43 - INFO -         [TRAINABLE] paligemma_with_expert.paligemma.model.vision_tower.vision_model.encoder.layers.8.layer_norm1.weight (shape: torch.Size([1152])) - (334925:train_csgo.py:815)
2025-12-17 13:28:43 - INFO -         [TRAINABLE] paligemma_with_expert.paligemma.model.vision_tower.vision_model.encoder.layers.8.layer_norm1.bias (shape: torch.Size([1152])) - (334925:train_csgo.py:815)
2025-12-17 13:28:43 - INFO -         [TRAINABLE] paligemma_with_expert.paligemma.model.vision_tower.vision_model.encoder.layers.8.self_attn.k_proj.weight (shape: torch.Size([1152, 1152])) - (334925:train_csgo.py:815)
2025-12-17 13:28:43 - INFO -         [TRAINABLE] paligemma_with_expert.paligemma.model.vision_tower.vision_model.encoder.layers.8.self_attn.k_proj.bias (shape: torch.Size([1152])) - (334925:train_csgo.py:815)
2025-12-17 13:28:43 - INFO -         [TRAINABLE] paligemma_with_expert.paligemma.model.vision_tower.vision_model.encoder.layers.8.self_attn.v_proj.weight (shape: torch.Size([1152, 1152])) - (334925:train_csgo.py:815)
2025-12-17 13:28:43 - INFO -         [TRAINABLE] paligemma_with_expert.paligemma.model.vision_tower.vision_model.encoder.layers.8.self_attn.v_proj.bias (shape: torch.Size([1152])) - (334925:train_csgo.py:815)
2025-12-17 13:28:43 - INFO -         [TRAINABLE] paligemma_with_expert.paligemma.model.vision_tower.vision_model.encoder.layers.8.self_attn.q_proj.weight (shape: torch.Size([1152, 1152])) - (334925:train_csgo.py:815)
2025-12-17 13:28:43 - INFO -         [TRAINABLE] paligemma_with_expert.paligemma.model.vision_tower.vision_model.encoder.layers.8.self_attn.q_proj.bias (shape: torch.Size([1152])) - (334925:train_csgo.py:815)
2025-12-17 13:28:43 - INFO -         [TRAINABLE] paligemma_with_expert.paligemma.model.vision_tower.vision_model.encoder.layers.8.self_attn.out_proj.weight (shape: torch.Size([1152, 1152])) - (334925:train_csgo.py:815)
2025-12-17 13:28:43 - INFO -         [TRAINABLE] paligemma_with_expert.paligemma.model.vision_tower.vision_model.encoder.layers.8.self_attn.out_proj.bias (shape: torch.Size([1152])) - (334925:train_csgo.py:815)
2025-12-17 13:28:43 - INFO -         [TRAINABLE] paligemma_with_expert.paligemma.model.vision_tower.vision_model.encoder.layers.8.layer_norm2.weight (shape: torch.Size([1152])) - (334925:train_csgo.py:815)
2025-12-17 13:28:43 - INFO -         [TRAINABLE] paligemma_with_expert.paligemma.model.vision_tower.vision_model.encoder.layers.8.layer_norm2.bias (shape: torch.Size([1152])) - (334925:train_csgo.py:815)
2025-12-17 13:28:43 - INFO -         [TRAINABLE] paligemma_with_expert.paligemma.model.vision_tower.vision_model.encoder.layers.8.mlp.fc1.weight (shape: torch.Size([4304, 1152])) - (334925:train_csgo.py:815)
2025-12-17 13:28:43 - INFO -         [TRAINABLE] paligemma_with_expert.paligemma.model.vision_tower.vision_model.encoder.layers.8.mlp.fc1.bias (shape: torch.Size([4304])) - (334925:train_csgo.py:815)
2025-12-17 13:28:43 - INFO -         [TRAINABLE] paligemma_with_expert.paligemma.model.vision_tower.vision_model.encoder.layers.8.mlp.fc2.weight (shape: torch.Size([1152, 4304])) - (334925:train_csgo.py:815)
2025-12-17 13:28:43 - INFO -         [TRAINABLE] paligemma_with_expert.paligemma.model.vision_tower.vision_model.encoder.layers.8.mlp.fc2.bias (shape: torch.Size([1152])) - (334925:train_csgo.py:815)
2025-12-17 13:28:43 - INFO -         [TRAINABLE] paligemma_with_expert.paligemma.model.vision_tower.vision_model.encoder.layers.9.layer_norm1.weight (shape: torch.Size([1152])) - (334925:train_csgo.py:815)
2025-12-17 13:28:43 - INFO -         [TRAINABLE] paligemma_with_expert.paligemma.model.vision_tower.vision_model.encoder.layers.9.layer_norm1.bias (shape: torch.Size([1152])) - (334925:train_csgo.py:815)
2025-12-17 13:28:43 - INFO -         [TRAINABLE] paligemma_with_expert.paligemma.model.vision_tower.vision_model.encoder.layers.9.self_attn.k_proj.weight (shape: torch.Size([1152, 1152])) - (334925:train_csgo.py:815)
2025-12-17 13:28:43 - INFO -         [TRAINABLE] paligemma_with_expert.paligemma.model.vision_tower.vision_model.encoder.layers.9.self_attn.k_proj.bias (shape: torch.Size([1152])) - (334925:train_csgo.py:815)
2025-12-17 13:28:43 - INFO -         [TRAINABLE] paligemma_with_expert.paligemma.model.vision_tower.vision_model.encoder.layers.9.self_attn.v_proj.weight (shape: torch.Size([1152, 1152])) - (334925:train_csgo.py:815)
2025-12-17 13:28:43 - INFO -         [TRAINABLE] paligemma_with_expert.paligemma.model.vision_tower.vision_model.encoder.layers.9.self_attn.v_proj.bias (shape: torch.Size([1152])) - (334925:train_csgo.py:815)
2025-12-17 13:28:43 - INFO -         [TRAINABLE] paligemma_with_expert.paligemma.model.vision_tower.vision_model.encoder.layers.9.self_attn.q_proj.weight (shape: torch.Size([1152, 1152])) - (334925:train_csgo.py:815)
2025-12-17 13:28:43 - INFO -         [TRAINABLE] paligemma_with_expert.paligemma.model.vision_tower.vision_model.encoder.layers.9.self_attn.q_proj.bias (shape: torch.Size([1152])) - (334925:train_csgo.py:815)
2025-12-17 13:28:43 - INFO -         [TRAINABLE] paligemma_with_expert.paligemma.model.vision_tower.vision_model.encoder.layers.9.self_attn.out_proj.weight (shape: torch.Size([1152, 1152])) - (334925:train_csgo.py:815)
2025-12-17 13:28:43 - INFO -         [TRAINABLE] paligemma_with_expert.paligemma.model.vision_tower.vision_model.encoder.layers.9.self_attn.out_proj.bias (shape: torch.Size([1152])) - (334925:train_csgo.py:815)
2025-12-17 13:28:43 - INFO -         [TRAINABLE] paligemma_with_expert.paligemma.model.vision_tower.vision_model.encoder.layers.9.layer_norm2.weight (shape: torch.Size([1152])) - (334925:train_csgo.py:815)
2025-12-17 13:28:43 - INFO -         [TRAINABLE] paligemma_with_expert.paligemma.model.vision_tower.vision_model.encoder.layers.9.layer_norm2.bias (shape: torch.Size([1152])) - (334925:train_csgo.py:815)
2025-12-17 13:28:43 - INFO -         [TRAINABLE] paligemma_with_expert.paligemma.model.vision_tower.vision_model.encoder.layers.9.mlp.fc1.weight (shape: torch.Size([4304, 1152])) - (334925:train_csgo.py:815)
2025-12-17 13:28:43 - INFO -         [TRAINABLE] paligemma_with_expert.paligemma.model.vision_tower.vision_model.encoder.layers.9.mlp.fc1.bias (shape: torch.Size([4304])) - (334925:train_csgo.py:815)
2025-12-17 13:28:43 - INFO -         [TRAINABLE] paligemma_with_expert.paligemma.model.vision_tower.vision_model.encoder.layers.9.mlp.fc2.weight (shape: torch.Size([1152, 4304])) - (334925:train_csgo.py:815)
2025-12-17 13:28:43 - INFO -         [TRAINABLE] paligemma_with_expert.paligemma.model.vision_tower.vision_model.encoder.layers.9.mlp.fc2.bias (shape: torch.Size([1152])) - (334925:train_csgo.py:815)
2025-12-17 13:28:43 - INFO -         [TRAINABLE] paligemma_with_expert.paligemma.model.vision_tower.vision_model.encoder.layers.10.layer_norm1.weight (shape: torch.Size([1152])) - (334925:train_csgo.py:815)
2025-12-17 13:28:43 - INFO -         [TRAINABLE] paligemma_with_expert.paligemma.model.vision_tower.vision_model.encoder.layers.10.layer_norm1.bias (shape: torch.Size([1152])) - (334925:train_csgo.py:815)
2025-12-17 13:28:43 - INFO -         [TRAINABLE] paligemma_with_expert.paligemma.model.vision_tower.vision_model.encoder.layers.10.self_attn.k_proj.weight (shape: torch.Size([1152, 1152])) - (334925:train_csgo.py:815)
2025-12-17 13:28:43 - INFO -         [TRAINABLE] paligemma_with_expert.paligemma.model.vision_tower.vision_model.encoder.layers.10.self_attn.k_proj.bias (shape: torch.Size([1152])) - (334925:train_csgo.py:815)
2025-12-17 13:28:43 - INFO -         [TRAINABLE] paligemma_with_expert.paligemma.model.vision_tower.vision_model.encoder.layers.10.self_attn.v_proj.weight (shape: torch.Size([1152, 1152])) - (334925:train_csgo.py:815)
2025-12-17 13:28:43 - INFO -         [TRAINABLE] paligemma_with_expert.paligemma.model.vision_tower.vision_model.encoder.layers.10.self_attn.v_proj.bias (shape: torch.Size([1152])) - (334925:train_csgo.py:815)
2025-12-17 13:28:43 - INFO -         [TRAINABLE] paligemma_with_expert.paligemma.model.vision_tower.vision_model.encoder.layers.10.self_attn.q_proj.weight (shape: torch.Size([1152, 1152])) - (334925:train_csgo.py:815)
2025-12-17 13:28:43 - INFO -         [TRAINABLE] paligemma_with_expert.paligemma.model.vision_tower.vision_model.encoder.layers.10.self_attn.q_proj.bias (shape: torch.Size([1152])) - (334925:train_csgo.py:815)
2025-12-17 13:28:43 - INFO -         [TRAINABLE] paligemma_with_expert.paligemma.model.vision_tower.vision_model.encoder.layers.10.self_attn.out_proj.weight (shape: torch.Size([1152, 1152])) - (334925:train_csgo.py:815)
2025-12-17 13:28:43 - INFO -         [TRAINABLE] paligemma_with_expert.paligemma.model.vision_tower.vision_model.encoder.layers.10.self_attn.out_proj.bias (shape: torch.Size([1152])) - (334925:train_csgo.py:815)
2025-12-17 13:28:43 - INFO -         [TRAINABLE] paligemma_with_expert.paligemma.model.vision_tower.vision_model.encoder.layers.10.layer_norm2.weight (shape: torch.Size([1152])) - (334925:train_csgo.py:815)
2025-12-17 13:28:43 - INFO -         [TRAINABLE] paligemma_with_expert.paligemma.model.vision_tower.vision_model.encoder.layers.10.layer_norm2.bias (shape: torch.Size([1152])) - (334925:train_csgo.py:815)
2025-12-17 13:28:43 - INFO -         [TRAINABLE] paligemma_with_expert.paligemma.model.vision_tower.vision_model.encoder.layers.10.mlp.fc1.weight (shape: torch.Size([4304, 1152])) - (334925:train_csgo.py:815)
2025-12-17 13:28:43 - INFO -         [TRAINABLE] paligemma_with_expert.paligemma.model.vision_tower.vision_model.encoder.layers.10.mlp.fc1.bias (shape: torch.Size([4304])) - (334925:train_csgo.py:815)
2025-12-17 13:28:43 - INFO -         [TRAINABLE] paligemma_with_expert.paligemma.model.vision_tower.vision_model.encoder.layers.10.mlp.fc2.weight (shape: torch.Size([1152, 4304])) - (334925:train_csgo.py:815)
2025-12-17 13:28:43 - INFO -         [TRAINABLE] paligemma_with_expert.paligemma.model.vision_tower.vision_model.encoder.layers.10.mlp.fc2.bias (shape: torch.Size([1152])) - (334925:train_csgo.py:815)
2025-12-17 13:28:43 - INFO -         [TRAINABLE] paligemma_with_expert.paligemma.model.vision_tower.vision_model.encoder.layers.11.layer_norm1.weight (shape: torch.Size([1152])) - (334925:train_csgo.py:815)
2025-12-17 13:28:43 - INFO -         [TRAINABLE] paligemma_with_expert.paligemma.model.vision_tower.vision_model.encoder.layers.11.layer_norm1.bias (shape: torch.Size([1152])) - (334925:train_csgo.py:815)
2025-12-17 13:28:43 - INFO -         [TRAINABLE] paligemma_with_expert.paligemma.model.vision_tower.vision_model.encoder.layers.11.self_attn.k_proj.weight (shape: torch.Size([1152, 1152])) - (334925:train_csgo.py:815)
2025-12-17 13:28:43 - INFO -         [TRAINABLE] paligemma_with_expert.paligemma.model.vision_tower.vision_model.encoder.layers.11.self_attn.k_proj.bias (shape: torch.Size([1152])) - (334925:train_csgo.py:815)
2025-12-17 13:28:43 - INFO -         [TRAINABLE] paligemma_with_expert.paligemma.model.vision_tower.vision_model.encoder.layers.11.self_attn.v_proj.weight (shape: torch.Size([1152, 1152])) - (334925:train_csgo.py:815)
2025-12-17 13:28:43 - INFO -         [TRAINABLE] paligemma_with_expert.paligemma.model.vision_tower.vision_model.encoder.layers.11.self_attn.v_proj.bias (shape: torch.Size([1152])) - (334925:train_csgo.py:815)
2025-12-17 13:28:43 - INFO -         [TRAINABLE] paligemma_with_expert.paligemma.model.vision_tower.vision_model.encoder.layers.11.self_attn.q_proj.weight (shape: torch.Size([1152, 1152])) - (334925:train_csgo.py:815)
2025-12-17 13:28:43 - INFO -         [TRAINABLE] paligemma_with_expert.paligemma.model.vision_tower.vision_model.encoder.layers.11.self_attn.q_proj.bias (shape: torch.Size([1152])) - (334925:train_csgo.py:815)
2025-12-17 13:28:43 - INFO -         [TRAINABLE] paligemma_with_expert.paligemma.model.vision_tower.vision_model.encoder.layers.11.self_attn.out_proj.weight (shape: torch.Size([1152, 1152])) - (334925:train_csgo.py:815)
2025-12-17 13:28:43 - INFO -         [TRAINABLE] paligemma_with_expert.paligemma.model.vision_tower.vision_model.encoder.layers.11.self_attn.out_proj.bias (shape: torch.Size([1152])) - (334925:train_csgo.py:815)
2025-12-17 13:28:43 - INFO -         [TRAINABLE] paligemma_with_expert.paligemma.model.vision_tower.vision_model.encoder.layers.11.layer_norm2.weight (shape: torch.Size([1152])) - (334925:train_csgo.py:815)
2025-12-17 13:28:43 - INFO -         [TRAINABLE] paligemma_with_expert.paligemma.model.vision_tower.vision_model.encoder.layers.11.layer_norm2.bias (shape: torch.Size([1152])) - (334925:train_csgo.py:815)
2025-12-17 13:28:43 - INFO -         [TRAINABLE] paligemma_with_expert.paligemma.model.vision_tower.vision_model.encoder.layers.11.mlp.fc1.weight (shape: torch.Size([4304, 1152])) - (334925:train_csgo.py:815)
2025-12-17 13:28:43 - INFO -         [TRAINABLE] paligemma_with_expert.paligemma.model.vision_tower.vision_model.encoder.layers.11.mlp.fc1.bias (shape: torch.Size([4304])) - (334925:train_csgo.py:815)
2025-12-17 13:28:43 - INFO -         [TRAINABLE] paligemma_with_expert.paligemma.model.vision_tower.vision_model.encoder.layers.11.mlp.fc2.weight (shape: torch.Size([1152, 4304])) - (334925:train_csgo.py:815)
2025-12-17 13:28:43 - INFO -         [TRAINABLE] paligemma_with_expert.paligemma.model.vision_tower.vision_model.encoder.layers.11.mlp.fc2.bias (shape: torch.Size([1152])) - (334925:train_csgo.py:815)
2025-12-17 13:28:43 - INFO -         [TRAINABLE] paligemma_with_expert.paligemma.model.vision_tower.vision_model.encoder.layers.12.layer_norm1.weight (shape: torch.Size([1152])) - (334925:train_csgo.py:815)
2025-12-17 13:28:43 - INFO -         [TRAINABLE] paligemma_with_expert.paligemma.model.vision_tower.vision_model.encoder.layers.12.layer_norm1.bias (shape: torch.Size([1152])) - (334925:train_csgo.py:815)
2025-12-17 13:28:43 - INFO -         [TRAINABLE] paligemma_with_expert.paligemma.model.vision_tower.vision_model.encoder.layers.12.self_attn.k_proj.weight (shape: torch.Size([1152, 1152])) - (334925:train_csgo.py:815)
2025-12-17 13:28:43 - INFO -         [TRAINABLE] paligemma_with_expert.paligemma.model.vision_tower.vision_model.encoder.layers.12.self_attn.k_proj.bias (shape: torch.Size([1152])) - (334925:train_csgo.py:815)
2025-12-17 13:28:43 - INFO -         [TRAINABLE] paligemma_with_expert.paligemma.model.vision_tower.vision_model.encoder.layers.12.self_attn.v_proj.weight (shape: torch.Size([1152, 1152])) - (334925:train_csgo.py:815)
2025-12-17 13:28:43 - INFO -         [TRAINABLE] paligemma_with_expert.paligemma.model.vision_tower.vision_model.encoder.layers.12.self_attn.v_proj.bias (shape: torch.Size([1152])) - (334925:train_csgo.py:815)
2025-12-17 13:28:43 - INFO -         [TRAINABLE] paligemma_with_expert.paligemma.model.vision_tower.vision_model.encoder.layers.12.self_attn.q_proj.weight (shape: torch.Size([1152, 1152])) - (334925:train_csgo.py:815)
2025-12-17 13:28:43 - INFO -         [TRAINABLE] paligemma_with_expert.paligemma.model.vision_tower.vision_model.encoder.layers.12.self_attn.q_proj.bias (shape: torch.Size([1152])) - (334925:train_csgo.py:815)
2025-12-17 13:28:43 - INFO -         [TRAINABLE] paligemma_with_expert.paligemma.model.vision_tower.vision_model.encoder.layers.12.self_attn.out_proj.weight (shape: torch.Size([1152, 1152])) - (334925:train_csgo.py:815)
2025-12-17 13:28:43 - INFO -         [TRAINABLE] paligemma_with_expert.paligemma.model.vision_tower.vision_model.encoder.layers.12.self_attn.out_proj.bias (shape: torch.Size([1152])) - (334925:train_csgo.py:815)
2025-12-17 13:28:43 - INFO -         [TRAINABLE] paligemma_with_expert.paligemma.model.vision_tower.vision_model.encoder.layers.12.layer_norm2.weight (shape: torch.Size([1152])) - (334925:train_csgo.py:815)
2025-12-17 13:28:43 - INFO -         [TRAINABLE] paligemma_with_expert.paligemma.model.vision_tower.vision_model.encoder.layers.12.layer_norm2.bias (shape: torch.Size([1152])) - (334925:train_csgo.py:815)
2025-12-17 13:28:43 - INFO -         [TRAINABLE] paligemma_with_expert.paligemma.model.vision_tower.vision_model.encoder.layers.12.mlp.fc1.weight (shape: torch.Size([4304, 1152])) - (334925:train_csgo.py:815)
2025-12-17 13:28:43 - INFO -         [TRAINABLE] paligemma_with_expert.paligemma.model.vision_tower.vision_model.encoder.layers.12.mlp.fc1.bias (shape: torch.Size([4304])) - (334925:train_csgo.py:815)
2025-12-17 13:28:43 - INFO -         [TRAINABLE] paligemma_with_expert.paligemma.model.vision_tower.vision_model.encoder.layers.12.mlp.fc2.weight (shape: torch.Size([1152, 4304])) - (334925:train_csgo.py:815)
2025-12-17 13:28:43 - INFO -         [TRAINABLE] paligemma_with_expert.paligemma.model.vision_tower.vision_model.encoder.layers.12.mlp.fc2.bias (shape: torch.Size([1152])) - (334925:train_csgo.py:815)
2025-12-17 13:28:43 - INFO -         [TRAINABLE] paligemma_with_expert.paligemma.model.vision_tower.vision_model.encoder.layers.13.layer_norm1.weight (shape: torch.Size([1152])) - (334925:train_csgo.py:815)
2025-12-17 13:28:43 - INFO -         [TRAINABLE] paligemma_with_expert.paligemma.model.vision_tower.vision_model.encoder.layers.13.layer_norm1.bias (shape: torch.Size([1152])) - (334925:train_csgo.py:815)
2025-12-17 13:28:43 - INFO -         [TRAINABLE] paligemma_with_expert.paligemma.model.vision_tower.vision_model.encoder.layers.13.self_attn.k_proj.weight (shape: torch.Size([1152, 1152])) - (334925:train_csgo.py:815)
2025-12-17 13:28:43 - INFO -         [TRAINABLE] paligemma_with_expert.paligemma.model.vision_tower.vision_model.encoder.layers.13.self_attn.k_proj.bias (shape: torch.Size([1152])) - (334925:train_csgo.py:815)
2025-12-17 13:28:43 - INFO -         [TRAINABLE] paligemma_with_expert.paligemma.model.vision_tower.vision_model.encoder.layers.13.self_attn.v_proj.weight (shape: torch.Size([1152, 1152])) - (334925:train_csgo.py:815)
2025-12-17 13:28:43 - INFO -         [TRAINABLE] paligemma_with_expert.paligemma.model.vision_tower.vision_model.encoder.layers.13.self_attn.v_proj.bias (shape: torch.Size([1152])) - (334925:train_csgo.py:815)
2025-12-17 13:28:43 - INFO -         [TRAINABLE] paligemma_with_expert.paligemma.model.vision_tower.vision_model.encoder.layers.13.self_attn.q_proj.weight (shape: torch.Size([1152, 1152])) - (334925:train_csgo.py:815)
2025-12-17 13:28:43 - INFO -         [TRAINABLE] paligemma_with_expert.paligemma.model.vision_tower.vision_model.encoder.layers.13.self_attn.q_proj.bias (shape: torch.Size([1152])) - (334925:train_csgo.py:815)
2025-12-17 13:28:43 - INFO -         [TRAINABLE] paligemma_with_expert.paligemma.model.vision_tower.vision_model.encoder.layers.13.self_attn.out_proj.weight (shape: torch.Size([1152, 1152])) - (334925:train_csgo.py:815)
2025-12-17 13:28:43 - INFO -         [TRAINABLE] paligemma_with_expert.paligemma.model.vision_tower.vision_model.encoder.layers.13.self_attn.out_proj.bias (shape: torch.Size([1152])) - (334925:train_csgo.py:815)
2025-12-17 13:28:43 - INFO -         [TRAINABLE] paligemma_with_expert.paligemma.model.vision_tower.vision_model.encoder.layers.13.layer_norm2.weight (shape: torch.Size([1152])) - (334925:train_csgo.py:815)
2025-12-17 13:28:43 - INFO -         [TRAINABLE] paligemma_with_expert.paligemma.model.vision_tower.vision_model.encoder.layers.13.layer_norm2.bias (shape: torch.Size([1152])) - (334925:train_csgo.py:815)
2025-12-17 13:28:43 - INFO -         [TRAINABLE] paligemma_with_expert.paligemma.model.vision_tower.vision_model.encoder.layers.13.mlp.fc1.weight (shape: torch.Size([4304, 1152])) - (334925:train_csgo.py:815)
2025-12-17 13:28:43 - INFO -         [TRAINABLE] paligemma_with_expert.paligemma.model.vision_tower.vision_model.encoder.layers.13.mlp.fc1.bias (shape: torch.Size([4304])) - (334925:train_csgo.py:815)
2025-12-17 13:28:43 - INFO -         [TRAINABLE] paligemma_with_expert.paligemma.model.vision_tower.vision_model.encoder.layers.13.mlp.fc2.weight (shape: torch.Size([1152, 4304])) - (334925:train_csgo.py:815)
2025-12-17 13:28:43 - INFO -         [TRAINABLE] paligemma_with_expert.paligemma.model.vision_tower.vision_model.encoder.layers.13.mlp.fc2.bias (shape: torch.Size([1152])) - (334925:train_csgo.py:815)
2025-12-17 13:28:43 - INFO -         [TRAINABLE] paligemma_with_expert.paligemma.model.vision_tower.vision_model.encoder.layers.14.layer_norm1.weight (shape: torch.Size([1152])) - (334925:train_csgo.py:815)
2025-12-17 13:28:43 - INFO -         [TRAINABLE] paligemma_with_expert.paligemma.model.vision_tower.vision_model.encoder.layers.14.layer_norm1.bias (shape: torch.Size([1152])) - (334925:train_csgo.py:815)
2025-12-17 13:28:43 - INFO -         [TRAINABLE] paligemma_with_expert.paligemma.model.vision_tower.vision_model.encoder.layers.14.self_attn.k_proj.weight (shape: torch.Size([1152, 1152])) - (334925:train_csgo.py:815)
2025-12-17 13:28:43 - INFO -         [TRAINABLE] paligemma_with_expert.paligemma.model.vision_tower.vision_model.encoder.layers.14.self_attn.k_proj.bias (shape: torch.Size([1152])) - (334925:train_csgo.py:815)
2025-12-17 13:28:43 - INFO -         [TRAINABLE] paligemma_with_expert.paligemma.model.vision_tower.vision_model.encoder.layers.14.self_attn.v_proj.weight (shape: torch.Size([1152, 1152])) - (334925:train_csgo.py:815)
2025-12-17 13:28:43 - INFO -         [TRAINABLE] paligemma_with_expert.paligemma.model.vision_tower.vision_model.encoder.layers.14.self_attn.v_proj.bias (shape: torch.Size([1152])) - (334925:train_csgo.py:815)
2025-12-17 13:28:43 - INFO -         [TRAINABLE] paligemma_with_expert.paligemma.model.vision_tower.vision_model.encoder.layers.14.self_attn.q_proj.weight (shape: torch.Size([1152, 1152])) - (334925:train_csgo.py:815)
2025-12-17 13:28:43 - INFO -         [TRAINABLE] paligemma_with_expert.paligemma.model.vision_tower.vision_model.encoder.layers.14.self_attn.q_proj.bias (shape: torch.Size([1152])) - (334925:train_csgo.py:815)
2025-12-17 13:28:43 - INFO -         [TRAINABLE] paligemma_with_expert.paligemma.model.vision_tower.vision_model.encoder.layers.14.self_attn.out_proj.weight (shape: torch.Size([1152, 1152])) - (334925:train_csgo.py:815)
2025-12-17 13:28:43 - INFO -         [TRAINABLE] paligemma_with_expert.paligemma.model.vision_tower.vision_model.encoder.layers.14.self_attn.out_proj.bias (shape: torch.Size([1152])) - (334925:train_csgo.py:815)
2025-12-17 13:28:43 - INFO -         [TRAINABLE] paligemma_with_expert.paligemma.model.vision_tower.vision_model.encoder.layers.14.layer_norm2.weight (shape: torch.Size([1152])) - (334925:train_csgo.py:815)
2025-12-17 13:28:43 - INFO -         [TRAINABLE] paligemma_with_expert.paligemma.model.vision_tower.vision_model.encoder.layers.14.layer_norm2.bias (shape: torch.Size([1152])) - (334925:train_csgo.py:815)
2025-12-17 13:28:43 - INFO -         [TRAINABLE] paligemma_with_expert.paligemma.model.vision_tower.vision_model.encoder.layers.14.mlp.fc1.weight (shape: torch.Size([4304, 1152])) - (334925:train_csgo.py:815)
2025-12-17 13:28:43 - INFO -         [TRAINABLE] paligemma_with_expert.paligemma.model.vision_tower.vision_model.encoder.layers.14.mlp.fc1.bias (shape: torch.Size([4304])) - (334925:train_csgo.py:815)
2025-12-17 13:28:43 - INFO -         [TRAINABLE] paligemma_with_expert.paligemma.model.vision_tower.vision_model.encoder.layers.14.mlp.fc2.weight (shape: torch.Size([1152, 4304])) - (334925:train_csgo.py:815)
2025-12-17 13:28:43 - INFO -         [TRAINABLE] paligemma_with_expert.paligemma.model.vision_tower.vision_model.encoder.layers.14.mlp.fc2.bias (shape: torch.Size([1152])) - (334925:train_csgo.py:815)
2025-12-17 13:28:43 - INFO -         [TRAINABLE] paligemma_with_expert.paligemma.model.vision_tower.vision_model.encoder.layers.15.layer_norm1.weight (shape: torch.Size([1152])) - (334925:train_csgo.py:815)
2025-12-17 13:28:43 - INFO -         [TRAINABLE] paligemma_with_expert.paligemma.model.vision_tower.vision_model.encoder.layers.15.layer_norm1.bias (shape: torch.Size([1152])) - (334925:train_csgo.py:815)
2025-12-17 13:28:43 - INFO -         [TRAINABLE] paligemma_with_expert.paligemma.model.vision_tower.vision_model.encoder.layers.15.self_attn.k_proj.weight (shape: torch.Size([1152, 1152])) - (334925:train_csgo.py:815)
2025-12-17 13:28:43 - INFO -         [TRAINABLE] paligemma_with_expert.paligemma.model.vision_tower.vision_model.encoder.layers.15.self_attn.k_proj.bias (shape: torch.Size([1152])) - (334925:train_csgo.py:815)
2025-12-17 13:28:43 - INFO -         [TRAINABLE] paligemma_with_expert.paligemma.model.vision_tower.vision_model.encoder.layers.15.self_attn.v_proj.weight (shape: torch.Size([1152, 1152])) - (334925:train_csgo.py:815)
2025-12-17 13:28:43 - INFO -         [TRAINABLE] paligemma_with_expert.paligemma.model.vision_tower.vision_model.encoder.layers.15.self_attn.v_proj.bias (shape: torch.Size([1152])) - (334925:train_csgo.py:815)
2025-12-17 13:28:43 - INFO -         [TRAINABLE] paligemma_with_expert.paligemma.model.vision_tower.vision_model.encoder.layers.15.self_attn.q_proj.weight (shape: torch.Size([1152, 1152])) - (334925:train_csgo.py:815)
2025-12-17 13:28:43 - INFO -         [TRAINABLE] paligemma_with_expert.paligemma.model.vision_tower.vision_model.encoder.layers.15.self_attn.q_proj.bias (shape: torch.Size([1152])) - (334925:train_csgo.py:815)
2025-12-17 13:28:43 - INFO -         [TRAINABLE] paligemma_with_expert.paligemma.model.vision_tower.vision_model.encoder.layers.15.self_attn.out_proj.weight (shape: torch.Size([1152, 1152])) - (334925:train_csgo.py:815)
2025-12-17 13:28:43 - INFO -         [TRAINABLE] paligemma_with_expert.paligemma.model.vision_tower.vision_model.encoder.layers.15.self_attn.out_proj.bias (shape: torch.Size([1152])) - (334925:train_csgo.py:815)
2025-12-17 13:28:43 - INFO -         [TRAINABLE] paligemma_with_expert.paligemma.model.vision_tower.vision_model.encoder.layers.15.layer_norm2.weight (shape: torch.Size([1152])) - (334925:train_csgo.py:815)
2025-12-17 13:28:43 - INFO -         [TRAINABLE] paligemma_with_expert.paligemma.model.vision_tower.vision_model.encoder.layers.15.layer_norm2.bias (shape: torch.Size([1152])) - (334925:train_csgo.py:815)
2025-12-17 13:28:43 - INFO -         [TRAINABLE] paligemma_with_expert.paligemma.model.vision_tower.vision_model.encoder.layers.15.mlp.fc1.weight (shape: torch.Size([4304, 1152])) - (334925:train_csgo.py:815)
2025-12-17 13:28:43 - INFO -         [TRAINABLE] paligemma_with_expert.paligemma.model.vision_tower.vision_model.encoder.layers.15.mlp.fc1.bias (shape: torch.Size([4304])) - (334925:train_csgo.py:815)
2025-12-17 13:28:43 - INFO -         [TRAINABLE] paligemma_with_expert.paligemma.model.vision_tower.vision_model.encoder.layers.15.mlp.fc2.weight (shape: torch.Size([1152, 4304])) - (334925:train_csgo.py:815)
2025-12-17 13:28:43 - INFO -         [TRAINABLE] paligemma_with_expert.paligemma.model.vision_tower.vision_model.encoder.layers.15.mlp.fc2.bias (shape: torch.Size([1152])) - (334925:train_csgo.py:815)
2025-12-17 13:28:43 - INFO -         [TRAINABLE] paligemma_with_expert.paligemma.model.vision_tower.vision_model.encoder.layers.16.layer_norm1.weight (shape: torch.Size([1152])) - (334925:train_csgo.py:815)
2025-12-17 13:28:43 - INFO -         [TRAINABLE] paligemma_with_expert.paligemma.model.vision_tower.vision_model.encoder.layers.16.layer_norm1.bias (shape: torch.Size([1152])) - (334925:train_csgo.py:815)
2025-12-17 13:28:43 - INFO -         [TRAINABLE] paligemma_with_expert.paligemma.model.vision_tower.vision_model.encoder.layers.16.self_attn.k_proj.weight (shape: torch.Size([1152, 1152])) - (334925:train_csgo.py:815)
2025-12-17 13:28:43 - INFO -         [TRAINABLE] paligemma_with_expert.paligemma.model.vision_tower.vision_model.encoder.layers.16.self_attn.k_proj.bias (shape: torch.Size([1152])) - (334925:train_csgo.py:815)
2025-12-17 13:28:43 - INFO -         [TRAINABLE] paligemma_with_expert.paligemma.model.vision_tower.vision_model.encoder.layers.16.self_attn.v_proj.weight (shape: torch.Size([1152, 1152])) - (334925:train_csgo.py:815)
2025-12-17 13:28:43 - INFO -         [TRAINABLE] paligemma_with_expert.paligemma.model.vision_tower.vision_model.encoder.layers.16.self_attn.v_proj.bias (shape: torch.Size([1152])) - (334925:train_csgo.py:815)
2025-12-17 13:28:43 - INFO -         [TRAINABLE] paligemma_with_expert.paligemma.model.vision_tower.vision_model.encoder.layers.16.self_attn.q_proj.weight (shape: torch.Size([1152, 1152])) - (334925:train_csgo.py:815)
2025-12-17 13:28:43 - INFO -         [TRAINABLE] paligemma_with_expert.paligemma.model.vision_tower.vision_model.encoder.layers.16.self_attn.q_proj.bias (shape: torch.Size([1152])) - (334925:train_csgo.py:815)
2025-12-17 13:28:43 - INFO -         [TRAINABLE] paligemma_with_expert.paligemma.model.vision_tower.vision_model.encoder.layers.16.self_attn.out_proj.weight (shape: torch.Size([1152, 1152])) - (334925:train_csgo.py:815)
2025-12-17 13:28:43 - INFO -         [TRAINABLE] paligemma_with_expert.paligemma.model.vision_tower.vision_model.encoder.layers.16.self_attn.out_proj.bias (shape: torch.Size([1152])) - (334925:train_csgo.py:815)
2025-12-17 13:28:43 - INFO -         [TRAINABLE] paligemma_with_expert.paligemma.model.vision_tower.vision_model.encoder.layers.16.layer_norm2.weight (shape: torch.Size([1152])) - (334925:train_csgo.py:815)
2025-12-17 13:28:43 - INFO -         [TRAINABLE] paligemma_with_expert.paligemma.model.vision_tower.vision_model.encoder.layers.16.layer_norm2.bias (shape: torch.Size([1152])) - (334925:train_csgo.py:815)
2025-12-17 13:28:43 - INFO -         [TRAINABLE] paligemma_with_expert.paligemma.model.vision_tower.vision_model.encoder.layers.16.mlp.fc1.weight (shape: torch.Size([4304, 1152])) - (334925:train_csgo.py:815)
2025-12-17 13:28:43 - INFO -         [TRAINABLE] paligemma_with_expert.paligemma.model.vision_tower.vision_model.encoder.layers.16.mlp.fc1.bias (shape: torch.Size([4304])) - (334925:train_csgo.py:815)
2025-12-17 13:28:43 - INFO -         [TRAINABLE] paligemma_with_expert.paligemma.model.vision_tower.vision_model.encoder.layers.16.mlp.fc2.weight (shape: torch.Size([1152, 4304])) - (334925:train_csgo.py:815)
2025-12-17 13:28:43 - INFO -         [TRAINABLE] paligemma_with_expert.paligemma.model.vision_tower.vision_model.encoder.layers.16.mlp.fc2.bias (shape: torch.Size([1152])) - (334925:train_csgo.py:815)
2025-12-17 13:28:43 - INFO -         [TRAINABLE] paligemma_with_expert.paligemma.model.vision_tower.vision_model.encoder.layers.17.layer_norm1.weight (shape: torch.Size([1152])) - (334925:train_csgo.py:815)
2025-12-17 13:28:43 - INFO -         [TRAINABLE] paligemma_with_expert.paligemma.model.vision_tower.vision_model.encoder.layers.17.layer_norm1.bias (shape: torch.Size([1152])) - (334925:train_csgo.py:815)
2025-12-17 13:28:43 - INFO -         [TRAINABLE] paligemma_with_expert.paligemma.model.vision_tower.vision_model.encoder.layers.17.self_attn.k_proj.weight (shape: torch.Size([1152, 1152])) - (334925:train_csgo.py:815)
2025-12-17 13:28:43 - INFO -         [TRAINABLE] paligemma_with_expert.paligemma.model.vision_tower.vision_model.encoder.layers.17.self_attn.k_proj.bias (shape: torch.Size([1152])) - (334925:train_csgo.py:815)
2025-12-17 13:28:43 - INFO -         [TRAINABLE] paligemma_with_expert.paligemma.model.vision_tower.vision_model.encoder.layers.17.self_attn.v_proj.weight (shape: torch.Size([1152, 1152])) - (334925:train_csgo.py:815)
2025-12-17 13:28:43 - INFO -         [TRAINABLE] paligemma_with_expert.paligemma.model.vision_tower.vision_model.encoder.layers.17.self_attn.v_proj.bias (shape: torch.Size([1152])) - (334925:train_csgo.py:815)
2025-12-17 13:28:43 - INFO -         [TRAINABLE] paligemma_with_expert.paligemma.model.vision_tower.vision_model.encoder.layers.17.self_attn.q_proj.weight (shape: torch.Size([1152, 1152])) - (334925:train_csgo.py:815)
2025-12-17 13:28:43 - INFO -         [TRAINABLE] paligemma_with_expert.paligemma.model.vision_tower.vision_model.encoder.layers.17.self_attn.q_proj.bias (shape: torch.Size([1152])) - (334925:train_csgo.py:815)
2025-12-17 13:28:43 - INFO -         [TRAINABLE] paligemma_with_expert.paligemma.model.vision_tower.vision_model.encoder.layers.17.self_attn.out_proj.weight (shape: torch.Size([1152, 1152])) - (334925:train_csgo.py:815)
2025-12-17 13:28:43 - INFO -         [TRAINABLE] paligemma_with_expert.paligemma.model.vision_tower.vision_model.encoder.layers.17.self_attn.out_proj.bias (shape: torch.Size([1152])) - (334925:train_csgo.py:815)
2025-12-17 13:28:43 - INFO -         [TRAINABLE] paligemma_with_expert.paligemma.model.vision_tower.vision_model.encoder.layers.17.layer_norm2.weight (shape: torch.Size([1152])) - (334925:train_csgo.py:815)
2025-12-17 13:28:43 - INFO -         [TRAINABLE] paligemma_with_expert.paligemma.model.vision_tower.vision_model.encoder.layers.17.layer_norm2.bias (shape: torch.Size([1152])) - (334925:train_csgo.py:815)
2025-12-17 13:28:43 - INFO -         [TRAINABLE] paligemma_with_expert.paligemma.model.vision_tower.vision_model.encoder.layers.17.mlp.fc1.weight (shape: torch.Size([4304, 1152])) - (334925:train_csgo.py:815)
2025-12-17 13:28:43 - INFO -         [TRAINABLE] paligemma_with_expert.paligemma.model.vision_tower.vision_model.encoder.layers.17.mlp.fc1.bias (shape: torch.Size([4304])) - (334925:train_csgo.py:815)
2025-12-17 13:28:43 - INFO -         [TRAINABLE] paligemma_with_expert.paligemma.model.vision_tower.vision_model.encoder.layers.17.mlp.fc2.weight (shape: torch.Size([1152, 4304])) - (334925:train_csgo.py:815)
2025-12-17 13:28:43 - INFO -         [TRAINABLE] paligemma_with_expert.paligemma.model.vision_tower.vision_model.encoder.layers.17.mlp.fc2.bias (shape: torch.Size([1152])) - (334925:train_csgo.py:815)
2025-12-17 13:28:43 - INFO -         [TRAINABLE] paligemma_with_expert.paligemma.model.vision_tower.vision_model.encoder.layers.18.layer_norm1.weight (shape: torch.Size([1152])) - (334925:train_csgo.py:815)
2025-12-17 13:28:43 - INFO -         [TRAINABLE] paligemma_with_expert.paligemma.model.vision_tower.vision_model.encoder.layers.18.layer_norm1.bias (shape: torch.Size([1152])) - (334925:train_csgo.py:815)
2025-12-17 13:28:43 - INFO -         [TRAINABLE] paligemma_with_expert.paligemma.model.vision_tower.vision_model.encoder.layers.18.self_attn.k_proj.weight (shape: torch.Size([1152, 1152])) - (334925:train_csgo.py:815)
2025-12-17 13:28:43 - INFO -         [TRAINABLE] paligemma_with_expert.paligemma.model.vision_tower.vision_model.encoder.layers.18.self_attn.k_proj.bias (shape: torch.Size([1152])) - (334925:train_csgo.py:815)
2025-12-17 13:28:43 - INFO -         [TRAINABLE] paligemma_with_expert.paligemma.model.vision_tower.vision_model.encoder.layers.18.self_attn.v_proj.weight (shape: torch.Size([1152, 1152])) - (334925:train_csgo.py:815)
2025-12-17 13:28:43 - INFO -         [TRAINABLE] paligemma_with_expert.paligemma.model.vision_tower.vision_model.encoder.layers.18.self_attn.v_proj.bias (shape: torch.Size([1152])) - (334925:train_csgo.py:815)
2025-12-17 13:28:43 - INFO -         [TRAINABLE] paligemma_with_expert.paligemma.model.vision_tower.vision_model.encoder.layers.18.self_attn.q_proj.weight (shape: torch.Size([1152, 1152])) - (334925:train_csgo.py:815)
2025-12-17 13:28:43 - INFO -         [TRAINABLE] paligemma_with_expert.paligemma.model.vision_tower.vision_model.encoder.layers.18.self_attn.q_proj.bias (shape: torch.Size([1152])) - (334925:train_csgo.py:815)
2025-12-17 13:28:43 - INFO -         [TRAINABLE] paligemma_with_expert.paligemma.model.vision_tower.vision_model.encoder.layers.18.self_attn.out_proj.weight (shape: torch.Size([1152, 1152])) - (334925:train_csgo.py:815)
2025-12-17 13:28:43 - INFO -         [TRAINABLE] paligemma_with_expert.paligemma.model.vision_tower.vision_model.encoder.layers.18.self_attn.out_proj.bias (shape: torch.Size([1152])) - (334925:train_csgo.py:815)
2025-12-17 13:28:43 - INFO -         [TRAINABLE] paligemma_with_expert.paligemma.model.vision_tower.vision_model.encoder.layers.18.layer_norm2.weight (shape: torch.Size([1152])) - (334925:train_csgo.py:815)
2025-12-17 13:28:43 - INFO -         [TRAINABLE] paligemma_with_expert.paligemma.model.vision_tower.vision_model.encoder.layers.18.layer_norm2.bias (shape: torch.Size([1152])) - (334925:train_csgo.py:815)
2025-12-17 13:28:43 - INFO -         [TRAINABLE] paligemma_with_expert.paligemma.model.vision_tower.vision_model.encoder.layers.18.mlp.fc1.weight (shape: torch.Size([4304, 1152])) - (334925:train_csgo.py:815)
2025-12-17 13:28:43 - INFO -         [TRAINABLE] paligemma_with_expert.paligemma.model.vision_tower.vision_model.encoder.layers.18.mlp.fc1.bias (shape: torch.Size([4304])) - (334925:train_csgo.py:815)
2025-12-17 13:28:43 - INFO -         [TRAINABLE] paligemma_with_expert.paligemma.model.vision_tower.vision_model.encoder.layers.18.mlp.fc2.weight (shape: torch.Size([1152, 4304])) - (334925:train_csgo.py:815)
2025-12-17 13:28:43 - INFO -         [TRAINABLE] paligemma_with_expert.paligemma.model.vision_tower.vision_model.encoder.layers.18.mlp.fc2.bias (shape: torch.Size([1152])) - (334925:train_csgo.py:815)
2025-12-17 13:28:43 - INFO -         [TRAINABLE] paligemma_with_expert.paligemma.model.vision_tower.vision_model.encoder.layers.19.layer_norm1.weight (shape: torch.Size([1152])) - (334925:train_csgo.py:815)
2025-12-17 13:28:43 - INFO -         [TRAINABLE] paligemma_with_expert.paligemma.model.vision_tower.vision_model.encoder.layers.19.layer_norm1.bias (shape: torch.Size([1152])) - (334925:train_csgo.py:815)
2025-12-17 13:28:43 - INFO -         [TRAINABLE] paligemma_with_expert.paligemma.model.vision_tower.vision_model.encoder.layers.19.self_attn.k_proj.weight (shape: torch.Size([1152, 1152])) - (334925:train_csgo.py:815)
2025-12-17 13:28:43 - INFO -         [TRAINABLE] paligemma_with_expert.paligemma.model.vision_tower.vision_model.encoder.layers.19.self_attn.k_proj.bias (shape: torch.Size([1152])) - (334925:train_csgo.py:815)
2025-12-17 13:28:43 - INFO -         [TRAINABLE] paligemma_with_expert.paligemma.model.vision_tower.vision_model.encoder.layers.19.self_attn.v_proj.weight (shape: torch.Size([1152, 1152])) - (334925:train_csgo.py:815)
2025-12-17 13:28:43 - INFO -         [TRAINABLE] paligemma_with_expert.paligemma.model.vision_tower.vision_model.encoder.layers.19.self_attn.v_proj.bias (shape: torch.Size([1152])) - (334925:train_csgo.py:815)
2025-12-17 13:28:43 - INFO -         [TRAINABLE] paligemma_with_expert.paligemma.model.vision_tower.vision_model.encoder.layers.19.self_attn.q_proj.weight (shape: torch.Size([1152, 1152])) - (334925:train_csgo.py:815)
2025-12-17 13:28:43 - INFO -         [TRAINABLE] paligemma_with_expert.paligemma.model.vision_tower.vision_model.encoder.layers.19.self_attn.q_proj.bias (shape: torch.Size([1152])) - (334925:train_csgo.py:815)
2025-12-17 13:28:43 - INFO -         [TRAINABLE] paligemma_with_expert.paligemma.model.vision_tower.vision_model.encoder.layers.19.self_attn.out_proj.weight (shape: torch.Size([1152, 1152])) - (334925:train_csgo.py:815)
2025-12-17 13:28:43 - INFO -         [TRAINABLE] paligemma_with_expert.paligemma.model.vision_tower.vision_model.encoder.layers.19.self_attn.out_proj.bias (shape: torch.Size([1152])) - (334925:train_csgo.py:815)
2025-12-17 13:28:43 - INFO -         [TRAINABLE] paligemma_with_expert.paligemma.model.vision_tower.vision_model.encoder.layers.19.layer_norm2.weight (shape: torch.Size([1152])) - (334925:train_csgo.py:815)
2025-12-17 13:28:43 - INFO -         [TRAINABLE] paligemma_with_expert.paligemma.model.vision_tower.vision_model.encoder.layers.19.layer_norm2.bias (shape: torch.Size([1152])) - (334925:train_csgo.py:815)
2025-12-17 13:28:43 - INFO -         [TRAINABLE] paligemma_with_expert.paligemma.model.vision_tower.vision_model.encoder.layers.19.mlp.fc1.weight (shape: torch.Size([4304, 1152])) - (334925:train_csgo.py:815)
2025-12-17 13:28:43 - INFO -         [TRAINABLE] paligemma_with_expert.paligemma.model.vision_tower.vision_model.encoder.layers.19.mlp.fc1.bias (shape: torch.Size([4304])) - (334925:train_csgo.py:815)
2025-12-17 13:28:43 - INFO -         [TRAINABLE] paligemma_with_expert.paligemma.model.vision_tower.vision_model.encoder.layers.19.mlp.fc2.weight (shape: torch.Size([1152, 4304])) - (334925:train_csgo.py:815)
2025-12-17 13:28:43 - INFO -         [TRAINABLE] paligemma_with_expert.paligemma.model.vision_tower.vision_model.encoder.layers.19.mlp.fc2.bias (shape: torch.Size([1152])) - (334925:train_csgo.py:815)
2025-12-17 13:28:43 - INFO -         [TRAINABLE] paligemma_with_expert.paligemma.model.vision_tower.vision_model.encoder.layers.20.layer_norm1.weight (shape: torch.Size([1152])) - (334925:train_csgo.py:815)
2025-12-17 13:28:43 - INFO -         [TRAINABLE] paligemma_with_expert.paligemma.model.vision_tower.vision_model.encoder.layers.20.layer_norm1.bias (shape: torch.Size([1152])) - (334925:train_csgo.py:815)
2025-12-17 13:28:43 - INFO -         [TRAINABLE] paligemma_with_expert.paligemma.model.vision_tower.vision_model.encoder.layers.20.self_attn.k_proj.weight (shape: torch.Size([1152, 1152])) - (334925:train_csgo.py:815)
2025-12-17 13:28:43 - INFO -         [TRAINABLE] paligemma_with_expert.paligemma.model.vision_tower.vision_model.encoder.layers.20.self_attn.k_proj.bias (shape: torch.Size([1152])) - (334925:train_csgo.py:815)
2025-12-17 13:28:43 - INFO -         [TRAINABLE] paligemma_with_expert.paligemma.model.vision_tower.vision_model.encoder.layers.20.self_attn.v_proj.weight (shape: torch.Size([1152, 1152])) - (334925:train_csgo.py:815)
2025-12-17 13:28:43 - INFO -         [TRAINABLE] paligemma_with_expert.paligemma.model.vision_tower.vision_model.encoder.layers.20.self_attn.v_proj.bias (shape: torch.Size([1152])) - (334925:train_csgo.py:815)
2025-12-17 13:28:43 - INFO -         [TRAINABLE] paligemma_with_expert.paligemma.model.vision_tower.vision_model.encoder.layers.20.self_attn.q_proj.weight (shape: torch.Size([1152, 1152])) - (334925:train_csgo.py:815)
2025-12-17 13:28:43 - INFO -         [TRAINABLE] paligemma_with_expert.paligemma.model.vision_tower.vision_model.encoder.layers.20.self_attn.q_proj.bias (shape: torch.Size([1152])) - (334925:train_csgo.py:815)
2025-12-17 13:28:43 - INFO -         [TRAINABLE] paligemma_with_expert.paligemma.model.vision_tower.vision_model.encoder.layers.20.self_attn.out_proj.weight (shape: torch.Size([1152, 1152])) - (334925:train_csgo.py:815)
2025-12-17 13:28:43 - INFO -         [TRAINABLE] paligemma_with_expert.paligemma.model.vision_tower.vision_model.encoder.layers.20.self_attn.out_proj.bias (shape: torch.Size([1152])) - (334925:train_csgo.py:815)
2025-12-17 13:28:43 - INFO -         [TRAINABLE] paligemma_with_expert.paligemma.model.vision_tower.vision_model.encoder.layers.20.layer_norm2.weight (shape: torch.Size([1152])) - (334925:train_csgo.py:815)
2025-12-17 13:28:43 - INFO -         [TRAINABLE] paligemma_with_expert.paligemma.model.vision_tower.vision_model.encoder.layers.20.layer_norm2.bias (shape: torch.Size([1152])) - (334925:train_csgo.py:815)
2025-12-17 13:28:43 - INFO -         [TRAINABLE] paligemma_with_expert.paligemma.model.vision_tower.vision_model.encoder.layers.20.mlp.fc1.weight (shape: torch.Size([4304, 1152])) - (334925:train_csgo.py:815)
2025-12-17 13:28:43 - INFO -         [TRAINABLE] paligemma_with_expert.paligemma.model.vision_tower.vision_model.encoder.layers.20.mlp.fc1.bias (shape: torch.Size([4304])) - (334925:train_csgo.py:815)
2025-12-17 13:28:43 - INFO -         [TRAINABLE] paligemma_with_expert.paligemma.model.vision_tower.vision_model.encoder.layers.20.mlp.fc2.weight (shape: torch.Size([1152, 4304])) - (334925:train_csgo.py:815)
2025-12-17 13:28:43 - INFO -         [TRAINABLE] paligemma_with_expert.paligemma.model.vision_tower.vision_model.encoder.layers.20.mlp.fc2.bias (shape: torch.Size([1152])) - (334925:train_csgo.py:815)
2025-12-17 13:28:43 - INFO -         [TRAINABLE] paligemma_with_expert.paligemma.model.vision_tower.vision_model.encoder.layers.21.layer_norm1.weight (shape: torch.Size([1152])) - (334925:train_csgo.py:815)
2025-12-17 13:28:43 - INFO -         [TRAINABLE] paligemma_with_expert.paligemma.model.vision_tower.vision_model.encoder.layers.21.layer_norm1.bias (shape: torch.Size([1152])) - (334925:train_csgo.py:815)
2025-12-17 13:28:43 - INFO -         [TRAINABLE] paligemma_with_expert.paligemma.model.vision_tower.vision_model.encoder.layers.21.self_attn.k_proj.weight (shape: torch.Size([1152, 1152])) - (334925:train_csgo.py:815)
2025-12-17 13:28:43 - INFO -         [TRAINABLE] paligemma_with_expert.paligemma.model.vision_tower.vision_model.encoder.layers.21.self_attn.k_proj.bias (shape: torch.Size([1152])) - (334925:train_csgo.py:815)
2025-12-17 13:28:43 - INFO -         [TRAINABLE] paligemma_with_expert.paligemma.model.vision_tower.vision_model.encoder.layers.21.self_attn.v_proj.weight (shape: torch.Size([1152, 1152])) - (334925:train_csgo.py:815)
2025-12-17 13:28:43 - INFO -         [TRAINABLE] paligemma_with_expert.paligemma.model.vision_tower.vision_model.encoder.layers.21.self_attn.v_proj.bias (shape: torch.Size([1152])) - (334925:train_csgo.py:815)
2025-12-17 13:28:43 - INFO -         [TRAINABLE] paligemma_with_expert.paligemma.model.vision_tower.vision_model.encoder.layers.21.self_attn.q_proj.weight (shape: torch.Size([1152, 1152])) - (334925:train_csgo.py:815)
2025-12-17 13:28:43 - INFO -         [TRAINABLE] paligemma_with_expert.paligemma.model.vision_tower.vision_model.encoder.layers.21.self_attn.q_proj.bias (shape: torch.Size([1152])) - (334925:train_csgo.py:815)
2025-12-17 13:28:43 - INFO -         [TRAINABLE] paligemma_with_expert.paligemma.model.vision_tower.vision_model.encoder.layers.21.self_attn.out_proj.weight (shape: torch.Size([1152, 1152])) - (334925:train_csgo.py:815)
2025-12-17 13:28:43 - INFO -         [TRAINABLE] paligemma_with_expert.paligemma.model.vision_tower.vision_model.encoder.layers.21.self_attn.out_proj.bias (shape: torch.Size([1152])) - (334925:train_csgo.py:815)
2025-12-17 13:28:43 - INFO -         [TRAINABLE] paligemma_with_expert.paligemma.model.vision_tower.vision_model.encoder.layers.21.layer_norm2.weight (shape: torch.Size([1152])) - (334925:train_csgo.py:815)
2025-12-17 13:28:43 - INFO -         [TRAINABLE] paligemma_with_expert.paligemma.model.vision_tower.vision_model.encoder.layers.21.layer_norm2.bias (shape: torch.Size([1152])) - (334925:train_csgo.py:815)
2025-12-17 13:28:43 - INFO -         [TRAINABLE] paligemma_with_expert.paligemma.model.vision_tower.vision_model.encoder.layers.21.mlp.fc1.weight (shape: torch.Size([4304, 1152])) - (334925:train_csgo.py:815)
2025-12-17 13:28:43 - INFO -         [TRAINABLE] paligemma_with_expert.paligemma.model.vision_tower.vision_model.encoder.layers.21.mlp.fc1.bias (shape: torch.Size([4304])) - (334925:train_csgo.py:815)
2025-12-17 13:28:43 - INFO -         [TRAINABLE] paligemma_with_expert.paligemma.model.vision_tower.vision_model.encoder.layers.21.mlp.fc2.weight (shape: torch.Size([1152, 4304])) - (334925:train_csgo.py:815)
2025-12-17 13:28:43 - INFO -         [TRAINABLE] paligemma_with_expert.paligemma.model.vision_tower.vision_model.encoder.layers.21.mlp.fc2.bias (shape: torch.Size([1152])) - (334925:train_csgo.py:815)
2025-12-17 13:28:43 - INFO -         [TRAINABLE] paligemma_with_expert.paligemma.model.vision_tower.vision_model.encoder.layers.22.layer_norm1.weight (shape: torch.Size([1152])) - (334925:train_csgo.py:815)
2025-12-17 13:28:43 - INFO -         [TRAINABLE] paligemma_with_expert.paligemma.model.vision_tower.vision_model.encoder.layers.22.layer_norm1.bias (shape: torch.Size([1152])) - (334925:train_csgo.py:815)
2025-12-17 13:28:43 - INFO -         [TRAINABLE] paligemma_with_expert.paligemma.model.vision_tower.vision_model.encoder.layers.22.self_attn.k_proj.weight (shape: torch.Size([1152, 1152])) - (334925:train_csgo.py:815)
2025-12-17 13:28:43 - INFO -         [TRAINABLE] paligemma_with_expert.paligemma.model.vision_tower.vision_model.encoder.layers.22.self_attn.k_proj.bias (shape: torch.Size([1152])) - (334925:train_csgo.py:815)
2025-12-17 13:28:43 - INFO -         [TRAINABLE] paligemma_with_expert.paligemma.model.vision_tower.vision_model.encoder.layers.22.self_attn.v_proj.weight (shape: torch.Size([1152, 1152])) - (334925:train_csgo.py:815)
2025-12-17 13:28:43 - INFO -         [TRAINABLE] paligemma_with_expert.paligemma.model.vision_tower.vision_model.encoder.layers.22.self_attn.v_proj.bias (shape: torch.Size([1152])) - (334925:train_csgo.py:815)
2025-12-17 13:28:43 - INFO -         [TRAINABLE] paligemma_with_expert.paligemma.model.vision_tower.vision_model.encoder.layers.22.self_attn.q_proj.weight (shape: torch.Size([1152, 1152])) - (334925:train_csgo.py:815)
2025-12-17 13:28:43 - INFO -         [TRAINABLE] paligemma_with_expert.paligemma.model.vision_tower.vision_model.encoder.layers.22.self_attn.q_proj.bias (shape: torch.Size([1152])) - (334925:train_csgo.py:815)
2025-12-17 13:28:43 - INFO -         [TRAINABLE] paligemma_with_expert.paligemma.model.vision_tower.vision_model.encoder.layers.22.self_attn.out_proj.weight (shape: torch.Size([1152, 1152])) - (334925:train_csgo.py:815)
2025-12-17 13:28:43 - INFO -         [TRAINABLE] paligemma_with_expert.paligemma.model.vision_tower.vision_model.encoder.layers.22.self_attn.out_proj.bias (shape: torch.Size([1152])) - (334925:train_csgo.py:815)
2025-12-17 13:28:43 - INFO -         [TRAINABLE] paligemma_with_expert.paligemma.model.vision_tower.vision_model.encoder.layers.22.layer_norm2.weight (shape: torch.Size([1152])) - (334925:train_csgo.py:815)
2025-12-17 13:28:43 - INFO -         [TRAINABLE] paligemma_with_expert.paligemma.model.vision_tower.vision_model.encoder.layers.22.layer_norm2.bias (shape: torch.Size([1152])) - (334925:train_csgo.py:815)
2025-12-17 13:28:43 - INFO -         [TRAINABLE] paligemma_with_expert.paligemma.model.vision_tower.vision_model.encoder.layers.22.mlp.fc1.weight (shape: torch.Size([4304, 1152])) - (334925:train_csgo.py:815)
2025-12-17 13:28:43 - INFO -         [TRAINABLE] paligemma_with_expert.paligemma.model.vision_tower.vision_model.encoder.layers.22.mlp.fc1.bias (shape: torch.Size([4304])) - (334925:train_csgo.py:815)
2025-12-17 13:28:43 - INFO -         [TRAINABLE] paligemma_with_expert.paligemma.model.vision_tower.vision_model.encoder.layers.22.mlp.fc2.weight (shape: torch.Size([1152, 4304])) - (334925:train_csgo.py:815)
2025-12-17 13:28:43 - INFO -         [TRAINABLE] paligemma_with_expert.paligemma.model.vision_tower.vision_model.encoder.layers.22.mlp.fc2.bias (shape: torch.Size([1152])) - (334925:train_csgo.py:815)
2025-12-17 13:28:43 - INFO -         [TRAINABLE] paligemma_with_expert.paligemma.model.vision_tower.vision_model.encoder.layers.23.layer_norm1.weight (shape: torch.Size([1152])) - (334925:train_csgo.py:815)
2025-12-17 13:28:43 - INFO -         [TRAINABLE] paligemma_with_expert.paligemma.model.vision_tower.vision_model.encoder.layers.23.layer_norm1.bias (shape: torch.Size([1152])) - (334925:train_csgo.py:815)
2025-12-17 13:28:43 - INFO -         [TRAINABLE] paligemma_with_expert.paligemma.model.vision_tower.vision_model.encoder.layers.23.self_attn.k_proj.weight (shape: torch.Size([1152, 1152])) - (334925:train_csgo.py:815)
2025-12-17 13:28:43 - INFO -         [TRAINABLE] paligemma_with_expert.paligemma.model.vision_tower.vision_model.encoder.layers.23.self_attn.k_proj.bias (shape: torch.Size([1152])) - (334925:train_csgo.py:815)
2025-12-17 13:28:43 - INFO -         [TRAINABLE] paligemma_with_expert.paligemma.model.vision_tower.vision_model.encoder.layers.23.self_attn.v_proj.weight (shape: torch.Size([1152, 1152])) - (334925:train_csgo.py:815)
2025-12-17 13:28:43 - INFO -         [TRAINABLE] paligemma_with_expert.paligemma.model.vision_tower.vision_model.encoder.layers.23.self_attn.v_proj.bias (shape: torch.Size([1152])) - (334925:train_csgo.py:815)
2025-12-17 13:28:43 - INFO -         [TRAINABLE] paligemma_with_expert.paligemma.model.vision_tower.vision_model.encoder.layers.23.self_attn.q_proj.weight (shape: torch.Size([1152, 1152])) - (334925:train_csgo.py:815)
2025-12-17 13:28:43 - INFO -         [TRAINABLE] paligemma_with_expert.paligemma.model.vision_tower.vision_model.encoder.layers.23.self_attn.q_proj.bias (shape: torch.Size([1152])) - (334925:train_csgo.py:815)
2025-12-17 13:28:43 - INFO -         [TRAINABLE] paligemma_with_expert.paligemma.model.vision_tower.vision_model.encoder.layers.23.self_attn.out_proj.weight (shape: torch.Size([1152, 1152])) - (334925:train_csgo.py:815)
2025-12-17 13:28:43 - INFO -         [TRAINABLE] paligemma_with_expert.paligemma.model.vision_tower.vision_model.encoder.layers.23.self_attn.out_proj.bias (shape: torch.Size([1152])) - (334925:train_csgo.py:815)
2025-12-17 13:28:43 - INFO -         [TRAINABLE] paligemma_with_expert.paligemma.model.vision_tower.vision_model.encoder.layers.23.layer_norm2.weight (shape: torch.Size([1152])) - (334925:train_csgo.py:815)
2025-12-17 13:28:43 - INFO -         [TRAINABLE] paligemma_with_expert.paligemma.model.vision_tower.vision_model.encoder.layers.23.layer_norm2.bias (shape: torch.Size([1152])) - (334925:train_csgo.py:815)
2025-12-17 13:28:43 - INFO -         [TRAINABLE] paligemma_with_expert.paligemma.model.vision_tower.vision_model.encoder.layers.23.mlp.fc1.weight (shape: torch.Size([4304, 1152])) - (334925:train_csgo.py:815)
2025-12-17 13:28:43 - INFO -         [TRAINABLE] paligemma_with_expert.paligemma.model.vision_tower.vision_model.encoder.layers.23.mlp.fc1.bias (shape: torch.Size([4304])) - (334925:train_csgo.py:815)
2025-12-17 13:28:43 - INFO -         [TRAINABLE] paligemma_with_expert.paligemma.model.vision_tower.vision_model.encoder.layers.23.mlp.fc2.weight (shape: torch.Size([1152, 4304])) - (334925:train_csgo.py:815)
2025-12-17 13:28:43 - INFO -         [TRAINABLE] paligemma_with_expert.paligemma.model.vision_tower.vision_model.encoder.layers.23.mlp.fc2.bias (shape: torch.Size([1152])) - (334925:train_csgo.py:815)
2025-12-17 13:28:43 - INFO -         [TRAINABLE] paligemma_with_expert.paligemma.model.vision_tower.vision_model.encoder.layers.24.layer_norm1.weight (shape: torch.Size([1152])) - (334925:train_csgo.py:815)
2025-12-17 13:28:43 - INFO -         [TRAINABLE] paligemma_with_expert.paligemma.model.vision_tower.vision_model.encoder.layers.24.layer_norm1.bias (shape: torch.Size([1152])) - (334925:train_csgo.py:815)
2025-12-17 13:28:43 - INFO -         [TRAINABLE] paligemma_with_expert.paligemma.model.vision_tower.vision_model.encoder.layers.24.self_attn.k_proj.weight (shape: torch.Size([1152, 1152])) - (334925:train_csgo.py:815)
2025-12-17 13:28:43 - INFO -         [TRAINABLE] paligemma_with_expert.paligemma.model.vision_tower.vision_model.encoder.layers.24.self_attn.k_proj.bias (shape: torch.Size([1152])) - (334925:train_csgo.py:815)
2025-12-17 13:28:43 - INFO -         [TRAINABLE] paligemma_with_expert.paligemma.model.vision_tower.vision_model.encoder.layers.24.self_attn.v_proj.weight (shape: torch.Size([1152, 1152])) - (334925:train_csgo.py:815)
2025-12-17 13:28:43 - INFO -         [TRAINABLE] paligemma_with_expert.paligemma.model.vision_tower.vision_model.encoder.layers.24.self_attn.v_proj.bias (shape: torch.Size([1152])) - (334925:train_csgo.py:815)
2025-12-17 13:28:43 - INFO -         [TRAINABLE] paligemma_with_expert.paligemma.model.vision_tower.vision_model.encoder.layers.24.self_attn.q_proj.weight (shape: torch.Size([1152, 1152])) - (334925:train_csgo.py:815)
2025-12-17 13:28:43 - INFO -         [TRAINABLE] paligemma_with_expert.paligemma.model.vision_tower.vision_model.encoder.layers.24.self_attn.q_proj.bias (shape: torch.Size([1152])) - (334925:train_csgo.py:815)
2025-12-17 13:28:43 - INFO -         [TRAINABLE] paligemma_with_expert.paligemma.model.vision_tower.vision_model.encoder.layers.24.self_attn.out_proj.weight (shape: torch.Size([1152, 1152])) - (334925:train_csgo.py:815)
2025-12-17 13:28:43 - INFO -         [TRAINABLE] paligemma_with_expert.paligemma.model.vision_tower.vision_model.encoder.layers.24.self_attn.out_proj.bias (shape: torch.Size([1152])) - (334925:train_csgo.py:815)
2025-12-17 13:28:43 - INFO -         [TRAINABLE] paligemma_with_expert.paligemma.model.vision_tower.vision_model.encoder.layers.24.layer_norm2.weight (shape: torch.Size([1152])) - (334925:train_csgo.py:815)
2025-12-17 13:28:43 - INFO -         [TRAINABLE] paligemma_with_expert.paligemma.model.vision_tower.vision_model.encoder.layers.24.layer_norm2.bias (shape: torch.Size([1152])) - (334925:train_csgo.py:815)
2025-12-17 13:28:43 - INFO -         [TRAINABLE] paligemma_with_expert.paligemma.model.vision_tower.vision_model.encoder.layers.24.mlp.fc1.weight (shape: torch.Size([4304, 1152])) - (334925:train_csgo.py:815)
2025-12-17 13:28:43 - INFO -         [TRAINABLE] paligemma_with_expert.paligemma.model.vision_tower.vision_model.encoder.layers.24.mlp.fc1.bias (shape: torch.Size([4304])) - (334925:train_csgo.py:815)
2025-12-17 13:28:43 - INFO -         [TRAINABLE] paligemma_with_expert.paligemma.model.vision_tower.vision_model.encoder.layers.24.mlp.fc2.weight (shape: torch.Size([1152, 4304])) - (334925:train_csgo.py:815)
2025-12-17 13:28:43 - INFO -         [TRAINABLE] paligemma_with_expert.paligemma.model.vision_tower.vision_model.encoder.layers.24.mlp.fc2.bias (shape: torch.Size([1152])) - (334925:train_csgo.py:815)
2025-12-17 13:28:43 - INFO -         [TRAINABLE] paligemma_with_expert.paligemma.model.vision_tower.vision_model.encoder.layers.25.layer_norm1.weight (shape: torch.Size([1152])) - (334925:train_csgo.py:815)
2025-12-17 13:28:43 - INFO -         [TRAINABLE] paligemma_with_expert.paligemma.model.vision_tower.vision_model.encoder.layers.25.layer_norm1.bias (shape: torch.Size([1152])) - (334925:train_csgo.py:815)
2025-12-17 13:28:43 - INFO -         [TRAINABLE] paligemma_with_expert.paligemma.model.vision_tower.vision_model.encoder.layers.25.self_attn.k_proj.weight (shape: torch.Size([1152, 1152])) - (334925:train_csgo.py:815)
2025-12-17 13:28:43 - INFO -         [TRAINABLE] paligemma_with_expert.paligemma.model.vision_tower.vision_model.encoder.layers.25.self_attn.k_proj.bias (shape: torch.Size([1152])) - (334925:train_csgo.py:815)
2025-12-17 13:28:43 - INFO -         [TRAINABLE] paligemma_with_expert.paligemma.model.vision_tower.vision_model.encoder.layers.25.self_attn.v_proj.weight (shape: torch.Size([1152, 1152])) - (334925:train_csgo.py:815)
2025-12-17 13:28:43 - INFO -         [TRAINABLE] paligemma_with_expert.paligemma.model.vision_tower.vision_model.encoder.layers.25.self_attn.v_proj.bias (shape: torch.Size([1152])) - (334925:train_csgo.py:815)
2025-12-17 13:28:43 - INFO -         [TRAINABLE] paligemma_with_expert.paligemma.model.vision_tower.vision_model.encoder.layers.25.self_attn.q_proj.weight (shape: torch.Size([1152, 1152])) - (334925:train_csgo.py:815)
2025-12-17 13:28:43 - INFO -         [TRAINABLE] paligemma_with_expert.paligemma.model.vision_tower.vision_model.encoder.layers.25.self_attn.q_proj.bias (shape: torch.Size([1152])) - (334925:train_csgo.py:815)
2025-12-17 13:28:43 - INFO -         [TRAINABLE] paligemma_with_expert.paligemma.model.vision_tower.vision_model.encoder.layers.25.self_attn.out_proj.weight (shape: torch.Size([1152, 1152])) - (334925:train_csgo.py:815)
2025-12-17 13:28:43 - INFO -         [TRAINABLE] paligemma_with_expert.paligemma.model.vision_tower.vision_model.encoder.layers.25.self_attn.out_proj.bias (shape: torch.Size([1152])) - (334925:train_csgo.py:815)
2025-12-17 13:28:43 - INFO -         [TRAINABLE] paligemma_with_expert.paligemma.model.vision_tower.vision_model.encoder.layers.25.layer_norm2.weight (shape: torch.Size([1152])) - (334925:train_csgo.py:815)
2025-12-17 13:28:43 - INFO -         [TRAINABLE] paligemma_with_expert.paligemma.model.vision_tower.vision_model.encoder.layers.25.layer_norm2.bias (shape: torch.Size([1152])) - (334925:train_csgo.py:815)
2025-12-17 13:28:43 - INFO -         [TRAINABLE] paligemma_with_expert.paligemma.model.vision_tower.vision_model.encoder.layers.25.mlp.fc1.weight (shape: torch.Size([4304, 1152])) - (334925:train_csgo.py:815)
2025-12-17 13:28:43 - INFO -         [TRAINABLE] paligemma_with_expert.paligemma.model.vision_tower.vision_model.encoder.layers.25.mlp.fc1.bias (shape: torch.Size([4304])) - (334925:train_csgo.py:815)
2025-12-17 13:28:43 - INFO -         [TRAINABLE] paligemma_with_expert.paligemma.model.vision_tower.vision_model.encoder.layers.25.mlp.fc2.weight (shape: torch.Size([1152, 4304])) - (334925:train_csgo.py:815)
2025-12-17 13:28:43 - INFO -         [TRAINABLE] paligemma_with_expert.paligemma.model.vision_tower.vision_model.encoder.layers.25.mlp.fc2.bias (shape: torch.Size([1152])) - (334925:train_csgo.py:815)
2025-12-17 13:28:43 - INFO -         [TRAINABLE] paligemma_with_expert.paligemma.model.vision_tower.vision_model.encoder.layers.26.layer_norm1.weight (shape: torch.Size([1152])) - (334925:train_csgo.py:815)
2025-12-17 13:28:43 - INFO -         [TRAINABLE] paligemma_with_expert.paligemma.model.vision_tower.vision_model.encoder.layers.26.layer_norm1.bias (shape: torch.Size([1152])) - (334925:train_csgo.py:815)
2025-12-17 13:28:43 - INFO -         [TRAINABLE] paligemma_with_expert.paligemma.model.vision_tower.vision_model.encoder.layers.26.self_attn.k_proj.weight (shape: torch.Size([1152, 1152])) - (334925:train_csgo.py:815)
2025-12-17 13:28:43 - INFO -         [TRAINABLE] paligemma_with_expert.paligemma.model.vision_tower.vision_model.encoder.layers.26.self_attn.k_proj.bias (shape: torch.Size([1152])) - (334925:train_csgo.py:815)
2025-12-17 13:28:43 - INFO -         [TRAINABLE] paligemma_with_expert.paligemma.model.vision_tower.vision_model.encoder.layers.26.self_attn.v_proj.weight (shape: torch.Size([1152, 1152])) - (334925:train_csgo.py:815)
2025-12-17 13:28:43 - INFO -         [TRAINABLE] paligemma_with_expert.paligemma.model.vision_tower.vision_model.encoder.layers.26.self_attn.v_proj.bias (shape: torch.Size([1152])) - (334925:train_csgo.py:815)
2025-12-17 13:28:43 - INFO -         [TRAINABLE] paligemma_with_expert.paligemma.model.vision_tower.vision_model.encoder.layers.26.self_attn.q_proj.weight (shape: torch.Size([1152, 1152])) - (334925:train_csgo.py:815)
2025-12-17 13:28:43 - INFO -         [TRAINABLE] paligemma_with_expert.paligemma.model.vision_tower.vision_model.encoder.layers.26.self_attn.q_proj.bias (shape: torch.Size([1152])) - (334925:train_csgo.py:815)
2025-12-17 13:28:43 - INFO -         [TRAINABLE] paligemma_with_expert.paligemma.model.vision_tower.vision_model.encoder.layers.26.self_attn.out_proj.weight (shape: torch.Size([1152, 1152])) - (334925:train_csgo.py:815)
2025-12-17 13:28:43 - INFO -         [TRAINABLE] paligemma_with_expert.paligemma.model.vision_tower.vision_model.encoder.layers.26.self_attn.out_proj.bias (shape: torch.Size([1152])) - (334925:train_csgo.py:815)
2025-12-17 13:28:43 - INFO -         [TRAINABLE] paligemma_with_expert.paligemma.model.vision_tower.vision_model.encoder.layers.26.layer_norm2.weight (shape: torch.Size([1152])) - (334925:train_csgo.py:815)
2025-12-17 13:28:43 - INFO -         [TRAINABLE] paligemma_with_expert.paligemma.model.vision_tower.vision_model.encoder.layers.26.layer_norm2.bias (shape: torch.Size([1152])) - (334925:train_csgo.py:815)
2025-12-17 13:28:43 - INFO -         [TRAINABLE] paligemma_with_expert.paligemma.model.vision_tower.vision_model.encoder.layers.26.mlp.fc1.weight (shape: torch.Size([4304, 1152])) - (334925:train_csgo.py:815)
2025-12-17 13:28:43 - INFO -         [TRAINABLE] paligemma_with_expert.paligemma.model.vision_tower.vision_model.encoder.layers.26.mlp.fc1.bias (shape: torch.Size([4304])) - (334925:train_csgo.py:815)
2025-12-17 13:28:43 - INFO -         [TRAINABLE] paligemma_with_expert.paligemma.model.vision_tower.vision_model.encoder.layers.26.mlp.fc2.weight (shape: torch.Size([1152, 4304])) - (334925:train_csgo.py:815)
2025-12-17 13:28:43 - INFO -         [TRAINABLE] paligemma_with_expert.paligemma.model.vision_tower.vision_model.encoder.layers.26.mlp.fc2.bias (shape: torch.Size([1152])) - (334925:train_csgo.py:815)
2025-12-17 13:28:43 - INFO -         [TRAINABLE] paligemma_with_expert.paligemma.model.vision_tower.vision_model.post_layernorm.weight (shape: torch.Size([1152])) - (334925:train_csgo.py:815)
2025-12-17 13:28:43 - INFO -         [TRAINABLE] paligemma_with_expert.paligemma.model.vision_tower.vision_model.post_layernorm.bias (shape: torch.Size([1152])) - (334925:train_csgo.py:815)
2025-12-17 13:28:43 - INFO -         [TRAINABLE] paligemma_with_expert.paligemma.model.multi_modal_projector.linear.weight (shape: torch.Size([2048, 1152])) - (334925:train_csgo.py:815)
2025-12-17 13:28:43 - INFO -         [TRAINABLE] paligemma_with_expert.paligemma.model.multi_modal_projector.linear.bias (shape: torch.Size([2048])) - (334925:train_csgo.py:815)
2025-12-17 13:28:43 - INFO -         [TRAINABLE] paligemma_with_expert.paligemma.model.language_model.embed_tokens.weight (shape: torch.Size([257152, 2048])) - (334925:train_csgo.py:815)
2025-12-17 13:28:43 - INFO -         [TRAINABLE] paligemma_with_expert.paligemma.model.language_model.layers.0.self_attn.q_proj.weight (shape: torch.Size([2048, 2048])) - (334925:train_csgo.py:815)
2025-12-17 13:28:43 - INFO -         [TRAINABLE] paligemma_with_expert.paligemma.model.language_model.layers.0.self_attn.k_proj.weight (shape: torch.Size([256, 2048])) - (334925:train_csgo.py:815)
2025-12-17 13:28:43 - INFO -         [TRAINABLE] paligemma_with_expert.paligemma.model.language_model.layers.0.self_attn.v_proj.weight (shape: torch.Size([256, 2048])) - (334925:train_csgo.py:815)
2025-12-17 13:28:43 - INFO -         [TRAINABLE] paligemma_with_expert.paligemma.model.language_model.layers.0.self_attn.o_proj.weight (shape: torch.Size([2048, 2048])) - (334925:train_csgo.py:815)
2025-12-17 13:28:43 - INFO -         [TRAINABLE] paligemma_with_expert.paligemma.model.language_model.layers.0.mlp.gate_proj.weight (shape: torch.Size([16384, 2048])) - (334925:train_csgo.py:815)
2025-12-17 13:28:43 - INFO -         [TRAINABLE] paligemma_with_expert.paligemma.model.language_model.layers.0.mlp.up_proj.weight (shape: torch.Size([16384, 2048])) - (334925:train_csgo.py:815)
2025-12-17 13:28:43 - INFO -         [TRAINABLE] paligemma_with_expert.paligemma.model.language_model.layers.0.mlp.down_proj.weight (shape: torch.Size([2048, 16384])) - (334925:train_csgo.py:815)
2025-12-17 13:28:43 - INFO -         [TRAINABLE] paligemma_with_expert.paligemma.model.language_model.layers.0.input_layernorm.weight (shape: torch.Size([2048])) - (334925:train_csgo.py:815)
2025-12-17 13:28:43 - INFO -         [TRAINABLE] paligemma_with_expert.paligemma.model.language_model.layers.0.post_attention_layernorm.weight (shape: torch.Size([2048])) - (334925:train_csgo.py:815)
2025-12-17 13:28:43 - INFO -         [TRAINABLE] paligemma_with_expert.paligemma.model.language_model.layers.1.self_attn.q_proj.weight (shape: torch.Size([2048, 2048])) - (334925:train_csgo.py:815)
2025-12-17 13:28:43 - INFO -         [TRAINABLE] paligemma_with_expert.paligemma.model.language_model.layers.1.self_attn.k_proj.weight (shape: torch.Size([256, 2048])) - (334925:train_csgo.py:815)
2025-12-17 13:28:43 - INFO -         [TRAINABLE] paligemma_with_expert.paligemma.model.language_model.layers.1.self_attn.v_proj.weight (shape: torch.Size([256, 2048])) - (334925:train_csgo.py:815)
2025-12-17 13:28:43 - INFO -         [TRAINABLE] paligemma_with_expert.paligemma.model.language_model.layers.1.self_attn.o_proj.weight (shape: torch.Size([2048, 2048])) - (334925:train_csgo.py:815)
2025-12-17 13:28:43 - INFO -         [TRAINABLE] paligemma_with_expert.paligemma.model.language_model.layers.1.mlp.gate_proj.weight (shape: torch.Size([16384, 2048])) - (334925:train_csgo.py:815)
2025-12-17 13:28:43 - INFO -         [TRAINABLE] paligemma_with_expert.paligemma.model.language_model.layers.1.mlp.up_proj.weight (shape: torch.Size([16384, 2048])) - (334925:train_csgo.py:815)
2025-12-17 13:28:43 - INFO -         [TRAINABLE] paligemma_with_expert.paligemma.model.language_model.layers.1.mlp.down_proj.weight (shape: torch.Size([2048, 16384])) - (334925:train_csgo.py:815)
2025-12-17 13:28:43 - INFO -         [TRAINABLE] paligemma_with_expert.paligemma.model.language_model.layers.1.input_layernorm.weight (shape: torch.Size([2048])) - (334925:train_csgo.py:815)
2025-12-17 13:28:43 - INFO -         [TRAINABLE] paligemma_with_expert.paligemma.model.language_model.layers.1.post_attention_layernorm.weight (shape: torch.Size([2048])) - (334925:train_csgo.py:815)
2025-12-17 13:28:43 - INFO -         [TRAINABLE] paligemma_with_expert.paligemma.model.language_model.layers.2.self_attn.q_proj.weight (shape: torch.Size([2048, 2048])) - (334925:train_csgo.py:815)
2025-12-17 13:28:43 - INFO -         [TRAINABLE] paligemma_with_expert.paligemma.model.language_model.layers.2.self_attn.k_proj.weight (shape: torch.Size([256, 2048])) - (334925:train_csgo.py:815)
2025-12-17 13:28:43 - INFO -         [TRAINABLE] paligemma_with_expert.paligemma.model.language_model.layers.2.self_attn.v_proj.weight (shape: torch.Size([256, 2048])) - (334925:train_csgo.py:815)
2025-12-17 13:28:43 - INFO -         [TRAINABLE] paligemma_with_expert.paligemma.model.language_model.layers.2.self_attn.o_proj.weight (shape: torch.Size([2048, 2048])) - (334925:train_csgo.py:815)
2025-12-17 13:28:43 - INFO -         [TRAINABLE] paligemma_with_expert.paligemma.model.language_model.layers.2.mlp.gate_proj.weight (shape: torch.Size([16384, 2048])) - (334925:train_csgo.py:815)
2025-12-17 13:28:43 - INFO -         [TRAINABLE] paligemma_with_expert.paligemma.model.language_model.layers.2.mlp.up_proj.weight (shape: torch.Size([16384, 2048])) - (334925:train_csgo.py:815)
2025-12-17 13:28:43 - INFO -         [TRAINABLE] paligemma_with_expert.paligemma.model.language_model.layers.2.mlp.down_proj.weight (shape: torch.Size([2048, 16384])) - (334925:train_csgo.py:815)
2025-12-17 13:28:43 - INFO -         [TRAINABLE] paligemma_with_expert.paligemma.model.language_model.layers.2.input_layernorm.weight (shape: torch.Size([2048])) - (334925:train_csgo.py:815)
2025-12-17 13:28:43 - INFO -         [TRAINABLE] paligemma_with_expert.paligemma.model.language_model.layers.2.post_attention_layernorm.weight (shape: torch.Size([2048])) - (334925:train_csgo.py:815)
2025-12-17 13:28:43 - INFO -         [TRAINABLE] paligemma_with_expert.paligemma.model.language_model.layers.3.self_attn.q_proj.weight (shape: torch.Size([2048, 2048])) - (334925:train_csgo.py:815)
2025-12-17 13:28:43 - INFO -         [TRAINABLE] paligemma_with_expert.paligemma.model.language_model.layers.3.self_attn.k_proj.weight (shape: torch.Size([256, 2048])) - (334925:train_csgo.py:815)
2025-12-17 13:28:43 - INFO -         [TRAINABLE] paligemma_with_expert.paligemma.model.language_model.layers.3.self_attn.v_proj.weight (shape: torch.Size([256, 2048])) - (334925:train_csgo.py:815)
2025-12-17 13:28:43 - INFO -         [TRAINABLE] paligemma_with_expert.paligemma.model.language_model.layers.3.self_attn.o_proj.weight (shape: torch.Size([2048, 2048])) - (334925:train_csgo.py:815)
2025-12-17 13:28:43 - INFO -         [TRAINABLE] paligemma_with_expert.paligemma.model.language_model.layers.3.mlp.gate_proj.weight (shape: torch.Size([16384, 2048])) - (334925:train_csgo.py:815)
2025-12-17 13:28:43 - INFO -         [TRAINABLE] paligemma_with_expert.paligemma.model.language_model.layers.3.mlp.up_proj.weight (shape: torch.Size([16384, 2048])) - (334925:train_csgo.py:815)
2025-12-17 13:28:43 - INFO -         [TRAINABLE] paligemma_with_expert.paligemma.model.language_model.layers.3.mlp.down_proj.weight (shape: torch.Size([2048, 16384])) - (334925:train_csgo.py:815)
2025-12-17 13:28:43 - INFO -         [TRAINABLE] paligemma_with_expert.paligemma.model.language_model.layers.3.input_layernorm.weight (shape: torch.Size([2048])) - (334925:train_csgo.py:815)
2025-12-17 13:28:43 - INFO -         [TRAINABLE] paligemma_with_expert.paligemma.model.language_model.layers.3.post_attention_layernorm.weight (shape: torch.Size([2048])) - (334925:train_csgo.py:815)
2025-12-17 13:28:43 - INFO -         [TRAINABLE] paligemma_with_expert.paligemma.model.language_model.layers.4.self_attn.q_proj.weight (shape: torch.Size([2048, 2048])) - (334925:train_csgo.py:815)
2025-12-17 13:28:43 - INFO -         [TRAINABLE] paligemma_with_expert.paligemma.model.language_model.layers.4.self_attn.k_proj.weight (shape: torch.Size([256, 2048])) - (334925:train_csgo.py:815)
2025-12-17 13:28:43 - INFO -         [TRAINABLE] paligemma_with_expert.paligemma.model.language_model.layers.4.self_attn.v_proj.weight (shape: torch.Size([256, 2048])) - (334925:train_csgo.py:815)
2025-12-17 13:28:43 - INFO -         [TRAINABLE] paligemma_with_expert.paligemma.model.language_model.layers.4.self_attn.o_proj.weight (shape: torch.Size([2048, 2048])) - (334925:train_csgo.py:815)
2025-12-17 13:28:43 - INFO -         [TRAINABLE] paligemma_with_expert.paligemma.model.language_model.layers.4.mlp.gate_proj.weight (shape: torch.Size([16384, 2048])) - (334925:train_csgo.py:815)
2025-12-17 13:28:43 - INFO -         [TRAINABLE] paligemma_with_expert.paligemma.model.language_model.layers.4.mlp.up_proj.weight (shape: torch.Size([16384, 2048])) - (334925:train_csgo.py:815)
2025-12-17 13:28:43 - INFO -         [TRAINABLE] paligemma_with_expert.paligemma.model.language_model.layers.4.mlp.down_proj.weight (shape: torch.Size([2048, 16384])) - (334925:train_csgo.py:815)
2025-12-17 13:28:43 - INFO -         [TRAINABLE] paligemma_with_expert.paligemma.model.language_model.layers.4.input_layernorm.weight (shape: torch.Size([2048])) - (334925:train_csgo.py:815)
2025-12-17 13:28:43 - INFO -         [TRAINABLE] paligemma_with_expert.paligemma.model.language_model.layers.4.post_attention_layernorm.weight (shape: torch.Size([2048])) - (334925:train_csgo.py:815)
2025-12-17 13:28:43 - INFO -         [TRAINABLE] paligemma_with_expert.paligemma.model.language_model.layers.5.self_attn.q_proj.weight (shape: torch.Size([2048, 2048])) - (334925:train_csgo.py:815)
2025-12-17 13:28:43 - INFO -         [TRAINABLE] paligemma_with_expert.paligemma.model.language_model.layers.5.self_attn.k_proj.weight (shape: torch.Size([256, 2048])) - (334925:train_csgo.py:815)
2025-12-17 13:28:43 - INFO -         [TRAINABLE] paligemma_with_expert.paligemma.model.language_model.layers.5.self_attn.v_proj.weight (shape: torch.Size([256, 2048])) - (334925:train_csgo.py:815)
2025-12-17 13:28:43 - INFO -         [TRAINABLE] paligemma_with_expert.paligemma.model.language_model.layers.5.self_attn.o_proj.weight (shape: torch.Size([2048, 2048])) - (334925:train_csgo.py:815)
2025-12-17 13:28:43 - INFO -         [TRAINABLE] paligemma_with_expert.paligemma.model.language_model.layers.5.mlp.gate_proj.weight (shape: torch.Size([16384, 2048])) - (334925:train_csgo.py:815)
2025-12-17 13:28:43 - INFO -         [TRAINABLE] paligemma_with_expert.paligemma.model.language_model.layers.5.mlp.up_proj.weight (shape: torch.Size([16384, 2048])) - (334925:train_csgo.py:815)
2025-12-17 13:28:43 - INFO -         [TRAINABLE] paligemma_with_expert.paligemma.model.language_model.layers.5.mlp.down_proj.weight (shape: torch.Size([2048, 16384])) - (334925:train_csgo.py:815)
2025-12-17 13:28:43 - INFO -         [TRAINABLE] paligemma_with_expert.paligemma.model.language_model.layers.5.input_layernorm.weight (shape: torch.Size([2048])) - (334925:train_csgo.py:815)
2025-12-17 13:28:43 - INFO -         [TRAINABLE] paligemma_with_expert.paligemma.model.language_model.layers.5.post_attention_layernorm.weight (shape: torch.Size([2048])) - (334925:train_csgo.py:815)
2025-12-17 13:28:43 - INFO -         [TRAINABLE] paligemma_with_expert.paligemma.model.language_model.layers.6.self_attn.q_proj.weight (shape: torch.Size([2048, 2048])) - (334925:train_csgo.py:815)
2025-12-17 13:28:43 - INFO -         [TRAINABLE] paligemma_with_expert.paligemma.model.language_model.layers.6.self_attn.k_proj.weight (shape: torch.Size([256, 2048])) - (334925:train_csgo.py:815)
2025-12-17 13:28:43 - INFO -         [TRAINABLE] paligemma_with_expert.paligemma.model.language_model.layers.6.self_attn.v_proj.weight (shape: torch.Size([256, 2048])) - (334925:train_csgo.py:815)
2025-12-17 13:28:43 - INFO -         [TRAINABLE] paligemma_with_expert.paligemma.model.language_model.layers.6.self_attn.o_proj.weight (shape: torch.Size([2048, 2048])) - (334925:train_csgo.py:815)
2025-12-17 13:28:43 - INFO -         [TRAINABLE] paligemma_with_expert.paligemma.model.language_model.layers.6.mlp.gate_proj.weight (shape: torch.Size([16384, 2048])) - (334925:train_csgo.py:815)
2025-12-17 13:28:44 - INFO -         [TRAINABLE] paligemma_with_expert.paligemma.model.language_model.layers.6.mlp.up_proj.weight (shape: torch.Size([16384, 2048])) - (334925:train_csgo.py:815)
2025-12-17 13:28:44 - INFO -         [TRAINABLE] paligemma_with_expert.paligemma.model.language_model.layers.6.mlp.down_proj.weight (shape: torch.Size([2048, 16384])) - (334925:train_csgo.py:815)
2025-12-17 13:28:44 - INFO -         [TRAINABLE] paligemma_with_expert.paligemma.model.language_model.layers.6.input_layernorm.weight (shape: torch.Size([2048])) - (334925:train_csgo.py:815)
2025-12-17 13:28:44 - INFO -         [TRAINABLE] paligemma_with_expert.paligemma.model.language_model.layers.6.post_attention_layernorm.weight (shape: torch.Size([2048])) - (334925:train_csgo.py:815)
2025-12-17 13:28:44 - INFO -         [TRAINABLE] paligemma_with_expert.paligemma.model.language_model.layers.7.self_attn.q_proj.weight (shape: torch.Size([2048, 2048])) - (334925:train_csgo.py:815)
2025-12-17 13:28:44 - INFO -         [TRAINABLE] paligemma_with_expert.paligemma.model.language_model.layers.7.self_attn.k_proj.weight (shape: torch.Size([256, 2048])) - (334925:train_csgo.py:815)
2025-12-17 13:28:44 - INFO -         [TRAINABLE] paligemma_with_expert.paligemma.model.language_model.layers.7.self_attn.v_proj.weight (shape: torch.Size([256, 2048])) - (334925:train_csgo.py:815)
2025-12-17 13:28:44 - INFO -         [TRAINABLE] paligemma_with_expert.paligemma.model.language_model.layers.7.self_attn.o_proj.weight (shape: torch.Size([2048, 2048])) - (334925:train_csgo.py:815)
2025-12-17 13:28:44 - INFO -         [TRAINABLE] paligemma_with_expert.paligemma.model.language_model.layers.7.mlp.gate_proj.weight (shape: torch.Size([16384, 2048])) - (334925:train_csgo.py:815)
2025-12-17 13:28:44 - INFO -         [TRAINABLE] paligemma_with_expert.paligemma.model.language_model.layers.7.mlp.up_proj.weight (shape: torch.Size([16384, 2048])) - (334925:train_csgo.py:815)
2025-12-17 13:28:44 - INFO -         [TRAINABLE] paligemma_with_expert.paligemma.model.language_model.layers.7.mlp.down_proj.weight (shape: torch.Size([2048, 16384])) - (334925:train_csgo.py:815)
2025-12-17 13:28:44 - INFO -         [TRAINABLE] paligemma_with_expert.paligemma.model.language_model.layers.7.input_layernorm.weight (shape: torch.Size([2048])) - (334925:train_csgo.py:815)
2025-12-17 13:28:44 - INFO -         [TRAINABLE] paligemma_with_expert.paligemma.model.language_model.layers.7.post_attention_layernorm.weight (shape: torch.Size([2048])) - (334925:train_csgo.py:815)
2025-12-17 13:28:44 - INFO -         [TRAINABLE] paligemma_with_expert.paligemma.model.language_model.layers.8.self_attn.q_proj.weight (shape: torch.Size([2048, 2048])) - (334925:train_csgo.py:815)
2025-12-17 13:28:44 - INFO -         [TRAINABLE] paligemma_with_expert.paligemma.model.language_model.layers.8.self_attn.k_proj.weight (shape: torch.Size([256, 2048])) - (334925:train_csgo.py:815)
2025-12-17 13:28:44 - INFO -         [TRAINABLE] paligemma_with_expert.paligemma.model.language_model.layers.8.self_attn.v_proj.weight (shape: torch.Size([256, 2048])) - (334925:train_csgo.py:815)
2025-12-17 13:28:44 - INFO -         [TRAINABLE] paligemma_with_expert.paligemma.model.language_model.layers.8.self_attn.o_proj.weight (shape: torch.Size([2048, 2048])) - (334925:train_csgo.py:815)
2025-12-17 13:28:44 - INFO -         [TRAINABLE] paligemma_with_expert.paligemma.model.language_model.layers.8.mlp.gate_proj.weight (shape: torch.Size([16384, 2048])) - (334925:train_csgo.py:815)
2025-12-17 13:28:44 - INFO -         [TRAINABLE] paligemma_with_expert.paligemma.model.language_model.layers.8.mlp.up_proj.weight (shape: torch.Size([16384, 2048])) - (334925:train_csgo.py:815)
2025-12-17 13:28:44 - INFO -         [TRAINABLE] paligemma_with_expert.paligemma.model.language_model.layers.8.mlp.down_proj.weight (shape: torch.Size([2048, 16384])) - (334925:train_csgo.py:815)
2025-12-17 13:28:44 - INFO -         [TRAINABLE] paligemma_with_expert.paligemma.model.language_model.layers.8.input_layernorm.weight (shape: torch.Size([2048])) - (334925:train_csgo.py:815)
2025-12-17 13:28:44 - INFO -         [TRAINABLE] paligemma_with_expert.paligemma.model.language_model.layers.8.post_attention_layernorm.weight (shape: torch.Size([2048])) - (334925:train_csgo.py:815)
2025-12-17 13:28:44 - INFO -         [TRAINABLE] paligemma_with_expert.paligemma.model.language_model.layers.9.self_attn.q_proj.weight (shape: torch.Size([2048, 2048])) - (334925:train_csgo.py:815)
2025-12-17 13:28:44 - INFO -         [TRAINABLE] paligemma_with_expert.paligemma.model.language_model.layers.9.self_attn.k_proj.weight (shape: torch.Size([256, 2048])) - (334925:train_csgo.py:815)
2025-12-17 13:28:44 - INFO -         [TRAINABLE] paligemma_with_expert.paligemma.model.language_model.layers.9.self_attn.v_proj.weight (shape: torch.Size([256, 2048])) - (334925:train_csgo.py:815)
2025-12-17 13:28:44 - INFO -         [TRAINABLE] paligemma_with_expert.paligemma.model.language_model.layers.9.self_attn.o_proj.weight (shape: torch.Size([2048, 2048])) - (334925:train_csgo.py:815)
2025-12-17 13:28:44 - INFO -         [TRAINABLE] paligemma_with_expert.paligemma.model.language_model.layers.9.mlp.gate_proj.weight (shape: torch.Size([16384, 2048])) - (334925:train_csgo.py:815)
2025-12-17 13:28:44 - INFO -         [TRAINABLE] paligemma_with_expert.paligemma.model.language_model.layers.9.mlp.up_proj.weight (shape: torch.Size([16384, 2048])) - (334925:train_csgo.py:815)
2025-12-17 13:28:44 - INFO -         [TRAINABLE] paligemma_with_expert.paligemma.model.language_model.layers.9.mlp.down_proj.weight (shape: torch.Size([2048, 16384])) - (334925:train_csgo.py:815)
2025-12-17 13:28:44 - INFO -         [TRAINABLE] paligemma_with_expert.paligemma.model.language_model.layers.9.input_layernorm.weight (shape: torch.Size([2048])) - (334925:train_csgo.py:815)
2025-12-17 13:28:44 - INFO -         [TRAINABLE] paligemma_with_expert.paligemma.model.language_model.layers.9.post_attention_layernorm.weight (shape: torch.Size([2048])) - (334925:train_csgo.py:815)
2025-12-17 13:28:44 - INFO -         [TRAINABLE] paligemma_with_expert.paligemma.model.language_model.layers.10.self_attn.q_proj.weight (shape: torch.Size([2048, 2048])) - (334925:train_csgo.py:815)
2025-12-17 13:28:44 - INFO -         [TRAINABLE] paligemma_with_expert.paligemma.model.language_model.layers.10.self_attn.k_proj.weight (shape: torch.Size([256, 2048])) - (334925:train_csgo.py:815)
2025-12-17 13:28:44 - INFO -         [TRAINABLE] paligemma_with_expert.paligemma.model.language_model.layers.10.self_attn.v_proj.weight (shape: torch.Size([256, 2048])) - (334925:train_csgo.py:815)
2025-12-17 13:28:44 - INFO -         [TRAINABLE] paligemma_with_expert.paligemma.model.language_model.layers.10.self_attn.o_proj.weight (shape: torch.Size([2048, 2048])) - (334925:train_csgo.py:815)
2025-12-17 13:28:44 - INFO -         [TRAINABLE] paligemma_with_expert.paligemma.model.language_model.layers.10.mlp.gate_proj.weight (shape: torch.Size([16384, 2048])) - (334925:train_csgo.py:815)
2025-12-17 13:28:44 - INFO -         [TRAINABLE] paligemma_with_expert.paligemma.model.language_model.layers.10.mlp.up_proj.weight (shape: torch.Size([16384, 2048])) - (334925:train_csgo.py:815)
2025-12-17 13:28:44 - INFO -         [TRAINABLE] paligemma_with_expert.paligemma.model.language_model.layers.10.mlp.down_proj.weight (shape: torch.Size([2048, 16384])) - (334925:train_csgo.py:815)
2025-12-17 13:28:44 - INFO -         [TRAINABLE] paligemma_with_expert.paligemma.model.language_model.layers.10.input_layernorm.weight (shape: torch.Size([2048])) - (334925:train_csgo.py:815)
2025-12-17 13:28:44 - INFO -         [TRAINABLE] paligemma_with_expert.paligemma.model.language_model.layers.10.post_attention_layernorm.weight (shape: torch.Size([2048])) - (334925:train_csgo.py:815)
2025-12-17 13:28:44 - INFO -         [TRAINABLE] paligemma_with_expert.paligemma.model.language_model.layers.11.self_attn.q_proj.weight (shape: torch.Size([2048, 2048])) - (334925:train_csgo.py:815)
2025-12-17 13:28:44 - INFO -         [TRAINABLE] paligemma_with_expert.paligemma.model.language_model.layers.11.self_attn.k_proj.weight (shape: torch.Size([256, 2048])) - (334925:train_csgo.py:815)
2025-12-17 13:28:44 - INFO -         [TRAINABLE] paligemma_with_expert.paligemma.model.language_model.layers.11.self_attn.v_proj.weight (shape: torch.Size([256, 2048])) - (334925:train_csgo.py:815)
2025-12-17 13:28:44 - INFO -         [TRAINABLE] paligemma_with_expert.paligemma.model.language_model.layers.11.self_attn.o_proj.weight (shape: torch.Size([2048, 2048])) - (334925:train_csgo.py:815)
2025-12-17 13:28:44 - INFO -         [TRAINABLE] paligemma_with_expert.paligemma.model.language_model.layers.11.mlp.gate_proj.weight (shape: torch.Size([16384, 2048])) - (334925:train_csgo.py:815)
2025-12-17 13:28:44 - INFO -         [TRAINABLE] paligemma_with_expert.paligemma.model.language_model.layers.11.mlp.up_proj.weight (shape: torch.Size([16384, 2048])) - (334925:train_csgo.py:815)
2025-12-17 13:28:44 - INFO -         [TRAINABLE] paligemma_with_expert.paligemma.model.language_model.layers.11.mlp.down_proj.weight (shape: torch.Size([2048, 16384])) - (334925:train_csgo.py:815)
2025-12-17 13:28:44 - INFO -         [TRAINABLE] paligemma_with_expert.paligemma.model.language_model.layers.11.input_layernorm.weight (shape: torch.Size([2048])) - (334925:train_csgo.py:815)
2025-12-17 13:28:44 - INFO -         [TRAINABLE] paligemma_with_expert.paligemma.model.language_model.layers.11.post_attention_layernorm.weight (shape: torch.Size([2048])) - (334925:train_csgo.py:815)
2025-12-17 13:28:44 - INFO -         [TRAINABLE] paligemma_with_expert.paligemma.model.language_model.layers.12.self_attn.q_proj.weight (shape: torch.Size([2048, 2048])) - (334925:train_csgo.py:815)
2025-12-17 13:28:44 - INFO -         [TRAINABLE] paligemma_with_expert.paligemma.model.language_model.layers.12.self_attn.k_proj.weight (shape: torch.Size([256, 2048])) - (334925:train_csgo.py:815)
2025-12-17 13:28:44 - INFO -         [TRAINABLE] paligemma_with_expert.paligemma.model.language_model.layers.12.self_attn.v_proj.weight (shape: torch.Size([256, 2048])) - (334925:train_csgo.py:815)
2025-12-17 13:28:44 - INFO -         [TRAINABLE] paligemma_with_expert.paligemma.model.language_model.layers.12.self_attn.o_proj.weight (shape: torch.Size([2048, 2048])) - (334925:train_csgo.py:815)
2025-12-17 13:28:44 - INFO -         [TRAINABLE] paligemma_with_expert.paligemma.model.language_model.layers.12.mlp.gate_proj.weight (shape: torch.Size([16384, 2048])) - (334925:train_csgo.py:815)
2025-12-17 13:28:44 - INFO -         [TRAINABLE] paligemma_with_expert.paligemma.model.language_model.layers.12.mlp.up_proj.weight (shape: torch.Size([16384, 2048])) - (334925:train_csgo.py:815)
2025-12-17 13:28:44 - INFO -         [TRAINABLE] paligemma_with_expert.paligemma.model.language_model.layers.12.mlp.down_proj.weight (shape: torch.Size([2048, 16384])) - (334925:train_csgo.py:815)
2025-12-17 13:28:44 - INFO -         [TRAINABLE] paligemma_with_expert.paligemma.model.language_model.layers.12.input_layernorm.weight (shape: torch.Size([2048])) - (334925:train_csgo.py:815)
2025-12-17 13:28:44 - INFO -         [TRAINABLE] paligemma_with_expert.paligemma.model.language_model.layers.12.post_attention_layernorm.weight (shape: torch.Size([2048])) - (334925:train_csgo.py:815)
2025-12-17 13:28:44 - INFO -         [TRAINABLE] paligemma_with_expert.paligemma.model.language_model.layers.13.self_attn.q_proj.weight (shape: torch.Size([2048, 2048])) - (334925:train_csgo.py:815)
2025-12-17 13:28:44 - INFO -         [TRAINABLE] paligemma_with_expert.paligemma.model.language_model.layers.13.self_attn.k_proj.weight (shape: torch.Size([256, 2048])) - (334925:train_csgo.py:815)
2025-12-17 13:28:44 - INFO -         [TRAINABLE] paligemma_with_expert.paligemma.model.language_model.layers.13.self_attn.v_proj.weight (shape: torch.Size([256, 2048])) - (334925:train_csgo.py:815)
2025-12-17 13:28:44 - INFO -         [TRAINABLE] paligemma_with_expert.paligemma.model.language_model.layers.13.self_attn.o_proj.weight (shape: torch.Size([2048, 2048])) - (334925:train_csgo.py:815)
2025-12-17 13:28:44 - INFO -         [TRAINABLE] paligemma_with_expert.paligemma.model.language_model.layers.13.mlp.gate_proj.weight (shape: torch.Size([16384, 2048])) - (334925:train_csgo.py:815)
2025-12-17 13:28:44 - INFO -         [TRAINABLE] paligemma_with_expert.paligemma.model.language_model.layers.13.mlp.up_proj.weight (shape: torch.Size([16384, 2048])) - (334925:train_csgo.py:815)
2025-12-17 13:28:44 - INFO -         [TRAINABLE] paligemma_with_expert.paligemma.model.language_model.layers.13.mlp.down_proj.weight (shape: torch.Size([2048, 16384])) - (334925:train_csgo.py:815)
2025-12-17 13:28:44 - INFO -         [TRAINABLE] paligemma_with_expert.paligemma.model.language_model.layers.13.input_layernorm.weight (shape: torch.Size([2048])) - (334925:train_csgo.py:815)
2025-12-17 13:28:44 - INFO -         [TRAINABLE] paligemma_with_expert.paligemma.model.language_model.layers.13.post_attention_layernorm.weight (shape: torch.Size([2048])) - (334925:train_csgo.py:815)
2025-12-17 13:28:44 - INFO -         [TRAINABLE] paligemma_with_expert.paligemma.model.language_model.layers.14.self_attn.q_proj.weight (shape: torch.Size([2048, 2048])) - (334925:train_csgo.py:815)
2025-12-17 13:28:44 - INFO -         [TRAINABLE] paligemma_with_expert.paligemma.model.language_model.layers.14.self_attn.k_proj.weight (shape: torch.Size([256, 2048])) - (334925:train_csgo.py:815)
2025-12-17 13:28:44 - INFO -         [TRAINABLE] paligemma_with_expert.paligemma.model.language_model.layers.14.self_attn.v_proj.weight (shape: torch.Size([256, 2048])) - (334925:train_csgo.py:815)
2025-12-17 13:28:44 - INFO -         [TRAINABLE] paligemma_with_expert.paligemma.model.language_model.layers.14.self_attn.o_proj.weight (shape: torch.Size([2048, 2048])) - (334925:train_csgo.py:815)
2025-12-17 13:28:44 - INFO -         [TRAINABLE] paligemma_with_expert.paligemma.model.language_model.layers.14.mlp.gate_proj.weight (shape: torch.Size([16384, 2048])) - (334925:train_csgo.py:815)
2025-12-17 13:28:44 - INFO -         [TRAINABLE] paligemma_with_expert.paligemma.model.language_model.layers.14.mlp.up_proj.weight (shape: torch.Size([16384, 2048])) - (334925:train_csgo.py:815)
2025-12-17 13:28:44 - INFO -         [TRAINABLE] paligemma_with_expert.paligemma.model.language_model.layers.14.mlp.down_proj.weight (shape: torch.Size([2048, 16384])) - (334925:train_csgo.py:815)
2025-12-17 13:28:44 - INFO -         [TRAINABLE] paligemma_with_expert.paligemma.model.language_model.layers.14.input_layernorm.weight (shape: torch.Size([2048])) - (334925:train_csgo.py:815)
2025-12-17 13:28:44 - INFO -         [TRAINABLE] paligemma_with_expert.paligemma.model.language_model.layers.14.post_attention_layernorm.weight (shape: torch.Size([2048])) - (334925:train_csgo.py:815)
2025-12-17 13:28:44 - INFO -         [TRAINABLE] paligemma_with_expert.paligemma.model.language_model.layers.15.self_attn.q_proj.weight (shape: torch.Size([2048, 2048])) - (334925:train_csgo.py:815)
2025-12-17 13:28:44 - INFO -         [TRAINABLE] paligemma_with_expert.paligemma.model.language_model.layers.15.self_attn.k_proj.weight (shape: torch.Size([256, 2048])) - (334925:train_csgo.py:815)
2025-12-17 13:28:44 - INFO -         [TRAINABLE] paligemma_with_expert.paligemma.model.language_model.layers.15.self_attn.v_proj.weight (shape: torch.Size([256, 2048])) - (334925:train_csgo.py:815)
2025-12-17 13:28:44 - INFO -         [TRAINABLE] paligemma_with_expert.paligemma.model.language_model.layers.15.self_attn.o_proj.weight (shape: torch.Size([2048, 2048])) - (334925:train_csgo.py:815)
2025-12-17 13:28:44 - INFO -         [TRAINABLE] paligemma_with_expert.paligemma.model.language_model.layers.15.mlp.gate_proj.weight (shape: torch.Size([16384, 2048])) - (334925:train_csgo.py:815)
2025-12-17 13:28:44 - INFO -         [TRAINABLE] paligemma_with_expert.paligemma.model.language_model.layers.15.mlp.up_proj.weight (shape: torch.Size([16384, 2048])) - (334925:train_csgo.py:815)
2025-12-17 13:28:44 - INFO -         [TRAINABLE] paligemma_with_expert.paligemma.model.language_model.layers.15.mlp.down_proj.weight (shape: torch.Size([2048, 16384])) - (334925:train_csgo.py:815)
2025-12-17 13:28:44 - INFO -         [TRAINABLE] paligemma_with_expert.paligemma.model.language_model.layers.15.input_layernorm.weight (shape: torch.Size([2048])) - (334925:train_csgo.py:815)
2025-12-17 13:28:44 - INFO -         [TRAINABLE] paligemma_with_expert.paligemma.model.language_model.layers.15.post_attention_layernorm.weight (shape: torch.Size([2048])) - (334925:train_csgo.py:815)
2025-12-17 13:28:44 - INFO -         [TRAINABLE] paligemma_with_expert.paligemma.model.language_model.layers.16.self_attn.q_proj.weight (shape: torch.Size([2048, 2048])) - (334925:train_csgo.py:815)
2025-12-17 13:28:44 - INFO -         [TRAINABLE] paligemma_with_expert.paligemma.model.language_model.layers.16.self_attn.k_proj.weight (shape: torch.Size([256, 2048])) - (334925:train_csgo.py:815)
2025-12-17 13:28:44 - INFO -         [TRAINABLE] paligemma_with_expert.paligemma.model.language_model.layers.16.self_attn.v_proj.weight (shape: torch.Size([256, 2048])) - (334925:train_csgo.py:815)
2025-12-17 13:28:44 - INFO -         [TRAINABLE] paligemma_with_expert.paligemma.model.language_model.layers.16.self_attn.o_proj.weight (shape: torch.Size([2048, 2048])) - (334925:train_csgo.py:815)
2025-12-17 13:28:44 - INFO -         [TRAINABLE] paligemma_with_expert.paligemma.model.language_model.layers.16.mlp.gate_proj.weight (shape: torch.Size([16384, 2048])) - (334925:train_csgo.py:815)
2025-12-17 13:28:44 - INFO -         [TRAINABLE] paligemma_with_expert.paligemma.model.language_model.layers.16.mlp.up_proj.weight (shape: torch.Size([16384, 2048])) - (334925:train_csgo.py:815)
2025-12-17 13:28:44 - INFO -         [TRAINABLE] paligemma_with_expert.paligemma.model.language_model.layers.16.mlp.down_proj.weight (shape: torch.Size([2048, 16384])) - (334925:train_csgo.py:815)
2025-12-17 13:28:44 - INFO -         [TRAINABLE] paligemma_with_expert.paligemma.model.language_model.layers.16.input_layernorm.weight (shape: torch.Size([2048])) - (334925:train_csgo.py:815)
2025-12-17 13:28:44 - INFO -         [TRAINABLE] paligemma_with_expert.paligemma.model.language_model.layers.16.post_attention_layernorm.weight (shape: torch.Size([2048])) - (334925:train_csgo.py:815)
2025-12-17 13:28:44 - INFO -         [TRAINABLE] paligemma_with_expert.paligemma.model.language_model.layers.17.self_attn.q_proj.weight (shape: torch.Size([2048, 2048])) - (334925:train_csgo.py:815)
2025-12-17 13:28:44 - INFO -         [TRAINABLE] paligemma_with_expert.paligemma.model.language_model.layers.17.self_attn.k_proj.weight (shape: torch.Size([256, 2048])) - (334925:train_csgo.py:815)
2025-12-17 13:28:44 - INFO -         [TRAINABLE] paligemma_with_expert.paligemma.model.language_model.layers.17.self_attn.v_proj.weight (shape: torch.Size([256, 2048])) - (334925:train_csgo.py:815)
2025-12-17 13:28:44 - INFO -         [TRAINABLE] paligemma_with_expert.paligemma.model.language_model.layers.17.self_attn.o_proj.weight (shape: torch.Size([2048, 2048])) - (334925:train_csgo.py:815)
2025-12-17 13:28:44 - INFO -         [TRAINABLE] paligemma_with_expert.paligemma.model.language_model.layers.17.mlp.gate_proj.weight (shape: torch.Size([16384, 2048])) - (334925:train_csgo.py:815)
2025-12-17 13:28:44 - INFO -         [TRAINABLE] paligemma_with_expert.paligemma.model.language_model.layers.17.mlp.up_proj.weight (shape: torch.Size([16384, 2048])) - (334925:train_csgo.py:815)
2025-12-17 13:28:44 - INFO -         [TRAINABLE] paligemma_with_expert.paligemma.model.language_model.layers.17.mlp.down_proj.weight (shape: torch.Size([2048, 16384])) - (334925:train_csgo.py:815)
2025-12-17 13:28:44 - INFO -         [TRAINABLE] paligemma_with_expert.paligemma.model.language_model.layers.17.input_layernorm.weight (shape: torch.Size([2048])) - (334925:train_csgo.py:815)
2025-12-17 13:28:44 - INFO -         [TRAINABLE] paligemma_with_expert.paligemma.model.language_model.layers.17.post_attention_layernorm.weight (shape: torch.Size([2048])) - (334925:train_csgo.py:815)
2025-12-17 13:28:44 - INFO -         [TRAINABLE] paligemma_with_expert.paligemma.model.language_model.norm.weight (shape: torch.Size([2048])) - (334925:train_csgo.py:815)
2025-12-17 13:28:44 - INFO -         [TRAINABLE] paligemma_with_expert.gemma_expert.model.layers.0.self_attn.q_proj.weight (shape: torch.Size([2048, 1024])) - (334925:train_csgo.py:815)
2025-12-17 13:28:44 - INFO -         [TRAINABLE] paligemma_with_expert.gemma_expert.model.layers.0.self_attn.k_proj.weight (shape: torch.Size([256, 1024])) - (334925:train_csgo.py:815)
2025-12-17 13:28:44 - INFO -         [TRAINABLE] paligemma_with_expert.gemma_expert.model.layers.0.self_attn.v_proj.weight (shape: torch.Size([256, 1024])) - (334925:train_csgo.py:815)
2025-12-17 13:28:44 - INFO -         [TRAINABLE] paligemma_with_expert.gemma_expert.model.layers.0.self_attn.o_proj.weight (shape: torch.Size([1024, 2048])) - (334925:train_csgo.py:815)
2025-12-17 13:28:44 - INFO -         [TRAINABLE] paligemma_with_expert.gemma_expert.model.layers.0.mlp.gate_proj.weight (shape: torch.Size([4096, 1024])) - (334925:train_csgo.py:815)
2025-12-17 13:28:44 - INFO -         [TRAINABLE] paligemma_with_expert.gemma_expert.model.layers.0.mlp.up_proj.weight (shape: torch.Size([4096, 1024])) - (334925:train_csgo.py:815)
2025-12-17 13:28:44 - INFO -         [TRAINABLE] paligemma_with_expert.gemma_expert.model.layers.0.mlp.down_proj.weight (shape: torch.Size([1024, 4096])) - (334925:train_csgo.py:815)
2025-12-17 13:28:44 - INFO -         [TRAINABLE] paligemma_with_expert.gemma_expert.model.layers.0.input_layernorm.dense.weight (shape: torch.Size([3072, 1024])) - (334925:train_csgo.py:815)
2025-12-17 13:28:44 - INFO -         [TRAINABLE] paligemma_with_expert.gemma_expert.model.layers.0.input_layernorm.dense.bias (shape: torch.Size([3072])) - (334925:train_csgo.py:815)
2025-12-17 13:28:44 - INFO -         [TRAINABLE] paligemma_with_expert.gemma_expert.model.layers.0.post_attention_layernorm.dense.weight (shape: torch.Size([3072, 1024])) - (334925:train_csgo.py:815)
2025-12-17 13:28:44 - INFO -         [TRAINABLE] paligemma_with_expert.gemma_expert.model.layers.0.post_attention_layernorm.dense.bias (shape: torch.Size([3072])) - (334925:train_csgo.py:815)
2025-12-17 13:28:44 - INFO -         [TRAINABLE] paligemma_with_expert.gemma_expert.model.layers.1.self_attn.q_proj.weight (shape: torch.Size([2048, 1024])) - (334925:train_csgo.py:815)
2025-12-17 13:28:44 - INFO -         [TRAINABLE] paligemma_with_expert.gemma_expert.model.layers.1.self_attn.k_proj.weight (shape: torch.Size([256, 1024])) - (334925:train_csgo.py:815)
2025-12-17 13:28:44 - INFO -         [TRAINABLE] paligemma_with_expert.gemma_expert.model.layers.1.self_attn.v_proj.weight (shape: torch.Size([256, 1024])) - (334925:train_csgo.py:815)
2025-12-17 13:28:44 - INFO -         [TRAINABLE] paligemma_with_expert.gemma_expert.model.layers.1.self_attn.o_proj.weight (shape: torch.Size([1024, 2048])) - (334925:train_csgo.py:815)
2025-12-17 13:28:44 - INFO -         [TRAINABLE] paligemma_with_expert.gemma_expert.model.layers.1.mlp.gate_proj.weight (shape: torch.Size([4096, 1024])) - (334925:train_csgo.py:815)
2025-12-17 13:28:44 - INFO -         [TRAINABLE] paligemma_with_expert.gemma_expert.model.layers.1.mlp.up_proj.weight (shape: torch.Size([4096, 1024])) - (334925:train_csgo.py:815)
2025-12-17 13:28:44 - INFO -         [TRAINABLE] paligemma_with_expert.gemma_expert.model.layers.1.mlp.down_proj.weight (shape: torch.Size([1024, 4096])) - (334925:train_csgo.py:815)
2025-12-17 13:28:44 - INFO -         [TRAINABLE] paligemma_with_expert.gemma_expert.model.layers.1.input_layernorm.dense.weight (shape: torch.Size([3072, 1024])) - (334925:train_csgo.py:815)
2025-12-17 13:28:44 - INFO -         [TRAINABLE] paligemma_with_expert.gemma_expert.model.layers.1.input_layernorm.dense.bias (shape: torch.Size([3072])) - (334925:train_csgo.py:815)
2025-12-17 13:28:44 - INFO -         [TRAINABLE] paligemma_with_expert.gemma_expert.model.layers.1.post_attention_layernorm.dense.weight (shape: torch.Size([3072, 1024])) - (334925:train_csgo.py:815)
2025-12-17 13:28:44 - INFO -         [TRAINABLE] paligemma_with_expert.gemma_expert.model.layers.1.post_attention_layernorm.dense.bias (shape: torch.Size([3072])) - (334925:train_csgo.py:815)
2025-12-17 13:28:44 - INFO -         [TRAINABLE] paligemma_with_expert.gemma_expert.model.layers.2.self_attn.q_proj.weight (shape: torch.Size([2048, 1024])) - (334925:train_csgo.py:815)
2025-12-17 13:28:44 - INFO -         [TRAINABLE] paligemma_with_expert.gemma_expert.model.layers.2.self_attn.k_proj.weight (shape: torch.Size([256, 1024])) - (334925:train_csgo.py:815)
2025-12-17 13:28:44 - INFO -         [TRAINABLE] paligemma_with_expert.gemma_expert.model.layers.2.self_attn.v_proj.weight (shape: torch.Size([256, 1024])) - (334925:train_csgo.py:815)
2025-12-17 13:28:44 - INFO -         [TRAINABLE] paligemma_with_expert.gemma_expert.model.layers.2.self_attn.o_proj.weight (shape: torch.Size([1024, 2048])) - (334925:train_csgo.py:815)
2025-12-17 13:28:44 - INFO -         [TRAINABLE] paligemma_with_expert.gemma_expert.model.layers.2.mlp.gate_proj.weight (shape: torch.Size([4096, 1024])) - (334925:train_csgo.py:815)
2025-12-17 13:28:44 - INFO -         [TRAINABLE] paligemma_with_expert.gemma_expert.model.layers.2.mlp.up_proj.weight (shape: torch.Size([4096, 1024])) - (334925:train_csgo.py:815)
2025-12-17 13:28:44 - INFO -         [TRAINABLE] paligemma_with_expert.gemma_expert.model.layers.2.mlp.down_proj.weight (shape: torch.Size([1024, 4096])) - (334925:train_csgo.py:815)
2025-12-17 13:28:44 - INFO -         [TRAINABLE] paligemma_with_expert.gemma_expert.model.layers.2.input_layernorm.dense.weight (shape: torch.Size([3072, 1024])) - (334925:train_csgo.py:815)
2025-12-17 13:28:44 - INFO -         [TRAINABLE] paligemma_with_expert.gemma_expert.model.layers.2.input_layernorm.dense.bias (shape: torch.Size([3072])) - (334925:train_csgo.py:815)
2025-12-17 13:28:44 - INFO -         [TRAINABLE] paligemma_with_expert.gemma_expert.model.layers.2.post_attention_layernorm.dense.weight (shape: torch.Size([3072, 1024])) - (334925:train_csgo.py:815)
2025-12-17 13:28:44 - INFO -         [TRAINABLE] paligemma_with_expert.gemma_expert.model.layers.2.post_attention_layernorm.dense.bias (shape: torch.Size([3072])) - (334925:train_csgo.py:815)
2025-12-17 13:28:44 - INFO -         [TRAINABLE] paligemma_with_expert.gemma_expert.model.layers.3.self_attn.q_proj.weight (shape: torch.Size([2048, 1024])) - (334925:train_csgo.py:815)
2025-12-17 13:28:44 - INFO -         [TRAINABLE] paligemma_with_expert.gemma_expert.model.layers.3.self_attn.k_proj.weight (shape: torch.Size([256, 1024])) - (334925:train_csgo.py:815)
2025-12-17 13:28:44 - INFO -         [TRAINABLE] paligemma_with_expert.gemma_expert.model.layers.3.self_attn.v_proj.weight (shape: torch.Size([256, 1024])) - (334925:train_csgo.py:815)
2025-12-17 13:28:44 - INFO -         [TRAINABLE] paligemma_with_expert.gemma_expert.model.layers.3.self_attn.o_proj.weight (shape: torch.Size([1024, 2048])) - (334925:train_csgo.py:815)
2025-12-17 13:28:44 - INFO -         [TRAINABLE] paligemma_with_expert.gemma_expert.model.layers.3.mlp.gate_proj.weight (shape: torch.Size([4096, 1024])) - (334925:train_csgo.py:815)
2025-12-17 13:28:44 - INFO -         [TRAINABLE] paligemma_with_expert.gemma_expert.model.layers.3.mlp.up_proj.weight (shape: torch.Size([4096, 1024])) - (334925:train_csgo.py:815)
2025-12-17 13:28:44 - INFO -         [TRAINABLE] paligemma_with_expert.gemma_expert.model.layers.3.mlp.down_proj.weight (shape: torch.Size([1024, 4096])) - (334925:train_csgo.py:815)
2025-12-17 13:28:44 - INFO -         [TRAINABLE] paligemma_with_expert.gemma_expert.model.layers.3.input_layernorm.dense.weight (shape: torch.Size([3072, 1024])) - (334925:train_csgo.py:815)
2025-12-17 13:28:44 - INFO -         [TRAINABLE] paligemma_with_expert.gemma_expert.model.layers.3.input_layernorm.dense.bias (shape: torch.Size([3072])) - (334925:train_csgo.py:815)
2025-12-17 13:28:44 - INFO -         [TRAINABLE] paligemma_with_expert.gemma_expert.model.layers.3.post_attention_layernorm.dense.weight (shape: torch.Size([3072, 1024])) - (334925:train_csgo.py:815)
2025-12-17 13:28:44 - INFO -         [TRAINABLE] paligemma_with_expert.gemma_expert.model.layers.3.post_attention_layernorm.dense.bias (shape: torch.Size([3072])) - (334925:train_csgo.py:815)
2025-12-17 13:28:44 - INFO -         [TRAINABLE] paligemma_with_expert.gemma_expert.model.layers.4.self_attn.q_proj.weight (shape: torch.Size([2048, 1024])) - (334925:train_csgo.py:815)
2025-12-17 13:28:44 - INFO -         [TRAINABLE] paligemma_with_expert.gemma_expert.model.layers.4.self_attn.k_proj.weight (shape: torch.Size([256, 1024])) - (334925:train_csgo.py:815)
2025-12-17 13:28:44 - INFO -         [TRAINABLE] paligemma_with_expert.gemma_expert.model.layers.4.self_attn.v_proj.weight (shape: torch.Size([256, 1024])) - (334925:train_csgo.py:815)
2025-12-17 13:28:44 - INFO -         [TRAINABLE] paligemma_with_expert.gemma_expert.model.layers.4.self_attn.o_proj.weight (shape: torch.Size([1024, 2048])) - (334925:train_csgo.py:815)
2025-12-17 13:28:44 - INFO -         [TRAINABLE] paligemma_with_expert.gemma_expert.model.layers.4.mlp.gate_proj.weight (shape: torch.Size([4096, 1024])) - (334925:train_csgo.py:815)
2025-12-17 13:28:44 - INFO -         [TRAINABLE] paligemma_with_expert.gemma_expert.model.layers.4.mlp.up_proj.weight (shape: torch.Size([4096, 1024])) - (334925:train_csgo.py:815)
2025-12-17 13:28:44 - INFO -         [TRAINABLE] paligemma_with_expert.gemma_expert.model.layers.4.mlp.down_proj.weight (shape: torch.Size([1024, 4096])) - (334925:train_csgo.py:815)
2025-12-17 13:28:44 - INFO -         [TRAINABLE] paligemma_with_expert.gemma_expert.model.layers.4.input_layernorm.dense.weight (shape: torch.Size([3072, 1024])) - (334925:train_csgo.py:815)
2025-12-17 13:28:44 - INFO -         [TRAINABLE] paligemma_with_expert.gemma_expert.model.layers.4.input_layernorm.dense.bias (shape: torch.Size([3072])) - (334925:train_csgo.py:815)
2025-12-17 13:28:44 - INFO -         [TRAINABLE] paligemma_with_expert.gemma_expert.model.layers.4.post_attention_layernorm.dense.weight (shape: torch.Size([3072, 1024])) - (334925:train_csgo.py:815)
2025-12-17 13:28:44 - INFO -         [TRAINABLE] paligemma_with_expert.gemma_expert.model.layers.4.post_attention_layernorm.dense.bias (shape: torch.Size([3072])) - (334925:train_csgo.py:815)
2025-12-17 13:28:44 - INFO -         [TRAINABLE] paligemma_with_expert.gemma_expert.model.layers.5.self_attn.q_proj.weight (shape: torch.Size([2048, 1024])) - (334925:train_csgo.py:815)
2025-12-17 13:28:44 - INFO -         [TRAINABLE] paligemma_with_expert.gemma_expert.model.layers.5.self_attn.k_proj.weight (shape: torch.Size([256, 1024])) - (334925:train_csgo.py:815)
2025-12-17 13:28:44 - INFO -         [TRAINABLE] paligemma_with_expert.gemma_expert.model.layers.5.self_attn.v_proj.weight (shape: torch.Size([256, 1024])) - (334925:train_csgo.py:815)
2025-12-17 13:28:44 - INFO -         [TRAINABLE] paligemma_with_expert.gemma_expert.model.layers.5.self_attn.o_proj.weight (shape: torch.Size([1024, 2048])) - (334925:train_csgo.py:815)
2025-12-17 13:28:44 - INFO -         [TRAINABLE] paligemma_with_expert.gemma_expert.model.layers.5.mlp.gate_proj.weight (shape: torch.Size([4096, 1024])) - (334925:train_csgo.py:815)
2025-12-17 13:28:44 - INFO -         [TRAINABLE] paligemma_with_expert.gemma_expert.model.layers.5.mlp.up_proj.weight (shape: torch.Size([4096, 1024])) - (334925:train_csgo.py:815)
2025-12-17 13:28:44 - INFO -         [TRAINABLE] paligemma_with_expert.gemma_expert.model.layers.5.mlp.down_proj.weight (shape: torch.Size([1024, 4096])) - (334925:train_csgo.py:815)
2025-12-17 13:28:44 - INFO -         [TRAINABLE] paligemma_with_expert.gemma_expert.model.layers.5.input_layernorm.dense.weight (shape: torch.Size([3072, 1024])) - (334925:train_csgo.py:815)
2025-12-17 13:28:44 - INFO -         [TRAINABLE] paligemma_with_expert.gemma_expert.model.layers.5.input_layernorm.dense.bias (shape: torch.Size([3072])) - (334925:train_csgo.py:815)
2025-12-17 13:28:44 - INFO -         [TRAINABLE] paligemma_with_expert.gemma_expert.model.layers.5.post_attention_layernorm.dense.weight (shape: torch.Size([3072, 1024])) - (334925:train_csgo.py:815)
2025-12-17 13:28:44 - INFO -         [TRAINABLE] paligemma_with_expert.gemma_expert.model.layers.5.post_attention_layernorm.dense.bias (shape: torch.Size([3072])) - (334925:train_csgo.py:815)
2025-12-17 13:28:44 - INFO -         [TRAINABLE] paligemma_with_expert.gemma_expert.model.layers.6.self_attn.q_proj.weight (shape: torch.Size([2048, 1024])) - (334925:train_csgo.py:815)
2025-12-17 13:28:44 - INFO -         [TRAINABLE] paligemma_with_expert.gemma_expert.model.layers.6.self_attn.k_proj.weight (shape: torch.Size([256, 1024])) - (334925:train_csgo.py:815)
2025-12-17 13:28:44 - INFO -         [TRAINABLE] paligemma_with_expert.gemma_expert.model.layers.6.self_attn.v_proj.weight (shape: torch.Size([256, 1024])) - (334925:train_csgo.py:815)
2025-12-17 13:28:44 - INFO -         [TRAINABLE] paligemma_with_expert.gemma_expert.model.layers.6.self_attn.o_proj.weight (shape: torch.Size([1024, 2048])) - (334925:train_csgo.py:815)
2025-12-17 13:28:44 - INFO -         [TRAINABLE] paligemma_with_expert.gemma_expert.model.layers.6.mlp.gate_proj.weight (shape: torch.Size([4096, 1024])) - (334925:train_csgo.py:815)
2025-12-17 13:28:44 - INFO -         [TRAINABLE] paligemma_with_expert.gemma_expert.model.layers.6.mlp.up_proj.weight (shape: torch.Size([4096, 1024])) - (334925:train_csgo.py:815)
2025-12-17 13:28:44 - INFO -         [TRAINABLE] paligemma_with_expert.gemma_expert.model.layers.6.mlp.down_proj.weight (shape: torch.Size([1024, 4096])) - (334925:train_csgo.py:815)
2025-12-17 13:28:44 - INFO -         [TRAINABLE] paligemma_with_expert.gemma_expert.model.layers.6.input_layernorm.dense.weight (shape: torch.Size([3072, 1024])) - (334925:train_csgo.py:815)
2025-12-17 13:28:44 - INFO -         [TRAINABLE] paligemma_with_expert.gemma_expert.model.layers.6.input_layernorm.dense.bias (shape: torch.Size([3072])) - (334925:train_csgo.py:815)
2025-12-17 13:28:44 - INFO -         [TRAINABLE] paligemma_with_expert.gemma_expert.model.layers.6.post_attention_layernorm.dense.weight (shape: torch.Size([3072, 1024])) - (334925:train_csgo.py:815)
2025-12-17 13:28:44 - INFO -         [TRAINABLE] paligemma_with_expert.gemma_expert.model.layers.6.post_attention_layernorm.dense.bias (shape: torch.Size([3072])) - (334925:train_csgo.py:815)
2025-12-17 13:28:44 - INFO -         [TRAINABLE] paligemma_with_expert.gemma_expert.model.layers.7.self_attn.q_proj.weight (shape: torch.Size([2048, 1024])) - (334925:train_csgo.py:815)
2025-12-17 13:28:44 - INFO -         [TRAINABLE] paligemma_with_expert.gemma_expert.model.layers.7.self_attn.k_proj.weight (shape: torch.Size([256, 1024])) - (334925:train_csgo.py:815)
2025-12-17 13:28:44 - INFO -         [TRAINABLE] paligemma_with_expert.gemma_expert.model.layers.7.self_attn.v_proj.weight (shape: torch.Size([256, 1024])) - (334925:train_csgo.py:815)
2025-12-17 13:28:44 - INFO -         [TRAINABLE] paligemma_with_expert.gemma_expert.model.layers.7.self_attn.o_proj.weight (shape: torch.Size([1024, 2048])) - (334925:train_csgo.py:815)
2025-12-17 13:28:44 - INFO -         [TRAINABLE] paligemma_with_expert.gemma_expert.model.layers.7.mlp.gate_proj.weight (shape: torch.Size([4096, 1024])) - (334925:train_csgo.py:815)
2025-12-17 13:28:44 - INFO -         [TRAINABLE] paligemma_with_expert.gemma_expert.model.layers.7.mlp.up_proj.weight (shape: torch.Size([4096, 1024])) - (334925:train_csgo.py:815)
2025-12-17 13:28:44 - INFO -         [TRAINABLE] paligemma_with_expert.gemma_expert.model.layers.7.mlp.down_proj.weight (shape: torch.Size([1024, 4096])) - (334925:train_csgo.py:815)
2025-12-17 13:28:44 - INFO -         [TRAINABLE] paligemma_with_expert.gemma_expert.model.layers.7.input_layernorm.dense.weight (shape: torch.Size([3072, 1024])) - (334925:train_csgo.py:815)
2025-12-17 13:28:44 - INFO -         [TRAINABLE] paligemma_with_expert.gemma_expert.model.layers.7.input_layernorm.dense.bias (shape: torch.Size([3072])) - (334925:train_csgo.py:815)
2025-12-17 13:28:44 - INFO -         [TRAINABLE] paligemma_with_expert.gemma_expert.model.layers.7.post_attention_layernorm.dense.weight (shape: torch.Size([3072, 1024])) - (334925:train_csgo.py:815)
2025-12-17 13:28:44 - INFO -         [TRAINABLE] paligemma_with_expert.gemma_expert.model.layers.7.post_attention_layernorm.dense.bias (shape: torch.Size([3072])) - (334925:train_csgo.py:815)
2025-12-17 13:28:44 - INFO -         [TRAINABLE] paligemma_with_expert.gemma_expert.model.layers.8.self_attn.q_proj.weight (shape: torch.Size([2048, 1024])) - (334925:train_csgo.py:815)
2025-12-17 13:28:44 - INFO -         [TRAINABLE] paligemma_with_expert.gemma_expert.model.layers.8.self_attn.k_proj.weight (shape: torch.Size([256, 1024])) - (334925:train_csgo.py:815)
2025-12-17 13:28:44 - INFO -         [TRAINABLE] paligemma_with_expert.gemma_expert.model.layers.8.self_attn.v_proj.weight (shape: torch.Size([256, 1024])) - (334925:train_csgo.py:815)
2025-12-17 13:28:44 - INFO -         [TRAINABLE] paligemma_with_expert.gemma_expert.model.layers.8.self_attn.o_proj.weight (shape: torch.Size([1024, 2048])) - (334925:train_csgo.py:815)
2025-12-17 13:28:44 - INFO -         [TRAINABLE] paligemma_with_expert.gemma_expert.model.layers.8.mlp.gate_proj.weight (shape: torch.Size([4096, 1024])) - (334925:train_csgo.py:815)
2025-12-17 13:28:44 - INFO -         [TRAINABLE] paligemma_with_expert.gemma_expert.model.layers.8.mlp.up_proj.weight (shape: torch.Size([4096, 1024])) - (334925:train_csgo.py:815)
2025-12-17 13:28:44 - INFO -         [TRAINABLE] paligemma_with_expert.gemma_expert.model.layers.8.mlp.down_proj.weight (shape: torch.Size([1024, 4096])) - (334925:train_csgo.py:815)
2025-12-17 13:28:44 - INFO -         [TRAINABLE] paligemma_with_expert.gemma_expert.model.layers.8.input_layernorm.dense.weight (shape: torch.Size([3072, 1024])) - (334925:train_csgo.py:815)
2025-12-17 13:28:44 - INFO -         [TRAINABLE] paligemma_with_expert.gemma_expert.model.layers.8.input_layernorm.dense.bias (shape: torch.Size([3072])) - (334925:train_csgo.py:815)
2025-12-17 13:28:44 - INFO -         [TRAINABLE] paligemma_with_expert.gemma_expert.model.layers.8.post_attention_layernorm.dense.weight (shape: torch.Size([3072, 1024])) - (334925:train_csgo.py:815)
2025-12-17 13:28:44 - INFO -         [TRAINABLE] paligemma_with_expert.gemma_expert.model.layers.8.post_attention_layernorm.dense.bias (shape: torch.Size([3072])) - (334925:train_csgo.py:815)
2025-12-17 13:28:44 - INFO -         [TRAINABLE] paligemma_with_expert.gemma_expert.model.layers.9.self_attn.q_proj.weight (shape: torch.Size([2048, 1024])) - (334925:train_csgo.py:815)
2025-12-17 13:28:44 - INFO -         [TRAINABLE] paligemma_with_expert.gemma_expert.model.layers.9.self_attn.k_proj.weight (shape: torch.Size([256, 1024])) - (334925:train_csgo.py:815)
2025-12-17 13:28:44 - INFO -         [TRAINABLE] paligemma_with_expert.gemma_expert.model.layers.9.self_attn.v_proj.weight (shape: torch.Size([256, 1024])) - (334925:train_csgo.py:815)
2025-12-17 13:28:44 - INFO -         [TRAINABLE] paligemma_with_expert.gemma_expert.model.layers.9.self_attn.o_proj.weight (shape: torch.Size([1024, 2048])) - (334925:train_csgo.py:815)
2025-12-17 13:28:44 - INFO -         [TRAINABLE] paligemma_with_expert.gemma_expert.model.layers.9.mlp.gate_proj.weight (shape: torch.Size([4096, 1024])) - (334925:train_csgo.py:815)
2025-12-17 13:28:44 - INFO -         [TRAINABLE] paligemma_with_expert.gemma_expert.model.layers.9.mlp.up_proj.weight (shape: torch.Size([4096, 1024])) - (334925:train_csgo.py:815)
2025-12-17 13:28:44 - INFO -         [TRAINABLE] paligemma_with_expert.gemma_expert.model.layers.9.mlp.down_proj.weight (shape: torch.Size([1024, 4096])) - (334925:train_csgo.py:815)
2025-12-17 13:28:44 - INFO -         [TRAINABLE] paligemma_with_expert.gemma_expert.model.layers.9.input_layernorm.dense.weight (shape: torch.Size([3072, 1024])) - (334925:train_csgo.py:815)
2025-12-17 13:28:44 - INFO -         [TRAINABLE] paligemma_with_expert.gemma_expert.model.layers.9.input_layernorm.dense.bias (shape: torch.Size([3072])) - (334925:train_csgo.py:815)
2025-12-17 13:28:44 - INFO -         [TRAINABLE] paligemma_with_expert.gemma_expert.model.layers.9.post_attention_layernorm.dense.weight (shape: torch.Size([3072, 1024])) - (334925:train_csgo.py:815)
2025-12-17 13:28:44 - INFO -         [TRAINABLE] paligemma_with_expert.gemma_expert.model.layers.9.post_attention_layernorm.dense.bias (shape: torch.Size([3072])) - (334925:train_csgo.py:815)
2025-12-17 13:28:44 - INFO -         [TRAINABLE] paligemma_with_expert.gemma_expert.model.layers.10.self_attn.q_proj.weight (shape: torch.Size([2048, 1024])) - (334925:train_csgo.py:815)
2025-12-17 13:28:44 - INFO -         [TRAINABLE] paligemma_with_expert.gemma_expert.model.layers.10.self_attn.k_proj.weight (shape: torch.Size([256, 1024])) - (334925:train_csgo.py:815)
2025-12-17 13:28:44 - INFO -         [TRAINABLE] paligemma_with_expert.gemma_expert.model.layers.10.self_attn.v_proj.weight (shape: torch.Size([256, 1024])) - (334925:train_csgo.py:815)
2025-12-17 13:28:44 - INFO -         [TRAINABLE] paligemma_with_expert.gemma_expert.model.layers.10.self_attn.o_proj.weight (shape: torch.Size([1024, 2048])) - (334925:train_csgo.py:815)
2025-12-17 13:28:44 - INFO -         [TRAINABLE] paligemma_with_expert.gemma_expert.model.layers.10.mlp.gate_proj.weight (shape: torch.Size([4096, 1024])) - (334925:train_csgo.py:815)
2025-12-17 13:28:44 - INFO -         [TRAINABLE] paligemma_with_expert.gemma_expert.model.layers.10.mlp.up_proj.weight (shape: torch.Size([4096, 1024])) - (334925:train_csgo.py:815)
2025-12-17 13:28:44 - INFO -         [TRAINABLE] paligemma_with_expert.gemma_expert.model.layers.10.mlp.down_proj.weight (shape: torch.Size([1024, 4096])) - (334925:train_csgo.py:815)
2025-12-17 13:28:44 - INFO -         [TRAINABLE] paligemma_with_expert.gemma_expert.model.layers.10.input_layernorm.dense.weight (shape: torch.Size([3072, 1024])) - (334925:train_csgo.py:815)
2025-12-17 13:28:44 - INFO -         [TRAINABLE] paligemma_with_expert.gemma_expert.model.layers.10.input_layernorm.dense.bias (shape: torch.Size([3072])) - (334925:train_csgo.py:815)
2025-12-17 13:28:44 - INFO -         [TRAINABLE] paligemma_with_expert.gemma_expert.model.layers.10.post_attention_layernorm.dense.weight (shape: torch.Size([3072, 1024])) - (334925:train_csgo.py:815)
2025-12-17 13:28:44 - INFO -         [TRAINABLE] paligemma_with_expert.gemma_expert.model.layers.10.post_attention_layernorm.dense.bias (shape: torch.Size([3072])) - (334925:train_csgo.py:815)
2025-12-17 13:28:44 - INFO -         [TRAINABLE] paligemma_with_expert.gemma_expert.model.layers.11.self_attn.q_proj.weight (shape: torch.Size([2048, 1024])) - (334925:train_csgo.py:815)
2025-12-17 13:28:44 - INFO -         [TRAINABLE] paligemma_with_expert.gemma_expert.model.layers.11.self_attn.k_proj.weight (shape: torch.Size([256, 1024])) - (334925:train_csgo.py:815)
2025-12-17 13:28:44 - INFO -         [TRAINABLE] paligemma_with_expert.gemma_expert.model.layers.11.self_attn.v_proj.weight (shape: torch.Size([256, 1024])) - (334925:train_csgo.py:815)
2025-12-17 13:28:44 - INFO -         [TRAINABLE] paligemma_with_expert.gemma_expert.model.layers.11.self_attn.o_proj.weight (shape: torch.Size([1024, 2048])) - (334925:train_csgo.py:815)
2025-12-17 13:28:44 - INFO -         [TRAINABLE] paligemma_with_expert.gemma_expert.model.layers.11.mlp.gate_proj.weight (shape: torch.Size([4096, 1024])) - (334925:train_csgo.py:815)
2025-12-17 13:28:44 - INFO -         [TRAINABLE] paligemma_with_expert.gemma_expert.model.layers.11.mlp.up_proj.weight (shape: torch.Size([4096, 1024])) - (334925:train_csgo.py:815)
2025-12-17 13:28:44 - INFO -         [TRAINABLE] paligemma_with_expert.gemma_expert.model.layers.11.mlp.down_proj.weight (shape: torch.Size([1024, 4096])) - (334925:train_csgo.py:815)
2025-12-17 13:28:44 - INFO -         [TRAINABLE] paligemma_with_expert.gemma_expert.model.layers.11.input_layernorm.dense.weight (shape: torch.Size([3072, 1024])) - (334925:train_csgo.py:815)
2025-12-17 13:28:44 - INFO -         [TRAINABLE] paligemma_with_expert.gemma_expert.model.layers.11.input_layernorm.dense.bias (shape: torch.Size([3072])) - (334925:train_csgo.py:815)
2025-12-17 13:28:44 - INFO -         [TRAINABLE] paligemma_with_expert.gemma_expert.model.layers.11.post_attention_layernorm.dense.weight (shape: torch.Size([3072, 1024])) - (334925:train_csgo.py:815)
2025-12-17 13:28:44 - INFO -         [TRAINABLE] paligemma_with_expert.gemma_expert.model.layers.11.post_attention_layernorm.dense.bias (shape: torch.Size([3072])) - (334925:train_csgo.py:815)
2025-12-17 13:28:44 - INFO -         [TRAINABLE] paligemma_with_expert.gemma_expert.model.layers.12.self_attn.q_proj.weight (shape: torch.Size([2048, 1024])) - (334925:train_csgo.py:815)
2025-12-17 13:28:44 - INFO -         [TRAINABLE] paligemma_with_expert.gemma_expert.model.layers.12.self_attn.k_proj.weight (shape: torch.Size([256, 1024])) - (334925:train_csgo.py:815)
2025-12-17 13:28:44 - INFO -         [TRAINABLE] paligemma_with_expert.gemma_expert.model.layers.12.self_attn.v_proj.weight (shape: torch.Size([256, 1024])) - (334925:train_csgo.py:815)
2025-12-17 13:28:44 - INFO -         [TRAINABLE] paligemma_with_expert.gemma_expert.model.layers.12.self_attn.o_proj.weight (shape: torch.Size([1024, 2048])) - (334925:train_csgo.py:815)
2025-12-17 13:28:44 - INFO -         [TRAINABLE] paligemma_with_expert.gemma_expert.model.layers.12.mlp.gate_proj.weight (shape: torch.Size([4096, 1024])) - (334925:train_csgo.py:815)
2025-12-17 13:28:44 - INFO -         [TRAINABLE] paligemma_with_expert.gemma_expert.model.layers.12.mlp.up_proj.weight (shape: torch.Size([4096, 1024])) - (334925:train_csgo.py:815)
2025-12-17 13:28:44 - INFO -         [TRAINABLE] paligemma_with_expert.gemma_expert.model.layers.12.mlp.down_proj.weight (shape: torch.Size([1024, 4096])) - (334925:train_csgo.py:815)
2025-12-17 13:28:44 - INFO -         [TRAINABLE] paligemma_with_expert.gemma_expert.model.layers.12.input_layernorm.dense.weight (shape: torch.Size([3072, 1024])) - (334925:train_csgo.py:815)
2025-12-17 13:28:44 - INFO -         [TRAINABLE] paligemma_with_expert.gemma_expert.model.layers.12.input_layernorm.dense.bias (shape: torch.Size([3072])) - (334925:train_csgo.py:815)
2025-12-17 13:28:44 - INFO -         [TRAINABLE] paligemma_with_expert.gemma_expert.model.layers.12.post_attention_layernorm.dense.weight (shape: torch.Size([3072, 1024])) - (334925:train_csgo.py:815)
2025-12-17 13:28:44 - INFO -         [TRAINABLE] paligemma_with_expert.gemma_expert.model.layers.12.post_attention_layernorm.dense.bias (shape: torch.Size([3072])) - (334925:train_csgo.py:815)
2025-12-17 13:28:44 - INFO -         [TRAINABLE] paligemma_with_expert.gemma_expert.model.layers.13.self_attn.q_proj.weight (shape: torch.Size([2048, 1024])) - (334925:train_csgo.py:815)
2025-12-17 13:28:44 - INFO -         [TRAINABLE] paligemma_with_expert.gemma_expert.model.layers.13.self_attn.k_proj.weight (shape: torch.Size([256, 1024])) - (334925:train_csgo.py:815)
2025-12-17 13:28:44 - INFO -         [TRAINABLE] paligemma_with_expert.gemma_expert.model.layers.13.self_attn.v_proj.weight (shape: torch.Size([256, 1024])) - (334925:train_csgo.py:815)
2025-12-17 13:28:44 - INFO -         [TRAINABLE] paligemma_with_expert.gemma_expert.model.layers.13.self_attn.o_proj.weight (shape: torch.Size([1024, 2048])) - (334925:train_csgo.py:815)
2025-12-17 13:28:44 - INFO -         [TRAINABLE] paligemma_with_expert.gemma_expert.model.layers.13.mlp.gate_proj.weight (shape: torch.Size([4096, 1024])) - (334925:train_csgo.py:815)
2025-12-17 13:28:44 - INFO -         [TRAINABLE] paligemma_with_expert.gemma_expert.model.layers.13.mlp.up_proj.weight (shape: torch.Size([4096, 1024])) - (334925:train_csgo.py:815)
2025-12-17 13:28:44 - INFO -         [TRAINABLE] paligemma_with_expert.gemma_expert.model.layers.13.mlp.down_proj.weight (shape: torch.Size([1024, 4096])) - (334925:train_csgo.py:815)
2025-12-17 13:28:44 - INFO -         [TRAINABLE] paligemma_with_expert.gemma_expert.model.layers.13.input_layernorm.dense.weight (shape: torch.Size([3072, 1024])) - (334925:train_csgo.py:815)
2025-12-17 13:28:44 - INFO -         [TRAINABLE] paligemma_with_expert.gemma_expert.model.layers.13.input_layernorm.dense.bias (shape: torch.Size([3072])) - (334925:train_csgo.py:815)
2025-12-17 13:28:44 - INFO -         [TRAINABLE] paligemma_with_expert.gemma_expert.model.layers.13.post_attention_layernorm.dense.weight (shape: torch.Size([3072, 1024])) - (334925:train_csgo.py:815)
2025-12-17 13:28:44 - INFO -         [TRAINABLE] paligemma_with_expert.gemma_expert.model.layers.13.post_attention_layernorm.dense.bias (shape: torch.Size([3072])) - (334925:train_csgo.py:815)
2025-12-17 13:28:44 - INFO -         [TRAINABLE] paligemma_with_expert.gemma_expert.model.layers.14.self_attn.q_proj.weight (shape: torch.Size([2048, 1024])) - (334925:train_csgo.py:815)
2025-12-17 13:28:44 - INFO -         [TRAINABLE] paligemma_with_expert.gemma_expert.model.layers.14.self_attn.k_proj.weight (shape: torch.Size([256, 1024])) - (334925:train_csgo.py:815)
2025-12-17 13:28:44 - INFO -         [TRAINABLE] paligemma_with_expert.gemma_expert.model.layers.14.self_attn.v_proj.weight (shape: torch.Size([256, 1024])) - (334925:train_csgo.py:815)
2025-12-17 13:28:44 - INFO -         [TRAINABLE] paligemma_with_expert.gemma_expert.model.layers.14.self_attn.o_proj.weight (shape: torch.Size([1024, 2048])) - (334925:train_csgo.py:815)
2025-12-17 13:28:44 - INFO -         [TRAINABLE] paligemma_with_expert.gemma_expert.model.layers.14.mlp.gate_proj.weight (shape: torch.Size([4096, 1024])) - (334925:train_csgo.py:815)
2025-12-17 13:28:44 - INFO -         [TRAINABLE] paligemma_with_expert.gemma_expert.model.layers.14.mlp.up_proj.weight (shape: torch.Size([4096, 1024])) - (334925:train_csgo.py:815)
2025-12-17 13:28:44 - INFO -         [TRAINABLE] paligemma_with_expert.gemma_expert.model.layers.14.mlp.down_proj.weight (shape: torch.Size([1024, 4096])) - (334925:train_csgo.py:815)
2025-12-17 13:28:44 - INFO -         [TRAINABLE] paligemma_with_expert.gemma_expert.model.layers.14.input_layernorm.dense.weight (shape: torch.Size([3072, 1024])) - (334925:train_csgo.py:815)
2025-12-17 13:28:44 - INFO -         [TRAINABLE] paligemma_with_expert.gemma_expert.model.layers.14.input_layernorm.dense.bias (shape: torch.Size([3072])) - (334925:train_csgo.py:815)
2025-12-17 13:28:44 - INFO -         [TRAINABLE] paligemma_with_expert.gemma_expert.model.layers.14.post_attention_layernorm.dense.weight (shape: torch.Size([3072, 1024])) - (334925:train_csgo.py:815)
2025-12-17 13:28:44 - INFO -         [TRAINABLE] paligemma_with_expert.gemma_expert.model.layers.14.post_attention_layernorm.dense.bias (shape: torch.Size([3072])) - (334925:train_csgo.py:815)
2025-12-17 13:28:44 - INFO -         [TRAINABLE] paligemma_with_expert.gemma_expert.model.layers.15.self_attn.q_proj.weight (shape: torch.Size([2048, 1024])) - (334925:train_csgo.py:815)
2025-12-17 13:28:44 - INFO -         [TRAINABLE] paligemma_with_expert.gemma_expert.model.layers.15.self_attn.k_proj.weight (shape: torch.Size([256, 1024])) - (334925:train_csgo.py:815)
2025-12-17 13:28:44 - INFO -         [TRAINABLE] paligemma_with_expert.gemma_expert.model.layers.15.self_attn.v_proj.weight (shape: torch.Size([256, 1024])) - (334925:train_csgo.py:815)
2025-12-17 13:28:44 - INFO -         [TRAINABLE] paligemma_with_expert.gemma_expert.model.layers.15.self_attn.o_proj.weight (shape: torch.Size([1024, 2048])) - (334925:train_csgo.py:815)
2025-12-17 13:28:44 - INFO -         [TRAINABLE] paligemma_with_expert.gemma_expert.model.layers.15.mlp.gate_proj.weight (shape: torch.Size([4096, 1024])) - (334925:train_csgo.py:815)
2025-12-17 13:28:44 - INFO -         [TRAINABLE] paligemma_with_expert.gemma_expert.model.layers.15.mlp.up_proj.weight (shape: torch.Size([4096, 1024])) - (334925:train_csgo.py:815)
2025-12-17 13:28:44 - INFO -         [TRAINABLE] paligemma_with_expert.gemma_expert.model.layers.15.mlp.down_proj.weight (shape: torch.Size([1024, 4096])) - (334925:train_csgo.py:815)
2025-12-17 13:28:44 - INFO -         [TRAINABLE] paligemma_with_expert.gemma_expert.model.layers.15.input_layernorm.dense.weight (shape: torch.Size([3072, 1024])) - (334925:train_csgo.py:815)
2025-12-17 13:28:44 - INFO -         [TRAINABLE] paligemma_with_expert.gemma_expert.model.layers.15.input_layernorm.dense.bias (shape: torch.Size([3072])) - (334925:train_csgo.py:815)
2025-12-17 13:28:44 - INFO -         [TRAINABLE] paligemma_with_expert.gemma_expert.model.layers.15.post_attention_layernorm.dense.weight (shape: torch.Size([3072, 1024])) - (334925:train_csgo.py:815)
2025-12-17 13:28:44 - INFO -         [TRAINABLE] paligemma_with_expert.gemma_expert.model.layers.15.post_attention_layernorm.dense.bias (shape: torch.Size([3072])) - (334925:train_csgo.py:815)
2025-12-17 13:28:44 - INFO -         [TRAINABLE] paligemma_with_expert.gemma_expert.model.layers.16.self_attn.q_proj.weight (shape: torch.Size([2048, 1024])) - (334925:train_csgo.py:815)
2025-12-17 13:28:44 - INFO -         [TRAINABLE] paligemma_with_expert.gemma_expert.model.layers.16.self_attn.k_proj.weight (shape: torch.Size([256, 1024])) - (334925:train_csgo.py:815)
2025-12-17 13:28:44 - INFO -         [TRAINABLE] paligemma_with_expert.gemma_expert.model.layers.16.self_attn.v_proj.weight (shape: torch.Size([256, 1024])) - (334925:train_csgo.py:815)
2025-12-17 13:28:44 - INFO -         [TRAINABLE] paligemma_with_expert.gemma_expert.model.layers.16.self_attn.o_proj.weight (shape: torch.Size([1024, 2048])) - (334925:train_csgo.py:815)
2025-12-17 13:28:44 - INFO -         [TRAINABLE] paligemma_with_expert.gemma_expert.model.layers.16.mlp.gate_proj.weight (shape: torch.Size([4096, 1024])) - (334925:train_csgo.py:815)
2025-12-17 13:28:44 - INFO -         [TRAINABLE] paligemma_with_expert.gemma_expert.model.layers.16.mlp.up_proj.weight (shape: torch.Size([4096, 1024])) - (334925:train_csgo.py:815)
2025-12-17 13:28:44 - INFO -         [TRAINABLE] paligemma_with_expert.gemma_expert.model.layers.16.mlp.down_proj.weight (shape: torch.Size([1024, 4096])) - (334925:train_csgo.py:815)
2025-12-17 13:28:44 - INFO -         [TRAINABLE] paligemma_with_expert.gemma_expert.model.layers.16.input_layernorm.dense.weight (shape: torch.Size([3072, 1024])) - (334925:train_csgo.py:815)
2025-12-17 13:28:44 - INFO -         [TRAINABLE] paligemma_with_expert.gemma_expert.model.layers.16.input_layernorm.dense.bias (shape: torch.Size([3072])) - (334925:train_csgo.py:815)
2025-12-17 13:28:44 - INFO -         [TRAINABLE] paligemma_with_expert.gemma_expert.model.layers.16.post_attention_layernorm.dense.weight (shape: torch.Size([3072, 1024])) - (334925:train_csgo.py:815)
2025-12-17 13:28:44 - INFO -         [TRAINABLE] paligemma_with_expert.gemma_expert.model.layers.16.post_attention_layernorm.dense.bias (shape: torch.Size([3072])) - (334925:train_csgo.py:815)
2025-12-17 13:28:44 - INFO -         [TRAINABLE] paligemma_with_expert.gemma_expert.model.layers.17.self_attn.q_proj.weight (shape: torch.Size([2048, 1024])) - (334925:train_csgo.py:815)
2025-12-17 13:28:44 - INFO -         [TRAINABLE] paligemma_with_expert.gemma_expert.model.layers.17.self_attn.k_proj.weight (shape: torch.Size([256, 1024])) - (334925:train_csgo.py:815)
2025-12-17 13:28:44 - INFO -         [TRAINABLE] paligemma_with_expert.gemma_expert.model.layers.17.self_attn.v_proj.weight (shape: torch.Size([256, 1024])) - (334925:train_csgo.py:815)
2025-12-17 13:28:44 - INFO -         [TRAINABLE] paligemma_with_expert.gemma_expert.model.layers.17.self_attn.o_proj.weight (shape: torch.Size([1024, 2048])) - (334925:train_csgo.py:815)
2025-12-17 13:28:44 - INFO -         [TRAINABLE] paligemma_with_expert.gemma_expert.model.layers.17.mlp.gate_proj.weight (shape: torch.Size([4096, 1024])) - (334925:train_csgo.py:815)
2025-12-17 13:28:44 - INFO -         [TRAINABLE] paligemma_with_expert.gemma_expert.model.layers.17.mlp.up_proj.weight (shape: torch.Size([4096, 1024])) - (334925:train_csgo.py:815)
2025-12-17 13:28:44 - INFO -         [TRAINABLE] paligemma_with_expert.gemma_expert.model.layers.17.mlp.down_proj.weight (shape: torch.Size([1024, 4096])) - (334925:train_csgo.py:815)
2025-12-17 13:28:44 - INFO -         [TRAINABLE] paligemma_with_expert.gemma_expert.model.layers.17.input_layernorm.dense.weight (shape: torch.Size([3072, 1024])) - (334925:train_csgo.py:815)
2025-12-17 13:28:44 - INFO -         [TRAINABLE] paligemma_with_expert.gemma_expert.model.layers.17.input_layernorm.dense.bias (shape: torch.Size([3072])) - (334925:train_csgo.py:815)
2025-12-17 13:28:44 - INFO -         [TRAINABLE] paligemma_with_expert.gemma_expert.model.layers.17.post_attention_layernorm.dense.weight (shape: torch.Size([3072, 1024])) - (334925:train_csgo.py:815)
2025-12-17 13:28:44 - INFO -         [TRAINABLE] paligemma_with_expert.gemma_expert.model.layers.17.post_attention_layernorm.dense.bias (shape: torch.Size([3072])) - (334925:train_csgo.py:815)
2025-12-17 13:28:44 - INFO -         [TRAINABLE] paligemma_with_expert.gemma_expert.model.norm.dense.weight (shape: torch.Size([3072, 1024])) - (334925:train_csgo.py:815)
2025-12-17 13:28:44 - INFO -         [TRAINABLE] paligemma_with_expert.gemma_expert.model.norm.dense.bias (shape: torch.Size([3072])) - (334925:train_csgo.py:815)
2025-12-17 13:28:44 - INFO -         [TRAINABLE] paligemma_with_expert.gemma_expert.lm_head.weight (shape: torch.Size([257152, 1024])) - (334925:train_csgo.py:815)
2025-12-17 13:28:44 - INFO -         [TRAINABLE] action_in_proj.weight (shape: torch.Size([1024, 32])) - (334925:train_csgo.py:815)
2025-12-17 13:28:44 - INFO -         [TRAINABLE] action_in_proj.bias (shape: torch.Size([1024])) - (334925:train_csgo.py:815)
2025-12-17 13:28:44 - INFO -         [TRAINABLE] action_out_proj.weight (shape: torch.Size([32, 1024])) - (334925:train_csgo.py:815)
2025-12-17 13:28:44 - INFO -         [TRAINABLE] action_out_proj.bias (shape: torch.Size([32])) - (334925:train_csgo.py:815)
2025-12-17 13:28:44 - INFO -         [TRAINABLE] time_mlp_in.weight (shape: torch.Size([1024, 1024])) - (334925:train_csgo.py:815)
2025-12-17 13:28:44 - INFO -         [TRAINABLE] time_mlp_in.bias (shape: torch.Size([1024])) - (334925:train_csgo.py:815)
2025-12-17 13:28:44 - INFO -         [TRAINABLE] time_mlp_out.weight (shape: torch.Size([1024, 1024])) - (334925:train_csgo.py:815)
2025-12-17 13:28:44 - INFO -         [TRAINABLE] time_mlp_out.bias (shape: torch.Size([1024])) - (334925:train_csgo.py:815)
2025-12-17 13:28:44 - INFO - model.training_params: 3633542928, model.total_params: 3633542928 - (334925:train_csgo.py:816)
