2026-01-04 04:48:22 - INFO - Created experiment checkpoint directory: /data/jiahao/openpi/checkpoints/pi05_csgo_3maps_exp10_2/pi05_csgo_3maps_exp10_2 - (2012640:train_csgo.py:618)
2026-01-04 04:48:24 - INFO - Using batch size per GPU: 128 (total batch size across 1 GPUs: 128) - (2012640:train_csgo.py:632)
2026-01-04 04:48:24 - INFO - Norm stats not found in /home/jiahao/task/openpi/assets/pi05_csgo_3maps_exp10_2/csgosquare/de_dust2, skipping. - (2012640:config.py:204)
2026-01-04 04:48:24 - INFO - data_config: DataConfig(is_csgo=True, csgo_config={'debug': False, 'data_dir': 'data/preprocessed_data', 'train_maps': ['de_dust2', 'de_nuke', 'de_ancient'], 'val_maps': ['de_dust2', 'de_nuke', 'de_ancient'], 'test_maps': ['de_dust2', 'de_nuke', 'de_ancient'], 'map_size': [224, 224], 'fps_size': [224, 224], 'is_dataset_aug': False, 'is_fps_dropout': True, 'is_fps_aug': False, 'erasing_p': 0.6}, repo_id='csgosquare/de_dust2', asset_id='csgosquare/de_dust2', norm_stats=None, repack_transforms=Group(inputs=[RepackTransform(structure={'observation/image': 'image', 'observation/wrist_image': 'wrist_image', 'observation/state': 'state', 'map_id': 'map_id', 'actions': 'actions', 'prompt': 'prompt'})], outputs=()), data_transforms=Group(inputs=[CsgoInputs(model_type=<ModelType.PI05: 'pi05'>)], outputs=[CsgoOutputs()]), model_transforms=Group(inputs=[InjectDefaultPrompt(prompt=None), ResizeImages(height=224, width=224), TokenizePrompt(tokenizer=<openpi.models.tokenizer.PaligemmaTokenizer object at 0x7863d4986650>, discrete_state_input=False), PadStatesAndActions(model_action_dim=32)], outputs=()), use_quantile_norm=True, action_sequence_keys=('actions',), prompt_from_task=True, rlds_data_dir=None, action_space=None, filter_dict_path=None) - (2012640:data_loader.py:305)
2026-01-04 04:48:25 - INFO - local dataset: 60000 - (2012640:data_loader.py:405)
2026-01-04 04:48:25 - INFO - local_batch_size: 128 - (2012640:data_loader.py:406)
2026-01-04 04:48:25 - INFO - Unable to initialize backend 'rocm': module 'jaxlib.xla_extension' has no attribute 'GpuAllocatorConfig' - (2012640:xla_bridge.py:925)
2026-01-04 04:48:25 - INFO - Unable to initialize backend 'tpu': INTERNAL: Failed to open libtpu.so: libtpu.so: cannot open shared object file: No such file or directory - (2012640:xla_bridge.py:925)
2026-01-04 04:48:25 - INFO - local dataloader: 468 - (2012640:data_loader.py:418)
2026-01-04 04:48:45 - INFO - 
batch_sample: [<class 'openpi.models.model.Observation'>, <class 'torch.Tensor'>] - (2012640:train_csgo.py:640)
2026-01-04 04:48:45 - INFO - batch_sample[0].to_dict().keys() = dict_keys(['map_ids', 'state', 'tokenized_prompt', 'tokenized_prompt_mask', 'token_ar_mask', 'token_loss_mask', 'image', 'image_mask']) - (2012640:train_csgo.py:641)
2026-01-04 04:48:45 - INFO - batch_sample[1].shape = torch.Size([128, 1, 32]) - (2012640:train_csgo.py:642)
2026-01-04 04:48:45 - INFO - 
 - (2012640:train_csgo.py:643)
2026-01-04 04:48:46 - INFO - Norm stats not found in /home/jiahao/task/openpi/assets/pi05_csgo_3maps_exp10_2/csgosquare/de_dust2, skipping. - (2012640:config.py:204)
2026-01-04 04:48:46 - INFO - data_config: DataConfig(is_csgo=True, csgo_config={'debug': False, 'data_dir': 'data/preprocessed_data', 'train_maps': ['de_dust2', 'de_nuke', 'de_ancient'], 'val_maps': ['de_dust2', 'de_nuke', 'de_ancient'], 'test_maps': ['de_dust2', 'de_nuke', 'de_ancient'], 'map_size': [224, 224], 'fps_size': [224, 224], 'is_dataset_aug': False, 'is_fps_dropout': True, 'is_fps_aug': False, 'erasing_p': 0.6}, repo_id='csgosquare/de_dust2', asset_id='csgosquare/de_dust2', norm_stats=None, repack_transforms=Group(inputs=[RepackTransform(structure={'observation/image': 'image', 'observation/wrist_image': 'wrist_image', 'observation/state': 'state', 'map_id': 'map_id', 'actions': 'actions', 'prompt': 'prompt'})], outputs=()), data_transforms=Group(inputs=[CsgoInputs(model_type=<ModelType.PI05: 'pi05'>)], outputs=[CsgoOutputs()]), model_transforms=Group(inputs=[InjectDefaultPrompt(prompt=None), ResizeImages(height=224, width=224), TokenizePrompt(tokenizer=<openpi.models.tokenizer.PaligemmaTokenizer object at 0x78618e61c410>, discrete_state_input=False), PadStatesAndActions(model_action_dim=32)], outputs=()), use_quantile_norm=True, action_sequence_keys=('actions',), prompt_from_task=True, rlds_data_dir=None, action_space=None, filter_dict_path=None) - (2012640:data_loader.py:305)
2026-01-04 04:48:47 - INFO - local dataset: 60000 - (2012640:data_loader.py:405)
2026-01-04 04:48:47 - INFO - local_batch_size: 128 - (2012640:data_loader.py:406)
2026-01-04 04:48:47 - INFO - local dataloader: 468 - (2012640:data_loader.py:418)
2026-01-04 04:49:17 - INFO - Cleared sample batch and data loader from memory - (2012640:train_csgo.py:683)
2026-01-04 04:50:10 - INFO - Enabled gradient checkpointing for PI0Pytorch model - (2012640:pi0_pytorch.py:301)
2026-01-04 04:50:10 - INFO - Enabled gradient checkpointing for memory optimization - (2012640:train_csgo.py:707)
2026-01-04 04:50:10 - INFO - Step 0 (after_model_creation): GPU memory - allocated: 7.52GB, reserved: 7.56GB, free: 0.04GB, peak_allocated: 7.52GB, peak_reserved: 7.56GB - (2012640:train_csgo.py:354)
2026-01-04 04:50:10 - INFO - Loading weights from: /home/jiahao/.cache/openpi/openpi-assets/checkpoints/pi05_base - (2012640:train_csgo.py:736)
2026-01-04 04:50:15 - INFO - Loaded PyTorch weights from /home/jiahao/.cache/openpi/openpi-assets/checkpoints/pi05_base - (2012640:train_csgo.py:745)
2026-01-04 04:50:16 - INFO - Running on: gpu-05 | world_size=1 - (2012640:train_csgo.py:805)
2026-01-04 04:50:16 - INFO - Training config: batch_size=128, effective_batch_size=128, num_train_steps=30000 - (2012640:train_csgo.py:808)
2026-01-04 04:50:16 - INFO - Memory optimizations: gradient_checkpointing=True - (2012640:train_csgo.py:811)
2026-01-04 04:50:16 - INFO - LR schedule: warmup=1000, peak_lr=5.00e-05, decay_steps=8000, end_lr=5.00e-05 - (2012640:train_csgo.py:812)
2026-01-04 04:50:16 - INFO - Optimizer: AdamW, weight_decay=1e-10, clip_norm=1.0 - (2012640:train_csgo.py:815)
2026-01-04 04:50:16 - INFO - EMA is not supported for PyTorch training - (2012640:train_csgo.py:818)
2026-01-04 04:50:16 - INFO - Training precision: bfloat16 - (2012640:train_csgo.py:819)
2026-01-04 04:50:16 - INFO -     Parameters to be optimized: - (2012640:train_csgo.py:822)
2026-01-04 04:50:16 - INFO -         [TRAINABLE] fps_guided_map_attention.fps_pooling.attn.0.weight (shape: torch.Size([1024, 2048])) - (2012640:train_csgo.py:825)
2026-01-04 04:50:16 - INFO -         [TRAINABLE] fps_guided_map_attention.fps_pooling.attn.0.bias (shape: torch.Size([1024])) - (2012640:train_csgo.py:825)
2026-01-04 04:50:16 - INFO -         [TRAINABLE] fps_guided_map_attention.fps_pooling.attn.2.weight (shape: torch.Size([1, 1024])) - (2012640:train_csgo.py:825)
2026-01-04 04:50:16 - INFO -         [TRAINABLE] fps_guided_map_attention.fps_pooling.attn.2.bias (shape: torch.Size([1])) - (2012640:train_csgo.py:825)
2026-01-04 04:50:16 - INFO -         [TRAINABLE] fps_guided_map_attention.q_proj.weight (shape: torch.Size([2048, 2048])) - (2012640:train_csgo.py:825)
2026-01-04 04:50:16 - INFO -         [TRAINABLE] fps_guided_map_attention.q_proj.bias (shape: torch.Size([2048])) - (2012640:train_csgo.py:825)
2026-01-04 04:50:16 - INFO -         [TRAINABLE] fps_guided_map_attention.k_proj.weight (shape: torch.Size([2048, 2048])) - (2012640:train_csgo.py:825)
2026-01-04 04:50:16 - INFO -         [TRAINABLE] fps_guided_map_attention.k_proj.bias (shape: torch.Size([2048])) - (2012640:train_csgo.py:825)
2026-01-04 04:50:16 - INFO -         [TRAINABLE] fps_guided_map_attention.v_proj.weight (shape: torch.Size([2048, 2048])) - (2012640:train_csgo.py:825)
2026-01-04 04:50:16 - INFO -         [TRAINABLE] fps_guided_map_attention.v_proj.bias (shape: torch.Size([2048])) - (2012640:train_csgo.py:825)
2026-01-04 04:50:16 - INFO -         [TRAINABLE] fps_guided_map_attention.o_proj.weight (shape: torch.Size([2048, 2048])) - (2012640:train_csgo.py:825)
2026-01-04 04:50:16 - INFO -         [TRAINABLE] fps_guided_map_attention.o_proj.bias (shape: torch.Size([2048])) - (2012640:train_csgo.py:825)
2026-01-04 04:50:16 - INFO -         [TRAINABLE] paligemma_with_expert.paligemma.model.vision_tower.vision_model.embeddings.patch_embedding.weight (shape: torch.Size([1152, 3, 14, 14])) - (2012640:train_csgo.py:825)
2026-01-04 04:50:16 - INFO -         [TRAINABLE] paligemma_with_expert.paligemma.model.vision_tower.vision_model.embeddings.patch_embedding.bias (shape: torch.Size([1152])) - (2012640:train_csgo.py:825)
2026-01-04 04:50:16 - INFO -         [TRAINABLE] paligemma_with_expert.paligemma.model.vision_tower.vision_model.embeddings.position_embedding.weight (shape: torch.Size([256, 1152])) - (2012640:train_csgo.py:825)
2026-01-04 04:50:16 - INFO -         [TRAINABLE] paligemma_with_expert.paligemma.model.vision_tower.vision_model.encoder.layers.0.layer_norm1.weight (shape: torch.Size([1152])) - (2012640:train_csgo.py:825)
2026-01-04 04:50:16 - INFO -         [TRAINABLE] paligemma_with_expert.paligemma.model.vision_tower.vision_model.encoder.layers.0.layer_norm1.bias (shape: torch.Size([1152])) - (2012640:train_csgo.py:825)
2026-01-04 04:50:16 - INFO -         [TRAINABLE] paligemma_with_expert.paligemma.model.vision_tower.vision_model.encoder.layers.0.self_attn.k_proj.weight (shape: torch.Size([1152, 1152])) - (2012640:train_csgo.py:825)
2026-01-04 04:50:16 - INFO -         [TRAINABLE] paligemma_with_expert.paligemma.model.vision_tower.vision_model.encoder.layers.0.self_attn.k_proj.bias (shape: torch.Size([1152])) - (2012640:train_csgo.py:825)
2026-01-04 04:50:16 - INFO -         [TRAINABLE] paligemma_with_expert.paligemma.model.vision_tower.vision_model.encoder.layers.0.self_attn.v_proj.weight (shape: torch.Size([1152, 1152])) - (2012640:train_csgo.py:825)
2026-01-04 04:50:16 - INFO -         [TRAINABLE] paligemma_with_expert.paligemma.model.vision_tower.vision_model.encoder.layers.0.self_attn.v_proj.bias (shape: torch.Size([1152])) - (2012640:train_csgo.py:825)
2026-01-04 04:50:16 - INFO -         [TRAINABLE] paligemma_with_expert.paligemma.model.vision_tower.vision_model.encoder.layers.0.self_attn.q_proj.weight (shape: torch.Size([1152, 1152])) - (2012640:train_csgo.py:825)
2026-01-04 04:50:16 - INFO -         [TRAINABLE] paligemma_with_expert.paligemma.model.vision_tower.vision_model.encoder.layers.0.self_attn.q_proj.bias (shape: torch.Size([1152])) - (2012640:train_csgo.py:825)
2026-01-04 04:50:16 - INFO -         [TRAINABLE] paligemma_with_expert.paligemma.model.vision_tower.vision_model.encoder.layers.0.self_attn.out_proj.weight (shape: torch.Size([1152, 1152])) - (2012640:train_csgo.py:825)
2026-01-04 04:50:16 - INFO -         [TRAINABLE] paligemma_with_expert.paligemma.model.vision_tower.vision_model.encoder.layers.0.self_attn.out_proj.bias (shape: torch.Size([1152])) - (2012640:train_csgo.py:825)
2026-01-04 04:50:16 - INFO -         [TRAINABLE] paligemma_with_expert.paligemma.model.vision_tower.vision_model.encoder.layers.0.layer_norm2.weight (shape: torch.Size([1152])) - (2012640:train_csgo.py:825)
2026-01-04 04:50:16 - INFO -         [TRAINABLE] paligemma_with_expert.paligemma.model.vision_tower.vision_model.encoder.layers.0.layer_norm2.bias (shape: torch.Size([1152])) - (2012640:train_csgo.py:825)
2026-01-04 04:50:16 - INFO -         [TRAINABLE] paligemma_with_expert.paligemma.model.vision_tower.vision_model.encoder.layers.0.mlp.fc1.weight (shape: torch.Size([4304, 1152])) - (2012640:train_csgo.py:825)
2026-01-04 04:50:16 - INFO -         [TRAINABLE] paligemma_with_expert.paligemma.model.vision_tower.vision_model.encoder.layers.0.mlp.fc1.bias (shape: torch.Size([4304])) - (2012640:train_csgo.py:825)
2026-01-04 04:50:16 - INFO -         [TRAINABLE] paligemma_with_expert.paligemma.model.vision_tower.vision_model.encoder.layers.0.mlp.fc2.weight (shape: torch.Size([1152, 4304])) - (2012640:train_csgo.py:825)
2026-01-04 04:50:16 - INFO -         [TRAINABLE] paligemma_with_expert.paligemma.model.vision_tower.vision_model.encoder.layers.0.mlp.fc2.bias (shape: torch.Size([1152])) - (2012640:train_csgo.py:825)
2026-01-04 04:50:16 - INFO -         [TRAINABLE] paligemma_with_expert.paligemma.model.vision_tower.vision_model.encoder.layers.1.layer_norm1.weight (shape: torch.Size([1152])) - (2012640:train_csgo.py:825)
2026-01-04 04:50:16 - INFO -         [TRAINABLE] paligemma_with_expert.paligemma.model.vision_tower.vision_model.encoder.layers.1.layer_norm1.bias (shape: torch.Size([1152])) - (2012640:train_csgo.py:825)
2026-01-04 04:50:16 - INFO -         [TRAINABLE] paligemma_with_expert.paligemma.model.vision_tower.vision_model.encoder.layers.1.self_attn.k_proj.weight (shape: torch.Size([1152, 1152])) - (2012640:train_csgo.py:825)
2026-01-04 04:50:16 - INFO -         [TRAINABLE] paligemma_with_expert.paligemma.model.vision_tower.vision_model.encoder.layers.1.self_attn.k_proj.bias (shape: torch.Size([1152])) - (2012640:train_csgo.py:825)
2026-01-04 04:50:16 - INFO -         [TRAINABLE] paligemma_with_expert.paligemma.model.vision_tower.vision_model.encoder.layers.1.self_attn.v_proj.weight (shape: torch.Size([1152, 1152])) - (2012640:train_csgo.py:825)
2026-01-04 04:50:16 - INFO -         [TRAINABLE] paligemma_with_expert.paligemma.model.vision_tower.vision_model.encoder.layers.1.self_attn.v_proj.bias (shape: torch.Size([1152])) - (2012640:train_csgo.py:825)
2026-01-04 04:50:16 - INFO -         [TRAINABLE] paligemma_with_expert.paligemma.model.vision_tower.vision_model.encoder.layers.1.self_attn.q_proj.weight (shape: torch.Size([1152, 1152])) - (2012640:train_csgo.py:825)
2026-01-04 04:50:16 - INFO -         [TRAINABLE] paligemma_with_expert.paligemma.model.vision_tower.vision_model.encoder.layers.1.self_attn.q_proj.bias (shape: torch.Size([1152])) - (2012640:train_csgo.py:825)
2026-01-04 04:50:16 - INFO -         [TRAINABLE] paligemma_with_expert.paligemma.model.vision_tower.vision_model.encoder.layers.1.self_attn.out_proj.weight (shape: torch.Size([1152, 1152])) - (2012640:train_csgo.py:825)
2026-01-04 04:50:16 - INFO -         [TRAINABLE] paligemma_with_expert.paligemma.model.vision_tower.vision_model.encoder.layers.1.self_attn.out_proj.bias (shape: torch.Size([1152])) - (2012640:train_csgo.py:825)
2026-01-04 04:50:16 - INFO -         [TRAINABLE] paligemma_with_expert.paligemma.model.vision_tower.vision_model.encoder.layers.1.layer_norm2.weight (shape: torch.Size([1152])) - (2012640:train_csgo.py:825)
2026-01-04 04:50:16 - INFO -         [TRAINABLE] paligemma_with_expert.paligemma.model.vision_tower.vision_model.encoder.layers.1.layer_norm2.bias (shape: torch.Size([1152])) - (2012640:train_csgo.py:825)
2026-01-04 04:50:16 - INFO -         [TRAINABLE] paligemma_with_expert.paligemma.model.vision_tower.vision_model.encoder.layers.1.mlp.fc1.weight (shape: torch.Size([4304, 1152])) - (2012640:train_csgo.py:825)
2026-01-04 04:50:16 - INFO -         [TRAINABLE] paligemma_with_expert.paligemma.model.vision_tower.vision_model.encoder.layers.1.mlp.fc1.bias (shape: torch.Size([4304])) - (2012640:train_csgo.py:825)
2026-01-04 04:50:16 - INFO -         [TRAINABLE] paligemma_with_expert.paligemma.model.vision_tower.vision_model.encoder.layers.1.mlp.fc2.weight (shape: torch.Size([1152, 4304])) - (2012640:train_csgo.py:825)
2026-01-04 04:50:16 - INFO -         [TRAINABLE] paligemma_with_expert.paligemma.model.vision_tower.vision_model.encoder.layers.1.mlp.fc2.bias (shape: torch.Size([1152])) - (2012640:train_csgo.py:825)
2026-01-04 04:50:16 - INFO -         [TRAINABLE] paligemma_with_expert.paligemma.model.vision_tower.vision_model.encoder.layers.2.layer_norm1.weight (shape: torch.Size([1152])) - (2012640:train_csgo.py:825)
2026-01-04 04:50:16 - INFO -         [TRAINABLE] paligemma_with_expert.paligemma.model.vision_tower.vision_model.encoder.layers.2.layer_norm1.bias (shape: torch.Size([1152])) - (2012640:train_csgo.py:825)
2026-01-04 04:50:16 - INFO -         [TRAINABLE] paligemma_with_expert.paligemma.model.vision_tower.vision_model.encoder.layers.2.self_attn.k_proj.weight (shape: torch.Size([1152, 1152])) - (2012640:train_csgo.py:825)
2026-01-04 04:50:16 - INFO -         [TRAINABLE] paligemma_with_expert.paligemma.model.vision_tower.vision_model.encoder.layers.2.self_attn.k_proj.bias (shape: torch.Size([1152])) - (2012640:train_csgo.py:825)
2026-01-04 04:50:16 - INFO -         [TRAINABLE] paligemma_with_expert.paligemma.model.vision_tower.vision_model.encoder.layers.2.self_attn.v_proj.weight (shape: torch.Size([1152, 1152])) - (2012640:train_csgo.py:825)
2026-01-04 04:50:16 - INFO -         [TRAINABLE] paligemma_with_expert.paligemma.model.vision_tower.vision_model.encoder.layers.2.self_attn.v_proj.bias (shape: torch.Size([1152])) - (2012640:train_csgo.py:825)
2026-01-04 04:50:16 - INFO -         [TRAINABLE] paligemma_with_expert.paligemma.model.vision_tower.vision_model.encoder.layers.2.self_attn.q_proj.weight (shape: torch.Size([1152, 1152])) - (2012640:train_csgo.py:825)
2026-01-04 04:50:16 - INFO -         [TRAINABLE] paligemma_with_expert.paligemma.model.vision_tower.vision_model.encoder.layers.2.self_attn.q_proj.bias (shape: torch.Size([1152])) - (2012640:train_csgo.py:825)
2026-01-04 04:50:16 - INFO -         [TRAINABLE] paligemma_with_expert.paligemma.model.vision_tower.vision_model.encoder.layers.2.self_attn.out_proj.weight (shape: torch.Size([1152, 1152])) - (2012640:train_csgo.py:825)
2026-01-04 04:50:16 - INFO -         [TRAINABLE] paligemma_with_expert.paligemma.model.vision_tower.vision_model.encoder.layers.2.self_attn.out_proj.bias (shape: torch.Size([1152])) - (2012640:train_csgo.py:825)
2026-01-04 04:50:16 - INFO -         [TRAINABLE] paligemma_with_expert.paligemma.model.vision_tower.vision_model.encoder.layers.2.layer_norm2.weight (shape: torch.Size([1152])) - (2012640:train_csgo.py:825)
2026-01-04 04:50:16 - INFO -         [TRAINABLE] paligemma_with_expert.paligemma.model.vision_tower.vision_model.encoder.layers.2.layer_norm2.bias (shape: torch.Size([1152])) - (2012640:train_csgo.py:825)
2026-01-04 04:50:16 - INFO -         [TRAINABLE] paligemma_with_expert.paligemma.model.vision_tower.vision_model.encoder.layers.2.mlp.fc1.weight (shape: torch.Size([4304, 1152])) - (2012640:train_csgo.py:825)
2026-01-04 04:50:16 - INFO -         [TRAINABLE] paligemma_with_expert.paligemma.model.vision_tower.vision_model.encoder.layers.2.mlp.fc1.bias (shape: torch.Size([4304])) - (2012640:train_csgo.py:825)
2026-01-04 04:50:16 - INFO -         [TRAINABLE] paligemma_with_expert.paligemma.model.vision_tower.vision_model.encoder.layers.2.mlp.fc2.weight (shape: torch.Size([1152, 4304])) - (2012640:train_csgo.py:825)
2026-01-04 04:50:16 - INFO -         [TRAINABLE] paligemma_with_expert.paligemma.model.vision_tower.vision_model.encoder.layers.2.mlp.fc2.bias (shape: torch.Size([1152])) - (2012640:train_csgo.py:825)
2026-01-04 04:50:16 - INFO -         [TRAINABLE] paligemma_with_expert.paligemma.model.vision_tower.vision_model.encoder.layers.3.layer_norm1.weight (shape: torch.Size([1152])) - (2012640:train_csgo.py:825)
2026-01-04 04:50:16 - INFO -         [TRAINABLE] paligemma_with_expert.paligemma.model.vision_tower.vision_model.encoder.layers.3.layer_norm1.bias (shape: torch.Size([1152])) - (2012640:train_csgo.py:825)
2026-01-04 04:50:16 - INFO -         [TRAINABLE] paligemma_with_expert.paligemma.model.vision_tower.vision_model.encoder.layers.3.self_attn.k_proj.weight (shape: torch.Size([1152, 1152])) - (2012640:train_csgo.py:825)
2026-01-04 04:50:16 - INFO -         [TRAINABLE] paligemma_with_expert.paligemma.model.vision_tower.vision_model.encoder.layers.3.self_attn.k_proj.bias (shape: torch.Size([1152])) - (2012640:train_csgo.py:825)
2026-01-04 04:50:16 - INFO -         [TRAINABLE] paligemma_with_expert.paligemma.model.vision_tower.vision_model.encoder.layers.3.self_attn.v_proj.weight (shape: torch.Size([1152, 1152])) - (2012640:train_csgo.py:825)
2026-01-04 04:50:16 - INFO -         [TRAINABLE] paligemma_with_expert.paligemma.model.vision_tower.vision_model.encoder.layers.3.self_attn.v_proj.bias (shape: torch.Size([1152])) - (2012640:train_csgo.py:825)
2026-01-04 04:50:16 - INFO -         [TRAINABLE] paligemma_with_expert.paligemma.model.vision_tower.vision_model.encoder.layers.3.self_attn.q_proj.weight (shape: torch.Size([1152, 1152])) - (2012640:train_csgo.py:825)
2026-01-04 04:50:16 - INFO -         [TRAINABLE] paligemma_with_expert.paligemma.model.vision_tower.vision_model.encoder.layers.3.self_attn.q_proj.bias (shape: torch.Size([1152])) - (2012640:train_csgo.py:825)
2026-01-04 04:50:16 - INFO -         [TRAINABLE] paligemma_with_expert.paligemma.model.vision_tower.vision_model.encoder.layers.3.self_attn.out_proj.weight (shape: torch.Size([1152, 1152])) - (2012640:train_csgo.py:825)
2026-01-04 04:50:16 - INFO -         [TRAINABLE] paligemma_with_expert.paligemma.model.vision_tower.vision_model.encoder.layers.3.self_attn.out_proj.bias (shape: torch.Size([1152])) - (2012640:train_csgo.py:825)
2026-01-04 04:50:16 - INFO -         [TRAINABLE] paligemma_with_expert.paligemma.model.vision_tower.vision_model.encoder.layers.3.layer_norm2.weight (shape: torch.Size([1152])) - (2012640:train_csgo.py:825)
2026-01-04 04:50:16 - INFO -         [TRAINABLE] paligemma_with_expert.paligemma.model.vision_tower.vision_model.encoder.layers.3.layer_norm2.bias (shape: torch.Size([1152])) - (2012640:train_csgo.py:825)
2026-01-04 04:50:16 - INFO -         [TRAINABLE] paligemma_with_expert.paligemma.model.vision_tower.vision_model.encoder.layers.3.mlp.fc1.weight (shape: torch.Size([4304, 1152])) - (2012640:train_csgo.py:825)
2026-01-04 04:50:16 - INFO -         [TRAINABLE] paligemma_with_expert.paligemma.model.vision_tower.vision_model.encoder.layers.3.mlp.fc1.bias (shape: torch.Size([4304])) - (2012640:train_csgo.py:825)
2026-01-04 04:50:16 - INFO -         [TRAINABLE] paligemma_with_expert.paligemma.model.vision_tower.vision_model.encoder.layers.3.mlp.fc2.weight (shape: torch.Size([1152, 4304])) - (2012640:train_csgo.py:825)
2026-01-04 04:50:16 - INFO -         [TRAINABLE] paligemma_with_expert.paligemma.model.vision_tower.vision_model.encoder.layers.3.mlp.fc2.bias (shape: torch.Size([1152])) - (2012640:train_csgo.py:825)
2026-01-04 04:50:16 - INFO -         [TRAINABLE] paligemma_with_expert.paligemma.model.vision_tower.vision_model.encoder.layers.4.layer_norm1.weight (shape: torch.Size([1152])) - (2012640:train_csgo.py:825)
2026-01-04 04:50:16 - INFO -         [TRAINABLE] paligemma_with_expert.paligemma.model.vision_tower.vision_model.encoder.layers.4.layer_norm1.bias (shape: torch.Size([1152])) - (2012640:train_csgo.py:825)
2026-01-04 04:50:16 - INFO -         [TRAINABLE] paligemma_with_expert.paligemma.model.vision_tower.vision_model.encoder.layers.4.self_attn.k_proj.weight (shape: torch.Size([1152, 1152])) - (2012640:train_csgo.py:825)
2026-01-04 04:50:16 - INFO -         [TRAINABLE] paligemma_with_expert.paligemma.model.vision_tower.vision_model.encoder.layers.4.self_attn.k_proj.bias (shape: torch.Size([1152])) - (2012640:train_csgo.py:825)
2026-01-04 04:50:16 - INFO -         [TRAINABLE] paligemma_with_expert.paligemma.model.vision_tower.vision_model.encoder.layers.4.self_attn.v_proj.weight (shape: torch.Size([1152, 1152])) - (2012640:train_csgo.py:825)
2026-01-04 04:50:16 - INFO -         [TRAINABLE] paligemma_with_expert.paligemma.model.vision_tower.vision_model.encoder.layers.4.self_attn.v_proj.bias (shape: torch.Size([1152])) - (2012640:train_csgo.py:825)
2026-01-04 04:50:16 - INFO -         [TRAINABLE] paligemma_with_expert.paligemma.model.vision_tower.vision_model.encoder.layers.4.self_attn.q_proj.weight (shape: torch.Size([1152, 1152])) - (2012640:train_csgo.py:825)
2026-01-04 04:50:16 - INFO -         [TRAINABLE] paligemma_with_expert.paligemma.model.vision_tower.vision_model.encoder.layers.4.self_attn.q_proj.bias (shape: torch.Size([1152])) - (2012640:train_csgo.py:825)
2026-01-04 04:50:16 - INFO -         [TRAINABLE] paligemma_with_expert.paligemma.model.vision_tower.vision_model.encoder.layers.4.self_attn.out_proj.weight (shape: torch.Size([1152, 1152])) - (2012640:train_csgo.py:825)
2026-01-04 04:50:16 - INFO -         [TRAINABLE] paligemma_with_expert.paligemma.model.vision_tower.vision_model.encoder.layers.4.self_attn.out_proj.bias (shape: torch.Size([1152])) - (2012640:train_csgo.py:825)
2026-01-04 04:50:16 - INFO -         [TRAINABLE] paligemma_with_expert.paligemma.model.vision_tower.vision_model.encoder.layers.4.layer_norm2.weight (shape: torch.Size([1152])) - (2012640:train_csgo.py:825)
2026-01-04 04:50:16 - INFO -         [TRAINABLE] paligemma_with_expert.paligemma.model.vision_tower.vision_model.encoder.layers.4.layer_norm2.bias (shape: torch.Size([1152])) - (2012640:train_csgo.py:825)
2026-01-04 04:50:16 - INFO -         [TRAINABLE] paligemma_with_expert.paligemma.model.vision_tower.vision_model.encoder.layers.4.mlp.fc1.weight (shape: torch.Size([4304, 1152])) - (2012640:train_csgo.py:825)
2026-01-04 04:50:16 - INFO -         [TRAINABLE] paligemma_with_expert.paligemma.model.vision_tower.vision_model.encoder.layers.4.mlp.fc1.bias (shape: torch.Size([4304])) - (2012640:train_csgo.py:825)
2026-01-04 04:50:16 - INFO -         [TRAINABLE] paligemma_with_expert.paligemma.model.vision_tower.vision_model.encoder.layers.4.mlp.fc2.weight (shape: torch.Size([1152, 4304])) - (2012640:train_csgo.py:825)
2026-01-04 04:50:16 - INFO -         [TRAINABLE] paligemma_with_expert.paligemma.model.vision_tower.vision_model.encoder.layers.4.mlp.fc2.bias (shape: torch.Size([1152])) - (2012640:train_csgo.py:825)
2026-01-04 04:50:16 - INFO -         [TRAINABLE] paligemma_with_expert.paligemma.model.vision_tower.vision_model.encoder.layers.5.layer_norm1.weight (shape: torch.Size([1152])) - (2012640:train_csgo.py:825)
2026-01-04 04:50:16 - INFO -         [TRAINABLE] paligemma_with_expert.paligemma.model.vision_tower.vision_model.encoder.layers.5.layer_norm1.bias (shape: torch.Size([1152])) - (2012640:train_csgo.py:825)
2026-01-04 04:50:16 - INFO -         [TRAINABLE] paligemma_with_expert.paligemma.model.vision_tower.vision_model.encoder.layers.5.self_attn.k_proj.weight (shape: torch.Size([1152, 1152])) - (2012640:train_csgo.py:825)
2026-01-04 04:50:16 - INFO -         [TRAINABLE] paligemma_with_expert.paligemma.model.vision_tower.vision_model.encoder.layers.5.self_attn.k_proj.bias (shape: torch.Size([1152])) - (2012640:train_csgo.py:825)
2026-01-04 04:50:16 - INFO -         [TRAINABLE] paligemma_with_expert.paligemma.model.vision_tower.vision_model.encoder.layers.5.self_attn.v_proj.weight (shape: torch.Size([1152, 1152])) - (2012640:train_csgo.py:825)
2026-01-04 04:50:16 - INFO -         [TRAINABLE] paligemma_with_expert.paligemma.model.vision_tower.vision_model.encoder.layers.5.self_attn.v_proj.bias (shape: torch.Size([1152])) - (2012640:train_csgo.py:825)
2026-01-04 04:50:16 - INFO -         [TRAINABLE] paligemma_with_expert.paligemma.model.vision_tower.vision_model.encoder.layers.5.self_attn.q_proj.weight (shape: torch.Size([1152, 1152])) - (2012640:train_csgo.py:825)
2026-01-04 04:50:16 - INFO -         [TRAINABLE] paligemma_with_expert.paligemma.model.vision_tower.vision_model.encoder.layers.5.self_attn.q_proj.bias (shape: torch.Size([1152])) - (2012640:train_csgo.py:825)
2026-01-04 04:50:16 - INFO -         [TRAINABLE] paligemma_with_expert.paligemma.model.vision_tower.vision_model.encoder.layers.5.self_attn.out_proj.weight (shape: torch.Size([1152, 1152])) - (2012640:train_csgo.py:825)
2026-01-04 04:50:16 - INFO -         [TRAINABLE] paligemma_with_expert.paligemma.model.vision_tower.vision_model.encoder.layers.5.self_attn.out_proj.bias (shape: torch.Size([1152])) - (2012640:train_csgo.py:825)
2026-01-04 04:50:16 - INFO -         [TRAINABLE] paligemma_with_expert.paligemma.model.vision_tower.vision_model.encoder.layers.5.layer_norm2.weight (shape: torch.Size([1152])) - (2012640:train_csgo.py:825)
2026-01-04 04:50:16 - INFO -         [TRAINABLE] paligemma_with_expert.paligemma.model.vision_tower.vision_model.encoder.layers.5.layer_norm2.bias (shape: torch.Size([1152])) - (2012640:train_csgo.py:825)
2026-01-04 04:50:16 - INFO -         [TRAINABLE] paligemma_with_expert.paligemma.model.vision_tower.vision_model.encoder.layers.5.mlp.fc1.weight (shape: torch.Size([4304, 1152])) - (2012640:train_csgo.py:825)
2026-01-04 04:50:16 - INFO -         [TRAINABLE] paligemma_with_expert.paligemma.model.vision_tower.vision_model.encoder.layers.5.mlp.fc1.bias (shape: torch.Size([4304])) - (2012640:train_csgo.py:825)
2026-01-04 04:50:16 - INFO -         [TRAINABLE] paligemma_with_expert.paligemma.model.vision_tower.vision_model.encoder.layers.5.mlp.fc2.weight (shape: torch.Size([1152, 4304])) - (2012640:train_csgo.py:825)
2026-01-04 04:50:16 - INFO -         [TRAINABLE] paligemma_with_expert.paligemma.model.vision_tower.vision_model.encoder.layers.5.mlp.fc2.bias (shape: torch.Size([1152])) - (2012640:train_csgo.py:825)
2026-01-04 04:50:16 - INFO -         [TRAINABLE] paligemma_with_expert.paligemma.model.vision_tower.vision_model.encoder.layers.6.layer_norm1.weight (shape: torch.Size([1152])) - (2012640:train_csgo.py:825)
2026-01-04 04:50:16 - INFO -         [TRAINABLE] paligemma_with_expert.paligemma.model.vision_tower.vision_model.encoder.layers.6.layer_norm1.bias (shape: torch.Size([1152])) - (2012640:train_csgo.py:825)
2026-01-04 04:50:16 - INFO -         [TRAINABLE] paligemma_with_expert.paligemma.model.vision_tower.vision_model.encoder.layers.6.self_attn.k_proj.weight (shape: torch.Size([1152, 1152])) - (2012640:train_csgo.py:825)
2026-01-04 04:50:16 - INFO -         [TRAINABLE] paligemma_with_expert.paligemma.model.vision_tower.vision_model.encoder.layers.6.self_attn.k_proj.bias (shape: torch.Size([1152])) - (2012640:train_csgo.py:825)
2026-01-04 04:50:16 - INFO -         [TRAINABLE] paligemma_with_expert.paligemma.model.vision_tower.vision_model.encoder.layers.6.self_attn.v_proj.weight (shape: torch.Size([1152, 1152])) - (2012640:train_csgo.py:825)
2026-01-04 04:50:16 - INFO -         [TRAINABLE] paligemma_with_expert.paligemma.model.vision_tower.vision_model.encoder.layers.6.self_attn.v_proj.bias (shape: torch.Size([1152])) - (2012640:train_csgo.py:825)
2026-01-04 04:50:16 - INFO -         [TRAINABLE] paligemma_with_expert.paligemma.model.vision_tower.vision_model.encoder.layers.6.self_attn.q_proj.weight (shape: torch.Size([1152, 1152])) - (2012640:train_csgo.py:825)
2026-01-04 04:50:16 - INFO -         [TRAINABLE] paligemma_with_expert.paligemma.model.vision_tower.vision_model.encoder.layers.6.self_attn.q_proj.bias (shape: torch.Size([1152])) - (2012640:train_csgo.py:825)
2026-01-04 04:50:16 - INFO -         [TRAINABLE] paligemma_with_expert.paligemma.model.vision_tower.vision_model.encoder.layers.6.self_attn.out_proj.weight (shape: torch.Size([1152, 1152])) - (2012640:train_csgo.py:825)
2026-01-04 04:50:16 - INFO -         [TRAINABLE] paligemma_with_expert.paligemma.model.vision_tower.vision_model.encoder.layers.6.self_attn.out_proj.bias (shape: torch.Size([1152])) - (2012640:train_csgo.py:825)
2026-01-04 04:50:16 - INFO -         [TRAINABLE] paligemma_with_expert.paligemma.model.vision_tower.vision_model.encoder.layers.6.layer_norm2.weight (shape: torch.Size([1152])) - (2012640:train_csgo.py:825)
2026-01-04 04:50:16 - INFO -         [TRAINABLE] paligemma_with_expert.paligemma.model.vision_tower.vision_model.encoder.layers.6.layer_norm2.bias (shape: torch.Size([1152])) - (2012640:train_csgo.py:825)
2026-01-04 04:50:16 - INFO -         [TRAINABLE] paligemma_with_expert.paligemma.model.vision_tower.vision_model.encoder.layers.6.mlp.fc1.weight (shape: torch.Size([4304, 1152])) - (2012640:train_csgo.py:825)
2026-01-04 04:50:16 - INFO -         [TRAINABLE] paligemma_with_expert.paligemma.model.vision_tower.vision_model.encoder.layers.6.mlp.fc1.bias (shape: torch.Size([4304])) - (2012640:train_csgo.py:825)
2026-01-04 04:50:16 - INFO -         [TRAINABLE] paligemma_with_expert.paligemma.model.vision_tower.vision_model.encoder.layers.6.mlp.fc2.weight (shape: torch.Size([1152, 4304])) - (2012640:train_csgo.py:825)
2026-01-04 04:50:16 - INFO -         [TRAINABLE] paligemma_with_expert.paligemma.model.vision_tower.vision_model.encoder.layers.6.mlp.fc2.bias (shape: torch.Size([1152])) - (2012640:train_csgo.py:825)
2026-01-04 04:50:16 - INFO -         [TRAINABLE] paligemma_with_expert.paligemma.model.vision_tower.vision_model.encoder.layers.7.layer_norm1.weight (shape: torch.Size([1152])) - (2012640:train_csgo.py:825)
2026-01-04 04:50:16 - INFO -         [TRAINABLE] paligemma_with_expert.paligemma.model.vision_tower.vision_model.encoder.layers.7.layer_norm1.bias (shape: torch.Size([1152])) - (2012640:train_csgo.py:825)
2026-01-04 04:50:16 - INFO -         [TRAINABLE] paligemma_with_expert.paligemma.model.vision_tower.vision_model.encoder.layers.7.self_attn.k_proj.weight (shape: torch.Size([1152, 1152])) - (2012640:train_csgo.py:825)
2026-01-04 04:50:16 - INFO -         [TRAINABLE] paligemma_with_expert.paligemma.model.vision_tower.vision_model.encoder.layers.7.self_attn.k_proj.bias (shape: torch.Size([1152])) - (2012640:train_csgo.py:825)
2026-01-04 04:50:16 - INFO -         [TRAINABLE] paligemma_with_expert.paligemma.model.vision_tower.vision_model.encoder.layers.7.self_attn.v_proj.weight (shape: torch.Size([1152, 1152])) - (2012640:train_csgo.py:825)
2026-01-04 04:50:16 - INFO -         [TRAINABLE] paligemma_with_expert.paligemma.model.vision_tower.vision_model.encoder.layers.7.self_attn.v_proj.bias (shape: torch.Size([1152])) - (2012640:train_csgo.py:825)
2026-01-04 04:50:16 - INFO -         [TRAINABLE] paligemma_with_expert.paligemma.model.vision_tower.vision_model.encoder.layers.7.self_attn.q_proj.weight (shape: torch.Size([1152, 1152])) - (2012640:train_csgo.py:825)
2026-01-04 04:50:16 - INFO -         [TRAINABLE] paligemma_with_expert.paligemma.model.vision_tower.vision_model.encoder.layers.7.self_attn.q_proj.bias (shape: torch.Size([1152])) - (2012640:train_csgo.py:825)
2026-01-04 04:50:16 - INFO -         [TRAINABLE] paligemma_with_expert.paligemma.model.vision_tower.vision_model.encoder.layers.7.self_attn.out_proj.weight (shape: torch.Size([1152, 1152])) - (2012640:train_csgo.py:825)
2026-01-04 04:50:16 - INFO -         [TRAINABLE] paligemma_with_expert.paligemma.model.vision_tower.vision_model.encoder.layers.7.self_attn.out_proj.bias (shape: torch.Size([1152])) - (2012640:train_csgo.py:825)
2026-01-04 04:50:16 - INFO -         [TRAINABLE] paligemma_with_expert.paligemma.model.vision_tower.vision_model.encoder.layers.7.layer_norm2.weight (shape: torch.Size([1152])) - (2012640:train_csgo.py:825)
2026-01-04 04:50:16 - INFO -         [TRAINABLE] paligemma_with_expert.paligemma.model.vision_tower.vision_model.encoder.layers.7.layer_norm2.bias (shape: torch.Size([1152])) - (2012640:train_csgo.py:825)
2026-01-04 04:50:16 - INFO -         [TRAINABLE] paligemma_with_expert.paligemma.model.vision_tower.vision_model.encoder.layers.7.mlp.fc1.weight (shape: torch.Size([4304, 1152])) - (2012640:train_csgo.py:825)
2026-01-04 04:50:16 - INFO -         [TRAINABLE] paligemma_with_expert.paligemma.model.vision_tower.vision_model.encoder.layers.7.mlp.fc1.bias (shape: torch.Size([4304])) - (2012640:train_csgo.py:825)
2026-01-04 04:50:16 - INFO -         [TRAINABLE] paligemma_with_expert.paligemma.model.vision_tower.vision_model.encoder.layers.7.mlp.fc2.weight (shape: torch.Size([1152, 4304])) - (2012640:train_csgo.py:825)
2026-01-04 04:50:16 - INFO -         [TRAINABLE] paligemma_with_expert.paligemma.model.vision_tower.vision_model.encoder.layers.7.mlp.fc2.bias (shape: torch.Size([1152])) - (2012640:train_csgo.py:825)
2026-01-04 04:50:16 - INFO -         [TRAINABLE] paligemma_with_expert.paligemma.model.vision_tower.vision_model.encoder.layers.8.layer_norm1.weight (shape: torch.Size([1152])) - (2012640:train_csgo.py:825)
2026-01-04 04:50:16 - INFO -         [TRAINABLE] paligemma_with_expert.paligemma.model.vision_tower.vision_model.encoder.layers.8.layer_norm1.bias (shape: torch.Size([1152])) - (2012640:train_csgo.py:825)
2026-01-04 04:50:16 - INFO -         [TRAINABLE] paligemma_with_expert.paligemma.model.vision_tower.vision_model.encoder.layers.8.self_attn.k_proj.weight (shape: torch.Size([1152, 1152])) - (2012640:train_csgo.py:825)
2026-01-04 04:50:16 - INFO -         [TRAINABLE] paligemma_with_expert.paligemma.model.vision_tower.vision_model.encoder.layers.8.self_attn.k_proj.bias (shape: torch.Size([1152])) - (2012640:train_csgo.py:825)
2026-01-04 04:50:16 - INFO -         [TRAINABLE] paligemma_with_expert.paligemma.model.vision_tower.vision_model.encoder.layers.8.self_attn.v_proj.weight (shape: torch.Size([1152, 1152])) - (2012640:train_csgo.py:825)
2026-01-04 04:50:16 - INFO -         [TRAINABLE] paligemma_with_expert.paligemma.model.vision_tower.vision_model.encoder.layers.8.self_attn.v_proj.bias (shape: torch.Size([1152])) - (2012640:train_csgo.py:825)
2026-01-04 04:50:16 - INFO -         [TRAINABLE] paligemma_with_expert.paligemma.model.vision_tower.vision_model.encoder.layers.8.self_attn.q_proj.weight (shape: torch.Size([1152, 1152])) - (2012640:train_csgo.py:825)
2026-01-04 04:50:16 - INFO -         [TRAINABLE] paligemma_with_expert.paligemma.model.vision_tower.vision_model.encoder.layers.8.self_attn.q_proj.bias (shape: torch.Size([1152])) - (2012640:train_csgo.py:825)
2026-01-04 04:50:16 - INFO -         [TRAINABLE] paligemma_with_expert.paligemma.model.vision_tower.vision_model.encoder.layers.8.self_attn.out_proj.weight (shape: torch.Size([1152, 1152])) - (2012640:train_csgo.py:825)
2026-01-04 04:50:16 - INFO -         [TRAINABLE] paligemma_with_expert.paligemma.model.vision_tower.vision_model.encoder.layers.8.self_attn.out_proj.bias (shape: torch.Size([1152])) - (2012640:train_csgo.py:825)
2026-01-04 04:50:16 - INFO -         [TRAINABLE] paligemma_with_expert.paligemma.model.vision_tower.vision_model.encoder.layers.8.layer_norm2.weight (shape: torch.Size([1152])) - (2012640:train_csgo.py:825)
2026-01-04 04:50:16 - INFO -         [TRAINABLE] paligemma_with_expert.paligemma.model.vision_tower.vision_model.encoder.layers.8.layer_norm2.bias (shape: torch.Size([1152])) - (2012640:train_csgo.py:825)
2026-01-04 04:50:16 - INFO -         [TRAINABLE] paligemma_with_expert.paligemma.model.vision_tower.vision_model.encoder.layers.8.mlp.fc1.weight (shape: torch.Size([4304, 1152])) - (2012640:train_csgo.py:825)
2026-01-04 04:50:16 - INFO -         [TRAINABLE] paligemma_with_expert.paligemma.model.vision_tower.vision_model.encoder.layers.8.mlp.fc1.bias (shape: torch.Size([4304])) - (2012640:train_csgo.py:825)
2026-01-04 04:50:16 - INFO -         [TRAINABLE] paligemma_with_expert.paligemma.model.vision_tower.vision_model.encoder.layers.8.mlp.fc2.weight (shape: torch.Size([1152, 4304])) - (2012640:train_csgo.py:825)
2026-01-04 04:50:16 - INFO -         [TRAINABLE] paligemma_with_expert.paligemma.model.vision_tower.vision_model.encoder.layers.8.mlp.fc2.bias (shape: torch.Size([1152])) - (2012640:train_csgo.py:825)
2026-01-04 04:50:16 - INFO -         [TRAINABLE] paligemma_with_expert.paligemma.model.vision_tower.vision_model.encoder.layers.9.layer_norm1.weight (shape: torch.Size([1152])) - (2012640:train_csgo.py:825)
2026-01-04 04:50:16 - INFO -         [TRAINABLE] paligemma_with_expert.paligemma.model.vision_tower.vision_model.encoder.layers.9.layer_norm1.bias (shape: torch.Size([1152])) - (2012640:train_csgo.py:825)
2026-01-04 04:50:16 - INFO -         [TRAINABLE] paligemma_with_expert.paligemma.model.vision_tower.vision_model.encoder.layers.9.self_attn.k_proj.weight (shape: torch.Size([1152, 1152])) - (2012640:train_csgo.py:825)
2026-01-04 04:50:16 - INFO -         [TRAINABLE] paligemma_with_expert.paligemma.model.vision_tower.vision_model.encoder.layers.9.self_attn.k_proj.bias (shape: torch.Size([1152])) - (2012640:train_csgo.py:825)
2026-01-04 04:50:16 - INFO -         [TRAINABLE] paligemma_with_expert.paligemma.model.vision_tower.vision_model.encoder.layers.9.self_attn.v_proj.weight (shape: torch.Size([1152, 1152])) - (2012640:train_csgo.py:825)
2026-01-04 04:50:16 - INFO -         [TRAINABLE] paligemma_with_expert.paligemma.model.vision_tower.vision_model.encoder.layers.9.self_attn.v_proj.bias (shape: torch.Size([1152])) - (2012640:train_csgo.py:825)
2026-01-04 04:50:16 - INFO -         [TRAINABLE] paligemma_with_expert.paligemma.model.vision_tower.vision_model.encoder.layers.9.self_attn.q_proj.weight (shape: torch.Size([1152, 1152])) - (2012640:train_csgo.py:825)
2026-01-04 04:50:16 - INFO -         [TRAINABLE] paligemma_with_expert.paligemma.model.vision_tower.vision_model.encoder.layers.9.self_attn.q_proj.bias (shape: torch.Size([1152])) - (2012640:train_csgo.py:825)
2026-01-04 04:50:16 - INFO -         [TRAINABLE] paligemma_with_expert.paligemma.model.vision_tower.vision_model.encoder.layers.9.self_attn.out_proj.weight (shape: torch.Size([1152, 1152])) - (2012640:train_csgo.py:825)
2026-01-04 04:50:16 - INFO -         [TRAINABLE] paligemma_with_expert.paligemma.model.vision_tower.vision_model.encoder.layers.9.self_attn.out_proj.bias (shape: torch.Size([1152])) - (2012640:train_csgo.py:825)
2026-01-04 04:50:16 - INFO -         [TRAINABLE] paligemma_with_expert.paligemma.model.vision_tower.vision_model.encoder.layers.9.layer_norm2.weight (shape: torch.Size([1152])) - (2012640:train_csgo.py:825)
2026-01-04 04:50:16 - INFO -         [TRAINABLE] paligemma_with_expert.paligemma.model.vision_tower.vision_model.encoder.layers.9.layer_norm2.bias (shape: torch.Size([1152])) - (2012640:train_csgo.py:825)
2026-01-04 04:50:16 - INFO -         [TRAINABLE] paligemma_with_expert.paligemma.model.vision_tower.vision_model.encoder.layers.9.mlp.fc1.weight (shape: torch.Size([4304, 1152])) - (2012640:train_csgo.py:825)
2026-01-04 04:50:16 - INFO -         [TRAINABLE] paligemma_with_expert.paligemma.model.vision_tower.vision_model.encoder.layers.9.mlp.fc1.bias (shape: torch.Size([4304])) - (2012640:train_csgo.py:825)
2026-01-04 04:50:16 - INFO -         [TRAINABLE] paligemma_with_expert.paligemma.model.vision_tower.vision_model.encoder.layers.9.mlp.fc2.weight (shape: torch.Size([1152, 4304])) - (2012640:train_csgo.py:825)
2026-01-04 04:50:16 - INFO -         [TRAINABLE] paligemma_with_expert.paligemma.model.vision_tower.vision_model.encoder.layers.9.mlp.fc2.bias (shape: torch.Size([1152])) - (2012640:train_csgo.py:825)
2026-01-04 04:50:16 - INFO -         [TRAINABLE] paligemma_with_expert.paligemma.model.vision_tower.vision_model.encoder.layers.10.layer_norm1.weight (shape: torch.Size([1152])) - (2012640:train_csgo.py:825)
2026-01-04 04:50:16 - INFO -         [TRAINABLE] paligemma_with_expert.paligemma.model.vision_tower.vision_model.encoder.layers.10.layer_norm1.bias (shape: torch.Size([1152])) - (2012640:train_csgo.py:825)
2026-01-04 04:50:16 - INFO -         [TRAINABLE] paligemma_with_expert.paligemma.model.vision_tower.vision_model.encoder.layers.10.self_attn.k_proj.weight (shape: torch.Size([1152, 1152])) - (2012640:train_csgo.py:825)
2026-01-04 04:50:16 - INFO -         [TRAINABLE] paligemma_with_expert.paligemma.model.vision_tower.vision_model.encoder.layers.10.self_attn.k_proj.bias (shape: torch.Size([1152])) - (2012640:train_csgo.py:825)
2026-01-04 04:50:16 - INFO -         [TRAINABLE] paligemma_with_expert.paligemma.model.vision_tower.vision_model.encoder.layers.10.self_attn.v_proj.weight (shape: torch.Size([1152, 1152])) - (2012640:train_csgo.py:825)
2026-01-04 04:50:16 - INFO -         [TRAINABLE] paligemma_with_expert.paligemma.model.vision_tower.vision_model.encoder.layers.10.self_attn.v_proj.bias (shape: torch.Size([1152])) - (2012640:train_csgo.py:825)
2026-01-04 04:50:16 - INFO -         [TRAINABLE] paligemma_with_expert.paligemma.model.vision_tower.vision_model.encoder.layers.10.self_attn.q_proj.weight (shape: torch.Size([1152, 1152])) - (2012640:train_csgo.py:825)
2026-01-04 04:50:16 - INFO -         [TRAINABLE] paligemma_with_expert.paligemma.model.vision_tower.vision_model.encoder.layers.10.self_attn.q_proj.bias (shape: torch.Size([1152])) - (2012640:train_csgo.py:825)
2026-01-04 04:50:16 - INFO -         [TRAINABLE] paligemma_with_expert.paligemma.model.vision_tower.vision_model.encoder.layers.10.self_attn.out_proj.weight (shape: torch.Size([1152, 1152])) - (2012640:train_csgo.py:825)
2026-01-04 04:50:16 - INFO -         [TRAINABLE] paligemma_with_expert.paligemma.model.vision_tower.vision_model.encoder.layers.10.self_attn.out_proj.bias (shape: torch.Size([1152])) - (2012640:train_csgo.py:825)
2026-01-04 04:50:16 - INFO -         [TRAINABLE] paligemma_with_expert.paligemma.model.vision_tower.vision_model.encoder.layers.10.layer_norm2.weight (shape: torch.Size([1152])) - (2012640:train_csgo.py:825)
2026-01-04 04:50:16 - INFO -         [TRAINABLE] paligemma_with_expert.paligemma.model.vision_tower.vision_model.encoder.layers.10.layer_norm2.bias (shape: torch.Size([1152])) - (2012640:train_csgo.py:825)
2026-01-04 04:50:16 - INFO -         [TRAINABLE] paligemma_with_expert.paligemma.model.vision_tower.vision_model.encoder.layers.10.mlp.fc1.weight (shape: torch.Size([4304, 1152])) - (2012640:train_csgo.py:825)
2026-01-04 04:50:16 - INFO -         [TRAINABLE] paligemma_with_expert.paligemma.model.vision_tower.vision_model.encoder.layers.10.mlp.fc1.bias (shape: torch.Size([4304])) - (2012640:train_csgo.py:825)
2026-01-04 04:50:16 - INFO -         [TRAINABLE] paligemma_with_expert.paligemma.model.vision_tower.vision_model.encoder.layers.10.mlp.fc2.weight (shape: torch.Size([1152, 4304])) - (2012640:train_csgo.py:825)
2026-01-04 04:50:16 - INFO -         [TRAINABLE] paligemma_with_expert.paligemma.model.vision_tower.vision_model.encoder.layers.10.mlp.fc2.bias (shape: torch.Size([1152])) - (2012640:train_csgo.py:825)
2026-01-04 04:50:16 - INFO -         [TRAINABLE] paligemma_with_expert.paligemma.model.vision_tower.vision_model.encoder.layers.11.layer_norm1.weight (shape: torch.Size([1152])) - (2012640:train_csgo.py:825)
2026-01-04 04:50:16 - INFO -         [TRAINABLE] paligemma_with_expert.paligemma.model.vision_tower.vision_model.encoder.layers.11.layer_norm1.bias (shape: torch.Size([1152])) - (2012640:train_csgo.py:825)
2026-01-04 04:50:16 - INFO -         [TRAINABLE] paligemma_with_expert.paligemma.model.vision_tower.vision_model.encoder.layers.11.self_attn.k_proj.weight (shape: torch.Size([1152, 1152])) - (2012640:train_csgo.py:825)
2026-01-04 04:50:16 - INFO -         [TRAINABLE] paligemma_with_expert.paligemma.model.vision_tower.vision_model.encoder.layers.11.self_attn.k_proj.bias (shape: torch.Size([1152])) - (2012640:train_csgo.py:825)
2026-01-04 04:50:16 - INFO -         [TRAINABLE] paligemma_with_expert.paligemma.model.vision_tower.vision_model.encoder.layers.11.self_attn.v_proj.weight (shape: torch.Size([1152, 1152])) - (2012640:train_csgo.py:825)
2026-01-04 04:50:16 - INFO -         [TRAINABLE] paligemma_with_expert.paligemma.model.vision_tower.vision_model.encoder.layers.11.self_attn.v_proj.bias (shape: torch.Size([1152])) - (2012640:train_csgo.py:825)
2026-01-04 04:50:16 - INFO -         [TRAINABLE] paligemma_with_expert.paligemma.model.vision_tower.vision_model.encoder.layers.11.self_attn.q_proj.weight (shape: torch.Size([1152, 1152])) - (2012640:train_csgo.py:825)
2026-01-04 04:50:16 - INFO -         [TRAINABLE] paligemma_with_expert.paligemma.model.vision_tower.vision_model.encoder.layers.11.self_attn.q_proj.bias (shape: torch.Size([1152])) - (2012640:train_csgo.py:825)
2026-01-04 04:50:16 - INFO -         [TRAINABLE] paligemma_with_expert.paligemma.model.vision_tower.vision_model.encoder.layers.11.self_attn.out_proj.weight (shape: torch.Size([1152, 1152])) - (2012640:train_csgo.py:825)
2026-01-04 04:50:16 - INFO -         [TRAINABLE] paligemma_with_expert.paligemma.model.vision_tower.vision_model.encoder.layers.11.self_attn.out_proj.bias (shape: torch.Size([1152])) - (2012640:train_csgo.py:825)
2026-01-04 04:50:16 - INFO -         [TRAINABLE] paligemma_with_expert.paligemma.model.vision_tower.vision_model.encoder.layers.11.layer_norm2.weight (shape: torch.Size([1152])) - (2012640:train_csgo.py:825)
2026-01-04 04:50:16 - INFO -         [TRAINABLE] paligemma_with_expert.paligemma.model.vision_tower.vision_model.encoder.layers.11.layer_norm2.bias (shape: torch.Size([1152])) - (2012640:train_csgo.py:825)
2026-01-04 04:50:16 - INFO -         [TRAINABLE] paligemma_with_expert.paligemma.model.vision_tower.vision_model.encoder.layers.11.mlp.fc1.weight (shape: torch.Size([4304, 1152])) - (2012640:train_csgo.py:825)
2026-01-04 04:50:16 - INFO -         [TRAINABLE] paligemma_with_expert.paligemma.model.vision_tower.vision_model.encoder.layers.11.mlp.fc1.bias (shape: torch.Size([4304])) - (2012640:train_csgo.py:825)
2026-01-04 04:50:16 - INFO -         [TRAINABLE] paligemma_with_expert.paligemma.model.vision_tower.vision_model.encoder.layers.11.mlp.fc2.weight (shape: torch.Size([1152, 4304])) - (2012640:train_csgo.py:825)
2026-01-04 04:50:16 - INFO -         [TRAINABLE] paligemma_with_expert.paligemma.model.vision_tower.vision_model.encoder.layers.11.mlp.fc2.bias (shape: torch.Size([1152])) - (2012640:train_csgo.py:825)
2026-01-04 04:50:16 - INFO -         [TRAINABLE] paligemma_with_expert.paligemma.model.vision_tower.vision_model.encoder.layers.12.layer_norm1.weight (shape: torch.Size([1152])) - (2012640:train_csgo.py:825)
2026-01-04 04:50:16 - INFO -         [TRAINABLE] paligemma_with_expert.paligemma.model.vision_tower.vision_model.encoder.layers.12.layer_norm1.bias (shape: torch.Size([1152])) - (2012640:train_csgo.py:825)
2026-01-04 04:50:16 - INFO -         [TRAINABLE] paligemma_with_expert.paligemma.model.vision_tower.vision_model.encoder.layers.12.self_attn.k_proj.weight (shape: torch.Size([1152, 1152])) - (2012640:train_csgo.py:825)
2026-01-04 04:50:16 - INFO -         [TRAINABLE] paligemma_with_expert.paligemma.model.vision_tower.vision_model.encoder.layers.12.self_attn.k_proj.bias (shape: torch.Size([1152])) - (2012640:train_csgo.py:825)
2026-01-04 04:50:16 - INFO -         [TRAINABLE] paligemma_with_expert.paligemma.model.vision_tower.vision_model.encoder.layers.12.self_attn.v_proj.weight (shape: torch.Size([1152, 1152])) - (2012640:train_csgo.py:825)
2026-01-04 04:50:16 - INFO -         [TRAINABLE] paligemma_with_expert.paligemma.model.vision_tower.vision_model.encoder.layers.12.self_attn.v_proj.bias (shape: torch.Size([1152])) - (2012640:train_csgo.py:825)
2026-01-04 04:50:16 - INFO -         [TRAINABLE] paligemma_with_expert.paligemma.model.vision_tower.vision_model.encoder.layers.12.self_attn.q_proj.weight (shape: torch.Size([1152, 1152])) - (2012640:train_csgo.py:825)
2026-01-04 04:50:16 - INFO -         [TRAINABLE] paligemma_with_expert.paligemma.model.vision_tower.vision_model.encoder.layers.12.self_attn.q_proj.bias (shape: torch.Size([1152])) - (2012640:train_csgo.py:825)
2026-01-04 04:50:16 - INFO -         [TRAINABLE] paligemma_with_expert.paligemma.model.vision_tower.vision_model.encoder.layers.12.self_attn.out_proj.weight (shape: torch.Size([1152, 1152])) - (2012640:train_csgo.py:825)
2026-01-04 04:50:16 - INFO -         [TRAINABLE] paligemma_with_expert.paligemma.model.vision_tower.vision_model.encoder.layers.12.self_attn.out_proj.bias (shape: torch.Size([1152])) - (2012640:train_csgo.py:825)
2026-01-04 04:50:16 - INFO -         [TRAINABLE] paligemma_with_expert.paligemma.model.vision_tower.vision_model.encoder.layers.12.layer_norm2.weight (shape: torch.Size([1152])) - (2012640:train_csgo.py:825)
2026-01-04 04:50:16 - INFO -         [TRAINABLE] paligemma_with_expert.paligemma.model.vision_tower.vision_model.encoder.layers.12.layer_norm2.bias (shape: torch.Size([1152])) - (2012640:train_csgo.py:825)
2026-01-04 04:50:16 - INFO -         [TRAINABLE] paligemma_with_expert.paligemma.model.vision_tower.vision_model.encoder.layers.12.mlp.fc1.weight (shape: torch.Size([4304, 1152])) - (2012640:train_csgo.py:825)
2026-01-04 04:50:16 - INFO -         [TRAINABLE] paligemma_with_expert.paligemma.model.vision_tower.vision_model.encoder.layers.12.mlp.fc1.bias (shape: torch.Size([4304])) - (2012640:train_csgo.py:825)
2026-01-04 04:50:16 - INFO -         [TRAINABLE] paligemma_with_expert.paligemma.model.vision_tower.vision_model.encoder.layers.12.mlp.fc2.weight (shape: torch.Size([1152, 4304])) - (2012640:train_csgo.py:825)
2026-01-04 04:50:16 - INFO -         [TRAINABLE] paligemma_with_expert.paligemma.model.vision_tower.vision_model.encoder.layers.12.mlp.fc2.bias (shape: torch.Size([1152])) - (2012640:train_csgo.py:825)
2026-01-04 04:50:16 - INFO -         [TRAINABLE] paligemma_with_expert.paligemma.model.vision_tower.vision_model.encoder.layers.13.layer_norm1.weight (shape: torch.Size([1152])) - (2012640:train_csgo.py:825)
2026-01-04 04:50:16 - INFO -         [TRAINABLE] paligemma_with_expert.paligemma.model.vision_tower.vision_model.encoder.layers.13.layer_norm1.bias (shape: torch.Size([1152])) - (2012640:train_csgo.py:825)
2026-01-04 04:50:16 - INFO -         [TRAINABLE] paligemma_with_expert.paligemma.model.vision_tower.vision_model.encoder.layers.13.self_attn.k_proj.weight (shape: torch.Size([1152, 1152])) - (2012640:train_csgo.py:825)
2026-01-04 04:50:16 - INFO -         [TRAINABLE] paligemma_with_expert.paligemma.model.vision_tower.vision_model.encoder.layers.13.self_attn.k_proj.bias (shape: torch.Size([1152])) - (2012640:train_csgo.py:825)
2026-01-04 04:50:16 - INFO -         [TRAINABLE] paligemma_with_expert.paligemma.model.vision_tower.vision_model.encoder.layers.13.self_attn.v_proj.weight (shape: torch.Size([1152, 1152])) - (2012640:train_csgo.py:825)
2026-01-04 04:50:16 - INFO -         [TRAINABLE] paligemma_with_expert.paligemma.model.vision_tower.vision_model.encoder.layers.13.self_attn.v_proj.bias (shape: torch.Size([1152])) - (2012640:train_csgo.py:825)
2026-01-04 04:50:16 - INFO -         [TRAINABLE] paligemma_with_expert.paligemma.model.vision_tower.vision_model.encoder.layers.13.self_attn.q_proj.weight (shape: torch.Size([1152, 1152])) - (2012640:train_csgo.py:825)
2026-01-04 04:50:16 - INFO -         [TRAINABLE] paligemma_with_expert.paligemma.model.vision_tower.vision_model.encoder.layers.13.self_attn.q_proj.bias (shape: torch.Size([1152])) - (2012640:train_csgo.py:825)
2026-01-04 04:50:16 - INFO -         [TRAINABLE] paligemma_with_expert.paligemma.model.vision_tower.vision_model.encoder.layers.13.self_attn.out_proj.weight (shape: torch.Size([1152, 1152])) - (2012640:train_csgo.py:825)
2026-01-04 04:50:16 - INFO -         [TRAINABLE] paligemma_with_expert.paligemma.model.vision_tower.vision_model.encoder.layers.13.self_attn.out_proj.bias (shape: torch.Size([1152])) - (2012640:train_csgo.py:825)
2026-01-04 04:50:16 - INFO -         [TRAINABLE] paligemma_with_expert.paligemma.model.vision_tower.vision_model.encoder.layers.13.layer_norm2.weight (shape: torch.Size([1152])) - (2012640:train_csgo.py:825)
2026-01-04 04:50:16 - INFO -         [TRAINABLE] paligemma_with_expert.paligemma.model.vision_tower.vision_model.encoder.layers.13.layer_norm2.bias (shape: torch.Size([1152])) - (2012640:train_csgo.py:825)
2026-01-04 04:50:16 - INFO -         [TRAINABLE] paligemma_with_expert.paligemma.model.vision_tower.vision_model.encoder.layers.13.mlp.fc1.weight (shape: torch.Size([4304, 1152])) - (2012640:train_csgo.py:825)
2026-01-04 04:50:16 - INFO -         [TRAINABLE] paligemma_with_expert.paligemma.model.vision_tower.vision_model.encoder.layers.13.mlp.fc1.bias (shape: torch.Size([4304])) - (2012640:train_csgo.py:825)
2026-01-04 04:50:16 - INFO -         [TRAINABLE] paligemma_with_expert.paligemma.model.vision_tower.vision_model.encoder.layers.13.mlp.fc2.weight (shape: torch.Size([1152, 4304])) - (2012640:train_csgo.py:825)
2026-01-04 04:50:16 - INFO -         [TRAINABLE] paligemma_with_expert.paligemma.model.vision_tower.vision_model.encoder.layers.13.mlp.fc2.bias (shape: torch.Size([1152])) - (2012640:train_csgo.py:825)
2026-01-04 04:50:16 - INFO -         [TRAINABLE] paligemma_with_expert.paligemma.model.vision_tower.vision_model.encoder.layers.14.layer_norm1.weight (shape: torch.Size([1152])) - (2012640:train_csgo.py:825)
2026-01-04 04:50:16 - INFO -         [TRAINABLE] paligemma_with_expert.paligemma.model.vision_tower.vision_model.encoder.layers.14.layer_norm1.bias (shape: torch.Size([1152])) - (2012640:train_csgo.py:825)
2026-01-04 04:50:16 - INFO -         [TRAINABLE] paligemma_with_expert.paligemma.model.vision_tower.vision_model.encoder.layers.14.self_attn.k_proj.weight (shape: torch.Size([1152, 1152])) - (2012640:train_csgo.py:825)
2026-01-04 04:50:16 - INFO -         [TRAINABLE] paligemma_with_expert.paligemma.model.vision_tower.vision_model.encoder.layers.14.self_attn.k_proj.bias (shape: torch.Size([1152])) - (2012640:train_csgo.py:825)
2026-01-04 04:50:16 - INFO -         [TRAINABLE] paligemma_with_expert.paligemma.model.vision_tower.vision_model.encoder.layers.14.self_attn.v_proj.weight (shape: torch.Size([1152, 1152])) - (2012640:train_csgo.py:825)
2026-01-04 04:50:16 - INFO -         [TRAINABLE] paligemma_with_expert.paligemma.model.vision_tower.vision_model.encoder.layers.14.self_attn.v_proj.bias (shape: torch.Size([1152])) - (2012640:train_csgo.py:825)
2026-01-04 04:50:16 - INFO -         [TRAINABLE] paligemma_with_expert.paligemma.model.vision_tower.vision_model.encoder.layers.14.self_attn.q_proj.weight (shape: torch.Size([1152, 1152])) - (2012640:train_csgo.py:825)
2026-01-04 04:50:16 - INFO -         [TRAINABLE] paligemma_with_expert.paligemma.model.vision_tower.vision_model.encoder.layers.14.self_attn.q_proj.bias (shape: torch.Size([1152])) - (2012640:train_csgo.py:825)
2026-01-04 04:50:16 - INFO -         [TRAINABLE] paligemma_with_expert.paligemma.model.vision_tower.vision_model.encoder.layers.14.self_attn.out_proj.weight (shape: torch.Size([1152, 1152])) - (2012640:train_csgo.py:825)
2026-01-04 04:50:16 - INFO -         [TRAINABLE] paligemma_with_expert.paligemma.model.vision_tower.vision_model.encoder.layers.14.self_attn.out_proj.bias (shape: torch.Size([1152])) - (2012640:train_csgo.py:825)
2026-01-04 04:50:16 - INFO -         [TRAINABLE] paligemma_with_expert.paligemma.model.vision_tower.vision_model.encoder.layers.14.layer_norm2.weight (shape: torch.Size([1152])) - (2012640:train_csgo.py:825)
2026-01-04 04:50:16 - INFO -         [TRAINABLE] paligemma_with_expert.paligemma.model.vision_tower.vision_model.encoder.layers.14.layer_norm2.bias (shape: torch.Size([1152])) - (2012640:train_csgo.py:825)
2026-01-04 04:50:16 - INFO -         [TRAINABLE] paligemma_with_expert.paligemma.model.vision_tower.vision_model.encoder.layers.14.mlp.fc1.weight (shape: torch.Size([4304, 1152])) - (2012640:train_csgo.py:825)
2026-01-04 04:50:16 - INFO -         [TRAINABLE] paligemma_with_expert.paligemma.model.vision_tower.vision_model.encoder.layers.14.mlp.fc1.bias (shape: torch.Size([4304])) - (2012640:train_csgo.py:825)
2026-01-04 04:50:16 - INFO -         [TRAINABLE] paligemma_with_expert.paligemma.model.vision_tower.vision_model.encoder.layers.14.mlp.fc2.weight (shape: torch.Size([1152, 4304])) - (2012640:train_csgo.py:825)
2026-01-04 04:50:16 - INFO -         [TRAINABLE] paligemma_with_expert.paligemma.model.vision_tower.vision_model.encoder.layers.14.mlp.fc2.bias (shape: torch.Size([1152])) - (2012640:train_csgo.py:825)
2026-01-04 04:50:16 - INFO -         [TRAINABLE] paligemma_with_expert.paligemma.model.vision_tower.vision_model.encoder.layers.15.layer_norm1.weight (shape: torch.Size([1152])) - (2012640:train_csgo.py:825)
2026-01-04 04:50:16 - INFO -         [TRAINABLE] paligemma_with_expert.paligemma.model.vision_tower.vision_model.encoder.layers.15.layer_norm1.bias (shape: torch.Size([1152])) - (2012640:train_csgo.py:825)
2026-01-04 04:50:16 - INFO -         [TRAINABLE] paligemma_with_expert.paligemma.model.vision_tower.vision_model.encoder.layers.15.self_attn.k_proj.weight (shape: torch.Size([1152, 1152])) - (2012640:train_csgo.py:825)
2026-01-04 04:50:16 - INFO -         [TRAINABLE] paligemma_with_expert.paligemma.model.vision_tower.vision_model.encoder.layers.15.self_attn.k_proj.bias (shape: torch.Size([1152])) - (2012640:train_csgo.py:825)
2026-01-04 04:50:16 - INFO -         [TRAINABLE] paligemma_with_expert.paligemma.model.vision_tower.vision_model.encoder.layers.15.self_attn.v_proj.weight (shape: torch.Size([1152, 1152])) - (2012640:train_csgo.py:825)
2026-01-04 04:50:16 - INFO -         [TRAINABLE] paligemma_with_expert.paligemma.model.vision_tower.vision_model.encoder.layers.15.self_attn.v_proj.bias (shape: torch.Size([1152])) - (2012640:train_csgo.py:825)
2026-01-04 04:50:16 - INFO -         [TRAINABLE] paligemma_with_expert.paligemma.model.vision_tower.vision_model.encoder.layers.15.self_attn.q_proj.weight (shape: torch.Size([1152, 1152])) - (2012640:train_csgo.py:825)
2026-01-04 04:50:16 - INFO -         [TRAINABLE] paligemma_with_expert.paligemma.model.vision_tower.vision_model.encoder.layers.15.self_attn.q_proj.bias (shape: torch.Size([1152])) - (2012640:train_csgo.py:825)
2026-01-04 04:50:16 - INFO -         [TRAINABLE] paligemma_with_expert.paligemma.model.vision_tower.vision_model.encoder.layers.15.self_attn.out_proj.weight (shape: torch.Size([1152, 1152])) - (2012640:train_csgo.py:825)
2026-01-04 04:50:16 - INFO -         [TRAINABLE] paligemma_with_expert.paligemma.model.vision_tower.vision_model.encoder.layers.15.self_attn.out_proj.bias (shape: torch.Size([1152])) - (2012640:train_csgo.py:825)
2026-01-04 04:50:16 - INFO -         [TRAINABLE] paligemma_with_expert.paligemma.model.vision_tower.vision_model.encoder.layers.15.layer_norm2.weight (shape: torch.Size([1152])) - (2012640:train_csgo.py:825)
2026-01-04 04:50:16 - INFO -         [TRAINABLE] paligemma_with_expert.paligemma.model.vision_tower.vision_model.encoder.layers.15.layer_norm2.bias (shape: torch.Size([1152])) - (2012640:train_csgo.py:825)
2026-01-04 04:50:16 - INFO -         [TRAINABLE] paligemma_with_expert.paligemma.model.vision_tower.vision_model.encoder.layers.15.mlp.fc1.weight (shape: torch.Size([4304, 1152])) - (2012640:train_csgo.py:825)
2026-01-04 04:50:16 - INFO -         [TRAINABLE] paligemma_with_expert.paligemma.model.vision_tower.vision_model.encoder.layers.15.mlp.fc1.bias (shape: torch.Size([4304])) - (2012640:train_csgo.py:825)
2026-01-04 04:50:16 - INFO -         [TRAINABLE] paligemma_with_expert.paligemma.model.vision_tower.vision_model.encoder.layers.15.mlp.fc2.weight (shape: torch.Size([1152, 4304])) - (2012640:train_csgo.py:825)
2026-01-04 04:50:16 - INFO -         [TRAINABLE] paligemma_with_expert.paligemma.model.vision_tower.vision_model.encoder.layers.15.mlp.fc2.bias (shape: torch.Size([1152])) - (2012640:train_csgo.py:825)
2026-01-04 04:50:16 - INFO -         [TRAINABLE] paligemma_with_expert.paligemma.model.vision_tower.vision_model.encoder.layers.16.layer_norm1.weight (shape: torch.Size([1152])) - (2012640:train_csgo.py:825)
2026-01-04 04:50:16 - INFO -         [TRAINABLE] paligemma_with_expert.paligemma.model.vision_tower.vision_model.encoder.layers.16.layer_norm1.bias (shape: torch.Size([1152])) - (2012640:train_csgo.py:825)
2026-01-04 04:50:16 - INFO -         [TRAINABLE] paligemma_with_expert.paligemma.model.vision_tower.vision_model.encoder.layers.16.self_attn.k_proj.weight (shape: torch.Size([1152, 1152])) - (2012640:train_csgo.py:825)
2026-01-04 04:50:16 - INFO -         [TRAINABLE] paligemma_with_expert.paligemma.model.vision_tower.vision_model.encoder.layers.16.self_attn.k_proj.bias (shape: torch.Size([1152])) - (2012640:train_csgo.py:825)
2026-01-04 04:50:16 - INFO -         [TRAINABLE] paligemma_with_expert.paligemma.model.vision_tower.vision_model.encoder.layers.16.self_attn.v_proj.weight (shape: torch.Size([1152, 1152])) - (2012640:train_csgo.py:825)
2026-01-04 04:50:16 - INFO -         [TRAINABLE] paligemma_with_expert.paligemma.model.vision_tower.vision_model.encoder.layers.16.self_attn.v_proj.bias (shape: torch.Size([1152])) - (2012640:train_csgo.py:825)
2026-01-04 04:50:16 - INFO -         [TRAINABLE] paligemma_with_expert.paligemma.model.vision_tower.vision_model.encoder.layers.16.self_attn.q_proj.weight (shape: torch.Size([1152, 1152])) - (2012640:train_csgo.py:825)
2026-01-04 04:50:16 - INFO -         [TRAINABLE] paligemma_with_expert.paligemma.model.vision_tower.vision_model.encoder.layers.16.self_attn.q_proj.bias (shape: torch.Size([1152])) - (2012640:train_csgo.py:825)
2026-01-04 04:50:16 - INFO -         [TRAINABLE] paligemma_with_expert.paligemma.model.vision_tower.vision_model.encoder.layers.16.self_attn.out_proj.weight (shape: torch.Size([1152, 1152])) - (2012640:train_csgo.py:825)
2026-01-04 04:50:16 - INFO -         [TRAINABLE] paligemma_with_expert.paligemma.model.vision_tower.vision_model.encoder.layers.16.self_attn.out_proj.bias (shape: torch.Size([1152])) - (2012640:train_csgo.py:825)
2026-01-04 04:50:16 - INFO -         [TRAINABLE] paligemma_with_expert.paligemma.model.vision_tower.vision_model.encoder.layers.16.layer_norm2.weight (shape: torch.Size([1152])) - (2012640:train_csgo.py:825)
2026-01-04 04:50:16 - INFO -         [TRAINABLE] paligemma_with_expert.paligemma.model.vision_tower.vision_model.encoder.layers.16.layer_norm2.bias (shape: torch.Size([1152])) - (2012640:train_csgo.py:825)
2026-01-04 04:50:16 - INFO -         [TRAINABLE] paligemma_with_expert.paligemma.model.vision_tower.vision_model.encoder.layers.16.mlp.fc1.weight (shape: torch.Size([4304, 1152])) - (2012640:train_csgo.py:825)
2026-01-04 04:50:16 - INFO -         [TRAINABLE] paligemma_with_expert.paligemma.model.vision_tower.vision_model.encoder.layers.16.mlp.fc1.bias (shape: torch.Size([4304])) - (2012640:train_csgo.py:825)
2026-01-04 04:50:16 - INFO -         [TRAINABLE] paligemma_with_expert.paligemma.model.vision_tower.vision_model.encoder.layers.16.mlp.fc2.weight (shape: torch.Size([1152, 4304])) - (2012640:train_csgo.py:825)
2026-01-04 04:50:16 - INFO -         [TRAINABLE] paligemma_with_expert.paligemma.model.vision_tower.vision_model.encoder.layers.16.mlp.fc2.bias (shape: torch.Size([1152])) - (2012640:train_csgo.py:825)
2026-01-04 04:50:16 - INFO -         [TRAINABLE] paligemma_with_expert.paligemma.model.vision_tower.vision_model.encoder.layers.17.layer_norm1.weight (shape: torch.Size([1152])) - (2012640:train_csgo.py:825)
2026-01-04 04:50:16 - INFO -         [TRAINABLE] paligemma_with_expert.paligemma.model.vision_tower.vision_model.encoder.layers.17.layer_norm1.bias (shape: torch.Size([1152])) - (2012640:train_csgo.py:825)
2026-01-04 04:50:16 - INFO -         [TRAINABLE] paligemma_with_expert.paligemma.model.vision_tower.vision_model.encoder.layers.17.self_attn.k_proj.weight (shape: torch.Size([1152, 1152])) - (2012640:train_csgo.py:825)
2026-01-04 04:50:16 - INFO -         [TRAINABLE] paligemma_with_expert.paligemma.model.vision_tower.vision_model.encoder.layers.17.self_attn.k_proj.bias (shape: torch.Size([1152])) - (2012640:train_csgo.py:825)
2026-01-04 04:50:16 - INFO -         [TRAINABLE] paligemma_with_expert.paligemma.model.vision_tower.vision_model.encoder.layers.17.self_attn.v_proj.weight (shape: torch.Size([1152, 1152])) - (2012640:train_csgo.py:825)
2026-01-04 04:50:16 - INFO -         [TRAINABLE] paligemma_with_expert.paligemma.model.vision_tower.vision_model.encoder.layers.17.self_attn.v_proj.bias (shape: torch.Size([1152])) - (2012640:train_csgo.py:825)
2026-01-04 04:50:16 - INFO -         [TRAINABLE] paligemma_with_expert.paligemma.model.vision_tower.vision_model.encoder.layers.17.self_attn.q_proj.weight (shape: torch.Size([1152, 1152])) - (2012640:train_csgo.py:825)
2026-01-04 04:50:16 - INFO -         [TRAINABLE] paligemma_with_expert.paligemma.model.vision_tower.vision_model.encoder.layers.17.self_attn.q_proj.bias (shape: torch.Size([1152])) - (2012640:train_csgo.py:825)
2026-01-04 04:50:16 - INFO -         [TRAINABLE] paligemma_with_expert.paligemma.model.vision_tower.vision_model.encoder.layers.17.self_attn.out_proj.weight (shape: torch.Size([1152, 1152])) - (2012640:train_csgo.py:825)
2026-01-04 04:50:16 - INFO -         [TRAINABLE] paligemma_with_expert.paligemma.model.vision_tower.vision_model.encoder.layers.17.self_attn.out_proj.bias (shape: torch.Size([1152])) - (2012640:train_csgo.py:825)
2026-01-04 04:50:16 - INFO -         [TRAINABLE] paligemma_with_expert.paligemma.model.vision_tower.vision_model.encoder.layers.17.layer_norm2.weight (shape: torch.Size([1152])) - (2012640:train_csgo.py:825)
2026-01-04 04:50:16 - INFO -         [TRAINABLE] paligemma_with_expert.paligemma.model.vision_tower.vision_model.encoder.layers.17.layer_norm2.bias (shape: torch.Size([1152])) - (2012640:train_csgo.py:825)
2026-01-04 04:50:16 - INFO -         [TRAINABLE] paligemma_with_expert.paligemma.model.vision_tower.vision_model.encoder.layers.17.mlp.fc1.weight (shape: torch.Size([4304, 1152])) - (2012640:train_csgo.py:825)
2026-01-04 04:50:16 - INFO -         [TRAINABLE] paligemma_with_expert.paligemma.model.vision_tower.vision_model.encoder.layers.17.mlp.fc1.bias (shape: torch.Size([4304])) - (2012640:train_csgo.py:825)
2026-01-04 04:50:16 - INFO -         [TRAINABLE] paligemma_with_expert.paligemma.model.vision_tower.vision_model.encoder.layers.17.mlp.fc2.weight (shape: torch.Size([1152, 4304])) - (2012640:train_csgo.py:825)
2026-01-04 04:50:16 - INFO -         [TRAINABLE] paligemma_with_expert.paligemma.model.vision_tower.vision_model.encoder.layers.17.mlp.fc2.bias (shape: torch.Size([1152])) - (2012640:train_csgo.py:825)
2026-01-04 04:50:16 - INFO -         [TRAINABLE] paligemma_with_expert.paligemma.model.vision_tower.vision_model.encoder.layers.18.layer_norm1.weight (shape: torch.Size([1152])) - (2012640:train_csgo.py:825)
2026-01-04 04:50:16 - INFO -         [TRAINABLE] paligemma_with_expert.paligemma.model.vision_tower.vision_model.encoder.layers.18.layer_norm1.bias (shape: torch.Size([1152])) - (2012640:train_csgo.py:825)
2026-01-04 04:50:16 - INFO -         [TRAINABLE] paligemma_with_expert.paligemma.model.vision_tower.vision_model.encoder.layers.18.self_attn.k_proj.weight (shape: torch.Size([1152, 1152])) - (2012640:train_csgo.py:825)
2026-01-04 04:50:16 - INFO -         [TRAINABLE] paligemma_with_expert.paligemma.model.vision_tower.vision_model.encoder.layers.18.self_attn.k_proj.bias (shape: torch.Size([1152])) - (2012640:train_csgo.py:825)
2026-01-04 04:50:16 - INFO -         [TRAINABLE] paligemma_with_expert.paligemma.model.vision_tower.vision_model.encoder.layers.18.self_attn.v_proj.weight (shape: torch.Size([1152, 1152])) - (2012640:train_csgo.py:825)
2026-01-04 04:50:16 - INFO -         [TRAINABLE] paligemma_with_expert.paligemma.model.vision_tower.vision_model.encoder.layers.18.self_attn.v_proj.bias (shape: torch.Size([1152])) - (2012640:train_csgo.py:825)
2026-01-04 04:50:16 - INFO -         [TRAINABLE] paligemma_with_expert.paligemma.model.vision_tower.vision_model.encoder.layers.18.self_attn.q_proj.weight (shape: torch.Size([1152, 1152])) - (2012640:train_csgo.py:825)
2026-01-04 04:50:16 - INFO -         [TRAINABLE] paligemma_with_expert.paligemma.model.vision_tower.vision_model.encoder.layers.18.self_attn.q_proj.bias (shape: torch.Size([1152])) - (2012640:train_csgo.py:825)
2026-01-04 04:50:16 - INFO -         [TRAINABLE] paligemma_with_expert.paligemma.model.vision_tower.vision_model.encoder.layers.18.self_attn.out_proj.weight (shape: torch.Size([1152, 1152])) - (2012640:train_csgo.py:825)
2026-01-04 04:50:16 - INFO -         [TRAINABLE] paligemma_with_expert.paligemma.model.vision_tower.vision_model.encoder.layers.18.self_attn.out_proj.bias (shape: torch.Size([1152])) - (2012640:train_csgo.py:825)
2026-01-04 04:50:16 - INFO -         [TRAINABLE] paligemma_with_expert.paligemma.model.vision_tower.vision_model.encoder.layers.18.layer_norm2.weight (shape: torch.Size([1152])) - (2012640:train_csgo.py:825)
2026-01-04 04:50:16 - INFO -         [TRAINABLE] paligemma_with_expert.paligemma.model.vision_tower.vision_model.encoder.layers.18.layer_norm2.bias (shape: torch.Size([1152])) - (2012640:train_csgo.py:825)
2026-01-04 04:50:16 - INFO -         [TRAINABLE] paligemma_with_expert.paligemma.model.vision_tower.vision_model.encoder.layers.18.mlp.fc1.weight (shape: torch.Size([4304, 1152])) - (2012640:train_csgo.py:825)
2026-01-04 04:50:16 - INFO -         [TRAINABLE] paligemma_with_expert.paligemma.model.vision_tower.vision_model.encoder.layers.18.mlp.fc1.bias (shape: torch.Size([4304])) - (2012640:train_csgo.py:825)
2026-01-04 04:50:16 - INFO -         [TRAINABLE] paligemma_with_expert.paligemma.model.vision_tower.vision_model.encoder.layers.18.mlp.fc2.weight (shape: torch.Size([1152, 4304])) - (2012640:train_csgo.py:825)
2026-01-04 04:50:16 - INFO -         [TRAINABLE] paligemma_with_expert.paligemma.model.vision_tower.vision_model.encoder.layers.18.mlp.fc2.bias (shape: torch.Size([1152])) - (2012640:train_csgo.py:825)
2026-01-04 04:50:16 - INFO -         [TRAINABLE] paligemma_with_expert.paligemma.model.vision_tower.vision_model.encoder.layers.19.layer_norm1.weight (shape: torch.Size([1152])) - (2012640:train_csgo.py:825)
2026-01-04 04:50:16 - INFO -         [TRAINABLE] paligemma_with_expert.paligemma.model.vision_tower.vision_model.encoder.layers.19.layer_norm1.bias (shape: torch.Size([1152])) - (2012640:train_csgo.py:825)
2026-01-04 04:50:16 - INFO -         [TRAINABLE] paligemma_with_expert.paligemma.model.vision_tower.vision_model.encoder.layers.19.self_attn.k_proj.weight (shape: torch.Size([1152, 1152])) - (2012640:train_csgo.py:825)
2026-01-04 04:50:16 - INFO -         [TRAINABLE] paligemma_with_expert.paligemma.model.vision_tower.vision_model.encoder.layers.19.self_attn.k_proj.bias (shape: torch.Size([1152])) - (2012640:train_csgo.py:825)
2026-01-04 04:50:16 - INFO -         [TRAINABLE] paligemma_with_expert.paligemma.model.vision_tower.vision_model.encoder.layers.19.self_attn.v_proj.weight (shape: torch.Size([1152, 1152])) - (2012640:train_csgo.py:825)
2026-01-04 04:50:16 - INFO -         [TRAINABLE] paligemma_with_expert.paligemma.model.vision_tower.vision_model.encoder.layers.19.self_attn.v_proj.bias (shape: torch.Size([1152])) - (2012640:train_csgo.py:825)
2026-01-04 04:50:16 - INFO -         [TRAINABLE] paligemma_with_expert.paligemma.model.vision_tower.vision_model.encoder.layers.19.self_attn.q_proj.weight (shape: torch.Size([1152, 1152])) - (2012640:train_csgo.py:825)
2026-01-04 04:50:16 - INFO -         [TRAINABLE] paligemma_with_expert.paligemma.model.vision_tower.vision_model.encoder.layers.19.self_attn.q_proj.bias (shape: torch.Size([1152])) - (2012640:train_csgo.py:825)
2026-01-04 04:50:16 - INFO -         [TRAINABLE] paligemma_with_expert.paligemma.model.vision_tower.vision_model.encoder.layers.19.self_attn.out_proj.weight (shape: torch.Size([1152, 1152])) - (2012640:train_csgo.py:825)
2026-01-04 04:50:16 - INFO -         [TRAINABLE] paligemma_with_expert.paligemma.model.vision_tower.vision_model.encoder.layers.19.self_attn.out_proj.bias (shape: torch.Size([1152])) - (2012640:train_csgo.py:825)
2026-01-04 04:50:16 - INFO -         [TRAINABLE] paligemma_with_expert.paligemma.model.vision_tower.vision_model.encoder.layers.19.layer_norm2.weight (shape: torch.Size([1152])) - (2012640:train_csgo.py:825)
2026-01-04 04:50:16 - INFO -         [TRAINABLE] paligemma_with_expert.paligemma.model.vision_tower.vision_model.encoder.layers.19.layer_norm2.bias (shape: torch.Size([1152])) - (2012640:train_csgo.py:825)
2026-01-04 04:50:16 - INFO -         [TRAINABLE] paligemma_with_expert.paligemma.model.vision_tower.vision_model.encoder.layers.19.mlp.fc1.weight (shape: torch.Size([4304, 1152])) - (2012640:train_csgo.py:825)
2026-01-04 04:50:16 - INFO -         [TRAINABLE] paligemma_with_expert.paligemma.model.vision_tower.vision_model.encoder.layers.19.mlp.fc1.bias (shape: torch.Size([4304])) - (2012640:train_csgo.py:825)
2026-01-04 04:50:16 - INFO -         [TRAINABLE] paligemma_with_expert.paligemma.model.vision_tower.vision_model.encoder.layers.19.mlp.fc2.weight (shape: torch.Size([1152, 4304])) - (2012640:train_csgo.py:825)
2026-01-04 04:50:16 - INFO -         [TRAINABLE] paligemma_with_expert.paligemma.model.vision_tower.vision_model.encoder.layers.19.mlp.fc2.bias (shape: torch.Size([1152])) - (2012640:train_csgo.py:825)
2026-01-04 04:50:16 - INFO -         [TRAINABLE] paligemma_with_expert.paligemma.model.vision_tower.vision_model.encoder.layers.20.layer_norm1.weight (shape: torch.Size([1152])) - (2012640:train_csgo.py:825)
2026-01-04 04:50:16 - INFO -         [TRAINABLE] paligemma_with_expert.paligemma.model.vision_tower.vision_model.encoder.layers.20.layer_norm1.bias (shape: torch.Size([1152])) - (2012640:train_csgo.py:825)
2026-01-04 04:50:16 - INFO -         [TRAINABLE] paligemma_with_expert.paligemma.model.vision_tower.vision_model.encoder.layers.20.self_attn.k_proj.weight (shape: torch.Size([1152, 1152])) - (2012640:train_csgo.py:825)
2026-01-04 04:50:16 - INFO -         [TRAINABLE] paligemma_with_expert.paligemma.model.vision_tower.vision_model.encoder.layers.20.self_attn.k_proj.bias (shape: torch.Size([1152])) - (2012640:train_csgo.py:825)
2026-01-04 04:50:16 - INFO -         [TRAINABLE] paligemma_with_expert.paligemma.model.vision_tower.vision_model.encoder.layers.20.self_attn.v_proj.weight (shape: torch.Size([1152, 1152])) - (2012640:train_csgo.py:825)
2026-01-04 04:50:16 - INFO -         [TRAINABLE] paligemma_with_expert.paligemma.model.vision_tower.vision_model.encoder.layers.20.self_attn.v_proj.bias (shape: torch.Size([1152])) - (2012640:train_csgo.py:825)
2026-01-04 04:50:16 - INFO -         [TRAINABLE] paligemma_with_expert.paligemma.model.vision_tower.vision_model.encoder.layers.20.self_attn.q_proj.weight (shape: torch.Size([1152, 1152])) - (2012640:train_csgo.py:825)
2026-01-04 04:50:16 - INFO -         [TRAINABLE] paligemma_with_expert.paligemma.model.vision_tower.vision_model.encoder.layers.20.self_attn.q_proj.bias (shape: torch.Size([1152])) - (2012640:train_csgo.py:825)
2026-01-04 04:50:16 - INFO -         [TRAINABLE] paligemma_with_expert.paligemma.model.vision_tower.vision_model.encoder.layers.20.self_attn.out_proj.weight (shape: torch.Size([1152, 1152])) - (2012640:train_csgo.py:825)
2026-01-04 04:50:16 - INFO -         [TRAINABLE] paligemma_with_expert.paligemma.model.vision_tower.vision_model.encoder.layers.20.self_attn.out_proj.bias (shape: torch.Size([1152])) - (2012640:train_csgo.py:825)
2026-01-04 04:50:16 - INFO -         [TRAINABLE] paligemma_with_expert.paligemma.model.vision_tower.vision_model.encoder.layers.20.layer_norm2.weight (shape: torch.Size([1152])) - (2012640:train_csgo.py:825)
2026-01-04 04:50:16 - INFO -         [TRAINABLE] paligemma_with_expert.paligemma.model.vision_tower.vision_model.encoder.layers.20.layer_norm2.bias (shape: torch.Size([1152])) - (2012640:train_csgo.py:825)
2026-01-04 04:50:16 - INFO -         [TRAINABLE] paligemma_with_expert.paligemma.model.vision_tower.vision_model.encoder.layers.20.mlp.fc1.weight (shape: torch.Size([4304, 1152])) - (2012640:train_csgo.py:825)
2026-01-04 04:50:16 - INFO -         [TRAINABLE] paligemma_with_expert.paligemma.model.vision_tower.vision_model.encoder.layers.20.mlp.fc1.bias (shape: torch.Size([4304])) - (2012640:train_csgo.py:825)
2026-01-04 04:50:16 - INFO -         [TRAINABLE] paligemma_with_expert.paligemma.model.vision_tower.vision_model.encoder.layers.20.mlp.fc2.weight (shape: torch.Size([1152, 4304])) - (2012640:train_csgo.py:825)
2026-01-04 04:50:16 - INFO -         [TRAINABLE] paligemma_with_expert.paligemma.model.vision_tower.vision_model.encoder.layers.20.mlp.fc2.bias (shape: torch.Size([1152])) - (2012640:train_csgo.py:825)
2026-01-04 04:50:16 - INFO -         [TRAINABLE] paligemma_with_expert.paligemma.model.vision_tower.vision_model.encoder.layers.21.layer_norm1.weight (shape: torch.Size([1152])) - (2012640:train_csgo.py:825)
2026-01-04 04:50:16 - INFO -         [TRAINABLE] paligemma_with_expert.paligemma.model.vision_tower.vision_model.encoder.layers.21.layer_norm1.bias (shape: torch.Size([1152])) - (2012640:train_csgo.py:825)
2026-01-04 04:50:16 - INFO -         [TRAINABLE] paligemma_with_expert.paligemma.model.vision_tower.vision_model.encoder.layers.21.self_attn.k_proj.weight (shape: torch.Size([1152, 1152])) - (2012640:train_csgo.py:825)
2026-01-04 04:50:16 - INFO -         [TRAINABLE] paligemma_with_expert.paligemma.model.vision_tower.vision_model.encoder.layers.21.self_attn.k_proj.bias (shape: torch.Size([1152])) - (2012640:train_csgo.py:825)
2026-01-04 04:50:16 - INFO -         [TRAINABLE] paligemma_with_expert.paligemma.model.vision_tower.vision_model.encoder.layers.21.self_attn.v_proj.weight (shape: torch.Size([1152, 1152])) - (2012640:train_csgo.py:825)
2026-01-04 04:50:16 - INFO -         [TRAINABLE] paligemma_with_expert.paligemma.model.vision_tower.vision_model.encoder.layers.21.self_attn.v_proj.bias (shape: torch.Size([1152])) - (2012640:train_csgo.py:825)
2026-01-04 04:50:16 - INFO -         [TRAINABLE] paligemma_with_expert.paligemma.model.vision_tower.vision_model.encoder.layers.21.self_attn.q_proj.weight (shape: torch.Size([1152, 1152])) - (2012640:train_csgo.py:825)
2026-01-04 04:50:16 - INFO -         [TRAINABLE] paligemma_with_expert.paligemma.model.vision_tower.vision_model.encoder.layers.21.self_attn.q_proj.bias (shape: torch.Size([1152])) - (2012640:train_csgo.py:825)
2026-01-04 04:50:16 - INFO -         [TRAINABLE] paligemma_with_expert.paligemma.model.vision_tower.vision_model.encoder.layers.21.self_attn.out_proj.weight (shape: torch.Size([1152, 1152])) - (2012640:train_csgo.py:825)
2026-01-04 04:50:16 - INFO -         [TRAINABLE] paligemma_with_expert.paligemma.model.vision_tower.vision_model.encoder.layers.21.self_attn.out_proj.bias (shape: torch.Size([1152])) - (2012640:train_csgo.py:825)
2026-01-04 04:50:16 - INFO -         [TRAINABLE] paligemma_with_expert.paligemma.model.vision_tower.vision_model.encoder.layers.21.layer_norm2.weight (shape: torch.Size([1152])) - (2012640:train_csgo.py:825)
2026-01-04 04:50:16 - INFO -         [TRAINABLE] paligemma_with_expert.paligemma.model.vision_tower.vision_model.encoder.layers.21.layer_norm2.bias (shape: torch.Size([1152])) - (2012640:train_csgo.py:825)
2026-01-04 04:50:16 - INFO -         [TRAINABLE] paligemma_with_expert.paligemma.model.vision_tower.vision_model.encoder.layers.21.mlp.fc1.weight (shape: torch.Size([4304, 1152])) - (2012640:train_csgo.py:825)
2026-01-04 04:50:16 - INFO -         [TRAINABLE] paligemma_with_expert.paligemma.model.vision_tower.vision_model.encoder.layers.21.mlp.fc1.bias (shape: torch.Size([4304])) - (2012640:train_csgo.py:825)
2026-01-04 04:50:16 - INFO -         [TRAINABLE] paligemma_with_expert.paligemma.model.vision_tower.vision_model.encoder.layers.21.mlp.fc2.weight (shape: torch.Size([1152, 4304])) - (2012640:train_csgo.py:825)
2026-01-04 04:50:16 - INFO -         [TRAINABLE] paligemma_with_expert.paligemma.model.vision_tower.vision_model.encoder.layers.21.mlp.fc2.bias (shape: torch.Size([1152])) - (2012640:train_csgo.py:825)
2026-01-04 04:50:16 - INFO -         [TRAINABLE] paligemma_with_expert.paligemma.model.vision_tower.vision_model.encoder.layers.22.layer_norm1.weight (shape: torch.Size([1152])) - (2012640:train_csgo.py:825)
2026-01-04 04:50:16 - INFO -         [TRAINABLE] paligemma_with_expert.paligemma.model.vision_tower.vision_model.encoder.layers.22.layer_norm1.bias (shape: torch.Size([1152])) - (2012640:train_csgo.py:825)
2026-01-04 04:50:16 - INFO -         [TRAINABLE] paligemma_with_expert.paligemma.model.vision_tower.vision_model.encoder.layers.22.self_attn.k_proj.weight (shape: torch.Size([1152, 1152])) - (2012640:train_csgo.py:825)
2026-01-04 04:50:16 - INFO -         [TRAINABLE] paligemma_with_expert.paligemma.model.vision_tower.vision_model.encoder.layers.22.self_attn.k_proj.bias (shape: torch.Size([1152])) - (2012640:train_csgo.py:825)
2026-01-04 04:50:16 - INFO -         [TRAINABLE] paligemma_with_expert.paligemma.model.vision_tower.vision_model.encoder.layers.22.self_attn.v_proj.weight (shape: torch.Size([1152, 1152])) - (2012640:train_csgo.py:825)
2026-01-04 04:50:16 - INFO -         [TRAINABLE] paligemma_with_expert.paligemma.model.vision_tower.vision_model.encoder.layers.22.self_attn.v_proj.bias (shape: torch.Size([1152])) - (2012640:train_csgo.py:825)
2026-01-04 04:50:16 - INFO -         [TRAINABLE] paligemma_with_expert.paligemma.model.vision_tower.vision_model.encoder.layers.22.self_attn.q_proj.weight (shape: torch.Size([1152, 1152])) - (2012640:train_csgo.py:825)
2026-01-04 04:50:16 - INFO -         [TRAINABLE] paligemma_with_expert.paligemma.model.vision_tower.vision_model.encoder.layers.22.self_attn.q_proj.bias (shape: torch.Size([1152])) - (2012640:train_csgo.py:825)
2026-01-04 04:50:16 - INFO -         [TRAINABLE] paligemma_with_expert.paligemma.model.vision_tower.vision_model.encoder.layers.22.self_attn.out_proj.weight (shape: torch.Size([1152, 1152])) - (2012640:train_csgo.py:825)
2026-01-04 04:50:16 - INFO -         [TRAINABLE] paligemma_with_expert.paligemma.model.vision_tower.vision_model.encoder.layers.22.self_attn.out_proj.bias (shape: torch.Size([1152])) - (2012640:train_csgo.py:825)
2026-01-04 04:50:16 - INFO -         [TRAINABLE] paligemma_with_expert.paligemma.model.vision_tower.vision_model.encoder.layers.22.layer_norm2.weight (shape: torch.Size([1152])) - (2012640:train_csgo.py:825)
2026-01-04 04:50:16 - INFO -         [TRAINABLE] paligemma_with_expert.paligemma.model.vision_tower.vision_model.encoder.layers.22.layer_norm2.bias (shape: torch.Size([1152])) - (2012640:train_csgo.py:825)
2026-01-04 04:50:16 - INFO -         [TRAINABLE] paligemma_with_expert.paligemma.model.vision_tower.vision_model.encoder.layers.22.mlp.fc1.weight (shape: torch.Size([4304, 1152])) - (2012640:train_csgo.py:825)
2026-01-04 04:50:16 - INFO -         [TRAINABLE] paligemma_with_expert.paligemma.model.vision_tower.vision_model.encoder.layers.22.mlp.fc1.bias (shape: torch.Size([4304])) - (2012640:train_csgo.py:825)
2026-01-04 04:50:16 - INFO -         [TRAINABLE] paligemma_with_expert.paligemma.model.vision_tower.vision_model.encoder.layers.22.mlp.fc2.weight (shape: torch.Size([1152, 4304])) - (2012640:train_csgo.py:825)
2026-01-04 04:50:16 - INFO -         [TRAINABLE] paligemma_with_expert.paligemma.model.vision_tower.vision_model.encoder.layers.22.mlp.fc2.bias (shape: torch.Size([1152])) - (2012640:train_csgo.py:825)
2026-01-04 04:50:16 - INFO -         [TRAINABLE] paligemma_with_expert.paligemma.model.vision_tower.vision_model.encoder.layers.23.layer_norm1.weight (shape: torch.Size([1152])) - (2012640:train_csgo.py:825)
2026-01-04 04:50:16 - INFO -         [TRAINABLE] paligemma_with_expert.paligemma.model.vision_tower.vision_model.encoder.layers.23.layer_norm1.bias (shape: torch.Size([1152])) - (2012640:train_csgo.py:825)
2026-01-04 04:50:16 - INFO -         [TRAINABLE] paligemma_with_expert.paligemma.model.vision_tower.vision_model.encoder.layers.23.self_attn.k_proj.weight (shape: torch.Size([1152, 1152])) - (2012640:train_csgo.py:825)
2026-01-04 04:50:16 - INFO -         [TRAINABLE] paligemma_with_expert.paligemma.model.vision_tower.vision_model.encoder.layers.23.self_attn.k_proj.bias (shape: torch.Size([1152])) - (2012640:train_csgo.py:825)
2026-01-04 04:50:16 - INFO -         [TRAINABLE] paligemma_with_expert.paligemma.model.vision_tower.vision_model.encoder.layers.23.self_attn.v_proj.weight (shape: torch.Size([1152, 1152])) - (2012640:train_csgo.py:825)
2026-01-04 04:50:16 - INFO -         [TRAINABLE] paligemma_with_expert.paligemma.model.vision_tower.vision_model.encoder.layers.23.self_attn.v_proj.bias (shape: torch.Size([1152])) - (2012640:train_csgo.py:825)
2026-01-04 04:50:16 - INFO -         [TRAINABLE] paligemma_with_expert.paligemma.model.vision_tower.vision_model.encoder.layers.23.self_attn.q_proj.weight (shape: torch.Size([1152, 1152])) - (2012640:train_csgo.py:825)
2026-01-04 04:50:16 - INFO -         [TRAINABLE] paligemma_with_expert.paligemma.model.vision_tower.vision_model.encoder.layers.23.self_attn.q_proj.bias (shape: torch.Size([1152])) - (2012640:train_csgo.py:825)
2026-01-04 04:50:16 - INFO -         [TRAINABLE] paligemma_with_expert.paligemma.model.vision_tower.vision_model.encoder.layers.23.self_attn.out_proj.weight (shape: torch.Size([1152, 1152])) - (2012640:train_csgo.py:825)
2026-01-04 04:50:16 - INFO -         [TRAINABLE] paligemma_with_expert.paligemma.model.vision_tower.vision_model.encoder.layers.23.self_attn.out_proj.bias (shape: torch.Size([1152])) - (2012640:train_csgo.py:825)
2026-01-04 04:50:16 - INFO -         [TRAINABLE] paligemma_with_expert.paligemma.model.vision_tower.vision_model.encoder.layers.23.layer_norm2.weight (shape: torch.Size([1152])) - (2012640:train_csgo.py:825)
2026-01-04 04:50:16 - INFO -         [TRAINABLE] paligemma_with_expert.paligemma.model.vision_tower.vision_model.encoder.layers.23.layer_norm2.bias (shape: torch.Size([1152])) - (2012640:train_csgo.py:825)
2026-01-04 04:50:16 - INFO -         [TRAINABLE] paligemma_with_expert.paligemma.model.vision_tower.vision_model.encoder.layers.23.mlp.fc1.weight (shape: torch.Size([4304, 1152])) - (2012640:train_csgo.py:825)
2026-01-04 04:50:16 - INFO -         [TRAINABLE] paligemma_with_expert.paligemma.model.vision_tower.vision_model.encoder.layers.23.mlp.fc1.bias (shape: torch.Size([4304])) - (2012640:train_csgo.py:825)
2026-01-04 04:50:16 - INFO -         [TRAINABLE] paligemma_with_expert.paligemma.model.vision_tower.vision_model.encoder.layers.23.mlp.fc2.weight (shape: torch.Size([1152, 4304])) - (2012640:train_csgo.py:825)
2026-01-04 04:50:16 - INFO -         [TRAINABLE] paligemma_with_expert.paligemma.model.vision_tower.vision_model.encoder.layers.23.mlp.fc2.bias (shape: torch.Size([1152])) - (2012640:train_csgo.py:825)
2026-01-04 04:50:16 - INFO -         [TRAINABLE] paligemma_with_expert.paligemma.model.vision_tower.vision_model.encoder.layers.24.layer_norm1.weight (shape: torch.Size([1152])) - (2012640:train_csgo.py:825)
2026-01-04 04:50:16 - INFO -         [TRAINABLE] paligemma_with_expert.paligemma.model.vision_tower.vision_model.encoder.layers.24.layer_norm1.bias (shape: torch.Size([1152])) - (2012640:train_csgo.py:825)
2026-01-04 04:50:16 - INFO -         [TRAINABLE] paligemma_with_expert.paligemma.model.vision_tower.vision_model.encoder.layers.24.self_attn.k_proj.weight (shape: torch.Size([1152, 1152])) - (2012640:train_csgo.py:825)
2026-01-04 04:50:16 - INFO -         [TRAINABLE] paligemma_with_expert.paligemma.model.vision_tower.vision_model.encoder.layers.24.self_attn.k_proj.bias (shape: torch.Size([1152])) - (2012640:train_csgo.py:825)
2026-01-04 04:50:16 - INFO -         [TRAINABLE] paligemma_with_expert.paligemma.model.vision_tower.vision_model.encoder.layers.24.self_attn.v_proj.weight (shape: torch.Size([1152, 1152])) - (2012640:train_csgo.py:825)
2026-01-04 04:50:16 - INFO -         [TRAINABLE] paligemma_with_expert.paligemma.model.vision_tower.vision_model.encoder.layers.24.self_attn.v_proj.bias (shape: torch.Size([1152])) - (2012640:train_csgo.py:825)
2026-01-04 04:50:16 - INFO -         [TRAINABLE] paligemma_with_expert.paligemma.model.vision_tower.vision_model.encoder.layers.24.self_attn.q_proj.weight (shape: torch.Size([1152, 1152])) - (2012640:train_csgo.py:825)
2026-01-04 04:50:16 - INFO -         [TRAINABLE] paligemma_with_expert.paligemma.model.vision_tower.vision_model.encoder.layers.24.self_attn.q_proj.bias (shape: torch.Size([1152])) - (2012640:train_csgo.py:825)
2026-01-04 04:50:16 - INFO -         [TRAINABLE] paligemma_with_expert.paligemma.model.vision_tower.vision_model.encoder.layers.24.self_attn.out_proj.weight (shape: torch.Size([1152, 1152])) - (2012640:train_csgo.py:825)
2026-01-04 04:50:16 - INFO -         [TRAINABLE] paligemma_with_expert.paligemma.model.vision_tower.vision_model.encoder.layers.24.self_attn.out_proj.bias (shape: torch.Size([1152])) - (2012640:train_csgo.py:825)
2026-01-04 04:50:16 - INFO -         [TRAINABLE] paligemma_with_expert.paligemma.model.vision_tower.vision_model.encoder.layers.24.layer_norm2.weight (shape: torch.Size([1152])) - (2012640:train_csgo.py:825)
2026-01-04 04:50:16 - INFO -         [TRAINABLE] paligemma_with_expert.paligemma.model.vision_tower.vision_model.encoder.layers.24.layer_norm2.bias (shape: torch.Size([1152])) - (2012640:train_csgo.py:825)
2026-01-04 04:50:16 - INFO -         [TRAINABLE] paligemma_with_expert.paligemma.model.vision_tower.vision_model.encoder.layers.24.mlp.fc1.weight (shape: torch.Size([4304, 1152])) - (2012640:train_csgo.py:825)
2026-01-04 04:50:16 - INFO -         [TRAINABLE] paligemma_with_expert.paligemma.model.vision_tower.vision_model.encoder.layers.24.mlp.fc1.bias (shape: torch.Size([4304])) - (2012640:train_csgo.py:825)
2026-01-04 04:50:16 - INFO -         [TRAINABLE] paligemma_with_expert.paligemma.model.vision_tower.vision_model.encoder.layers.24.mlp.fc2.weight (shape: torch.Size([1152, 4304])) - (2012640:train_csgo.py:825)
2026-01-04 04:50:16 - INFO -         [TRAINABLE] paligemma_with_expert.paligemma.model.vision_tower.vision_model.encoder.layers.24.mlp.fc2.bias (shape: torch.Size([1152])) - (2012640:train_csgo.py:825)
2026-01-04 04:50:16 - INFO -         [TRAINABLE] paligemma_with_expert.paligemma.model.vision_tower.vision_model.encoder.layers.25.layer_norm1.weight (shape: torch.Size([1152])) - (2012640:train_csgo.py:825)
2026-01-04 04:50:16 - INFO -         [TRAINABLE] paligemma_with_expert.paligemma.model.vision_tower.vision_model.encoder.layers.25.layer_norm1.bias (shape: torch.Size([1152])) - (2012640:train_csgo.py:825)
2026-01-04 04:50:16 - INFO -         [TRAINABLE] paligemma_with_expert.paligemma.model.vision_tower.vision_model.encoder.layers.25.self_attn.k_proj.weight (shape: torch.Size([1152, 1152])) - (2012640:train_csgo.py:825)
2026-01-04 04:50:16 - INFO -         [TRAINABLE] paligemma_with_expert.paligemma.model.vision_tower.vision_model.encoder.layers.25.self_attn.k_proj.bias (shape: torch.Size([1152])) - (2012640:train_csgo.py:825)
2026-01-04 04:50:16 - INFO -         [TRAINABLE] paligemma_with_expert.paligemma.model.vision_tower.vision_model.encoder.layers.25.self_attn.v_proj.weight (shape: torch.Size([1152, 1152])) - (2012640:train_csgo.py:825)
2026-01-04 04:50:16 - INFO -         [TRAINABLE] paligemma_with_expert.paligemma.model.vision_tower.vision_model.encoder.layers.25.self_attn.v_proj.bias (shape: torch.Size([1152])) - (2012640:train_csgo.py:825)
2026-01-04 04:50:16 - INFO -         [TRAINABLE] paligemma_with_expert.paligemma.model.vision_tower.vision_model.encoder.layers.25.self_attn.q_proj.weight (shape: torch.Size([1152, 1152])) - (2012640:train_csgo.py:825)
2026-01-04 04:50:16 - INFO -         [TRAINABLE] paligemma_with_expert.paligemma.model.vision_tower.vision_model.encoder.layers.25.self_attn.q_proj.bias (shape: torch.Size([1152])) - (2012640:train_csgo.py:825)
2026-01-04 04:50:16 - INFO -         [TRAINABLE] paligemma_with_expert.paligemma.model.vision_tower.vision_model.encoder.layers.25.self_attn.out_proj.weight (shape: torch.Size([1152, 1152])) - (2012640:train_csgo.py:825)
2026-01-04 04:50:16 - INFO -         [TRAINABLE] paligemma_with_expert.paligemma.model.vision_tower.vision_model.encoder.layers.25.self_attn.out_proj.bias (shape: torch.Size([1152])) - (2012640:train_csgo.py:825)
2026-01-04 04:50:16 - INFO -         [TRAINABLE] paligemma_with_expert.paligemma.model.vision_tower.vision_model.encoder.layers.25.layer_norm2.weight (shape: torch.Size([1152])) - (2012640:train_csgo.py:825)
2026-01-04 04:50:16 - INFO -         [TRAINABLE] paligemma_with_expert.paligemma.model.vision_tower.vision_model.encoder.layers.25.layer_norm2.bias (shape: torch.Size([1152])) - (2012640:train_csgo.py:825)
2026-01-04 04:50:16 - INFO -         [TRAINABLE] paligemma_with_expert.paligemma.model.vision_tower.vision_model.encoder.layers.25.mlp.fc1.weight (shape: torch.Size([4304, 1152])) - (2012640:train_csgo.py:825)
2026-01-04 04:50:16 - INFO -         [TRAINABLE] paligemma_with_expert.paligemma.model.vision_tower.vision_model.encoder.layers.25.mlp.fc1.bias (shape: torch.Size([4304])) - (2012640:train_csgo.py:825)
2026-01-04 04:50:16 - INFO -         [TRAINABLE] paligemma_with_expert.paligemma.model.vision_tower.vision_model.encoder.layers.25.mlp.fc2.weight (shape: torch.Size([1152, 4304])) - (2012640:train_csgo.py:825)
2026-01-04 04:50:16 - INFO -         [TRAINABLE] paligemma_with_expert.paligemma.model.vision_tower.vision_model.encoder.layers.25.mlp.fc2.bias (shape: torch.Size([1152])) - (2012640:train_csgo.py:825)
2026-01-04 04:50:16 - INFO -         [TRAINABLE] paligemma_with_expert.paligemma.model.vision_tower.vision_model.encoder.layers.26.layer_norm1.weight (shape: torch.Size([1152])) - (2012640:train_csgo.py:825)
2026-01-04 04:50:16 - INFO -         [TRAINABLE] paligemma_with_expert.paligemma.model.vision_tower.vision_model.encoder.layers.26.layer_norm1.bias (shape: torch.Size([1152])) - (2012640:train_csgo.py:825)
2026-01-04 04:50:16 - INFO -         [TRAINABLE] paligemma_with_expert.paligemma.model.vision_tower.vision_model.encoder.layers.26.self_attn.k_proj.weight (shape: torch.Size([1152, 1152])) - (2012640:train_csgo.py:825)
2026-01-04 04:50:16 - INFO -         [TRAINABLE] paligemma_with_expert.paligemma.model.vision_tower.vision_model.encoder.layers.26.self_attn.k_proj.bias (shape: torch.Size([1152])) - (2012640:train_csgo.py:825)
2026-01-04 04:50:16 - INFO -         [TRAINABLE] paligemma_with_expert.paligemma.model.vision_tower.vision_model.encoder.layers.26.self_attn.v_proj.weight (shape: torch.Size([1152, 1152])) - (2012640:train_csgo.py:825)
2026-01-04 04:50:16 - INFO -         [TRAINABLE] paligemma_with_expert.paligemma.model.vision_tower.vision_model.encoder.layers.26.self_attn.v_proj.bias (shape: torch.Size([1152])) - (2012640:train_csgo.py:825)
2026-01-04 04:50:16 - INFO -         [TRAINABLE] paligemma_with_expert.paligemma.model.vision_tower.vision_model.encoder.layers.26.self_attn.q_proj.weight (shape: torch.Size([1152, 1152])) - (2012640:train_csgo.py:825)
2026-01-04 04:50:16 - INFO -         [TRAINABLE] paligemma_with_expert.paligemma.model.vision_tower.vision_model.encoder.layers.26.self_attn.q_proj.bias (shape: torch.Size([1152])) - (2012640:train_csgo.py:825)
2026-01-04 04:50:16 - INFO -         [TRAINABLE] paligemma_with_expert.paligemma.model.vision_tower.vision_model.encoder.layers.26.self_attn.out_proj.weight (shape: torch.Size([1152, 1152])) - (2012640:train_csgo.py:825)
2026-01-04 04:50:16 - INFO -         [TRAINABLE] paligemma_with_expert.paligemma.model.vision_tower.vision_model.encoder.layers.26.self_attn.out_proj.bias (shape: torch.Size([1152])) - (2012640:train_csgo.py:825)
2026-01-04 04:50:16 - INFO -         [TRAINABLE] paligemma_with_expert.paligemma.model.vision_tower.vision_model.encoder.layers.26.layer_norm2.weight (shape: torch.Size([1152])) - (2012640:train_csgo.py:825)
2026-01-04 04:50:16 - INFO -         [TRAINABLE] paligemma_with_expert.paligemma.model.vision_tower.vision_model.encoder.layers.26.layer_norm2.bias (shape: torch.Size([1152])) - (2012640:train_csgo.py:825)
2026-01-04 04:50:16 - INFO -         [TRAINABLE] paligemma_with_expert.paligemma.model.vision_tower.vision_model.encoder.layers.26.mlp.fc1.weight (shape: torch.Size([4304, 1152])) - (2012640:train_csgo.py:825)
2026-01-04 04:50:16 - INFO -         [TRAINABLE] paligemma_with_expert.paligemma.model.vision_tower.vision_model.encoder.layers.26.mlp.fc1.bias (shape: torch.Size([4304])) - (2012640:train_csgo.py:825)
2026-01-04 04:50:16 - INFO -         [TRAINABLE] paligemma_with_expert.paligemma.model.vision_tower.vision_model.encoder.layers.26.mlp.fc2.weight (shape: torch.Size([1152, 4304])) - (2012640:train_csgo.py:825)
2026-01-04 04:50:16 - INFO -         [TRAINABLE] paligemma_with_expert.paligemma.model.vision_tower.vision_model.encoder.layers.26.mlp.fc2.bias (shape: torch.Size([1152])) - (2012640:train_csgo.py:825)
2026-01-04 04:50:16 - INFO -         [TRAINABLE] paligemma_with_expert.paligemma.model.vision_tower.vision_model.post_layernorm.weight (shape: torch.Size([1152])) - (2012640:train_csgo.py:825)
2026-01-04 04:50:16 - INFO -         [TRAINABLE] paligemma_with_expert.paligemma.model.vision_tower.vision_model.post_layernorm.bias (shape: torch.Size([1152])) - (2012640:train_csgo.py:825)
2026-01-04 04:50:16 - INFO -         [TRAINABLE] paligemma_with_expert.paligemma.model.multi_modal_projector.linear.weight (shape: torch.Size([2048, 1152])) - (2012640:train_csgo.py:825)
2026-01-04 04:50:16 - INFO -         [TRAINABLE] paligemma_with_expert.paligemma.model.multi_modal_projector.linear.bias (shape: torch.Size([2048])) - (2012640:train_csgo.py:825)
2026-01-04 04:50:16 - INFO -         [TRAINABLE] paligemma_with_expert.paligemma.model.language_model.embed_tokens.weight (shape: torch.Size([257152, 2048])) - (2012640:train_csgo.py:825)
2026-01-04 04:50:16 - INFO -         [TRAINABLE] paligemma_with_expert.paligemma.model.language_model.layers.0.self_attn.q_proj.weight (shape: torch.Size([2048, 2048])) - (2012640:train_csgo.py:825)
2026-01-04 04:50:16 - INFO -         [TRAINABLE] paligemma_with_expert.paligemma.model.language_model.layers.0.self_attn.k_proj.weight (shape: torch.Size([256, 2048])) - (2012640:train_csgo.py:825)
2026-01-04 04:50:16 - INFO -         [TRAINABLE] paligemma_with_expert.paligemma.model.language_model.layers.0.self_attn.v_proj.weight (shape: torch.Size([256, 2048])) - (2012640:train_csgo.py:825)
2026-01-04 04:50:16 - INFO -         [TRAINABLE] paligemma_with_expert.paligemma.model.language_model.layers.0.self_attn.o_proj.weight (shape: torch.Size([2048, 2048])) - (2012640:train_csgo.py:825)
2026-01-04 04:50:16 - INFO -         [TRAINABLE] paligemma_with_expert.paligemma.model.language_model.layers.0.mlp.gate_proj.weight (shape: torch.Size([16384, 2048])) - (2012640:train_csgo.py:825)
2026-01-04 04:50:16 - INFO -         [TRAINABLE] paligemma_with_expert.paligemma.model.language_model.layers.0.mlp.up_proj.weight (shape: torch.Size([16384, 2048])) - (2012640:train_csgo.py:825)
2026-01-04 04:50:16 - INFO -         [TRAINABLE] paligemma_with_expert.paligemma.model.language_model.layers.0.mlp.down_proj.weight (shape: torch.Size([2048, 16384])) - (2012640:train_csgo.py:825)
2026-01-04 04:50:16 - INFO -         [TRAINABLE] paligemma_with_expert.paligemma.model.language_model.layers.0.input_layernorm.weight (shape: torch.Size([2048])) - (2012640:train_csgo.py:825)
2026-01-04 04:50:16 - INFO -         [TRAINABLE] paligemma_with_expert.paligemma.model.language_model.layers.0.post_attention_layernorm.weight (shape: torch.Size([2048])) - (2012640:train_csgo.py:825)
2026-01-04 04:50:16 - INFO -         [TRAINABLE] paligemma_with_expert.paligemma.model.language_model.layers.1.self_attn.q_proj.weight (shape: torch.Size([2048, 2048])) - (2012640:train_csgo.py:825)
2026-01-04 04:50:16 - INFO -         [TRAINABLE] paligemma_with_expert.paligemma.model.language_model.layers.1.self_attn.k_proj.weight (shape: torch.Size([256, 2048])) - (2012640:train_csgo.py:825)
2026-01-04 04:50:16 - INFO -         [TRAINABLE] paligemma_with_expert.paligemma.model.language_model.layers.1.self_attn.v_proj.weight (shape: torch.Size([256, 2048])) - (2012640:train_csgo.py:825)
2026-01-04 04:50:16 - INFO -         [TRAINABLE] paligemma_with_expert.paligemma.model.language_model.layers.1.self_attn.o_proj.weight (shape: torch.Size([2048, 2048])) - (2012640:train_csgo.py:825)
2026-01-04 04:50:16 - INFO -         [TRAINABLE] paligemma_with_expert.paligemma.model.language_model.layers.1.mlp.gate_proj.weight (shape: torch.Size([16384, 2048])) - (2012640:train_csgo.py:825)
2026-01-04 04:50:16 - INFO -         [TRAINABLE] paligemma_with_expert.paligemma.model.language_model.layers.1.mlp.up_proj.weight (shape: torch.Size([16384, 2048])) - (2012640:train_csgo.py:825)
2026-01-04 04:50:16 - INFO -         [TRAINABLE] paligemma_with_expert.paligemma.model.language_model.layers.1.mlp.down_proj.weight (shape: torch.Size([2048, 16384])) - (2012640:train_csgo.py:825)
2026-01-04 04:50:16 - INFO -         [TRAINABLE] paligemma_with_expert.paligemma.model.language_model.layers.1.input_layernorm.weight (shape: torch.Size([2048])) - (2012640:train_csgo.py:825)
2026-01-04 04:50:16 - INFO -         [TRAINABLE] paligemma_with_expert.paligemma.model.language_model.layers.1.post_attention_layernorm.weight (shape: torch.Size([2048])) - (2012640:train_csgo.py:825)
2026-01-04 04:50:16 - INFO -         [TRAINABLE] paligemma_with_expert.paligemma.model.language_model.layers.2.self_attn.q_proj.weight (shape: torch.Size([2048, 2048])) - (2012640:train_csgo.py:825)
2026-01-04 04:50:16 - INFO -         [TRAINABLE] paligemma_with_expert.paligemma.model.language_model.layers.2.self_attn.k_proj.weight (shape: torch.Size([256, 2048])) - (2012640:train_csgo.py:825)
2026-01-04 04:50:16 - INFO -         [TRAINABLE] paligemma_with_expert.paligemma.model.language_model.layers.2.self_attn.v_proj.weight (shape: torch.Size([256, 2048])) - (2012640:train_csgo.py:825)
2026-01-04 04:50:16 - INFO -         [TRAINABLE] paligemma_with_expert.paligemma.model.language_model.layers.2.self_attn.o_proj.weight (shape: torch.Size([2048, 2048])) - (2012640:train_csgo.py:825)
2026-01-04 04:50:16 - INFO -         [TRAINABLE] paligemma_with_expert.paligemma.model.language_model.layers.2.mlp.gate_proj.weight (shape: torch.Size([16384, 2048])) - (2012640:train_csgo.py:825)
2026-01-04 04:50:16 - INFO -         [TRAINABLE] paligemma_with_expert.paligemma.model.language_model.layers.2.mlp.up_proj.weight (shape: torch.Size([16384, 2048])) - (2012640:train_csgo.py:825)
2026-01-04 04:50:16 - INFO -         [TRAINABLE] paligemma_with_expert.paligemma.model.language_model.layers.2.mlp.down_proj.weight (shape: torch.Size([2048, 16384])) - (2012640:train_csgo.py:825)
2026-01-04 04:50:16 - INFO -         [TRAINABLE] paligemma_with_expert.paligemma.model.language_model.layers.2.input_layernorm.weight (shape: torch.Size([2048])) - (2012640:train_csgo.py:825)
2026-01-04 04:50:16 - INFO -         [TRAINABLE] paligemma_with_expert.paligemma.model.language_model.layers.2.post_attention_layernorm.weight (shape: torch.Size([2048])) - (2012640:train_csgo.py:825)
2026-01-04 04:50:16 - INFO -         [TRAINABLE] paligemma_with_expert.paligemma.model.language_model.layers.3.self_attn.q_proj.weight (shape: torch.Size([2048, 2048])) - (2012640:train_csgo.py:825)
2026-01-04 04:50:16 - INFO -         [TRAINABLE] paligemma_with_expert.paligemma.model.language_model.layers.3.self_attn.k_proj.weight (shape: torch.Size([256, 2048])) - (2012640:train_csgo.py:825)
2026-01-04 04:50:16 - INFO -         [TRAINABLE] paligemma_with_expert.paligemma.model.language_model.layers.3.self_attn.v_proj.weight (shape: torch.Size([256, 2048])) - (2012640:train_csgo.py:825)
2026-01-04 04:50:16 - INFO -         [TRAINABLE] paligemma_with_expert.paligemma.model.language_model.layers.3.self_attn.o_proj.weight (shape: torch.Size([2048, 2048])) - (2012640:train_csgo.py:825)
2026-01-04 04:50:16 - INFO -         [TRAINABLE] paligemma_with_expert.paligemma.model.language_model.layers.3.mlp.gate_proj.weight (shape: torch.Size([16384, 2048])) - (2012640:train_csgo.py:825)
2026-01-04 04:50:16 - INFO -         [TRAINABLE] paligemma_with_expert.paligemma.model.language_model.layers.3.mlp.up_proj.weight (shape: torch.Size([16384, 2048])) - (2012640:train_csgo.py:825)
2026-01-04 04:50:16 - INFO -         [TRAINABLE] paligemma_with_expert.paligemma.model.language_model.layers.3.mlp.down_proj.weight (shape: torch.Size([2048, 16384])) - (2012640:train_csgo.py:825)
2026-01-04 04:50:16 - INFO -         [TRAINABLE] paligemma_with_expert.paligemma.model.language_model.layers.3.input_layernorm.weight (shape: torch.Size([2048])) - (2012640:train_csgo.py:825)
2026-01-04 04:50:16 - INFO -         [TRAINABLE] paligemma_with_expert.paligemma.model.language_model.layers.3.post_attention_layernorm.weight (shape: torch.Size([2048])) - (2012640:train_csgo.py:825)
2026-01-04 04:50:16 - INFO -         [TRAINABLE] paligemma_with_expert.paligemma.model.language_model.layers.4.self_attn.q_proj.weight (shape: torch.Size([2048, 2048])) - (2012640:train_csgo.py:825)
2026-01-04 04:50:16 - INFO -         [TRAINABLE] paligemma_with_expert.paligemma.model.language_model.layers.4.self_attn.k_proj.weight (shape: torch.Size([256, 2048])) - (2012640:train_csgo.py:825)
2026-01-04 04:50:16 - INFO -         [TRAINABLE] paligemma_with_expert.paligemma.model.language_model.layers.4.self_attn.v_proj.weight (shape: torch.Size([256, 2048])) - (2012640:train_csgo.py:825)
2026-01-04 04:50:16 - INFO -         [TRAINABLE] paligemma_with_expert.paligemma.model.language_model.layers.4.self_attn.o_proj.weight (shape: torch.Size([2048, 2048])) - (2012640:train_csgo.py:825)
2026-01-04 04:50:16 - INFO -         [TRAINABLE] paligemma_with_expert.paligemma.model.language_model.layers.4.mlp.gate_proj.weight (shape: torch.Size([16384, 2048])) - (2012640:train_csgo.py:825)
2026-01-04 04:50:16 - INFO -         [TRAINABLE] paligemma_with_expert.paligemma.model.language_model.layers.4.mlp.up_proj.weight (shape: torch.Size([16384, 2048])) - (2012640:train_csgo.py:825)
2026-01-04 04:50:16 - INFO -         [TRAINABLE] paligemma_with_expert.paligemma.model.language_model.layers.4.mlp.down_proj.weight (shape: torch.Size([2048, 16384])) - (2012640:train_csgo.py:825)
2026-01-04 04:50:16 - INFO -         [TRAINABLE] paligemma_with_expert.paligemma.model.language_model.layers.4.input_layernorm.weight (shape: torch.Size([2048])) - (2012640:train_csgo.py:825)
2026-01-04 04:50:16 - INFO -         [TRAINABLE] paligemma_with_expert.paligemma.model.language_model.layers.4.post_attention_layernorm.weight (shape: torch.Size([2048])) - (2012640:train_csgo.py:825)
2026-01-04 04:50:16 - INFO -         [TRAINABLE] paligemma_with_expert.paligemma.model.language_model.layers.5.self_attn.q_proj.weight (shape: torch.Size([2048, 2048])) - (2012640:train_csgo.py:825)
2026-01-04 04:50:16 - INFO -         [TRAINABLE] paligemma_with_expert.paligemma.model.language_model.layers.5.self_attn.k_proj.weight (shape: torch.Size([256, 2048])) - (2012640:train_csgo.py:825)
2026-01-04 04:50:16 - INFO -         [TRAINABLE] paligemma_with_expert.paligemma.model.language_model.layers.5.self_attn.v_proj.weight (shape: torch.Size([256, 2048])) - (2012640:train_csgo.py:825)
2026-01-04 04:50:16 - INFO -         [TRAINABLE] paligemma_with_expert.paligemma.model.language_model.layers.5.self_attn.o_proj.weight (shape: torch.Size([2048, 2048])) - (2012640:train_csgo.py:825)
2026-01-04 04:50:16 - INFO -         [TRAINABLE] paligemma_with_expert.paligemma.model.language_model.layers.5.mlp.gate_proj.weight (shape: torch.Size([16384, 2048])) - (2012640:train_csgo.py:825)
2026-01-04 04:50:16 - INFO -         [TRAINABLE] paligemma_with_expert.paligemma.model.language_model.layers.5.mlp.up_proj.weight (shape: torch.Size([16384, 2048])) - (2012640:train_csgo.py:825)
2026-01-04 04:50:16 - INFO -         [TRAINABLE] paligemma_with_expert.paligemma.model.language_model.layers.5.mlp.down_proj.weight (shape: torch.Size([2048, 16384])) - (2012640:train_csgo.py:825)
2026-01-04 04:50:16 - INFO -         [TRAINABLE] paligemma_with_expert.paligemma.model.language_model.layers.5.input_layernorm.weight (shape: torch.Size([2048])) - (2012640:train_csgo.py:825)
2026-01-04 04:50:16 - INFO -         [TRAINABLE] paligemma_with_expert.paligemma.model.language_model.layers.5.post_attention_layernorm.weight (shape: torch.Size([2048])) - (2012640:train_csgo.py:825)
2026-01-04 04:50:16 - INFO -         [TRAINABLE] paligemma_with_expert.paligemma.model.language_model.layers.6.self_attn.q_proj.weight (shape: torch.Size([2048, 2048])) - (2012640:train_csgo.py:825)
2026-01-04 04:50:16 - INFO -         [TRAINABLE] paligemma_with_expert.paligemma.model.language_model.layers.6.self_attn.k_proj.weight (shape: torch.Size([256, 2048])) - (2012640:train_csgo.py:825)
2026-01-04 04:50:16 - INFO -         [TRAINABLE] paligemma_with_expert.paligemma.model.language_model.layers.6.self_attn.v_proj.weight (shape: torch.Size([256, 2048])) - (2012640:train_csgo.py:825)
2026-01-04 04:50:16 - INFO -         [TRAINABLE] paligemma_with_expert.paligemma.model.language_model.layers.6.self_attn.o_proj.weight (shape: torch.Size([2048, 2048])) - (2012640:train_csgo.py:825)
2026-01-04 04:50:16 - INFO -         [TRAINABLE] paligemma_with_expert.paligemma.model.language_model.layers.6.mlp.gate_proj.weight (shape: torch.Size([16384, 2048])) - (2012640:train_csgo.py:825)
2026-01-04 04:50:16 - INFO -         [TRAINABLE] paligemma_with_expert.paligemma.model.language_model.layers.6.mlp.up_proj.weight (shape: torch.Size([16384, 2048])) - (2012640:train_csgo.py:825)
2026-01-04 04:50:16 - INFO -         [TRAINABLE] paligemma_with_expert.paligemma.model.language_model.layers.6.mlp.down_proj.weight (shape: torch.Size([2048, 16384])) - (2012640:train_csgo.py:825)
2026-01-04 04:50:16 - INFO -         [TRAINABLE] paligemma_with_expert.paligemma.model.language_model.layers.6.input_layernorm.weight (shape: torch.Size([2048])) - (2012640:train_csgo.py:825)
2026-01-04 04:50:16 - INFO -         [TRAINABLE] paligemma_with_expert.paligemma.model.language_model.layers.6.post_attention_layernorm.weight (shape: torch.Size([2048])) - (2012640:train_csgo.py:825)
2026-01-04 04:50:16 - INFO -         [TRAINABLE] paligemma_with_expert.paligemma.model.language_model.layers.7.self_attn.q_proj.weight (shape: torch.Size([2048, 2048])) - (2012640:train_csgo.py:825)
2026-01-04 04:50:16 - INFO -         [TRAINABLE] paligemma_with_expert.paligemma.model.language_model.layers.7.self_attn.k_proj.weight (shape: torch.Size([256, 2048])) - (2012640:train_csgo.py:825)
2026-01-04 04:50:16 - INFO -         [TRAINABLE] paligemma_with_expert.paligemma.model.language_model.layers.7.self_attn.v_proj.weight (shape: torch.Size([256, 2048])) - (2012640:train_csgo.py:825)
2026-01-04 04:50:16 - INFO -         [TRAINABLE] paligemma_with_expert.paligemma.model.language_model.layers.7.self_attn.o_proj.weight (shape: torch.Size([2048, 2048])) - (2012640:train_csgo.py:825)
2026-01-04 04:50:16 - INFO -         [TRAINABLE] paligemma_with_expert.paligemma.model.language_model.layers.7.mlp.gate_proj.weight (shape: torch.Size([16384, 2048])) - (2012640:train_csgo.py:825)
2026-01-04 04:50:16 - INFO -         [TRAINABLE] paligemma_with_expert.paligemma.model.language_model.layers.7.mlp.up_proj.weight (shape: torch.Size([16384, 2048])) - (2012640:train_csgo.py:825)
2026-01-04 04:50:16 - INFO -         [TRAINABLE] paligemma_with_expert.paligemma.model.language_model.layers.7.mlp.down_proj.weight (shape: torch.Size([2048, 16384])) - (2012640:train_csgo.py:825)
2026-01-04 04:50:16 - INFO -         [TRAINABLE] paligemma_with_expert.paligemma.model.language_model.layers.7.input_layernorm.weight (shape: torch.Size([2048])) - (2012640:train_csgo.py:825)
2026-01-04 04:50:16 - INFO -         [TRAINABLE] paligemma_with_expert.paligemma.model.language_model.layers.7.post_attention_layernorm.weight (shape: torch.Size([2048])) - (2012640:train_csgo.py:825)
2026-01-04 04:50:16 - INFO -         [TRAINABLE] paligemma_with_expert.paligemma.model.language_model.layers.8.self_attn.q_proj.weight (shape: torch.Size([2048, 2048])) - (2012640:train_csgo.py:825)
2026-01-04 04:50:16 - INFO -         [TRAINABLE] paligemma_with_expert.paligemma.model.language_model.layers.8.self_attn.k_proj.weight (shape: torch.Size([256, 2048])) - (2012640:train_csgo.py:825)
2026-01-04 04:50:16 - INFO -         [TRAINABLE] paligemma_with_expert.paligemma.model.language_model.layers.8.self_attn.v_proj.weight (shape: torch.Size([256, 2048])) - (2012640:train_csgo.py:825)
2026-01-04 04:50:16 - INFO -         [TRAINABLE] paligemma_with_expert.paligemma.model.language_model.layers.8.self_attn.o_proj.weight (shape: torch.Size([2048, 2048])) - (2012640:train_csgo.py:825)
2026-01-04 04:50:16 - INFO -         [TRAINABLE] paligemma_with_expert.paligemma.model.language_model.layers.8.mlp.gate_proj.weight (shape: torch.Size([16384, 2048])) - (2012640:train_csgo.py:825)
2026-01-04 04:50:16 - INFO -         [TRAINABLE] paligemma_with_expert.paligemma.model.language_model.layers.8.mlp.up_proj.weight (shape: torch.Size([16384, 2048])) - (2012640:train_csgo.py:825)
2026-01-04 04:50:16 - INFO -         [TRAINABLE] paligemma_with_expert.paligemma.model.language_model.layers.8.mlp.down_proj.weight (shape: torch.Size([2048, 16384])) - (2012640:train_csgo.py:825)
2026-01-04 04:50:16 - INFO -         [TRAINABLE] paligemma_with_expert.paligemma.model.language_model.layers.8.input_layernorm.weight (shape: torch.Size([2048])) - (2012640:train_csgo.py:825)
2026-01-04 04:50:16 - INFO -         [TRAINABLE] paligemma_with_expert.paligemma.model.language_model.layers.8.post_attention_layernorm.weight (shape: torch.Size([2048])) - (2012640:train_csgo.py:825)
2026-01-04 04:50:16 - INFO -         [TRAINABLE] paligemma_with_expert.paligemma.model.language_model.layers.9.self_attn.q_proj.weight (shape: torch.Size([2048, 2048])) - (2012640:train_csgo.py:825)
2026-01-04 04:50:16 - INFO -         [TRAINABLE] paligemma_with_expert.paligemma.model.language_model.layers.9.self_attn.k_proj.weight (shape: torch.Size([256, 2048])) - (2012640:train_csgo.py:825)
2026-01-04 04:50:16 - INFO -         [TRAINABLE] paligemma_with_expert.paligemma.model.language_model.layers.9.self_attn.v_proj.weight (shape: torch.Size([256, 2048])) - (2012640:train_csgo.py:825)
2026-01-04 04:50:16 - INFO -         [TRAINABLE] paligemma_with_expert.paligemma.model.language_model.layers.9.self_attn.o_proj.weight (shape: torch.Size([2048, 2048])) - (2012640:train_csgo.py:825)
2026-01-04 04:50:16 - INFO -         [TRAINABLE] paligemma_with_expert.paligemma.model.language_model.layers.9.mlp.gate_proj.weight (shape: torch.Size([16384, 2048])) - (2012640:train_csgo.py:825)
2026-01-04 04:50:16 - INFO -         [TRAINABLE] paligemma_with_expert.paligemma.model.language_model.layers.9.mlp.up_proj.weight (shape: torch.Size([16384, 2048])) - (2012640:train_csgo.py:825)
2026-01-04 04:50:16 - INFO -         [TRAINABLE] paligemma_with_expert.paligemma.model.language_model.layers.9.mlp.down_proj.weight (shape: torch.Size([2048, 16384])) - (2012640:train_csgo.py:825)
2026-01-04 04:50:16 - INFO -         [TRAINABLE] paligemma_with_expert.paligemma.model.language_model.layers.9.input_layernorm.weight (shape: torch.Size([2048])) - (2012640:train_csgo.py:825)
2026-01-04 04:50:16 - INFO -         [TRAINABLE] paligemma_with_expert.paligemma.model.language_model.layers.9.post_attention_layernorm.weight (shape: torch.Size([2048])) - (2012640:train_csgo.py:825)
2026-01-04 04:50:16 - INFO -         [TRAINABLE] paligemma_with_expert.paligemma.model.language_model.layers.10.self_attn.q_proj.weight (shape: torch.Size([2048, 2048])) - (2012640:train_csgo.py:825)
2026-01-04 04:50:16 - INFO -         [TRAINABLE] paligemma_with_expert.paligemma.model.language_model.layers.10.self_attn.k_proj.weight (shape: torch.Size([256, 2048])) - (2012640:train_csgo.py:825)
2026-01-04 04:50:16 - INFO -         [TRAINABLE] paligemma_with_expert.paligemma.model.language_model.layers.10.self_attn.v_proj.weight (shape: torch.Size([256, 2048])) - (2012640:train_csgo.py:825)
2026-01-04 04:50:16 - INFO -         [TRAINABLE] paligemma_with_expert.paligemma.model.language_model.layers.10.self_attn.o_proj.weight (shape: torch.Size([2048, 2048])) - (2012640:train_csgo.py:825)
2026-01-04 04:50:16 - INFO -         [TRAINABLE] paligemma_with_expert.paligemma.model.language_model.layers.10.mlp.gate_proj.weight (shape: torch.Size([16384, 2048])) - (2012640:train_csgo.py:825)
2026-01-04 04:50:16 - INFO -         [TRAINABLE] paligemma_with_expert.paligemma.model.language_model.layers.10.mlp.up_proj.weight (shape: torch.Size([16384, 2048])) - (2012640:train_csgo.py:825)
2026-01-04 04:50:16 - INFO -         [TRAINABLE] paligemma_with_expert.paligemma.model.language_model.layers.10.mlp.down_proj.weight (shape: torch.Size([2048, 16384])) - (2012640:train_csgo.py:825)
2026-01-04 04:50:16 - INFO -         [TRAINABLE] paligemma_with_expert.paligemma.model.language_model.layers.10.input_layernorm.weight (shape: torch.Size([2048])) - (2012640:train_csgo.py:825)
2026-01-04 04:50:16 - INFO -         [TRAINABLE] paligemma_with_expert.paligemma.model.language_model.layers.10.post_attention_layernorm.weight (shape: torch.Size([2048])) - (2012640:train_csgo.py:825)
2026-01-04 04:50:16 - INFO -         [TRAINABLE] paligemma_with_expert.paligemma.model.language_model.layers.11.self_attn.q_proj.weight (shape: torch.Size([2048, 2048])) - (2012640:train_csgo.py:825)
2026-01-04 04:50:16 - INFO -         [TRAINABLE] paligemma_with_expert.paligemma.model.language_model.layers.11.self_attn.k_proj.weight (shape: torch.Size([256, 2048])) - (2012640:train_csgo.py:825)
2026-01-04 04:50:16 - INFO -         [TRAINABLE] paligemma_with_expert.paligemma.model.language_model.layers.11.self_attn.v_proj.weight (shape: torch.Size([256, 2048])) - (2012640:train_csgo.py:825)
2026-01-04 04:50:16 - INFO -         [TRAINABLE] paligemma_with_expert.paligemma.model.language_model.layers.11.self_attn.o_proj.weight (shape: torch.Size([2048, 2048])) - (2012640:train_csgo.py:825)
2026-01-04 04:50:16 - INFO -         [TRAINABLE] paligemma_with_expert.paligemma.model.language_model.layers.11.mlp.gate_proj.weight (shape: torch.Size([16384, 2048])) - (2012640:train_csgo.py:825)
2026-01-04 04:50:16 - INFO -         [TRAINABLE] paligemma_with_expert.paligemma.model.language_model.layers.11.mlp.up_proj.weight (shape: torch.Size([16384, 2048])) - (2012640:train_csgo.py:825)
2026-01-04 04:50:16 - INFO -         [TRAINABLE] paligemma_with_expert.paligemma.model.language_model.layers.11.mlp.down_proj.weight (shape: torch.Size([2048, 16384])) - (2012640:train_csgo.py:825)
2026-01-04 04:50:16 - INFO -         [TRAINABLE] paligemma_with_expert.paligemma.model.language_model.layers.11.input_layernorm.weight (shape: torch.Size([2048])) - (2012640:train_csgo.py:825)
2026-01-04 04:50:16 - INFO -         [TRAINABLE] paligemma_with_expert.paligemma.model.language_model.layers.11.post_attention_layernorm.weight (shape: torch.Size([2048])) - (2012640:train_csgo.py:825)
2026-01-04 04:50:16 - INFO -         [TRAINABLE] paligemma_with_expert.paligemma.model.language_model.layers.12.self_attn.q_proj.weight (shape: torch.Size([2048, 2048])) - (2012640:train_csgo.py:825)
2026-01-04 04:50:16 - INFO -         [TRAINABLE] paligemma_with_expert.paligemma.model.language_model.layers.12.self_attn.k_proj.weight (shape: torch.Size([256, 2048])) - (2012640:train_csgo.py:825)
2026-01-04 04:50:16 - INFO -         [TRAINABLE] paligemma_with_expert.paligemma.model.language_model.layers.12.self_attn.v_proj.weight (shape: torch.Size([256, 2048])) - (2012640:train_csgo.py:825)
2026-01-04 04:50:16 - INFO -         [TRAINABLE] paligemma_with_expert.paligemma.model.language_model.layers.12.self_attn.o_proj.weight (shape: torch.Size([2048, 2048])) - (2012640:train_csgo.py:825)
2026-01-04 04:50:16 - INFO -         [TRAINABLE] paligemma_with_expert.paligemma.model.language_model.layers.12.mlp.gate_proj.weight (shape: torch.Size([16384, 2048])) - (2012640:train_csgo.py:825)
2026-01-04 04:50:16 - INFO -         [TRAINABLE] paligemma_with_expert.paligemma.model.language_model.layers.12.mlp.up_proj.weight (shape: torch.Size([16384, 2048])) - (2012640:train_csgo.py:825)
2026-01-04 04:50:16 - INFO -         [TRAINABLE] paligemma_with_expert.paligemma.model.language_model.layers.12.mlp.down_proj.weight (shape: torch.Size([2048, 16384])) - (2012640:train_csgo.py:825)
2026-01-04 04:50:16 - INFO -         [TRAINABLE] paligemma_with_expert.paligemma.model.language_model.layers.12.input_layernorm.weight (shape: torch.Size([2048])) - (2012640:train_csgo.py:825)
2026-01-04 04:50:16 - INFO -         [TRAINABLE] paligemma_with_expert.paligemma.model.language_model.layers.12.post_attention_layernorm.weight (shape: torch.Size([2048])) - (2012640:train_csgo.py:825)
2026-01-04 04:50:16 - INFO -         [TRAINABLE] paligemma_with_expert.paligemma.model.language_model.layers.13.self_attn.q_proj.weight (shape: torch.Size([2048, 2048])) - (2012640:train_csgo.py:825)
2026-01-04 04:50:16 - INFO -         [TRAINABLE] paligemma_with_expert.paligemma.model.language_model.layers.13.self_attn.k_proj.weight (shape: torch.Size([256, 2048])) - (2012640:train_csgo.py:825)
2026-01-04 04:50:16 - INFO -         [TRAINABLE] paligemma_with_expert.paligemma.model.language_model.layers.13.self_attn.v_proj.weight (shape: torch.Size([256, 2048])) - (2012640:train_csgo.py:825)
2026-01-04 04:50:16 - INFO -         [TRAINABLE] paligemma_with_expert.paligemma.model.language_model.layers.13.self_attn.o_proj.weight (shape: torch.Size([2048, 2048])) - (2012640:train_csgo.py:825)
2026-01-04 04:50:16 - INFO -         [TRAINABLE] paligemma_with_expert.paligemma.model.language_model.layers.13.mlp.gate_proj.weight (shape: torch.Size([16384, 2048])) - (2012640:train_csgo.py:825)
2026-01-04 04:50:16 - INFO -         [TRAINABLE] paligemma_with_expert.paligemma.model.language_model.layers.13.mlp.up_proj.weight (shape: torch.Size([16384, 2048])) - (2012640:train_csgo.py:825)
2026-01-04 04:50:16 - INFO -         [TRAINABLE] paligemma_with_expert.paligemma.model.language_model.layers.13.mlp.down_proj.weight (shape: torch.Size([2048, 16384])) - (2012640:train_csgo.py:825)
2026-01-04 04:50:16 - INFO -         [TRAINABLE] paligemma_with_expert.paligemma.model.language_model.layers.13.input_layernorm.weight (shape: torch.Size([2048])) - (2012640:train_csgo.py:825)
2026-01-04 04:50:16 - INFO -         [TRAINABLE] paligemma_with_expert.paligemma.model.language_model.layers.13.post_attention_layernorm.weight (shape: torch.Size([2048])) - (2012640:train_csgo.py:825)
2026-01-04 04:50:16 - INFO -         [TRAINABLE] paligemma_with_expert.paligemma.model.language_model.layers.14.self_attn.q_proj.weight (shape: torch.Size([2048, 2048])) - (2012640:train_csgo.py:825)
2026-01-04 04:50:16 - INFO -         [TRAINABLE] paligemma_with_expert.paligemma.model.language_model.layers.14.self_attn.k_proj.weight (shape: torch.Size([256, 2048])) - (2012640:train_csgo.py:825)
2026-01-04 04:50:16 - INFO -         [TRAINABLE] paligemma_with_expert.paligemma.model.language_model.layers.14.self_attn.v_proj.weight (shape: torch.Size([256, 2048])) - (2012640:train_csgo.py:825)
2026-01-04 04:50:16 - INFO -         [TRAINABLE] paligemma_with_expert.paligemma.model.language_model.layers.14.self_attn.o_proj.weight (shape: torch.Size([2048, 2048])) - (2012640:train_csgo.py:825)
2026-01-04 04:50:16 - INFO -         [TRAINABLE] paligemma_with_expert.paligemma.model.language_model.layers.14.mlp.gate_proj.weight (shape: torch.Size([16384, 2048])) - (2012640:train_csgo.py:825)
2026-01-04 04:50:16 - INFO -         [TRAINABLE] paligemma_with_expert.paligemma.model.language_model.layers.14.mlp.up_proj.weight (shape: torch.Size([16384, 2048])) - (2012640:train_csgo.py:825)
2026-01-04 04:50:16 - INFO -         [TRAINABLE] paligemma_with_expert.paligemma.model.language_model.layers.14.mlp.down_proj.weight (shape: torch.Size([2048, 16384])) - (2012640:train_csgo.py:825)
2026-01-04 04:50:16 - INFO -         [TRAINABLE] paligemma_with_expert.paligemma.model.language_model.layers.14.input_layernorm.weight (shape: torch.Size([2048])) - (2012640:train_csgo.py:825)
2026-01-04 04:50:16 - INFO -         [TRAINABLE] paligemma_with_expert.paligemma.model.language_model.layers.14.post_attention_layernorm.weight (shape: torch.Size([2048])) - (2012640:train_csgo.py:825)
2026-01-04 04:50:16 - INFO -         [TRAINABLE] paligemma_with_expert.paligemma.model.language_model.layers.15.self_attn.q_proj.weight (shape: torch.Size([2048, 2048])) - (2012640:train_csgo.py:825)
2026-01-04 04:50:16 - INFO -         [TRAINABLE] paligemma_with_expert.paligemma.model.language_model.layers.15.self_attn.k_proj.weight (shape: torch.Size([256, 2048])) - (2012640:train_csgo.py:825)
2026-01-04 04:50:16 - INFO -         [TRAINABLE] paligemma_with_expert.paligemma.model.language_model.layers.15.self_attn.v_proj.weight (shape: torch.Size([256, 2048])) - (2012640:train_csgo.py:825)
2026-01-04 04:50:16 - INFO -         [TRAINABLE] paligemma_with_expert.paligemma.model.language_model.layers.15.self_attn.o_proj.weight (shape: torch.Size([2048, 2048])) - (2012640:train_csgo.py:825)
2026-01-04 04:50:16 - INFO -         [TRAINABLE] paligemma_with_expert.paligemma.model.language_model.layers.15.mlp.gate_proj.weight (shape: torch.Size([16384, 2048])) - (2012640:train_csgo.py:825)
2026-01-04 04:50:16 - INFO -         [TRAINABLE] paligemma_with_expert.paligemma.model.language_model.layers.15.mlp.up_proj.weight (shape: torch.Size([16384, 2048])) - (2012640:train_csgo.py:825)
2026-01-04 04:50:16 - INFO -         [TRAINABLE] paligemma_with_expert.paligemma.model.language_model.layers.15.mlp.down_proj.weight (shape: torch.Size([2048, 16384])) - (2012640:train_csgo.py:825)
2026-01-04 04:50:16 - INFO -         [TRAINABLE] paligemma_with_expert.paligemma.model.language_model.layers.15.input_layernorm.weight (shape: torch.Size([2048])) - (2012640:train_csgo.py:825)
2026-01-04 04:50:16 - INFO -         [TRAINABLE] paligemma_with_expert.paligemma.model.language_model.layers.15.post_attention_layernorm.weight (shape: torch.Size([2048])) - (2012640:train_csgo.py:825)
2026-01-04 04:50:16 - INFO -         [TRAINABLE] paligemma_with_expert.paligemma.model.language_model.layers.16.self_attn.q_proj.weight (shape: torch.Size([2048, 2048])) - (2012640:train_csgo.py:825)
2026-01-04 04:50:16 - INFO -         [TRAINABLE] paligemma_with_expert.paligemma.model.language_model.layers.16.self_attn.k_proj.weight (shape: torch.Size([256, 2048])) - (2012640:train_csgo.py:825)
2026-01-04 04:50:16 - INFO -         [TRAINABLE] paligemma_with_expert.paligemma.model.language_model.layers.16.self_attn.v_proj.weight (shape: torch.Size([256, 2048])) - (2012640:train_csgo.py:825)
2026-01-04 04:50:16 - INFO -         [TRAINABLE] paligemma_with_expert.paligemma.model.language_model.layers.16.self_attn.o_proj.weight (shape: torch.Size([2048, 2048])) - (2012640:train_csgo.py:825)
2026-01-04 04:50:16 - INFO -         [TRAINABLE] paligemma_with_expert.paligemma.model.language_model.layers.16.mlp.gate_proj.weight (shape: torch.Size([16384, 2048])) - (2012640:train_csgo.py:825)
2026-01-04 04:50:16 - INFO -         [TRAINABLE] paligemma_with_expert.paligemma.model.language_model.layers.16.mlp.up_proj.weight (shape: torch.Size([16384, 2048])) - (2012640:train_csgo.py:825)
2026-01-04 04:50:16 - INFO -         [TRAINABLE] paligemma_with_expert.paligemma.model.language_model.layers.16.mlp.down_proj.weight (shape: torch.Size([2048, 16384])) - (2012640:train_csgo.py:825)
2026-01-04 04:50:16 - INFO -         [TRAINABLE] paligemma_with_expert.paligemma.model.language_model.layers.16.input_layernorm.weight (shape: torch.Size([2048])) - (2012640:train_csgo.py:825)
2026-01-04 04:50:16 - INFO -         [TRAINABLE] paligemma_with_expert.paligemma.model.language_model.layers.16.post_attention_layernorm.weight (shape: torch.Size([2048])) - (2012640:train_csgo.py:825)
2026-01-04 04:50:16 - INFO -         [TRAINABLE] paligemma_with_expert.paligemma.model.language_model.layers.17.self_attn.q_proj.weight (shape: torch.Size([2048, 2048])) - (2012640:train_csgo.py:825)
2026-01-04 04:50:16 - INFO -         [TRAINABLE] paligemma_with_expert.paligemma.model.language_model.layers.17.self_attn.k_proj.weight (shape: torch.Size([256, 2048])) - (2012640:train_csgo.py:825)
2026-01-04 04:50:16 - INFO -         [TRAINABLE] paligemma_with_expert.paligemma.model.language_model.layers.17.self_attn.v_proj.weight (shape: torch.Size([256, 2048])) - (2012640:train_csgo.py:825)
2026-01-04 04:50:16 - INFO -         [TRAINABLE] paligemma_with_expert.paligemma.model.language_model.layers.17.self_attn.o_proj.weight (shape: torch.Size([2048, 2048])) - (2012640:train_csgo.py:825)
2026-01-04 04:50:16 - INFO -         [TRAINABLE] paligemma_with_expert.paligemma.model.language_model.layers.17.mlp.gate_proj.weight (shape: torch.Size([16384, 2048])) - (2012640:train_csgo.py:825)
2026-01-04 04:50:16 - INFO -         [TRAINABLE] paligemma_with_expert.paligemma.model.language_model.layers.17.mlp.up_proj.weight (shape: torch.Size([16384, 2048])) - (2012640:train_csgo.py:825)
2026-01-04 04:50:16 - INFO -         [TRAINABLE] paligemma_with_expert.paligemma.model.language_model.layers.17.mlp.down_proj.weight (shape: torch.Size([2048, 16384])) - (2012640:train_csgo.py:825)
2026-01-04 04:50:16 - INFO -         [TRAINABLE] paligemma_with_expert.paligemma.model.language_model.layers.17.input_layernorm.weight (shape: torch.Size([2048])) - (2012640:train_csgo.py:825)
2026-01-04 04:50:16 - INFO -         [TRAINABLE] paligemma_with_expert.paligemma.model.language_model.layers.17.post_attention_layernorm.weight (shape: torch.Size([2048])) - (2012640:train_csgo.py:825)
2026-01-04 04:50:16 - INFO -         [TRAINABLE] paligemma_with_expert.paligemma.model.language_model.norm.weight (shape: torch.Size([2048])) - (2012640:train_csgo.py:825)
2026-01-04 04:50:16 - INFO -         [TRAINABLE] paligemma_with_expert.gemma_expert.model.layers.0.self_attn.q_proj.weight (shape: torch.Size([2048, 1024])) - (2012640:train_csgo.py:825)
2026-01-04 04:50:16 - INFO -         [TRAINABLE] paligemma_with_expert.gemma_expert.model.layers.0.self_attn.k_proj.weight (shape: torch.Size([256, 1024])) - (2012640:train_csgo.py:825)
2026-01-04 04:50:16 - INFO -         [TRAINABLE] paligemma_with_expert.gemma_expert.model.layers.0.self_attn.v_proj.weight (shape: torch.Size([256, 1024])) - (2012640:train_csgo.py:825)
2026-01-04 04:50:16 - INFO -         [TRAINABLE] paligemma_with_expert.gemma_expert.model.layers.0.self_attn.o_proj.weight (shape: torch.Size([1024, 2048])) - (2012640:train_csgo.py:825)
2026-01-04 04:50:16 - INFO -         [TRAINABLE] paligemma_with_expert.gemma_expert.model.layers.0.mlp.gate_proj.weight (shape: torch.Size([4096, 1024])) - (2012640:train_csgo.py:825)
2026-01-04 04:50:16 - INFO -         [TRAINABLE] paligemma_with_expert.gemma_expert.model.layers.0.mlp.up_proj.weight (shape: torch.Size([4096, 1024])) - (2012640:train_csgo.py:825)
2026-01-04 04:50:16 - INFO -         [TRAINABLE] paligemma_with_expert.gemma_expert.model.layers.0.mlp.down_proj.weight (shape: torch.Size([1024, 4096])) - (2012640:train_csgo.py:825)
2026-01-04 04:50:16 - INFO -         [TRAINABLE] paligemma_with_expert.gemma_expert.model.layers.0.input_layernorm.dense.weight (shape: torch.Size([3072, 1024])) - (2012640:train_csgo.py:825)
2026-01-04 04:50:16 - INFO -         [TRAINABLE] paligemma_with_expert.gemma_expert.model.layers.0.input_layernorm.dense.bias (shape: torch.Size([3072])) - (2012640:train_csgo.py:825)
2026-01-04 04:50:16 - INFO -         [TRAINABLE] paligemma_with_expert.gemma_expert.model.layers.0.post_attention_layernorm.dense.weight (shape: torch.Size([3072, 1024])) - (2012640:train_csgo.py:825)
2026-01-04 04:50:16 - INFO -         [TRAINABLE] paligemma_with_expert.gemma_expert.model.layers.0.post_attention_layernorm.dense.bias (shape: torch.Size([3072])) - (2012640:train_csgo.py:825)
2026-01-04 04:50:16 - INFO -         [TRAINABLE] paligemma_with_expert.gemma_expert.model.layers.1.self_attn.q_proj.weight (shape: torch.Size([2048, 1024])) - (2012640:train_csgo.py:825)
2026-01-04 04:50:16 - INFO -         [TRAINABLE] paligemma_with_expert.gemma_expert.model.layers.1.self_attn.k_proj.weight (shape: torch.Size([256, 1024])) - (2012640:train_csgo.py:825)
2026-01-04 04:50:16 - INFO -         [TRAINABLE] paligemma_with_expert.gemma_expert.model.layers.1.self_attn.v_proj.weight (shape: torch.Size([256, 1024])) - (2012640:train_csgo.py:825)
2026-01-04 04:50:16 - INFO -         [TRAINABLE] paligemma_with_expert.gemma_expert.model.layers.1.self_attn.o_proj.weight (shape: torch.Size([1024, 2048])) - (2012640:train_csgo.py:825)
2026-01-04 04:50:16 - INFO -         [TRAINABLE] paligemma_with_expert.gemma_expert.model.layers.1.mlp.gate_proj.weight (shape: torch.Size([4096, 1024])) - (2012640:train_csgo.py:825)
2026-01-04 04:50:16 - INFO -         [TRAINABLE] paligemma_with_expert.gemma_expert.model.layers.1.mlp.up_proj.weight (shape: torch.Size([4096, 1024])) - (2012640:train_csgo.py:825)
2026-01-04 04:50:16 - INFO -         [TRAINABLE] paligemma_with_expert.gemma_expert.model.layers.1.mlp.down_proj.weight (shape: torch.Size([1024, 4096])) - (2012640:train_csgo.py:825)
2026-01-04 04:50:16 - INFO -         [TRAINABLE] paligemma_with_expert.gemma_expert.model.layers.1.input_layernorm.dense.weight (shape: torch.Size([3072, 1024])) - (2012640:train_csgo.py:825)
2026-01-04 04:50:16 - INFO -         [TRAINABLE] paligemma_with_expert.gemma_expert.model.layers.1.input_layernorm.dense.bias (shape: torch.Size([3072])) - (2012640:train_csgo.py:825)
2026-01-04 04:50:16 - INFO -         [TRAINABLE] paligemma_with_expert.gemma_expert.model.layers.1.post_attention_layernorm.dense.weight (shape: torch.Size([3072, 1024])) - (2012640:train_csgo.py:825)
2026-01-04 04:50:16 - INFO -         [TRAINABLE] paligemma_with_expert.gemma_expert.model.layers.1.post_attention_layernorm.dense.bias (shape: torch.Size([3072])) - (2012640:train_csgo.py:825)
2026-01-04 04:50:16 - INFO -         [TRAINABLE] paligemma_with_expert.gemma_expert.model.layers.2.self_attn.q_proj.weight (shape: torch.Size([2048, 1024])) - (2012640:train_csgo.py:825)
2026-01-04 04:50:16 - INFO -         [TRAINABLE] paligemma_with_expert.gemma_expert.model.layers.2.self_attn.k_proj.weight (shape: torch.Size([256, 1024])) - (2012640:train_csgo.py:825)
2026-01-04 04:50:16 - INFO -         [TRAINABLE] paligemma_with_expert.gemma_expert.model.layers.2.self_attn.v_proj.weight (shape: torch.Size([256, 1024])) - (2012640:train_csgo.py:825)
2026-01-04 04:50:16 - INFO -         [TRAINABLE] paligemma_with_expert.gemma_expert.model.layers.2.self_attn.o_proj.weight (shape: torch.Size([1024, 2048])) - (2012640:train_csgo.py:825)
2026-01-04 04:50:16 - INFO -         [TRAINABLE] paligemma_with_expert.gemma_expert.model.layers.2.mlp.gate_proj.weight (shape: torch.Size([4096, 1024])) - (2012640:train_csgo.py:825)
2026-01-04 04:50:16 - INFO -         [TRAINABLE] paligemma_with_expert.gemma_expert.model.layers.2.mlp.up_proj.weight (shape: torch.Size([4096, 1024])) - (2012640:train_csgo.py:825)
2026-01-04 04:50:16 - INFO -         [TRAINABLE] paligemma_with_expert.gemma_expert.model.layers.2.mlp.down_proj.weight (shape: torch.Size([1024, 4096])) - (2012640:train_csgo.py:825)
2026-01-04 04:50:16 - INFO -         [TRAINABLE] paligemma_with_expert.gemma_expert.model.layers.2.input_layernorm.dense.weight (shape: torch.Size([3072, 1024])) - (2012640:train_csgo.py:825)
2026-01-04 04:50:16 - INFO -         [TRAINABLE] paligemma_with_expert.gemma_expert.model.layers.2.input_layernorm.dense.bias (shape: torch.Size([3072])) - (2012640:train_csgo.py:825)
2026-01-04 04:50:16 - INFO -         [TRAINABLE] paligemma_with_expert.gemma_expert.model.layers.2.post_attention_layernorm.dense.weight (shape: torch.Size([3072, 1024])) - (2012640:train_csgo.py:825)
2026-01-04 04:50:16 - INFO -         [TRAINABLE] paligemma_with_expert.gemma_expert.model.layers.2.post_attention_layernorm.dense.bias (shape: torch.Size([3072])) - (2012640:train_csgo.py:825)
2026-01-04 04:50:16 - INFO -         [TRAINABLE] paligemma_with_expert.gemma_expert.model.layers.3.self_attn.q_proj.weight (shape: torch.Size([2048, 1024])) - (2012640:train_csgo.py:825)
2026-01-04 04:50:16 - INFO -         [TRAINABLE] paligemma_with_expert.gemma_expert.model.layers.3.self_attn.k_proj.weight (shape: torch.Size([256, 1024])) - (2012640:train_csgo.py:825)
2026-01-04 04:50:16 - INFO -         [TRAINABLE] paligemma_with_expert.gemma_expert.model.layers.3.self_attn.v_proj.weight (shape: torch.Size([256, 1024])) - (2012640:train_csgo.py:825)
2026-01-04 04:50:16 - INFO -         [TRAINABLE] paligemma_with_expert.gemma_expert.model.layers.3.self_attn.o_proj.weight (shape: torch.Size([1024, 2048])) - (2012640:train_csgo.py:825)
2026-01-04 04:50:16 - INFO -         [TRAINABLE] paligemma_with_expert.gemma_expert.model.layers.3.mlp.gate_proj.weight (shape: torch.Size([4096, 1024])) - (2012640:train_csgo.py:825)
2026-01-04 04:50:16 - INFO -         [TRAINABLE] paligemma_with_expert.gemma_expert.model.layers.3.mlp.up_proj.weight (shape: torch.Size([4096, 1024])) - (2012640:train_csgo.py:825)
2026-01-04 04:50:16 - INFO -         [TRAINABLE] paligemma_with_expert.gemma_expert.model.layers.3.mlp.down_proj.weight (shape: torch.Size([1024, 4096])) - (2012640:train_csgo.py:825)
2026-01-04 04:50:16 - INFO -         [TRAINABLE] paligemma_with_expert.gemma_expert.model.layers.3.input_layernorm.dense.weight (shape: torch.Size([3072, 1024])) - (2012640:train_csgo.py:825)
2026-01-04 04:50:16 - INFO -         [TRAINABLE] paligemma_with_expert.gemma_expert.model.layers.3.input_layernorm.dense.bias (shape: torch.Size([3072])) - (2012640:train_csgo.py:825)
2026-01-04 04:50:16 - INFO -         [TRAINABLE] paligemma_with_expert.gemma_expert.model.layers.3.post_attention_layernorm.dense.weight (shape: torch.Size([3072, 1024])) - (2012640:train_csgo.py:825)
2026-01-04 04:50:16 - INFO -         [TRAINABLE] paligemma_with_expert.gemma_expert.model.layers.3.post_attention_layernorm.dense.bias (shape: torch.Size([3072])) - (2012640:train_csgo.py:825)
2026-01-04 04:50:16 - INFO -         [TRAINABLE] paligemma_with_expert.gemma_expert.model.layers.4.self_attn.q_proj.weight (shape: torch.Size([2048, 1024])) - (2012640:train_csgo.py:825)
2026-01-04 04:50:16 - INFO -         [TRAINABLE] paligemma_with_expert.gemma_expert.model.layers.4.self_attn.k_proj.weight (shape: torch.Size([256, 1024])) - (2012640:train_csgo.py:825)
2026-01-04 04:50:16 - INFO -         [TRAINABLE] paligemma_with_expert.gemma_expert.model.layers.4.self_attn.v_proj.weight (shape: torch.Size([256, 1024])) - (2012640:train_csgo.py:825)
2026-01-04 04:50:16 - INFO -         [TRAINABLE] paligemma_with_expert.gemma_expert.model.layers.4.self_attn.o_proj.weight (shape: torch.Size([1024, 2048])) - (2012640:train_csgo.py:825)
2026-01-04 04:50:16 - INFO -         [TRAINABLE] paligemma_with_expert.gemma_expert.model.layers.4.mlp.gate_proj.weight (shape: torch.Size([4096, 1024])) - (2012640:train_csgo.py:825)
2026-01-04 04:50:16 - INFO -         [TRAINABLE] paligemma_with_expert.gemma_expert.model.layers.4.mlp.up_proj.weight (shape: torch.Size([4096, 1024])) - (2012640:train_csgo.py:825)
2026-01-04 04:50:16 - INFO -         [TRAINABLE] paligemma_with_expert.gemma_expert.model.layers.4.mlp.down_proj.weight (shape: torch.Size([1024, 4096])) - (2012640:train_csgo.py:825)
2026-01-04 04:50:16 - INFO -         [TRAINABLE] paligemma_with_expert.gemma_expert.model.layers.4.input_layernorm.dense.weight (shape: torch.Size([3072, 1024])) - (2012640:train_csgo.py:825)
2026-01-04 04:50:16 - INFO -         [TRAINABLE] paligemma_with_expert.gemma_expert.model.layers.4.input_layernorm.dense.bias (shape: torch.Size([3072])) - (2012640:train_csgo.py:825)
2026-01-04 04:50:16 - INFO -         [TRAINABLE] paligemma_with_expert.gemma_expert.model.layers.4.post_attention_layernorm.dense.weight (shape: torch.Size([3072, 1024])) - (2012640:train_csgo.py:825)
2026-01-04 04:50:16 - INFO -         [TRAINABLE] paligemma_with_expert.gemma_expert.model.layers.4.post_attention_layernorm.dense.bias (shape: torch.Size([3072])) - (2012640:train_csgo.py:825)
2026-01-04 04:50:16 - INFO -         [TRAINABLE] paligemma_with_expert.gemma_expert.model.layers.5.self_attn.q_proj.weight (shape: torch.Size([2048, 1024])) - (2012640:train_csgo.py:825)
2026-01-04 04:50:16 - INFO -         [TRAINABLE] paligemma_with_expert.gemma_expert.model.layers.5.self_attn.k_proj.weight (shape: torch.Size([256, 1024])) - (2012640:train_csgo.py:825)
2026-01-04 04:50:16 - INFO -         [TRAINABLE] paligemma_with_expert.gemma_expert.model.layers.5.self_attn.v_proj.weight (shape: torch.Size([256, 1024])) - (2012640:train_csgo.py:825)
2026-01-04 04:50:16 - INFO -         [TRAINABLE] paligemma_with_expert.gemma_expert.model.layers.5.self_attn.o_proj.weight (shape: torch.Size([1024, 2048])) - (2012640:train_csgo.py:825)
2026-01-04 04:50:16 - INFO -         [TRAINABLE] paligemma_with_expert.gemma_expert.model.layers.5.mlp.gate_proj.weight (shape: torch.Size([4096, 1024])) - (2012640:train_csgo.py:825)
2026-01-04 04:50:16 - INFO -         [TRAINABLE] paligemma_with_expert.gemma_expert.model.layers.5.mlp.up_proj.weight (shape: torch.Size([4096, 1024])) - (2012640:train_csgo.py:825)
2026-01-04 04:50:16 - INFO -         [TRAINABLE] paligemma_with_expert.gemma_expert.model.layers.5.mlp.down_proj.weight (shape: torch.Size([1024, 4096])) - (2012640:train_csgo.py:825)
2026-01-04 04:50:16 - INFO -         [TRAINABLE] paligemma_with_expert.gemma_expert.model.layers.5.input_layernorm.dense.weight (shape: torch.Size([3072, 1024])) - (2012640:train_csgo.py:825)
2026-01-04 04:50:16 - INFO -         [TRAINABLE] paligemma_with_expert.gemma_expert.model.layers.5.input_layernorm.dense.bias (shape: torch.Size([3072])) - (2012640:train_csgo.py:825)
2026-01-04 04:50:16 - INFO -         [TRAINABLE] paligemma_with_expert.gemma_expert.model.layers.5.post_attention_layernorm.dense.weight (shape: torch.Size([3072, 1024])) - (2012640:train_csgo.py:825)
2026-01-04 04:50:16 - INFO -         [TRAINABLE] paligemma_with_expert.gemma_expert.model.layers.5.post_attention_layernorm.dense.bias (shape: torch.Size([3072])) - (2012640:train_csgo.py:825)
2026-01-04 04:50:16 - INFO -         [TRAINABLE] paligemma_with_expert.gemma_expert.model.layers.6.self_attn.q_proj.weight (shape: torch.Size([2048, 1024])) - (2012640:train_csgo.py:825)
2026-01-04 04:50:16 - INFO -         [TRAINABLE] paligemma_with_expert.gemma_expert.model.layers.6.self_attn.k_proj.weight (shape: torch.Size([256, 1024])) - (2012640:train_csgo.py:825)
2026-01-04 04:50:16 - INFO -         [TRAINABLE] paligemma_with_expert.gemma_expert.model.layers.6.self_attn.v_proj.weight (shape: torch.Size([256, 1024])) - (2012640:train_csgo.py:825)
2026-01-04 04:50:16 - INFO -         [TRAINABLE] paligemma_with_expert.gemma_expert.model.layers.6.self_attn.o_proj.weight (shape: torch.Size([1024, 2048])) - (2012640:train_csgo.py:825)
2026-01-04 04:50:16 - INFO -         [TRAINABLE] paligemma_with_expert.gemma_expert.model.layers.6.mlp.gate_proj.weight (shape: torch.Size([4096, 1024])) - (2012640:train_csgo.py:825)
2026-01-04 04:50:16 - INFO -         [TRAINABLE] paligemma_with_expert.gemma_expert.model.layers.6.mlp.up_proj.weight (shape: torch.Size([4096, 1024])) - (2012640:train_csgo.py:825)
2026-01-04 04:50:16 - INFO -         [TRAINABLE] paligemma_with_expert.gemma_expert.model.layers.6.mlp.down_proj.weight (shape: torch.Size([1024, 4096])) - (2012640:train_csgo.py:825)
2026-01-04 04:50:16 - INFO -         [TRAINABLE] paligemma_with_expert.gemma_expert.model.layers.6.input_layernorm.dense.weight (shape: torch.Size([3072, 1024])) - (2012640:train_csgo.py:825)
2026-01-04 04:50:16 - INFO -         [TRAINABLE] paligemma_with_expert.gemma_expert.model.layers.6.input_layernorm.dense.bias (shape: torch.Size([3072])) - (2012640:train_csgo.py:825)
2026-01-04 04:50:16 - INFO -         [TRAINABLE] paligemma_with_expert.gemma_expert.model.layers.6.post_attention_layernorm.dense.weight (shape: torch.Size([3072, 1024])) - (2012640:train_csgo.py:825)
2026-01-04 04:50:16 - INFO -         [TRAINABLE] paligemma_with_expert.gemma_expert.model.layers.6.post_attention_layernorm.dense.bias (shape: torch.Size([3072])) - (2012640:train_csgo.py:825)
2026-01-04 04:50:16 - INFO -         [TRAINABLE] paligemma_with_expert.gemma_expert.model.layers.7.self_attn.q_proj.weight (shape: torch.Size([2048, 1024])) - (2012640:train_csgo.py:825)
2026-01-04 04:50:16 - INFO -         [TRAINABLE] paligemma_with_expert.gemma_expert.model.layers.7.self_attn.k_proj.weight (shape: torch.Size([256, 1024])) - (2012640:train_csgo.py:825)
2026-01-04 04:50:16 - INFO -         [TRAINABLE] paligemma_with_expert.gemma_expert.model.layers.7.self_attn.v_proj.weight (shape: torch.Size([256, 1024])) - (2012640:train_csgo.py:825)
2026-01-04 04:50:16 - INFO -         [TRAINABLE] paligemma_with_expert.gemma_expert.model.layers.7.self_attn.o_proj.weight (shape: torch.Size([1024, 2048])) - (2012640:train_csgo.py:825)
2026-01-04 04:50:16 - INFO -         [TRAINABLE] paligemma_with_expert.gemma_expert.model.layers.7.mlp.gate_proj.weight (shape: torch.Size([4096, 1024])) - (2012640:train_csgo.py:825)
2026-01-04 04:50:16 - INFO -         [TRAINABLE] paligemma_with_expert.gemma_expert.model.layers.7.mlp.up_proj.weight (shape: torch.Size([4096, 1024])) - (2012640:train_csgo.py:825)
2026-01-04 04:50:16 - INFO -         [TRAINABLE] paligemma_with_expert.gemma_expert.model.layers.7.mlp.down_proj.weight (shape: torch.Size([1024, 4096])) - (2012640:train_csgo.py:825)
2026-01-04 04:50:16 - INFO -         [TRAINABLE] paligemma_with_expert.gemma_expert.model.layers.7.input_layernorm.dense.weight (shape: torch.Size([3072, 1024])) - (2012640:train_csgo.py:825)
2026-01-04 04:50:16 - INFO -         [TRAINABLE] paligemma_with_expert.gemma_expert.model.layers.7.input_layernorm.dense.bias (shape: torch.Size([3072])) - (2012640:train_csgo.py:825)
2026-01-04 04:50:16 - INFO -         [TRAINABLE] paligemma_with_expert.gemma_expert.model.layers.7.post_attention_layernorm.dense.weight (shape: torch.Size([3072, 1024])) - (2012640:train_csgo.py:825)
2026-01-04 04:50:16 - INFO -         [TRAINABLE] paligemma_with_expert.gemma_expert.model.layers.7.post_attention_layernorm.dense.bias (shape: torch.Size([3072])) - (2012640:train_csgo.py:825)
2026-01-04 04:50:16 - INFO -         [TRAINABLE] paligemma_with_expert.gemma_expert.model.layers.8.self_attn.q_proj.weight (shape: torch.Size([2048, 1024])) - (2012640:train_csgo.py:825)
2026-01-04 04:50:16 - INFO -         [TRAINABLE] paligemma_with_expert.gemma_expert.model.layers.8.self_attn.k_proj.weight (shape: torch.Size([256, 1024])) - (2012640:train_csgo.py:825)
2026-01-04 04:50:16 - INFO -         [TRAINABLE] paligemma_with_expert.gemma_expert.model.layers.8.self_attn.v_proj.weight (shape: torch.Size([256, 1024])) - (2012640:train_csgo.py:825)
2026-01-04 04:50:16 - INFO -         [TRAINABLE] paligemma_with_expert.gemma_expert.model.layers.8.self_attn.o_proj.weight (shape: torch.Size([1024, 2048])) - (2012640:train_csgo.py:825)
2026-01-04 04:50:16 - INFO -         [TRAINABLE] paligemma_with_expert.gemma_expert.model.layers.8.mlp.gate_proj.weight (shape: torch.Size([4096, 1024])) - (2012640:train_csgo.py:825)
2026-01-04 04:50:16 - INFO -         [TRAINABLE] paligemma_with_expert.gemma_expert.model.layers.8.mlp.up_proj.weight (shape: torch.Size([4096, 1024])) - (2012640:train_csgo.py:825)
2026-01-04 04:50:16 - INFO -         [TRAINABLE] paligemma_with_expert.gemma_expert.model.layers.8.mlp.down_proj.weight (shape: torch.Size([1024, 4096])) - (2012640:train_csgo.py:825)
2026-01-04 04:50:16 - INFO -         [TRAINABLE] paligemma_with_expert.gemma_expert.model.layers.8.input_layernorm.dense.weight (shape: torch.Size([3072, 1024])) - (2012640:train_csgo.py:825)
2026-01-04 04:50:16 - INFO -         [TRAINABLE] paligemma_with_expert.gemma_expert.model.layers.8.input_layernorm.dense.bias (shape: torch.Size([3072])) - (2012640:train_csgo.py:825)
2026-01-04 04:50:16 - INFO -         [TRAINABLE] paligemma_with_expert.gemma_expert.model.layers.8.post_attention_layernorm.dense.weight (shape: torch.Size([3072, 1024])) - (2012640:train_csgo.py:825)
2026-01-04 04:50:16 - INFO -         [TRAINABLE] paligemma_with_expert.gemma_expert.model.layers.8.post_attention_layernorm.dense.bias (shape: torch.Size([3072])) - (2012640:train_csgo.py:825)
2026-01-04 04:50:16 - INFO -         [TRAINABLE] paligemma_with_expert.gemma_expert.model.layers.9.self_attn.q_proj.weight (shape: torch.Size([2048, 1024])) - (2012640:train_csgo.py:825)
2026-01-04 04:50:16 - INFO -         [TRAINABLE] paligemma_with_expert.gemma_expert.model.layers.9.self_attn.k_proj.weight (shape: torch.Size([256, 1024])) - (2012640:train_csgo.py:825)
2026-01-04 04:50:16 - INFO -         [TRAINABLE] paligemma_with_expert.gemma_expert.model.layers.9.self_attn.v_proj.weight (shape: torch.Size([256, 1024])) - (2012640:train_csgo.py:825)
2026-01-04 04:50:16 - INFO -         [TRAINABLE] paligemma_with_expert.gemma_expert.model.layers.9.self_attn.o_proj.weight (shape: torch.Size([1024, 2048])) - (2012640:train_csgo.py:825)
2026-01-04 04:50:16 - INFO -         [TRAINABLE] paligemma_with_expert.gemma_expert.model.layers.9.mlp.gate_proj.weight (shape: torch.Size([4096, 1024])) - (2012640:train_csgo.py:825)
2026-01-04 04:50:16 - INFO -         [TRAINABLE] paligemma_with_expert.gemma_expert.model.layers.9.mlp.up_proj.weight (shape: torch.Size([4096, 1024])) - (2012640:train_csgo.py:825)
2026-01-04 04:50:16 - INFO -         [TRAINABLE] paligemma_with_expert.gemma_expert.model.layers.9.mlp.down_proj.weight (shape: torch.Size([1024, 4096])) - (2012640:train_csgo.py:825)
2026-01-04 04:50:16 - INFO -         [TRAINABLE] paligemma_with_expert.gemma_expert.model.layers.9.input_layernorm.dense.weight (shape: torch.Size([3072, 1024])) - (2012640:train_csgo.py:825)
2026-01-04 04:50:16 - INFO -         [TRAINABLE] paligemma_with_expert.gemma_expert.model.layers.9.input_layernorm.dense.bias (shape: torch.Size([3072])) - (2012640:train_csgo.py:825)
2026-01-04 04:50:16 - INFO -         [TRAINABLE] paligemma_with_expert.gemma_expert.model.layers.9.post_attention_layernorm.dense.weight (shape: torch.Size([3072, 1024])) - (2012640:train_csgo.py:825)
2026-01-04 04:50:16 - INFO -         [TRAINABLE] paligemma_with_expert.gemma_expert.model.layers.9.post_attention_layernorm.dense.bias (shape: torch.Size([3072])) - (2012640:train_csgo.py:825)
2026-01-04 04:50:16 - INFO -         [TRAINABLE] paligemma_with_expert.gemma_expert.model.layers.10.self_attn.q_proj.weight (shape: torch.Size([2048, 1024])) - (2012640:train_csgo.py:825)
2026-01-04 04:50:16 - INFO -         [TRAINABLE] paligemma_with_expert.gemma_expert.model.layers.10.self_attn.k_proj.weight (shape: torch.Size([256, 1024])) - (2012640:train_csgo.py:825)
2026-01-04 04:50:16 - INFO -         [TRAINABLE] paligemma_with_expert.gemma_expert.model.layers.10.self_attn.v_proj.weight (shape: torch.Size([256, 1024])) - (2012640:train_csgo.py:825)
2026-01-04 04:50:16 - INFO -         [TRAINABLE] paligemma_with_expert.gemma_expert.model.layers.10.self_attn.o_proj.weight (shape: torch.Size([1024, 2048])) - (2012640:train_csgo.py:825)
2026-01-04 04:50:16 - INFO -         [TRAINABLE] paligemma_with_expert.gemma_expert.model.layers.10.mlp.gate_proj.weight (shape: torch.Size([4096, 1024])) - (2012640:train_csgo.py:825)
2026-01-04 04:50:16 - INFO -         [TRAINABLE] paligemma_with_expert.gemma_expert.model.layers.10.mlp.up_proj.weight (shape: torch.Size([4096, 1024])) - (2012640:train_csgo.py:825)
2026-01-04 04:50:16 - INFO -         [TRAINABLE] paligemma_with_expert.gemma_expert.model.layers.10.mlp.down_proj.weight (shape: torch.Size([1024, 4096])) - (2012640:train_csgo.py:825)
2026-01-04 04:50:16 - INFO -         [TRAINABLE] paligemma_with_expert.gemma_expert.model.layers.10.input_layernorm.dense.weight (shape: torch.Size([3072, 1024])) - (2012640:train_csgo.py:825)
2026-01-04 04:50:16 - INFO -         [TRAINABLE] paligemma_with_expert.gemma_expert.model.layers.10.input_layernorm.dense.bias (shape: torch.Size([3072])) - (2012640:train_csgo.py:825)
2026-01-04 04:50:16 - INFO -         [TRAINABLE] paligemma_with_expert.gemma_expert.model.layers.10.post_attention_layernorm.dense.weight (shape: torch.Size([3072, 1024])) - (2012640:train_csgo.py:825)
2026-01-04 04:50:16 - INFO -         [TRAINABLE] paligemma_with_expert.gemma_expert.model.layers.10.post_attention_layernorm.dense.bias (shape: torch.Size([3072])) - (2012640:train_csgo.py:825)
2026-01-04 04:50:16 - INFO -         [TRAINABLE] paligemma_with_expert.gemma_expert.model.layers.11.self_attn.q_proj.weight (shape: torch.Size([2048, 1024])) - (2012640:train_csgo.py:825)
2026-01-04 04:50:16 - INFO -         [TRAINABLE] paligemma_with_expert.gemma_expert.model.layers.11.self_attn.k_proj.weight (shape: torch.Size([256, 1024])) - (2012640:train_csgo.py:825)
2026-01-04 04:50:16 - INFO -         [TRAINABLE] paligemma_with_expert.gemma_expert.model.layers.11.self_attn.v_proj.weight (shape: torch.Size([256, 1024])) - (2012640:train_csgo.py:825)
2026-01-04 04:50:16 - INFO -         [TRAINABLE] paligemma_with_expert.gemma_expert.model.layers.11.self_attn.o_proj.weight (shape: torch.Size([1024, 2048])) - (2012640:train_csgo.py:825)
2026-01-04 04:50:16 - INFO -         [TRAINABLE] paligemma_with_expert.gemma_expert.model.layers.11.mlp.gate_proj.weight (shape: torch.Size([4096, 1024])) - (2012640:train_csgo.py:825)
2026-01-04 04:50:16 - INFO -         [TRAINABLE] paligemma_with_expert.gemma_expert.model.layers.11.mlp.up_proj.weight (shape: torch.Size([4096, 1024])) - (2012640:train_csgo.py:825)
2026-01-04 04:50:16 - INFO -         [TRAINABLE] paligemma_with_expert.gemma_expert.model.layers.11.mlp.down_proj.weight (shape: torch.Size([1024, 4096])) - (2012640:train_csgo.py:825)
2026-01-04 04:50:16 - INFO -         [TRAINABLE] paligemma_with_expert.gemma_expert.model.layers.11.input_layernorm.dense.weight (shape: torch.Size([3072, 1024])) - (2012640:train_csgo.py:825)
2026-01-04 04:50:16 - INFO -         [TRAINABLE] paligemma_with_expert.gemma_expert.model.layers.11.input_layernorm.dense.bias (shape: torch.Size([3072])) - (2012640:train_csgo.py:825)
2026-01-04 04:50:16 - INFO -         [TRAINABLE] paligemma_with_expert.gemma_expert.model.layers.11.post_attention_layernorm.dense.weight (shape: torch.Size([3072, 1024])) - (2012640:train_csgo.py:825)
2026-01-04 04:50:16 - INFO -         [TRAINABLE] paligemma_with_expert.gemma_expert.model.layers.11.post_attention_layernorm.dense.bias (shape: torch.Size([3072])) - (2012640:train_csgo.py:825)
2026-01-04 04:50:16 - INFO -         [TRAINABLE] paligemma_with_expert.gemma_expert.model.layers.12.self_attn.q_proj.weight (shape: torch.Size([2048, 1024])) - (2012640:train_csgo.py:825)
2026-01-04 04:50:16 - INFO -         [TRAINABLE] paligemma_with_expert.gemma_expert.model.layers.12.self_attn.k_proj.weight (shape: torch.Size([256, 1024])) - (2012640:train_csgo.py:825)
2026-01-04 04:50:16 - INFO -         [TRAINABLE] paligemma_with_expert.gemma_expert.model.layers.12.self_attn.v_proj.weight (shape: torch.Size([256, 1024])) - (2012640:train_csgo.py:825)
2026-01-04 04:50:16 - INFO -         [TRAINABLE] paligemma_with_expert.gemma_expert.model.layers.12.self_attn.o_proj.weight (shape: torch.Size([1024, 2048])) - (2012640:train_csgo.py:825)
2026-01-04 04:50:16 - INFO -         [TRAINABLE] paligemma_with_expert.gemma_expert.model.layers.12.mlp.gate_proj.weight (shape: torch.Size([4096, 1024])) - (2012640:train_csgo.py:825)
2026-01-04 04:50:16 - INFO -         [TRAINABLE] paligemma_with_expert.gemma_expert.model.layers.12.mlp.up_proj.weight (shape: torch.Size([4096, 1024])) - (2012640:train_csgo.py:825)
2026-01-04 04:50:16 - INFO -         [TRAINABLE] paligemma_with_expert.gemma_expert.model.layers.12.mlp.down_proj.weight (shape: torch.Size([1024, 4096])) - (2012640:train_csgo.py:825)
2026-01-04 04:50:16 - INFO -         [TRAINABLE] paligemma_with_expert.gemma_expert.model.layers.12.input_layernorm.dense.weight (shape: torch.Size([3072, 1024])) - (2012640:train_csgo.py:825)
2026-01-04 04:50:16 - INFO -         [TRAINABLE] paligemma_with_expert.gemma_expert.model.layers.12.input_layernorm.dense.bias (shape: torch.Size([3072])) - (2012640:train_csgo.py:825)
2026-01-04 04:50:16 - INFO -         [TRAINABLE] paligemma_with_expert.gemma_expert.model.layers.12.post_attention_layernorm.dense.weight (shape: torch.Size([3072, 1024])) - (2012640:train_csgo.py:825)
2026-01-04 04:50:16 - INFO -         [TRAINABLE] paligemma_with_expert.gemma_expert.model.layers.12.post_attention_layernorm.dense.bias (shape: torch.Size([3072])) - (2012640:train_csgo.py:825)
2026-01-04 04:50:16 - INFO -         [TRAINABLE] paligemma_with_expert.gemma_expert.model.layers.13.self_attn.q_proj.weight (shape: torch.Size([2048, 1024])) - (2012640:train_csgo.py:825)
2026-01-04 04:50:16 - INFO -         [TRAINABLE] paligemma_with_expert.gemma_expert.model.layers.13.self_attn.k_proj.weight (shape: torch.Size([256, 1024])) - (2012640:train_csgo.py:825)
2026-01-04 04:50:16 - INFO -         [TRAINABLE] paligemma_with_expert.gemma_expert.model.layers.13.self_attn.v_proj.weight (shape: torch.Size([256, 1024])) - (2012640:train_csgo.py:825)
2026-01-04 04:50:16 - INFO -         [TRAINABLE] paligemma_with_expert.gemma_expert.model.layers.13.self_attn.o_proj.weight (shape: torch.Size([1024, 2048])) - (2012640:train_csgo.py:825)
2026-01-04 04:50:16 - INFO -         [TRAINABLE] paligemma_with_expert.gemma_expert.model.layers.13.mlp.gate_proj.weight (shape: torch.Size([4096, 1024])) - (2012640:train_csgo.py:825)
2026-01-04 04:50:16 - INFO -         [TRAINABLE] paligemma_with_expert.gemma_expert.model.layers.13.mlp.up_proj.weight (shape: torch.Size([4096, 1024])) - (2012640:train_csgo.py:825)
2026-01-04 04:50:16 - INFO -         [TRAINABLE] paligemma_with_expert.gemma_expert.model.layers.13.mlp.down_proj.weight (shape: torch.Size([1024, 4096])) - (2012640:train_csgo.py:825)
2026-01-04 04:50:16 - INFO -         [TRAINABLE] paligemma_with_expert.gemma_expert.model.layers.13.input_layernorm.dense.weight (shape: torch.Size([3072, 1024])) - (2012640:train_csgo.py:825)
2026-01-04 04:50:16 - INFO -         [TRAINABLE] paligemma_with_expert.gemma_expert.model.layers.13.input_layernorm.dense.bias (shape: torch.Size([3072])) - (2012640:train_csgo.py:825)
2026-01-04 04:50:16 - INFO -         [TRAINABLE] paligemma_with_expert.gemma_expert.model.layers.13.post_attention_layernorm.dense.weight (shape: torch.Size([3072, 1024])) - (2012640:train_csgo.py:825)
2026-01-04 04:50:16 - INFO -         [TRAINABLE] paligemma_with_expert.gemma_expert.model.layers.13.post_attention_layernorm.dense.bias (shape: torch.Size([3072])) - (2012640:train_csgo.py:825)
2026-01-04 04:50:16 - INFO -         [TRAINABLE] paligemma_with_expert.gemma_expert.model.layers.14.self_attn.q_proj.weight (shape: torch.Size([2048, 1024])) - (2012640:train_csgo.py:825)
2026-01-04 04:50:16 - INFO -         [TRAINABLE] paligemma_with_expert.gemma_expert.model.layers.14.self_attn.k_proj.weight (shape: torch.Size([256, 1024])) - (2012640:train_csgo.py:825)
2026-01-04 04:50:16 - INFO -         [TRAINABLE] paligemma_with_expert.gemma_expert.model.layers.14.self_attn.v_proj.weight (shape: torch.Size([256, 1024])) - (2012640:train_csgo.py:825)
2026-01-04 04:50:16 - INFO -         [TRAINABLE] paligemma_with_expert.gemma_expert.model.layers.14.self_attn.o_proj.weight (shape: torch.Size([1024, 2048])) - (2012640:train_csgo.py:825)
2026-01-04 04:50:16 - INFO -         [TRAINABLE] paligemma_with_expert.gemma_expert.model.layers.14.mlp.gate_proj.weight (shape: torch.Size([4096, 1024])) - (2012640:train_csgo.py:825)
2026-01-04 04:50:16 - INFO -         [TRAINABLE] paligemma_with_expert.gemma_expert.model.layers.14.mlp.up_proj.weight (shape: torch.Size([4096, 1024])) - (2012640:train_csgo.py:825)
2026-01-04 04:50:16 - INFO -         [TRAINABLE] paligemma_with_expert.gemma_expert.model.layers.14.mlp.down_proj.weight (shape: torch.Size([1024, 4096])) - (2012640:train_csgo.py:825)
2026-01-04 04:50:16 - INFO -         [TRAINABLE] paligemma_with_expert.gemma_expert.model.layers.14.input_layernorm.dense.weight (shape: torch.Size([3072, 1024])) - (2012640:train_csgo.py:825)
2026-01-04 04:50:16 - INFO -         [TRAINABLE] paligemma_with_expert.gemma_expert.model.layers.14.input_layernorm.dense.bias (shape: torch.Size([3072])) - (2012640:train_csgo.py:825)
2026-01-04 04:50:16 - INFO -         [TRAINABLE] paligemma_with_expert.gemma_expert.model.layers.14.post_attention_layernorm.dense.weight (shape: torch.Size([3072, 1024])) - (2012640:train_csgo.py:825)
2026-01-04 04:50:16 - INFO -         [TRAINABLE] paligemma_with_expert.gemma_expert.model.layers.14.post_attention_layernorm.dense.bias (shape: torch.Size([3072])) - (2012640:train_csgo.py:825)
2026-01-04 04:50:16 - INFO -         [TRAINABLE] paligemma_with_expert.gemma_expert.model.layers.15.self_attn.q_proj.weight (shape: torch.Size([2048, 1024])) - (2012640:train_csgo.py:825)
2026-01-04 04:50:16 - INFO -         [TRAINABLE] paligemma_with_expert.gemma_expert.model.layers.15.self_attn.k_proj.weight (shape: torch.Size([256, 1024])) - (2012640:train_csgo.py:825)
2026-01-04 04:50:16 - INFO -         [TRAINABLE] paligemma_with_expert.gemma_expert.model.layers.15.self_attn.v_proj.weight (shape: torch.Size([256, 1024])) - (2012640:train_csgo.py:825)
2026-01-04 04:50:16 - INFO -         [TRAINABLE] paligemma_with_expert.gemma_expert.model.layers.15.self_attn.o_proj.weight (shape: torch.Size([1024, 2048])) - (2012640:train_csgo.py:825)
2026-01-04 04:50:16 - INFO -         [TRAINABLE] paligemma_with_expert.gemma_expert.model.layers.15.mlp.gate_proj.weight (shape: torch.Size([4096, 1024])) - (2012640:train_csgo.py:825)
2026-01-04 04:50:16 - INFO -         [TRAINABLE] paligemma_with_expert.gemma_expert.model.layers.15.mlp.up_proj.weight (shape: torch.Size([4096, 1024])) - (2012640:train_csgo.py:825)
2026-01-04 04:50:16 - INFO -         [TRAINABLE] paligemma_with_expert.gemma_expert.model.layers.15.mlp.down_proj.weight (shape: torch.Size([1024, 4096])) - (2012640:train_csgo.py:825)
2026-01-04 04:50:16 - INFO -         [TRAINABLE] paligemma_with_expert.gemma_expert.model.layers.15.input_layernorm.dense.weight (shape: torch.Size([3072, 1024])) - (2012640:train_csgo.py:825)
2026-01-04 04:50:16 - INFO -         [TRAINABLE] paligemma_with_expert.gemma_expert.model.layers.15.input_layernorm.dense.bias (shape: torch.Size([3072])) - (2012640:train_csgo.py:825)
2026-01-04 04:50:16 - INFO -         [TRAINABLE] paligemma_with_expert.gemma_expert.model.layers.15.post_attention_layernorm.dense.weight (shape: torch.Size([3072, 1024])) - (2012640:train_csgo.py:825)
2026-01-04 04:50:16 - INFO -         [TRAINABLE] paligemma_with_expert.gemma_expert.model.layers.15.post_attention_layernorm.dense.bias (shape: torch.Size([3072])) - (2012640:train_csgo.py:825)
2026-01-04 04:50:16 - INFO -         [TRAINABLE] paligemma_with_expert.gemma_expert.model.layers.16.self_attn.q_proj.weight (shape: torch.Size([2048, 1024])) - (2012640:train_csgo.py:825)
2026-01-04 04:50:16 - INFO -         [TRAINABLE] paligemma_with_expert.gemma_expert.model.layers.16.self_attn.k_proj.weight (shape: torch.Size([256, 1024])) - (2012640:train_csgo.py:825)
2026-01-04 04:50:16 - INFO -         [TRAINABLE] paligemma_with_expert.gemma_expert.model.layers.16.self_attn.v_proj.weight (shape: torch.Size([256, 1024])) - (2012640:train_csgo.py:825)
2026-01-04 04:50:16 - INFO -         [TRAINABLE] paligemma_with_expert.gemma_expert.model.layers.16.self_attn.o_proj.weight (shape: torch.Size([1024, 2048])) - (2012640:train_csgo.py:825)
2026-01-04 04:50:16 - INFO -         [TRAINABLE] paligemma_with_expert.gemma_expert.model.layers.16.mlp.gate_proj.weight (shape: torch.Size([4096, 1024])) - (2012640:train_csgo.py:825)
2026-01-04 04:50:16 - INFO -         [TRAINABLE] paligemma_with_expert.gemma_expert.model.layers.16.mlp.up_proj.weight (shape: torch.Size([4096, 1024])) - (2012640:train_csgo.py:825)
2026-01-04 04:50:16 - INFO -         [TRAINABLE] paligemma_with_expert.gemma_expert.model.layers.16.mlp.down_proj.weight (shape: torch.Size([1024, 4096])) - (2012640:train_csgo.py:825)
2026-01-04 04:50:16 - INFO -         [TRAINABLE] paligemma_with_expert.gemma_expert.model.layers.16.input_layernorm.dense.weight (shape: torch.Size([3072, 1024])) - (2012640:train_csgo.py:825)
2026-01-04 04:50:16 - INFO -         [TRAINABLE] paligemma_with_expert.gemma_expert.model.layers.16.input_layernorm.dense.bias (shape: torch.Size([3072])) - (2012640:train_csgo.py:825)
2026-01-04 04:50:16 - INFO -         [TRAINABLE] paligemma_with_expert.gemma_expert.model.layers.16.post_attention_layernorm.dense.weight (shape: torch.Size([3072, 1024])) - (2012640:train_csgo.py:825)
2026-01-04 04:50:16 - INFO -         [TRAINABLE] paligemma_with_expert.gemma_expert.model.layers.16.post_attention_layernorm.dense.bias (shape: torch.Size([3072])) - (2012640:train_csgo.py:825)
2026-01-04 04:50:16 - INFO -         [TRAINABLE] paligemma_with_expert.gemma_expert.model.layers.17.self_attn.q_proj.weight (shape: torch.Size([2048, 1024])) - (2012640:train_csgo.py:825)
2026-01-04 04:50:16 - INFO -         [TRAINABLE] paligemma_with_expert.gemma_expert.model.layers.17.self_attn.k_proj.weight (shape: torch.Size([256, 1024])) - (2012640:train_csgo.py:825)
2026-01-04 04:50:16 - INFO -         [TRAINABLE] paligemma_with_expert.gemma_expert.model.layers.17.self_attn.v_proj.weight (shape: torch.Size([256, 1024])) - (2012640:train_csgo.py:825)
2026-01-04 04:50:16 - INFO -         [TRAINABLE] paligemma_with_expert.gemma_expert.model.layers.17.self_attn.o_proj.weight (shape: torch.Size([1024, 2048])) - (2012640:train_csgo.py:825)
2026-01-04 04:50:16 - INFO -         [TRAINABLE] paligemma_with_expert.gemma_expert.model.layers.17.mlp.gate_proj.weight (shape: torch.Size([4096, 1024])) - (2012640:train_csgo.py:825)
2026-01-04 04:50:16 - INFO -         [TRAINABLE] paligemma_with_expert.gemma_expert.model.layers.17.mlp.up_proj.weight (shape: torch.Size([4096, 1024])) - (2012640:train_csgo.py:825)
2026-01-04 04:50:16 - INFO -         [TRAINABLE] paligemma_with_expert.gemma_expert.model.layers.17.mlp.down_proj.weight (shape: torch.Size([1024, 4096])) - (2012640:train_csgo.py:825)
2026-01-04 04:50:16 - INFO -         [TRAINABLE] paligemma_with_expert.gemma_expert.model.layers.17.input_layernorm.dense.weight (shape: torch.Size([3072, 1024])) - (2012640:train_csgo.py:825)
2026-01-04 04:50:16 - INFO -         [TRAINABLE] paligemma_with_expert.gemma_expert.model.layers.17.input_layernorm.dense.bias (shape: torch.Size([3072])) - (2012640:train_csgo.py:825)
2026-01-04 04:50:16 - INFO -         [TRAINABLE] paligemma_with_expert.gemma_expert.model.layers.17.post_attention_layernorm.dense.weight (shape: torch.Size([3072, 1024])) - (2012640:train_csgo.py:825)
2026-01-04 04:50:16 - INFO -         [TRAINABLE] paligemma_with_expert.gemma_expert.model.layers.17.post_attention_layernorm.dense.bias (shape: torch.Size([3072])) - (2012640:train_csgo.py:825)
2026-01-04 04:50:16 - INFO -         [TRAINABLE] paligemma_with_expert.gemma_expert.model.norm.dense.weight (shape: torch.Size([3072, 1024])) - (2012640:train_csgo.py:825)
2026-01-04 04:50:16 - INFO -         [TRAINABLE] paligemma_with_expert.gemma_expert.model.norm.dense.bias (shape: torch.Size([3072])) - (2012640:train_csgo.py:825)
2026-01-04 04:50:16 - INFO -         [TRAINABLE] paligemma_with_expert.gemma_expert.lm_head.weight (shape: torch.Size([257152, 1024])) - (2012640:train_csgo.py:825)
2026-01-04 04:50:16 - INFO -         [TRAINABLE] action_in_proj.weight (shape: torch.Size([1024, 32])) - (2012640:train_csgo.py:825)
2026-01-04 04:50:16 - INFO -         [TRAINABLE] action_in_proj.bias (shape: torch.Size([1024])) - (2012640:train_csgo.py:825)
2026-01-04 04:50:16 - INFO -         [TRAINABLE] action_out_proj.weight (shape: torch.Size([32, 1024])) - (2012640:train_csgo.py:825)
2026-01-04 04:50:16 - INFO -         [TRAINABLE] action_out_proj.bias (shape: torch.Size([32])) - (2012640:train_csgo.py:825)
2026-01-04 04:50:16 - INFO -         [TRAINABLE] time_mlp_in.weight (shape: torch.Size([1024, 1024])) - (2012640:train_csgo.py:825)
2026-01-04 04:50:16 - INFO -         [TRAINABLE] time_mlp_in.bias (shape: torch.Size([1024])) - (2012640:train_csgo.py:825)
2026-01-04 04:50:16 - INFO -         [TRAINABLE] time_mlp_out.weight (shape: torch.Size([1024, 1024])) - (2012640:train_csgo.py:825)
2026-01-04 04:50:16 - INFO -         [TRAINABLE] time_mlp_out.bias (shape: torch.Size([1024])) - (2012640:train_csgo.py:825)
2026-01-04 04:50:16 - INFO - model.training_params: 3635642129, model.total_params: 3635642129 - (2012640:train_csgo.py:826)
2026-01-04 04:50:39 - INFO - Step 0 (after_backward): GPU memory - allocated: 14.56GB, reserved: 61.85GB, free: 47.28GB, peak_allocated: 56.48GB, peak_reserved: 61.85GB - (2012640:train_csgo.py:354)
2026-01-04 04:50:39 - INFO - step=0 loss=0.2103 lr=5.00e-08 grad_norm=3.21 time=24.0s - (2012640:train_csgo.py:961)
2026-01-04 04:50:53 - INFO - Step 1 (after_backward): GPU memory - allocated: 28.12GB, reserved: 78.25GB, free: 50.13GB, peak_allocated: 70.02GB, peak_reserved: 78.25GB - (2012640:train_csgo.py:354)
2026-01-04 04:51:07 - INFO - Step 2 (after_backward): GPU memory - allocated: 28.12GB, reserved: 78.25GB, free: 50.13GB, peak_allocated: 70.02GB, peak_reserved: 78.25GB - (2012640:train_csgo.py:354)
2026-01-04 04:51:21 - INFO - Step 3 (after_backward): GPU memory - allocated: 28.12GB, reserved: 78.25GB, free: 50.13GB, peak_allocated: 70.02GB, peak_reserved: 78.25GB - (2012640:train_csgo.py:354)
2026-01-04 04:51:39 - INFO - Step 4 (after_backward): GPU memory - allocated: 28.12GB, reserved: 78.25GB, free: 50.13GB, peak_allocated: 70.02GB, peak_reserved: 78.25GB - (2012640:train_csgo.py:354)
2026-01-04 05:41:45 - INFO - step=100 loss=0.1003 lr=2.57e-06 grad_norm=1.67 time=3065.3s - (2012640:train_csgo.py:961)
2026-01-04 06:19:18 - INFO - step=200 loss=0.0335 lr=7.57e-06 grad_norm=0.47 time=2253.3s - (2012640:train_csgo.py:961)
2026-01-04 06:56:56 - INFO - step=300 loss=0.0302 lr=1.26e-05 grad_norm=0.33 time=2258.2s - (2012640:train_csgo.py:961)
2026-01-04 07:34:40 - INFO - step=400 loss=0.0277 lr=1.76e-05 grad_norm=0.30 time=2263.6s - (2012640:train_csgo.py:961)
2026-01-04 08:12:24 - INFO - step=500 loss=0.0256 lr=2.26e-05 grad_norm=0.30 time=2264.6s - (2012640:train_csgo.py:961)
2026-01-04 08:50:05 - INFO - step=600 loss=0.0230 lr=2.75e-05 grad_norm=0.26 time=2260.6s - (2012640:train_csgo.py:961)
2026-01-04 09:27:46 - INFO - step=700 loss=0.0214 lr=3.25e-05 grad_norm=0.36 time=2260.8s - (2012640:train_csgo.py:961)
2026-01-04 10:05:27 - INFO - step=800 loss=0.0183 lr=3.75e-05 grad_norm=0.30 time=2260.7s - (2012640:train_csgo.py:961)
2026-01-04 10:43:03 - INFO - step=900 loss=0.0165 lr=4.25e-05 grad_norm=0.29 time=2256.2s - (2012640:train_csgo.py:961)
2026-01-04 11:20:39 - INFO - step=1000 loss=0.0150 lr=4.75e-05 grad_norm=0.27 time=2255.8s - (2012640:train_csgo.py:961)
2026-01-04 11:58:01 - INFO - step=1100 loss=0.0143 lr=5.00e-05 grad_norm=0.30 time=2242.9s - (2012640:train_csgo.py:961)
2026-01-04 12:35:38 - INFO - step=1200 loss=0.0124 lr=5.00e-05 grad_norm=0.25 time=2256.4s - (2012640:train_csgo.py:961)
2026-01-04 13:13:12 - INFO - step=1300 loss=0.0112 lr=5.00e-05 grad_norm=0.22 time=2253.8s - (2012640:train_csgo.py:961)
2026-01-04 13:50:51 - INFO - step=1400 loss=0.0105 lr=5.00e-05 grad_norm=0.21 time=2259.5s - (2012640:train_csgo.py:961)
2026-01-04 14:28:25 - INFO - step=1500 loss=0.0093 lr=5.00e-05 grad_norm=0.21 time=2253.4s - (2012640:train_csgo.py:961)
2026-01-04 15:06:06 - INFO - step=1600 loss=0.0095 lr=5.00e-05 grad_norm=0.22 time=2261.3s - (2012640:train_csgo.py:961)
2026-01-04 15:43:40 - INFO - step=1700 loss=0.0087 lr=5.00e-05 grad_norm=0.23 time=2253.7s - (2012640:train_csgo.py:961)
2026-01-04 16:21:14 - INFO - step=1800 loss=0.0087 lr=5.00e-05 grad_norm=0.21 time=2254.4s - (2012640:train_csgo.py:961)
2026-01-04 16:58:54 - INFO - step=1900 loss=0.0086 lr=5.00e-05 grad_norm=0.24 time=2259.8s - (2012640:train_csgo.py:961)
2026-01-04 17:36:30 - INFO - step=2000 loss=0.0075 lr=5.00e-05 grad_norm=0.20 time=2255.7s - (2012640:train_csgo.py:961)
2026-01-04 18:14:08 - INFO - step=2100 loss=0.0073 lr=5.00e-05 grad_norm=0.20 time=2258.8s - (2012640:train_csgo.py:961)
2026-01-04 18:51:48 - INFO - step=2200 loss=0.0078 lr=5.00e-05 grad_norm=0.23 time=2259.6s - (2012640:train_csgo.py:961)
2026-01-04 19:29:16 - INFO - step=2300 loss=0.0071 lr=5.00e-05 grad_norm=0.17 time=2247.6s - (2012640:train_csgo.py:961)
2026-01-04 20:06:55 - INFO - step=2400 loss=0.0070 lr=5.00e-05 grad_norm=0.19 time=2259.0s - (2012640:train_csgo.py:961)
2026-01-04 20:44:32 - INFO - step=2500 loss=0.0069 lr=5.00e-05 grad_norm=0.20 time=2257.3s - (2012640:train_csgo.py:961)
2026-01-04 21:22:03 - INFO - step=2600 loss=0.0067 lr=5.00e-05 grad_norm=0.19 time=2251.4s - (2012640:train_csgo.py:961)
2026-01-04 21:59:50 - INFO - step=2700 loss=0.0062 lr=5.00e-05 grad_norm=0.17 time=2267.0s - (2012640:train_csgo.py:961)
2026-01-04 22:37:26 - INFO - step=2800 loss=0.0062 lr=5.00e-05 grad_norm=0.17 time=2256.0s - (2012640:train_csgo.py:961)
2026-01-04 23:15:11 - INFO - step=2900 loss=0.0060 lr=5.00e-05 grad_norm=0.17 time=2264.7s - (2012640:train_csgo.py:961)
2026-01-04 23:52:49 - INFO - step=3000 loss=0.0060 lr=5.00e-05 grad_norm=0.19 time=2258.1s - (2012640:train_csgo.py:961)
2026-01-05 00:30:34 - INFO - step=3100 loss=0.0056 lr=5.00e-05 grad_norm=0.17 time=2265.0s - (2012640:train_csgo.py:961)
2026-01-05 01:08:05 - INFO - step=3200 loss=0.0059 lr=5.00e-05 grad_norm=0.22 time=2250.9s - (2012640:train_csgo.py:961)
2026-01-05 01:45:43 - INFO - step=3300 loss=0.0054 lr=5.00e-05 grad_norm=0.15 time=2257.6s - (2012640:train_csgo.py:961)
2026-01-05 02:23:10 - INFO - step=3400 loss=0.0055 lr=5.00e-05 grad_norm=0.17 time=2247.7s - (2012640:train_csgo.py:961)
2026-01-05 03:00:56 - INFO - step=3500 loss=0.0057 lr=5.00e-05 grad_norm=0.18 time=2265.2s - (2012640:train_csgo.py:961)
2026-01-05 03:38:27 - INFO - step=3600 loss=0.0049 lr=5.00e-05 grad_norm=0.16 time=2251.0s - (2012640:train_csgo.py:961)
2026-01-05 04:15:52 - INFO - step=3700 loss=0.0052 lr=5.00e-05 grad_norm=0.17 time=2245.6s - (2012640:train_csgo.py:961)
2026-01-05 04:53:35 - INFO - step=3800 loss=0.0055 lr=5.00e-05 grad_norm=0.18 time=2262.7s - (2012640:train_csgo.py:961)
2026-01-05 05:31:04 - INFO - step=3900 loss=0.0051 lr=5.00e-05 grad_norm=0.16 time=2249.3s - (2012640:train_csgo.py:961)
2026-01-05 06:08:44 - INFO - Saved checkpoint at step 4000 -> /data/jiahao/openpi/checkpoints/pi05_csgo_3maps_exp10_2/pi05_csgo_3maps_exp10_2/4000 - (2012640:train_csgo.py:240)
2026-01-05 06:09:00 - INFO - step=4000 loss=0.0048 lr=5.00e-05 grad_norm=0.16 time=2276.2s - (2012640:train_csgo.py:961)
2026-01-05 06:46:23 - INFO - step=4100 loss=0.0050 lr=5.00e-05 grad_norm=0.17 time=2242.7s - (2012640:train_csgo.py:961)
2026-01-05 07:23:56 - INFO - step=4200 loss=0.0048 lr=5.00e-05 grad_norm=0.16 time=2253.4s - (2012640:train_csgo.py:961)
2026-01-05 08:01:35 - INFO - step=4300 loss=0.0053 lr=5.00e-05 grad_norm=0.20 time=2258.5s - (2012640:train_csgo.py:961)
2026-01-05 08:39:07 - INFO - step=4400 loss=0.0044 lr=5.00e-05 grad_norm=0.14 time=2251.8s - (2012640:train_csgo.py:961)
2026-01-05 09:16:33 - INFO - step=4500 loss=0.0047 lr=5.00e-05 grad_norm=0.15 time=2246.1s - (2012640:train_csgo.py:961)
2026-01-05 09:54:03 - INFO - step=4600 loss=0.0049 lr=5.00e-05 grad_norm=0.17 time=2249.7s - (2012640:train_csgo.py:961)
2026-01-05 10:31:37 - INFO - step=4700 loss=0.0049 lr=5.00e-05 grad_norm=0.16 time=2254.9s - (2012640:train_csgo.py:961)
2026-01-05 11:09:11 - INFO - step=4800 loss=0.0049 lr=5.00e-05 grad_norm=0.16 time=2253.2s - (2012640:train_csgo.py:961)
2026-01-05 11:46:37 - INFO - step=4900 loss=0.0047 lr=5.00e-05 grad_norm=0.18 time=2246.2s - (2012640:train_csgo.py:961)
2026-01-05 12:24:15 - INFO - step=5000 loss=0.0045 lr=5.00e-05 grad_norm=0.16 time=2258.2s - (2012640:train_csgo.py:961)
2026-01-05 13:01:51 - INFO - step=5100 loss=0.0046 lr=5.00e-05 grad_norm=0.16 time=2255.7s - (2012640:train_csgo.py:961)
2026-01-05 13:39:35 - INFO - step=5200 loss=0.0044 lr=5.00e-05 grad_norm=0.14 time=2264.7s - (2012640:train_csgo.py:961)
2026-01-05 14:17:21 - INFO - step=5300 loss=0.0047 lr=5.00e-05 grad_norm=0.18 time=2265.2s - (2012640:train_csgo.py:961)
2026-01-05 14:55:05 - INFO - step=5400 loss=0.0045 lr=5.00e-05 grad_norm=0.15 time=2264.7s - (2012640:train_csgo.py:961)
2026-01-05 15:32:48 - INFO - step=5500 loss=0.0039 lr=5.00e-05 grad_norm=0.14 time=2262.4s - (2012640:train_csgo.py:961)
2026-01-05 16:10:30 - INFO - step=5600 loss=0.0046 lr=5.00e-05 grad_norm=0.17 time=2261.9s - (2012640:train_csgo.py:961)
2026-01-05 16:48:05 - INFO - step=5700 loss=0.0038 lr=5.00e-05 grad_norm=0.14 time=2255.2s - (2012640:train_csgo.py:961)
2026-01-05 17:25:41 - INFO - step=5800 loss=0.0042 lr=5.00e-05 grad_norm=0.15 time=2255.9s - (2012640:train_csgo.py:961)
2026-01-05 18:03:21 - INFO - step=5900 loss=0.0040 lr=5.00e-05 grad_norm=0.13 time=2260.5s - (2012640:train_csgo.py:961)
2026-01-05 18:41:09 - INFO - step=6000 loss=0.0040 lr=5.00e-05 grad_norm=0.14 time=2267.6s - (2012640:train_csgo.py:961)
2026-01-05 19:18:52 - INFO - step=6100 loss=0.0038 lr=5.00e-05 grad_norm=0.13 time=2263.2s - (2012640:train_csgo.py:961)
2026-01-05 19:56:42 - INFO - step=6200 loss=0.0042 lr=5.00e-05 grad_norm=0.15 time=2269.3s - (2012640:train_csgo.py:961)
2026-01-05 20:34:23 - INFO - step=6300 loss=0.0035 lr=5.00e-05 grad_norm=0.12 time=2261.0s - (2012640:train_csgo.py:961)
2026-01-05 21:11:59 - INFO - step=6400 loss=0.0038 lr=5.00e-05 grad_norm=0.13 time=2256.1s - (2012640:train_csgo.py:961)
2026-01-05 21:49:38 - INFO - step=6500 loss=0.0039 lr=5.00e-05 grad_norm=0.14 time=2258.9s - (2012640:train_csgo.py:961)
2026-01-05 22:27:20 - INFO - step=6600 loss=0.0037 lr=5.00e-05 grad_norm=0.13 time=2262.1s - (2012640:train_csgo.py:961)
2026-01-05 23:05:05 - INFO - step=6700 loss=0.0039 lr=5.00e-05 grad_norm=0.14 time=2265.5s - (2012640:train_csgo.py:961)
2026-01-05 23:42:58 - INFO - step=6800 loss=0.0041 lr=5.00e-05 grad_norm=0.15 time=2272.9s - (2012640:train_csgo.py:961)
2026-01-06 00:20:48 - INFO - step=6900 loss=0.0040 lr=5.00e-05 grad_norm=0.14 time=2269.6s - (2012640:train_csgo.py:961)
2026-01-06 00:58:41 - INFO - step=7000 loss=0.0037 lr=5.00e-05 grad_norm=0.13 time=2273.1s - (2012640:train_csgo.py:961)
2026-01-06 01:36:23 - INFO - step=7100 loss=0.0035 lr=5.00e-05 grad_norm=0.13 time=2262.7s - (2012640:train_csgo.py:961)
2026-01-06 02:13:56 - INFO - step=7200 loss=0.0036 lr=5.00e-05 grad_norm=0.14 time=2253.0s - (2012640:train_csgo.py:961)
2026-01-06 02:51:33 - INFO - step=7300 loss=0.0037 lr=5.00e-05 grad_norm=0.13 time=2257.0s - (2012640:train_csgo.py:961)
2026-01-06 03:29:07 - INFO - step=7400 loss=0.0040 lr=5.00e-05 grad_norm=0.14 time=2253.5s - (2012640:train_csgo.py:961)
2026-01-06 04:06:36 - INFO - step=7500 loss=0.0036 lr=5.00e-05 grad_norm=0.12 time=2248.7s - (2012640:train_csgo.py:961)
2026-01-06 04:44:07 - INFO - step=7600 loss=0.0037 lr=5.00e-05 grad_norm=0.12 time=2251.3s - (2012640:train_csgo.py:961)
2026-01-06 05:21:41 - INFO - step=7700 loss=0.0034 lr=5.00e-05 grad_norm=0.13 time=2254.2s - (2012640:train_csgo.py:961)
2026-01-06 05:59:10 - INFO - step=7800 loss=0.0038 lr=5.00e-05 grad_norm=0.14 time=2248.8s - (2012640:train_csgo.py:961)
2026-01-06 06:36:42 - INFO - step=7900 loss=0.0034 lr=5.00e-05 grad_norm=0.12 time=2252.4s - (2012640:train_csgo.py:961)
2026-01-06 07:14:21 - INFO - Saved checkpoint at step 8000 -> /data/jiahao/openpi/checkpoints/pi05_csgo_3maps_exp10_2/pi05_csgo_3maps_exp10_2/8000 - (2012640:train_csgo.py:240)
2026-01-06 07:14:37 - INFO - step=8000 loss=0.0034 lr=5.00e-05 grad_norm=0.11 time=2274.6s - (2012640:train_csgo.py:961)
2026-01-06 07:52:05 - INFO - step=8100 loss=0.0036 lr=5.00e-05 grad_norm=0.13 time=2248.0s - (2012640:train_csgo.py:961)
2026-01-06 08:29:35 - INFO - step=8200 loss=0.0036 lr=5.00e-05 grad_norm=0.12 time=2249.7s - (2012640:train_csgo.py:961)
2026-01-06 09:07:01 - INFO - step=8300 loss=0.0036 lr=5.00e-05 grad_norm=0.12 time=2246.5s - (2012640:train_csgo.py:961)
2026-01-06 09:44:37 - INFO - step=8400 loss=0.0032 lr=5.00e-05 grad_norm=0.12 time=2255.2s - (2012640:train_csgo.py:961)
2026-01-06 10:22:15 - INFO - step=8500 loss=0.0035 lr=5.00e-05 grad_norm=0.12 time=2258.6s - (2012640:train_csgo.py:961)
2026-01-06 11:01:18 - INFO - step=8600 loss=0.0031 lr=5.00e-05 grad_norm=0.11 time=2342.5s - (2012640:train_csgo.py:961)
2026-01-06 11:52:28 - INFO - step=8700 loss=0.0036 lr=5.00e-05 grad_norm=0.13 time=3070.2s - (2012640:train_csgo.py:961)
2026-01-06 12:33:27 - INFO - step=8800 loss=0.0034 lr=5.00e-05 grad_norm=0.13 time=2459.3s - (2012640:train_csgo.py:961)
2026-01-06 13:11:49 - INFO - step=8900 loss=0.0031 lr=5.00e-05 grad_norm=0.10 time=2301.7s - (2012640:train_csgo.py:961)
2026-01-06 13:49:26 - INFO - step=9000 loss=0.0034 lr=5.00e-05 grad_norm=0.12 time=2256.8s - (2012640:train_csgo.py:961)
2026-01-06 14:27:14 - INFO - step=9100 loss=0.0035 lr=5.00e-05 grad_norm=0.13 time=2267.9s - (2012640:train_csgo.py:961)
2026-01-06 15:11:32 - INFO - step=9200 loss=0.0033 lr=5.00e-05 grad_norm=0.12 time=2658.9s - (2012640:train_csgo.py:961)
2026-01-06 15:56:34 - INFO - step=9300 loss=0.0034 lr=5.00e-05 grad_norm=0.12 time=2701.3s - (2012640:train_csgo.py:961)
2026-01-06 16:41:36 - INFO - step=9400 loss=0.0034 lr=5.00e-05 grad_norm=0.12 time=2702.4s - (2012640:train_csgo.py:961)
2026-01-06 17:26:02 - INFO - step=9500 loss=0.0031 lr=5.00e-05 grad_norm=0.12 time=2665.7s - (2012640:train_csgo.py:961)
2026-01-06 18:03:45 - INFO - step=9600 loss=0.0031 lr=5.00e-05 grad_norm=0.12 time=2263.3s - (2012640:train_csgo.py:961)
2026-01-06 18:41:36 - INFO - step=9700 loss=0.0038 lr=5.00e-05 grad_norm=0.13 time=2270.5s - (2012640:train_csgo.py:961)
2026-01-06 19:19:20 - INFO - step=9800 loss=0.0034 lr=5.00e-05 grad_norm=0.12 time=2264.6s - (2012640:train_csgo.py:961)
2026-01-06 19:57:11 - INFO - step=9900 loss=0.0032 lr=5.00e-05 grad_norm=0.12 time=2270.7s - (2012640:train_csgo.py:961)
2026-01-06 20:34:59 - INFO - step=10000 loss=0.0031 lr=5.00e-05 grad_norm=0.11 time=2267.6s - (2012640:train_csgo.py:961)
2026-01-06 21:12:40 - INFO - step=10100 loss=0.0035 lr=5.00e-05 grad_norm=0.12 time=2261.4s - (2012640:train_csgo.py:961)
2026-01-06 21:50:14 - INFO - step=10200 loss=0.0031 lr=5.00e-05 grad_norm=0.11 time=2254.1s - (2012640:train_csgo.py:961)
2026-01-06 22:28:05 - INFO - step=10300 loss=0.0034 lr=5.00e-05 grad_norm=0.12 time=2271.0s - (2012640:train_csgo.py:961)
