2025-12-25 13:34:58 - INFO - Created experiment checkpoint directory: /data/jiahao/openpi/checkpoints/pi05_csgo_3maps_exp8/pi05_csgo_3maps_exp8 - (2346192:train_csgo.py:618)
2025-12-25 13:35:00 - INFO - Using batch size per GPU: 128 (total batch size across 1 GPUs: 128) - (2346192:train_csgo.py:632)
2025-12-25 13:35:00 - INFO - Norm stats not found in /home/jiahao/task/openpi/assets/pi05_csgo_3maps_exp8/physical-intelligence/libero, skipping. - (2346192:config.py:204)
2025-12-25 13:35:00 - INFO - data_config: DataConfig(is_csgo=True, csgo_config={'debug': False, 'data_dir': 'data/preprocessed_data', 'train_maps': ['de_dust2', 'de_nuke', 'de_ancient'], 'val_maps': ['de_dust2', 'de_nuke', 'de_ancient'], 'test_maps': ['de_dust2', 'de_nuke', 'de_ancient'], 'map_size': [224, 224], 'fps_size': [224, 224], 'is_dataset_aug': False, 'is_fps_dropout': True, 'is_fps_aug': False, 'erasing_p': 0.6}, repo_id='physical-intelligence/libero', asset_id='physical-intelligence/libero', norm_stats=None, repack_transforms=Group(inputs=[RepackTransform(structure={'observation/image': 'image', 'observation/wrist_image': 'wrist_image', 'observation/state': 'state', 'map_id': 'map_id', 'actions': 'actions', 'prompt': 'prompt'})], outputs=()), data_transforms=Group(inputs=[CsgoInputs(model_type=<ModelType.PI05: 'pi05'>)], outputs=[CsgoOutputs()]), model_transforms=Group(inputs=[InjectDefaultPrompt(prompt=None), ResizeImages(height=224, width=224), TokenizePrompt(tokenizer=<openpi.models.tokenizer.PaligemmaTokenizer object at 0x7d7331e84110>, discrete_state_input=False), PadStatesAndActions(model_action_dim=32)], outputs=()), use_quantile_norm=True, action_sequence_keys=('actions',), prompt_from_task=True, rlds_data_dir=None, action_space=None, filter_dict_path=None) - (2346192:data_loader.py:305)
2025-12-25 13:35:00 - INFO - local dataset: 60000 - (2346192:data_loader.py:405)
2025-12-25 13:35:00 - INFO - local_batch_size: 128 - (2346192:data_loader.py:406)
2025-12-25 13:35:00 - INFO - Unable to initialize backend 'rocm': module 'jaxlib.xla_extension' has no attribute 'GpuAllocatorConfig' - (2346192:xla_bridge.py:925)
2025-12-25 13:35:00 - INFO - Unable to initialize backend 'tpu': INTERNAL: Failed to open libtpu.so: libtpu.so: cannot open shared object file: No such file or directory - (2346192:xla_bridge.py:925)
2025-12-25 13:35:01 - INFO - local dataloader: 468 - (2346192:data_loader.py:418)
2025-12-25 13:35:24 - INFO - 
batch_sample: [<class 'openpi.models.model.Observation'>, <class 'torch.Tensor'>] - (2346192:train_csgo.py:640)
2025-12-25 13:35:24 - INFO - batch_sample[0].to_dict().keys() = dict_keys(['map_ids', 'state', 'tokenized_prompt', 'tokenized_prompt_mask', 'token_ar_mask', 'token_loss_mask', 'image', 'image_mask']) - (2346192:train_csgo.py:641)
2025-12-25 13:35:24 - INFO - batch_sample[1].shape = torch.Size([128, 1, 32]) - (2346192:train_csgo.py:642)
2025-12-25 13:35:24 - INFO - 
 - (2346192:train_csgo.py:643)
2025-12-25 13:35:25 - INFO - Norm stats not found in /home/jiahao/task/openpi/assets/pi05_csgo_3maps_exp8/physical-intelligence/libero, skipping. - (2346192:config.py:204)
2025-12-25 13:35:25 - INFO - data_config: DataConfig(is_csgo=True, csgo_config={'debug': False, 'data_dir': 'data/preprocessed_data', 'train_maps': ['de_dust2', 'de_nuke', 'de_ancient'], 'val_maps': ['de_dust2', 'de_nuke', 'de_ancient'], 'test_maps': ['de_dust2', 'de_nuke', 'de_ancient'], 'map_size': [224, 224], 'fps_size': [224, 224], 'is_dataset_aug': False, 'is_fps_dropout': True, 'is_fps_aug': False, 'erasing_p': 0.6}, repo_id='physical-intelligence/libero', asset_id='physical-intelligence/libero', norm_stats=None, repack_transforms=Group(inputs=[RepackTransform(structure={'observation/image': 'image', 'observation/wrist_image': 'wrist_image', 'observation/state': 'state', 'map_id': 'map_id', 'actions': 'actions', 'prompt': 'prompt'})], outputs=()), data_transforms=Group(inputs=[CsgoInputs(model_type=<ModelType.PI05: 'pi05'>)], outputs=[CsgoOutputs()]), model_transforms=Group(inputs=[InjectDefaultPrompt(prompt=None), ResizeImages(height=224, width=224), TokenizePrompt(tokenizer=<openpi.models.tokenizer.PaligemmaTokenizer object at 0x7d70ab975dd0>, discrete_state_input=False), PadStatesAndActions(model_action_dim=32)], outputs=()), use_quantile_norm=True, action_sequence_keys=('actions',), prompt_from_task=True, rlds_data_dir=None, action_space=None, filter_dict_path=None) - (2346192:data_loader.py:305)
2025-12-25 13:35:25 - INFO - local dataset: 60000 - (2346192:data_loader.py:405)
2025-12-25 13:35:25 - INFO - local_batch_size: 128 - (2346192:data_loader.py:406)
2025-12-25 13:35:25 - INFO - local dataloader: 468 - (2346192:data_loader.py:418)
2025-12-25 13:35:58 - INFO - Cleared sample batch and data loader from memory - (2346192:train_csgo.py:683)
2025-12-25 13:36:53 - INFO - Enabled gradient checkpointing for PI0Pytorch model - (2346192:pi0_pytorch.py:301)
2025-12-25 13:36:53 - INFO - Enabled gradient checkpointing for memory optimization - (2346192:train_csgo.py:707)
2025-12-25 13:36:53 - INFO - Step 0 (after_model_creation): GPU memory - allocated: 7.49GB, reserved: 7.52GB, free: 0.03GB, peak_allocated: 7.49GB, peak_reserved: 7.52GB - (2346192:train_csgo.py:354)
2025-12-25 13:36:53 - INFO - Loading weights from: /home/jiahao/.cache/openpi/openpi-assets/checkpoints/pi05_base - (2346192:train_csgo.py:736)
2025-12-25 13:36:59 - INFO - Loaded PyTorch weights from /home/jiahao/.cache/openpi/openpi-assets/checkpoints/pi05_base - (2346192:train_csgo.py:745)
2025-12-25 13:36:59 - INFO - Running on: gpu-05 | world_size=1 - (2346192:train_csgo.py:805)
2025-12-25 13:36:59 - INFO - Training config: batch_size=128, effective_batch_size=128, num_train_steps=30000 - (2346192:train_csgo.py:808)
2025-12-25 13:36:59 - INFO - Memory optimizations: gradient_checkpointing=True - (2346192:train_csgo.py:811)
2025-12-25 13:36:59 - INFO - LR schedule: warmup=1000, peak_lr=5.00e-05, decay_steps=100000, end_lr=5.00e-05 - (2346192:train_csgo.py:812)
2025-12-25 13:36:59 - INFO - Optimizer: AdamW, weight_decay=1e-10, clip_norm=1.0 - (2346192:train_csgo.py:815)
2025-12-25 13:36:59 - INFO - EMA is not supported for PyTorch training - (2346192:train_csgo.py:818)
2025-12-25 13:36:59 - INFO - Training precision: bfloat16 - (2346192:train_csgo.py:819)
2025-12-25 13:36:59 - INFO -     Parameters to be optimized: - (2346192:train_csgo.py:822)
2025-12-25 13:36:59 - INFO -         [TRAINABLE] paligemma_with_expert.paligemma.model.vision_tower.vision_model.embeddings.patch_embedding.weight (shape: torch.Size([1152, 3, 14, 14])) - (2346192:train_csgo.py:825)
2025-12-25 13:36:59 - INFO -         [TRAINABLE] paligemma_with_expert.paligemma.model.vision_tower.vision_model.embeddings.patch_embedding.bias (shape: torch.Size([1152])) - (2346192:train_csgo.py:825)
2025-12-25 13:36:59 - INFO -         [TRAINABLE] paligemma_with_expert.paligemma.model.vision_tower.vision_model.embeddings.position_embedding.weight (shape: torch.Size([256, 1152])) - (2346192:train_csgo.py:825)
2025-12-25 13:36:59 - INFO -         [TRAINABLE] paligemma_with_expert.paligemma.model.vision_tower.vision_model.encoder.layers.0.layer_norm1.weight (shape: torch.Size([1152])) - (2346192:train_csgo.py:825)
2025-12-25 13:36:59 - INFO -         [TRAINABLE] paligemma_with_expert.paligemma.model.vision_tower.vision_model.encoder.layers.0.layer_norm1.bias (shape: torch.Size([1152])) - (2346192:train_csgo.py:825)
2025-12-25 13:36:59 - INFO -         [TRAINABLE] paligemma_with_expert.paligemma.model.vision_tower.vision_model.encoder.layers.0.self_attn.k_proj.weight (shape: torch.Size([1152, 1152])) - (2346192:train_csgo.py:825)
2025-12-25 13:36:59 - INFO -         [TRAINABLE] paligemma_with_expert.paligemma.model.vision_tower.vision_model.encoder.layers.0.self_attn.k_proj.bias (shape: torch.Size([1152])) - (2346192:train_csgo.py:825)
2025-12-25 13:36:59 - INFO -         [TRAINABLE] paligemma_with_expert.paligemma.model.vision_tower.vision_model.encoder.layers.0.self_attn.v_proj.weight (shape: torch.Size([1152, 1152])) - (2346192:train_csgo.py:825)
2025-12-25 13:36:59 - INFO -         [TRAINABLE] paligemma_with_expert.paligemma.model.vision_tower.vision_model.encoder.layers.0.self_attn.v_proj.bias (shape: torch.Size([1152])) - (2346192:train_csgo.py:825)
2025-12-25 13:36:59 - INFO -         [TRAINABLE] paligemma_with_expert.paligemma.model.vision_tower.vision_model.encoder.layers.0.self_attn.q_proj.weight (shape: torch.Size([1152, 1152])) - (2346192:train_csgo.py:825)
2025-12-25 13:36:59 - INFO -         [TRAINABLE] paligemma_with_expert.paligemma.model.vision_tower.vision_model.encoder.layers.0.self_attn.q_proj.bias (shape: torch.Size([1152])) - (2346192:train_csgo.py:825)
2025-12-25 13:36:59 - INFO -         [TRAINABLE] paligemma_with_expert.paligemma.model.vision_tower.vision_model.encoder.layers.0.self_attn.out_proj.weight (shape: torch.Size([1152, 1152])) - (2346192:train_csgo.py:825)
2025-12-25 13:36:59 - INFO -         [TRAINABLE] paligemma_with_expert.paligemma.model.vision_tower.vision_model.encoder.layers.0.self_attn.out_proj.bias (shape: torch.Size([1152])) - (2346192:train_csgo.py:825)
2025-12-25 13:36:59 - INFO -         [TRAINABLE] paligemma_with_expert.paligemma.model.vision_tower.vision_model.encoder.layers.0.layer_norm2.weight (shape: torch.Size([1152])) - (2346192:train_csgo.py:825)
2025-12-25 13:36:59 - INFO -         [TRAINABLE] paligemma_with_expert.paligemma.model.vision_tower.vision_model.encoder.layers.0.layer_norm2.bias (shape: torch.Size([1152])) - (2346192:train_csgo.py:825)
2025-12-25 13:36:59 - INFO -         [TRAINABLE] paligemma_with_expert.paligemma.model.vision_tower.vision_model.encoder.layers.0.mlp.fc1.weight (shape: torch.Size([4304, 1152])) - (2346192:train_csgo.py:825)
2025-12-25 13:36:59 - INFO -         [TRAINABLE] paligemma_with_expert.paligemma.model.vision_tower.vision_model.encoder.layers.0.mlp.fc1.bias (shape: torch.Size([4304])) - (2346192:train_csgo.py:825)
2025-12-25 13:36:59 - INFO -         [TRAINABLE] paligemma_with_expert.paligemma.model.vision_tower.vision_model.encoder.layers.0.mlp.fc2.weight (shape: torch.Size([1152, 4304])) - (2346192:train_csgo.py:825)
2025-12-25 13:36:59 - INFO -         [TRAINABLE] paligemma_with_expert.paligemma.model.vision_tower.vision_model.encoder.layers.0.mlp.fc2.bias (shape: torch.Size([1152])) - (2346192:train_csgo.py:825)
2025-12-25 13:36:59 - INFO -         [TRAINABLE] paligemma_with_expert.paligemma.model.vision_tower.vision_model.encoder.layers.1.layer_norm1.weight (shape: torch.Size([1152])) - (2346192:train_csgo.py:825)
2025-12-25 13:36:59 - INFO -         [TRAINABLE] paligemma_with_expert.paligemma.model.vision_tower.vision_model.encoder.layers.1.layer_norm1.bias (shape: torch.Size([1152])) - (2346192:train_csgo.py:825)
2025-12-25 13:36:59 - INFO -         [TRAINABLE] paligemma_with_expert.paligemma.model.vision_tower.vision_model.encoder.layers.1.self_attn.k_proj.weight (shape: torch.Size([1152, 1152])) - (2346192:train_csgo.py:825)
2025-12-25 13:36:59 - INFO -         [TRAINABLE] paligemma_with_expert.paligemma.model.vision_tower.vision_model.encoder.layers.1.self_attn.k_proj.bias (shape: torch.Size([1152])) - (2346192:train_csgo.py:825)
2025-12-25 13:36:59 - INFO -         [TRAINABLE] paligemma_with_expert.paligemma.model.vision_tower.vision_model.encoder.layers.1.self_attn.v_proj.weight (shape: torch.Size([1152, 1152])) - (2346192:train_csgo.py:825)
2025-12-25 13:36:59 - INFO -         [TRAINABLE] paligemma_with_expert.paligemma.model.vision_tower.vision_model.encoder.layers.1.self_attn.v_proj.bias (shape: torch.Size([1152])) - (2346192:train_csgo.py:825)
2025-12-25 13:36:59 - INFO -         [TRAINABLE] paligemma_with_expert.paligemma.model.vision_tower.vision_model.encoder.layers.1.self_attn.q_proj.weight (shape: torch.Size([1152, 1152])) - (2346192:train_csgo.py:825)
2025-12-25 13:36:59 - INFO -         [TRAINABLE] paligemma_with_expert.paligemma.model.vision_tower.vision_model.encoder.layers.1.self_attn.q_proj.bias (shape: torch.Size([1152])) - (2346192:train_csgo.py:825)
2025-12-25 13:36:59 - INFO -         [TRAINABLE] paligemma_with_expert.paligemma.model.vision_tower.vision_model.encoder.layers.1.self_attn.out_proj.weight (shape: torch.Size([1152, 1152])) - (2346192:train_csgo.py:825)
2025-12-25 13:36:59 - INFO -         [TRAINABLE] paligemma_with_expert.paligemma.model.vision_tower.vision_model.encoder.layers.1.self_attn.out_proj.bias (shape: torch.Size([1152])) - (2346192:train_csgo.py:825)
2025-12-25 13:36:59 - INFO -         [TRAINABLE] paligemma_with_expert.paligemma.model.vision_tower.vision_model.encoder.layers.1.layer_norm2.weight (shape: torch.Size([1152])) - (2346192:train_csgo.py:825)
2025-12-25 13:36:59 - INFO -         [TRAINABLE] paligemma_with_expert.paligemma.model.vision_tower.vision_model.encoder.layers.1.layer_norm2.bias (shape: torch.Size([1152])) - (2346192:train_csgo.py:825)
2025-12-25 13:36:59 - INFO -         [TRAINABLE] paligemma_with_expert.paligemma.model.vision_tower.vision_model.encoder.layers.1.mlp.fc1.weight (shape: torch.Size([4304, 1152])) - (2346192:train_csgo.py:825)
2025-12-25 13:36:59 - INFO -         [TRAINABLE] paligemma_with_expert.paligemma.model.vision_tower.vision_model.encoder.layers.1.mlp.fc1.bias (shape: torch.Size([4304])) - (2346192:train_csgo.py:825)
2025-12-25 13:36:59 - INFO -         [TRAINABLE] paligemma_with_expert.paligemma.model.vision_tower.vision_model.encoder.layers.1.mlp.fc2.weight (shape: torch.Size([1152, 4304])) - (2346192:train_csgo.py:825)
2025-12-25 13:36:59 - INFO -         [TRAINABLE] paligemma_with_expert.paligemma.model.vision_tower.vision_model.encoder.layers.1.mlp.fc2.bias (shape: torch.Size([1152])) - (2346192:train_csgo.py:825)
2025-12-25 13:36:59 - INFO -         [TRAINABLE] paligemma_with_expert.paligemma.model.vision_tower.vision_model.encoder.layers.2.layer_norm1.weight (shape: torch.Size([1152])) - (2346192:train_csgo.py:825)
2025-12-25 13:36:59 - INFO -         [TRAINABLE] paligemma_with_expert.paligemma.model.vision_tower.vision_model.encoder.layers.2.layer_norm1.bias (shape: torch.Size([1152])) - (2346192:train_csgo.py:825)
2025-12-25 13:36:59 - INFO -         [TRAINABLE] paligemma_with_expert.paligemma.model.vision_tower.vision_model.encoder.layers.2.self_attn.k_proj.weight (shape: torch.Size([1152, 1152])) - (2346192:train_csgo.py:825)
2025-12-25 13:36:59 - INFO -         [TRAINABLE] paligemma_with_expert.paligemma.model.vision_tower.vision_model.encoder.layers.2.self_attn.k_proj.bias (shape: torch.Size([1152])) - (2346192:train_csgo.py:825)
2025-12-25 13:36:59 - INFO -         [TRAINABLE] paligemma_with_expert.paligemma.model.vision_tower.vision_model.encoder.layers.2.self_attn.v_proj.weight (shape: torch.Size([1152, 1152])) - (2346192:train_csgo.py:825)
2025-12-25 13:36:59 - INFO -         [TRAINABLE] paligemma_with_expert.paligemma.model.vision_tower.vision_model.encoder.layers.2.self_attn.v_proj.bias (shape: torch.Size([1152])) - (2346192:train_csgo.py:825)
2025-12-25 13:36:59 - INFO -         [TRAINABLE] paligemma_with_expert.paligemma.model.vision_tower.vision_model.encoder.layers.2.self_attn.q_proj.weight (shape: torch.Size([1152, 1152])) - (2346192:train_csgo.py:825)
2025-12-25 13:36:59 - INFO -         [TRAINABLE] paligemma_with_expert.paligemma.model.vision_tower.vision_model.encoder.layers.2.self_attn.q_proj.bias (shape: torch.Size([1152])) - (2346192:train_csgo.py:825)
2025-12-25 13:36:59 - INFO -         [TRAINABLE] paligemma_with_expert.paligemma.model.vision_tower.vision_model.encoder.layers.2.self_attn.out_proj.weight (shape: torch.Size([1152, 1152])) - (2346192:train_csgo.py:825)
2025-12-25 13:36:59 - INFO -         [TRAINABLE] paligemma_with_expert.paligemma.model.vision_tower.vision_model.encoder.layers.2.self_attn.out_proj.bias (shape: torch.Size([1152])) - (2346192:train_csgo.py:825)
2025-12-25 13:36:59 - INFO -         [TRAINABLE] paligemma_with_expert.paligemma.model.vision_tower.vision_model.encoder.layers.2.layer_norm2.weight (shape: torch.Size([1152])) - (2346192:train_csgo.py:825)
2025-12-25 13:36:59 - INFO -         [TRAINABLE] paligemma_with_expert.paligemma.model.vision_tower.vision_model.encoder.layers.2.layer_norm2.bias (shape: torch.Size([1152])) - (2346192:train_csgo.py:825)
2025-12-25 13:36:59 - INFO -         [TRAINABLE] paligemma_with_expert.paligemma.model.vision_tower.vision_model.encoder.layers.2.mlp.fc1.weight (shape: torch.Size([4304, 1152])) - (2346192:train_csgo.py:825)
2025-12-25 13:36:59 - INFO -         [TRAINABLE] paligemma_with_expert.paligemma.model.vision_tower.vision_model.encoder.layers.2.mlp.fc1.bias (shape: torch.Size([4304])) - (2346192:train_csgo.py:825)
2025-12-25 13:36:59 - INFO -         [TRAINABLE] paligemma_with_expert.paligemma.model.vision_tower.vision_model.encoder.layers.2.mlp.fc2.weight (shape: torch.Size([1152, 4304])) - (2346192:train_csgo.py:825)
2025-12-25 13:36:59 - INFO -         [TRAINABLE] paligemma_with_expert.paligemma.model.vision_tower.vision_model.encoder.layers.2.mlp.fc2.bias (shape: torch.Size([1152])) - (2346192:train_csgo.py:825)
2025-12-25 13:36:59 - INFO -         [TRAINABLE] paligemma_with_expert.paligemma.model.vision_tower.vision_model.encoder.layers.3.layer_norm1.weight (shape: torch.Size([1152])) - (2346192:train_csgo.py:825)
2025-12-25 13:36:59 - INFO -         [TRAINABLE] paligemma_with_expert.paligemma.model.vision_tower.vision_model.encoder.layers.3.layer_norm1.bias (shape: torch.Size([1152])) - (2346192:train_csgo.py:825)
2025-12-25 13:36:59 - INFO -         [TRAINABLE] paligemma_with_expert.paligemma.model.vision_tower.vision_model.encoder.layers.3.self_attn.k_proj.weight (shape: torch.Size([1152, 1152])) - (2346192:train_csgo.py:825)
2025-12-25 13:36:59 - INFO -         [TRAINABLE] paligemma_with_expert.paligemma.model.vision_tower.vision_model.encoder.layers.3.self_attn.k_proj.bias (shape: torch.Size([1152])) - (2346192:train_csgo.py:825)
2025-12-25 13:36:59 - INFO -         [TRAINABLE] paligemma_with_expert.paligemma.model.vision_tower.vision_model.encoder.layers.3.self_attn.v_proj.weight (shape: torch.Size([1152, 1152])) - (2346192:train_csgo.py:825)
2025-12-25 13:36:59 - INFO -         [TRAINABLE] paligemma_with_expert.paligemma.model.vision_tower.vision_model.encoder.layers.3.self_attn.v_proj.bias (shape: torch.Size([1152])) - (2346192:train_csgo.py:825)
2025-12-25 13:36:59 - INFO -         [TRAINABLE] paligemma_with_expert.paligemma.model.vision_tower.vision_model.encoder.layers.3.self_attn.q_proj.weight (shape: torch.Size([1152, 1152])) - (2346192:train_csgo.py:825)
2025-12-25 13:36:59 - INFO -         [TRAINABLE] paligemma_with_expert.paligemma.model.vision_tower.vision_model.encoder.layers.3.self_attn.q_proj.bias (shape: torch.Size([1152])) - (2346192:train_csgo.py:825)
2025-12-25 13:36:59 - INFO -         [TRAINABLE] paligemma_with_expert.paligemma.model.vision_tower.vision_model.encoder.layers.3.self_attn.out_proj.weight (shape: torch.Size([1152, 1152])) - (2346192:train_csgo.py:825)
2025-12-25 13:36:59 - INFO -         [TRAINABLE] paligemma_with_expert.paligemma.model.vision_tower.vision_model.encoder.layers.3.self_attn.out_proj.bias (shape: torch.Size([1152])) - (2346192:train_csgo.py:825)
2025-12-25 13:36:59 - INFO -         [TRAINABLE] paligemma_with_expert.paligemma.model.vision_tower.vision_model.encoder.layers.3.layer_norm2.weight (shape: torch.Size([1152])) - (2346192:train_csgo.py:825)
2025-12-25 13:36:59 - INFO -         [TRAINABLE] paligemma_with_expert.paligemma.model.vision_tower.vision_model.encoder.layers.3.layer_norm2.bias (shape: torch.Size([1152])) - (2346192:train_csgo.py:825)
2025-12-25 13:36:59 - INFO -         [TRAINABLE] paligemma_with_expert.paligemma.model.vision_tower.vision_model.encoder.layers.3.mlp.fc1.weight (shape: torch.Size([4304, 1152])) - (2346192:train_csgo.py:825)
2025-12-25 13:36:59 - INFO -         [TRAINABLE] paligemma_with_expert.paligemma.model.vision_tower.vision_model.encoder.layers.3.mlp.fc1.bias (shape: torch.Size([4304])) - (2346192:train_csgo.py:825)
2025-12-25 13:36:59 - INFO -         [TRAINABLE] paligemma_with_expert.paligemma.model.vision_tower.vision_model.encoder.layers.3.mlp.fc2.weight (shape: torch.Size([1152, 4304])) - (2346192:train_csgo.py:825)
2025-12-25 13:36:59 - INFO -         [TRAINABLE] paligemma_with_expert.paligemma.model.vision_tower.vision_model.encoder.layers.3.mlp.fc2.bias (shape: torch.Size([1152])) - (2346192:train_csgo.py:825)
2025-12-25 13:36:59 - INFO -         [TRAINABLE] paligemma_with_expert.paligemma.model.vision_tower.vision_model.encoder.layers.4.layer_norm1.weight (shape: torch.Size([1152])) - (2346192:train_csgo.py:825)
2025-12-25 13:36:59 - INFO -         [TRAINABLE] paligemma_with_expert.paligemma.model.vision_tower.vision_model.encoder.layers.4.layer_norm1.bias (shape: torch.Size([1152])) - (2346192:train_csgo.py:825)
2025-12-25 13:36:59 - INFO -         [TRAINABLE] paligemma_with_expert.paligemma.model.vision_tower.vision_model.encoder.layers.4.self_attn.k_proj.weight (shape: torch.Size([1152, 1152])) - (2346192:train_csgo.py:825)
2025-12-25 13:36:59 - INFO -         [TRAINABLE] paligemma_with_expert.paligemma.model.vision_tower.vision_model.encoder.layers.4.self_attn.k_proj.bias (shape: torch.Size([1152])) - (2346192:train_csgo.py:825)
2025-12-25 13:36:59 - INFO -         [TRAINABLE] paligemma_with_expert.paligemma.model.vision_tower.vision_model.encoder.layers.4.self_attn.v_proj.weight (shape: torch.Size([1152, 1152])) - (2346192:train_csgo.py:825)
2025-12-25 13:36:59 - INFO -         [TRAINABLE] paligemma_with_expert.paligemma.model.vision_tower.vision_model.encoder.layers.4.self_attn.v_proj.bias (shape: torch.Size([1152])) - (2346192:train_csgo.py:825)
2025-12-25 13:36:59 - INFO -         [TRAINABLE] paligemma_with_expert.paligemma.model.vision_tower.vision_model.encoder.layers.4.self_attn.q_proj.weight (shape: torch.Size([1152, 1152])) - (2346192:train_csgo.py:825)
2025-12-25 13:36:59 - INFO -         [TRAINABLE] paligemma_with_expert.paligemma.model.vision_tower.vision_model.encoder.layers.4.self_attn.q_proj.bias (shape: torch.Size([1152])) - (2346192:train_csgo.py:825)
2025-12-25 13:36:59 - INFO -         [TRAINABLE] paligemma_with_expert.paligemma.model.vision_tower.vision_model.encoder.layers.4.self_attn.out_proj.weight (shape: torch.Size([1152, 1152])) - (2346192:train_csgo.py:825)
2025-12-25 13:36:59 - INFO -         [TRAINABLE] paligemma_with_expert.paligemma.model.vision_tower.vision_model.encoder.layers.4.self_attn.out_proj.bias (shape: torch.Size([1152])) - (2346192:train_csgo.py:825)
2025-12-25 13:36:59 - INFO -         [TRAINABLE] paligemma_with_expert.paligemma.model.vision_tower.vision_model.encoder.layers.4.layer_norm2.weight (shape: torch.Size([1152])) - (2346192:train_csgo.py:825)
2025-12-25 13:36:59 - INFO -         [TRAINABLE] paligemma_with_expert.paligemma.model.vision_tower.vision_model.encoder.layers.4.layer_norm2.bias (shape: torch.Size([1152])) - (2346192:train_csgo.py:825)
2025-12-25 13:36:59 - INFO -         [TRAINABLE] paligemma_with_expert.paligemma.model.vision_tower.vision_model.encoder.layers.4.mlp.fc1.weight (shape: torch.Size([4304, 1152])) - (2346192:train_csgo.py:825)
2025-12-25 13:36:59 - INFO -         [TRAINABLE] paligemma_with_expert.paligemma.model.vision_tower.vision_model.encoder.layers.4.mlp.fc1.bias (shape: torch.Size([4304])) - (2346192:train_csgo.py:825)
2025-12-25 13:36:59 - INFO -         [TRAINABLE] paligemma_with_expert.paligemma.model.vision_tower.vision_model.encoder.layers.4.mlp.fc2.weight (shape: torch.Size([1152, 4304])) - (2346192:train_csgo.py:825)
2025-12-25 13:36:59 - INFO -         [TRAINABLE] paligemma_with_expert.paligemma.model.vision_tower.vision_model.encoder.layers.4.mlp.fc2.bias (shape: torch.Size([1152])) - (2346192:train_csgo.py:825)
2025-12-25 13:36:59 - INFO -         [TRAINABLE] paligemma_with_expert.paligemma.model.vision_tower.vision_model.encoder.layers.5.layer_norm1.weight (shape: torch.Size([1152])) - (2346192:train_csgo.py:825)
2025-12-25 13:36:59 - INFO -         [TRAINABLE] paligemma_with_expert.paligemma.model.vision_tower.vision_model.encoder.layers.5.layer_norm1.bias (shape: torch.Size([1152])) - (2346192:train_csgo.py:825)
2025-12-25 13:36:59 - INFO -         [TRAINABLE] paligemma_with_expert.paligemma.model.vision_tower.vision_model.encoder.layers.5.self_attn.k_proj.weight (shape: torch.Size([1152, 1152])) - (2346192:train_csgo.py:825)
2025-12-25 13:36:59 - INFO -         [TRAINABLE] paligemma_with_expert.paligemma.model.vision_tower.vision_model.encoder.layers.5.self_attn.k_proj.bias (shape: torch.Size([1152])) - (2346192:train_csgo.py:825)
2025-12-25 13:36:59 - INFO -         [TRAINABLE] paligemma_with_expert.paligemma.model.vision_tower.vision_model.encoder.layers.5.self_attn.v_proj.weight (shape: torch.Size([1152, 1152])) - (2346192:train_csgo.py:825)
2025-12-25 13:36:59 - INFO -         [TRAINABLE] paligemma_with_expert.paligemma.model.vision_tower.vision_model.encoder.layers.5.self_attn.v_proj.bias (shape: torch.Size([1152])) - (2346192:train_csgo.py:825)
2025-12-25 13:36:59 - INFO -         [TRAINABLE] paligemma_with_expert.paligemma.model.vision_tower.vision_model.encoder.layers.5.self_attn.q_proj.weight (shape: torch.Size([1152, 1152])) - (2346192:train_csgo.py:825)
2025-12-25 13:36:59 - INFO -         [TRAINABLE] paligemma_with_expert.paligemma.model.vision_tower.vision_model.encoder.layers.5.self_attn.q_proj.bias (shape: torch.Size([1152])) - (2346192:train_csgo.py:825)
2025-12-25 13:36:59 - INFO -         [TRAINABLE] paligemma_with_expert.paligemma.model.vision_tower.vision_model.encoder.layers.5.self_attn.out_proj.weight (shape: torch.Size([1152, 1152])) - (2346192:train_csgo.py:825)
2025-12-25 13:36:59 - INFO -         [TRAINABLE] paligemma_with_expert.paligemma.model.vision_tower.vision_model.encoder.layers.5.self_attn.out_proj.bias (shape: torch.Size([1152])) - (2346192:train_csgo.py:825)
2025-12-25 13:36:59 - INFO -         [TRAINABLE] paligemma_with_expert.paligemma.model.vision_tower.vision_model.encoder.layers.5.layer_norm2.weight (shape: torch.Size([1152])) - (2346192:train_csgo.py:825)
2025-12-25 13:36:59 - INFO -         [TRAINABLE] paligemma_with_expert.paligemma.model.vision_tower.vision_model.encoder.layers.5.layer_norm2.bias (shape: torch.Size([1152])) - (2346192:train_csgo.py:825)
2025-12-25 13:36:59 - INFO -         [TRAINABLE] paligemma_with_expert.paligemma.model.vision_tower.vision_model.encoder.layers.5.mlp.fc1.weight (shape: torch.Size([4304, 1152])) - (2346192:train_csgo.py:825)
2025-12-25 13:36:59 - INFO -         [TRAINABLE] paligemma_with_expert.paligemma.model.vision_tower.vision_model.encoder.layers.5.mlp.fc1.bias (shape: torch.Size([4304])) - (2346192:train_csgo.py:825)
2025-12-25 13:36:59 - INFO -         [TRAINABLE] paligemma_with_expert.paligemma.model.vision_tower.vision_model.encoder.layers.5.mlp.fc2.weight (shape: torch.Size([1152, 4304])) - (2346192:train_csgo.py:825)
2025-12-25 13:36:59 - INFO -         [TRAINABLE] paligemma_with_expert.paligemma.model.vision_tower.vision_model.encoder.layers.5.mlp.fc2.bias (shape: torch.Size([1152])) - (2346192:train_csgo.py:825)
2025-12-25 13:36:59 - INFO -         [TRAINABLE] paligemma_with_expert.paligemma.model.vision_tower.vision_model.encoder.layers.6.layer_norm1.weight (shape: torch.Size([1152])) - (2346192:train_csgo.py:825)
2025-12-25 13:36:59 - INFO -         [TRAINABLE] paligemma_with_expert.paligemma.model.vision_tower.vision_model.encoder.layers.6.layer_norm1.bias (shape: torch.Size([1152])) - (2346192:train_csgo.py:825)
2025-12-25 13:36:59 - INFO -         [TRAINABLE] paligemma_with_expert.paligemma.model.vision_tower.vision_model.encoder.layers.6.self_attn.k_proj.weight (shape: torch.Size([1152, 1152])) - (2346192:train_csgo.py:825)
2025-12-25 13:36:59 - INFO -         [TRAINABLE] paligemma_with_expert.paligemma.model.vision_tower.vision_model.encoder.layers.6.self_attn.k_proj.bias (shape: torch.Size([1152])) - (2346192:train_csgo.py:825)
2025-12-25 13:36:59 - INFO -         [TRAINABLE] paligemma_with_expert.paligemma.model.vision_tower.vision_model.encoder.layers.6.self_attn.v_proj.weight (shape: torch.Size([1152, 1152])) - (2346192:train_csgo.py:825)
2025-12-25 13:36:59 - INFO -         [TRAINABLE] paligemma_with_expert.paligemma.model.vision_tower.vision_model.encoder.layers.6.self_attn.v_proj.bias (shape: torch.Size([1152])) - (2346192:train_csgo.py:825)
2025-12-25 13:36:59 - INFO -         [TRAINABLE] paligemma_with_expert.paligemma.model.vision_tower.vision_model.encoder.layers.6.self_attn.q_proj.weight (shape: torch.Size([1152, 1152])) - (2346192:train_csgo.py:825)
2025-12-25 13:36:59 - INFO -         [TRAINABLE] paligemma_with_expert.paligemma.model.vision_tower.vision_model.encoder.layers.6.self_attn.q_proj.bias (shape: torch.Size([1152])) - (2346192:train_csgo.py:825)
2025-12-25 13:36:59 - INFO -         [TRAINABLE] paligemma_with_expert.paligemma.model.vision_tower.vision_model.encoder.layers.6.self_attn.out_proj.weight (shape: torch.Size([1152, 1152])) - (2346192:train_csgo.py:825)
2025-12-25 13:36:59 - INFO -         [TRAINABLE] paligemma_with_expert.paligemma.model.vision_tower.vision_model.encoder.layers.6.self_attn.out_proj.bias (shape: torch.Size([1152])) - (2346192:train_csgo.py:825)
2025-12-25 13:36:59 - INFO -         [TRAINABLE] paligemma_with_expert.paligemma.model.vision_tower.vision_model.encoder.layers.6.layer_norm2.weight (shape: torch.Size([1152])) - (2346192:train_csgo.py:825)
2025-12-25 13:36:59 - INFO -         [TRAINABLE] paligemma_with_expert.paligemma.model.vision_tower.vision_model.encoder.layers.6.layer_norm2.bias (shape: torch.Size([1152])) - (2346192:train_csgo.py:825)
2025-12-25 13:36:59 - INFO -         [TRAINABLE] paligemma_with_expert.paligemma.model.vision_tower.vision_model.encoder.layers.6.mlp.fc1.weight (shape: torch.Size([4304, 1152])) - (2346192:train_csgo.py:825)
2025-12-25 13:36:59 - INFO -         [TRAINABLE] paligemma_with_expert.paligemma.model.vision_tower.vision_model.encoder.layers.6.mlp.fc1.bias (shape: torch.Size([4304])) - (2346192:train_csgo.py:825)
2025-12-25 13:36:59 - INFO -         [TRAINABLE] paligemma_with_expert.paligemma.model.vision_tower.vision_model.encoder.layers.6.mlp.fc2.weight (shape: torch.Size([1152, 4304])) - (2346192:train_csgo.py:825)
2025-12-25 13:36:59 - INFO -         [TRAINABLE] paligemma_with_expert.paligemma.model.vision_tower.vision_model.encoder.layers.6.mlp.fc2.bias (shape: torch.Size([1152])) - (2346192:train_csgo.py:825)
2025-12-25 13:36:59 - INFO -         [TRAINABLE] paligemma_with_expert.paligemma.model.vision_tower.vision_model.encoder.layers.7.layer_norm1.weight (shape: torch.Size([1152])) - (2346192:train_csgo.py:825)
2025-12-25 13:36:59 - INFO -         [TRAINABLE] paligemma_with_expert.paligemma.model.vision_tower.vision_model.encoder.layers.7.layer_norm1.bias (shape: torch.Size([1152])) - (2346192:train_csgo.py:825)
2025-12-25 13:36:59 - INFO -         [TRAINABLE] paligemma_with_expert.paligemma.model.vision_tower.vision_model.encoder.layers.7.self_attn.k_proj.weight (shape: torch.Size([1152, 1152])) - (2346192:train_csgo.py:825)
2025-12-25 13:36:59 - INFO -         [TRAINABLE] paligemma_with_expert.paligemma.model.vision_tower.vision_model.encoder.layers.7.self_attn.k_proj.bias (shape: torch.Size([1152])) - (2346192:train_csgo.py:825)
2025-12-25 13:36:59 - INFO -         [TRAINABLE] paligemma_with_expert.paligemma.model.vision_tower.vision_model.encoder.layers.7.self_attn.v_proj.weight (shape: torch.Size([1152, 1152])) - (2346192:train_csgo.py:825)
2025-12-25 13:36:59 - INFO -         [TRAINABLE] paligemma_with_expert.paligemma.model.vision_tower.vision_model.encoder.layers.7.self_attn.v_proj.bias (shape: torch.Size([1152])) - (2346192:train_csgo.py:825)
2025-12-25 13:36:59 - INFO -         [TRAINABLE] paligemma_with_expert.paligemma.model.vision_tower.vision_model.encoder.layers.7.self_attn.q_proj.weight (shape: torch.Size([1152, 1152])) - (2346192:train_csgo.py:825)
2025-12-25 13:36:59 - INFO -         [TRAINABLE] paligemma_with_expert.paligemma.model.vision_tower.vision_model.encoder.layers.7.self_attn.q_proj.bias (shape: torch.Size([1152])) - (2346192:train_csgo.py:825)
2025-12-25 13:36:59 - INFO -         [TRAINABLE] paligemma_with_expert.paligemma.model.vision_tower.vision_model.encoder.layers.7.self_attn.out_proj.weight (shape: torch.Size([1152, 1152])) - (2346192:train_csgo.py:825)
2025-12-25 13:36:59 - INFO -         [TRAINABLE] paligemma_with_expert.paligemma.model.vision_tower.vision_model.encoder.layers.7.self_attn.out_proj.bias (shape: torch.Size([1152])) - (2346192:train_csgo.py:825)
2025-12-25 13:36:59 - INFO -         [TRAINABLE] paligemma_with_expert.paligemma.model.vision_tower.vision_model.encoder.layers.7.layer_norm2.weight (shape: torch.Size([1152])) - (2346192:train_csgo.py:825)
2025-12-25 13:36:59 - INFO -         [TRAINABLE] paligemma_with_expert.paligemma.model.vision_tower.vision_model.encoder.layers.7.layer_norm2.bias (shape: torch.Size([1152])) - (2346192:train_csgo.py:825)
2025-12-25 13:36:59 - INFO -         [TRAINABLE] paligemma_with_expert.paligemma.model.vision_tower.vision_model.encoder.layers.7.mlp.fc1.weight (shape: torch.Size([4304, 1152])) - (2346192:train_csgo.py:825)
2025-12-25 13:36:59 - INFO -         [TRAINABLE] paligemma_with_expert.paligemma.model.vision_tower.vision_model.encoder.layers.7.mlp.fc1.bias (shape: torch.Size([4304])) - (2346192:train_csgo.py:825)
2025-12-25 13:36:59 - INFO -         [TRAINABLE] paligemma_with_expert.paligemma.model.vision_tower.vision_model.encoder.layers.7.mlp.fc2.weight (shape: torch.Size([1152, 4304])) - (2346192:train_csgo.py:825)
2025-12-25 13:36:59 - INFO -         [TRAINABLE] paligemma_with_expert.paligemma.model.vision_tower.vision_model.encoder.layers.7.mlp.fc2.bias (shape: torch.Size([1152])) - (2346192:train_csgo.py:825)
2025-12-25 13:36:59 - INFO -         [TRAINABLE] paligemma_with_expert.paligemma.model.vision_tower.vision_model.encoder.layers.8.layer_norm1.weight (shape: torch.Size([1152])) - (2346192:train_csgo.py:825)
2025-12-25 13:36:59 - INFO -         [TRAINABLE] paligemma_with_expert.paligemma.model.vision_tower.vision_model.encoder.layers.8.layer_norm1.bias (shape: torch.Size([1152])) - (2346192:train_csgo.py:825)
2025-12-25 13:36:59 - INFO -         [TRAINABLE] paligemma_with_expert.paligemma.model.vision_tower.vision_model.encoder.layers.8.self_attn.k_proj.weight (shape: torch.Size([1152, 1152])) - (2346192:train_csgo.py:825)
2025-12-25 13:36:59 - INFO -         [TRAINABLE] paligemma_with_expert.paligemma.model.vision_tower.vision_model.encoder.layers.8.self_attn.k_proj.bias (shape: torch.Size([1152])) - (2346192:train_csgo.py:825)
2025-12-25 13:36:59 - INFO -         [TRAINABLE] paligemma_with_expert.paligemma.model.vision_tower.vision_model.encoder.layers.8.self_attn.v_proj.weight (shape: torch.Size([1152, 1152])) - (2346192:train_csgo.py:825)
2025-12-25 13:36:59 - INFO -         [TRAINABLE] paligemma_with_expert.paligemma.model.vision_tower.vision_model.encoder.layers.8.self_attn.v_proj.bias (shape: torch.Size([1152])) - (2346192:train_csgo.py:825)
2025-12-25 13:36:59 - INFO -         [TRAINABLE] paligemma_with_expert.paligemma.model.vision_tower.vision_model.encoder.layers.8.self_attn.q_proj.weight (shape: torch.Size([1152, 1152])) - (2346192:train_csgo.py:825)
2025-12-25 13:36:59 - INFO -         [TRAINABLE] paligemma_with_expert.paligemma.model.vision_tower.vision_model.encoder.layers.8.self_attn.q_proj.bias (shape: torch.Size([1152])) - (2346192:train_csgo.py:825)
2025-12-25 13:36:59 - INFO -         [TRAINABLE] paligemma_with_expert.paligemma.model.vision_tower.vision_model.encoder.layers.8.self_attn.out_proj.weight (shape: torch.Size([1152, 1152])) - (2346192:train_csgo.py:825)
2025-12-25 13:36:59 - INFO -         [TRAINABLE] paligemma_with_expert.paligemma.model.vision_tower.vision_model.encoder.layers.8.self_attn.out_proj.bias (shape: torch.Size([1152])) - (2346192:train_csgo.py:825)
2025-12-25 13:36:59 - INFO -         [TRAINABLE] paligemma_with_expert.paligemma.model.vision_tower.vision_model.encoder.layers.8.layer_norm2.weight (shape: torch.Size([1152])) - (2346192:train_csgo.py:825)
2025-12-25 13:36:59 - INFO -         [TRAINABLE] paligemma_with_expert.paligemma.model.vision_tower.vision_model.encoder.layers.8.layer_norm2.bias (shape: torch.Size([1152])) - (2346192:train_csgo.py:825)
2025-12-25 13:36:59 - INFO -         [TRAINABLE] paligemma_with_expert.paligemma.model.vision_tower.vision_model.encoder.layers.8.mlp.fc1.weight (shape: torch.Size([4304, 1152])) - (2346192:train_csgo.py:825)
2025-12-25 13:36:59 - INFO -         [TRAINABLE] paligemma_with_expert.paligemma.model.vision_tower.vision_model.encoder.layers.8.mlp.fc1.bias (shape: torch.Size([4304])) - (2346192:train_csgo.py:825)
2025-12-25 13:36:59 - INFO -         [TRAINABLE] paligemma_with_expert.paligemma.model.vision_tower.vision_model.encoder.layers.8.mlp.fc2.weight (shape: torch.Size([1152, 4304])) - (2346192:train_csgo.py:825)
2025-12-25 13:36:59 - INFO -         [TRAINABLE] paligemma_with_expert.paligemma.model.vision_tower.vision_model.encoder.layers.8.mlp.fc2.bias (shape: torch.Size([1152])) - (2346192:train_csgo.py:825)
2025-12-25 13:36:59 - INFO -         [TRAINABLE] paligemma_with_expert.paligemma.model.vision_tower.vision_model.encoder.layers.9.layer_norm1.weight (shape: torch.Size([1152])) - (2346192:train_csgo.py:825)
2025-12-25 13:36:59 - INFO -         [TRAINABLE] paligemma_with_expert.paligemma.model.vision_tower.vision_model.encoder.layers.9.layer_norm1.bias (shape: torch.Size([1152])) - (2346192:train_csgo.py:825)
2025-12-25 13:36:59 - INFO -         [TRAINABLE] paligemma_with_expert.paligemma.model.vision_tower.vision_model.encoder.layers.9.self_attn.k_proj.weight (shape: torch.Size([1152, 1152])) - (2346192:train_csgo.py:825)
2025-12-25 13:36:59 - INFO -         [TRAINABLE] paligemma_with_expert.paligemma.model.vision_tower.vision_model.encoder.layers.9.self_attn.k_proj.bias (shape: torch.Size([1152])) - (2346192:train_csgo.py:825)
2025-12-25 13:36:59 - INFO -         [TRAINABLE] paligemma_with_expert.paligemma.model.vision_tower.vision_model.encoder.layers.9.self_attn.v_proj.weight (shape: torch.Size([1152, 1152])) - (2346192:train_csgo.py:825)
2025-12-25 13:36:59 - INFO -         [TRAINABLE] paligemma_with_expert.paligemma.model.vision_tower.vision_model.encoder.layers.9.self_attn.v_proj.bias (shape: torch.Size([1152])) - (2346192:train_csgo.py:825)
2025-12-25 13:36:59 - INFO -         [TRAINABLE] paligemma_with_expert.paligemma.model.vision_tower.vision_model.encoder.layers.9.self_attn.q_proj.weight (shape: torch.Size([1152, 1152])) - (2346192:train_csgo.py:825)
2025-12-25 13:36:59 - INFO -         [TRAINABLE] paligemma_with_expert.paligemma.model.vision_tower.vision_model.encoder.layers.9.self_attn.q_proj.bias (shape: torch.Size([1152])) - (2346192:train_csgo.py:825)
2025-12-25 13:36:59 - INFO -         [TRAINABLE] paligemma_with_expert.paligemma.model.vision_tower.vision_model.encoder.layers.9.self_attn.out_proj.weight (shape: torch.Size([1152, 1152])) - (2346192:train_csgo.py:825)
2025-12-25 13:36:59 - INFO -         [TRAINABLE] paligemma_with_expert.paligemma.model.vision_tower.vision_model.encoder.layers.9.self_attn.out_proj.bias (shape: torch.Size([1152])) - (2346192:train_csgo.py:825)
2025-12-25 13:36:59 - INFO -         [TRAINABLE] paligemma_with_expert.paligemma.model.vision_tower.vision_model.encoder.layers.9.layer_norm2.weight (shape: torch.Size([1152])) - (2346192:train_csgo.py:825)
2025-12-25 13:36:59 - INFO -         [TRAINABLE] paligemma_with_expert.paligemma.model.vision_tower.vision_model.encoder.layers.9.layer_norm2.bias (shape: torch.Size([1152])) - (2346192:train_csgo.py:825)
2025-12-25 13:36:59 - INFO -         [TRAINABLE] paligemma_with_expert.paligemma.model.vision_tower.vision_model.encoder.layers.9.mlp.fc1.weight (shape: torch.Size([4304, 1152])) - (2346192:train_csgo.py:825)
2025-12-25 13:36:59 - INFO -         [TRAINABLE] paligemma_with_expert.paligemma.model.vision_tower.vision_model.encoder.layers.9.mlp.fc1.bias (shape: torch.Size([4304])) - (2346192:train_csgo.py:825)
2025-12-25 13:36:59 - INFO -         [TRAINABLE] paligemma_with_expert.paligemma.model.vision_tower.vision_model.encoder.layers.9.mlp.fc2.weight (shape: torch.Size([1152, 4304])) - (2346192:train_csgo.py:825)
2025-12-25 13:36:59 - INFO -         [TRAINABLE] paligemma_with_expert.paligemma.model.vision_tower.vision_model.encoder.layers.9.mlp.fc2.bias (shape: torch.Size([1152])) - (2346192:train_csgo.py:825)
2025-12-25 13:36:59 - INFO -         [TRAINABLE] paligemma_with_expert.paligemma.model.vision_tower.vision_model.encoder.layers.10.layer_norm1.weight (shape: torch.Size([1152])) - (2346192:train_csgo.py:825)
2025-12-25 13:36:59 - INFO -         [TRAINABLE] paligemma_with_expert.paligemma.model.vision_tower.vision_model.encoder.layers.10.layer_norm1.bias (shape: torch.Size([1152])) - (2346192:train_csgo.py:825)
2025-12-25 13:36:59 - INFO -         [TRAINABLE] paligemma_with_expert.paligemma.model.vision_tower.vision_model.encoder.layers.10.self_attn.k_proj.weight (shape: torch.Size([1152, 1152])) - (2346192:train_csgo.py:825)
2025-12-25 13:36:59 - INFO -         [TRAINABLE] paligemma_with_expert.paligemma.model.vision_tower.vision_model.encoder.layers.10.self_attn.k_proj.bias (shape: torch.Size([1152])) - (2346192:train_csgo.py:825)
2025-12-25 13:36:59 - INFO -         [TRAINABLE] paligemma_with_expert.paligemma.model.vision_tower.vision_model.encoder.layers.10.self_attn.v_proj.weight (shape: torch.Size([1152, 1152])) - (2346192:train_csgo.py:825)
2025-12-25 13:36:59 - INFO -         [TRAINABLE] paligemma_with_expert.paligemma.model.vision_tower.vision_model.encoder.layers.10.self_attn.v_proj.bias (shape: torch.Size([1152])) - (2346192:train_csgo.py:825)
2025-12-25 13:36:59 - INFO -         [TRAINABLE] paligemma_with_expert.paligemma.model.vision_tower.vision_model.encoder.layers.10.self_attn.q_proj.weight (shape: torch.Size([1152, 1152])) - (2346192:train_csgo.py:825)
2025-12-25 13:36:59 - INFO -         [TRAINABLE] paligemma_with_expert.paligemma.model.vision_tower.vision_model.encoder.layers.10.self_attn.q_proj.bias (shape: torch.Size([1152])) - (2346192:train_csgo.py:825)
2025-12-25 13:36:59 - INFO -         [TRAINABLE] paligemma_with_expert.paligemma.model.vision_tower.vision_model.encoder.layers.10.self_attn.out_proj.weight (shape: torch.Size([1152, 1152])) - (2346192:train_csgo.py:825)
2025-12-25 13:36:59 - INFO -         [TRAINABLE] paligemma_with_expert.paligemma.model.vision_tower.vision_model.encoder.layers.10.self_attn.out_proj.bias (shape: torch.Size([1152])) - (2346192:train_csgo.py:825)
2025-12-25 13:36:59 - INFO -         [TRAINABLE] paligemma_with_expert.paligemma.model.vision_tower.vision_model.encoder.layers.10.layer_norm2.weight (shape: torch.Size([1152])) - (2346192:train_csgo.py:825)
2025-12-25 13:36:59 - INFO -         [TRAINABLE] paligemma_with_expert.paligemma.model.vision_tower.vision_model.encoder.layers.10.layer_norm2.bias (shape: torch.Size([1152])) - (2346192:train_csgo.py:825)
2025-12-25 13:36:59 - INFO -         [TRAINABLE] paligemma_with_expert.paligemma.model.vision_tower.vision_model.encoder.layers.10.mlp.fc1.weight (shape: torch.Size([4304, 1152])) - (2346192:train_csgo.py:825)
2025-12-25 13:36:59 - INFO -         [TRAINABLE] paligemma_with_expert.paligemma.model.vision_tower.vision_model.encoder.layers.10.mlp.fc1.bias (shape: torch.Size([4304])) - (2346192:train_csgo.py:825)
2025-12-25 13:36:59 - INFO -         [TRAINABLE] paligemma_with_expert.paligemma.model.vision_tower.vision_model.encoder.layers.10.mlp.fc2.weight (shape: torch.Size([1152, 4304])) - (2346192:train_csgo.py:825)
2025-12-25 13:36:59 - INFO -         [TRAINABLE] paligemma_with_expert.paligemma.model.vision_tower.vision_model.encoder.layers.10.mlp.fc2.bias (shape: torch.Size([1152])) - (2346192:train_csgo.py:825)
2025-12-25 13:36:59 - INFO -         [TRAINABLE] paligemma_with_expert.paligemma.model.vision_tower.vision_model.encoder.layers.11.layer_norm1.weight (shape: torch.Size([1152])) - (2346192:train_csgo.py:825)
2025-12-25 13:36:59 - INFO -         [TRAINABLE] paligemma_with_expert.paligemma.model.vision_tower.vision_model.encoder.layers.11.layer_norm1.bias (shape: torch.Size([1152])) - (2346192:train_csgo.py:825)
2025-12-25 13:36:59 - INFO -         [TRAINABLE] paligemma_with_expert.paligemma.model.vision_tower.vision_model.encoder.layers.11.self_attn.k_proj.weight (shape: torch.Size([1152, 1152])) - (2346192:train_csgo.py:825)
2025-12-25 13:36:59 - INFO -         [TRAINABLE] paligemma_with_expert.paligemma.model.vision_tower.vision_model.encoder.layers.11.self_attn.k_proj.bias (shape: torch.Size([1152])) - (2346192:train_csgo.py:825)
2025-12-25 13:36:59 - INFO -         [TRAINABLE] paligemma_with_expert.paligemma.model.vision_tower.vision_model.encoder.layers.11.self_attn.v_proj.weight (shape: torch.Size([1152, 1152])) - (2346192:train_csgo.py:825)
2025-12-25 13:36:59 - INFO -         [TRAINABLE] paligemma_with_expert.paligemma.model.vision_tower.vision_model.encoder.layers.11.self_attn.v_proj.bias (shape: torch.Size([1152])) - (2346192:train_csgo.py:825)
2025-12-25 13:36:59 - INFO -         [TRAINABLE] paligemma_with_expert.paligemma.model.vision_tower.vision_model.encoder.layers.11.self_attn.q_proj.weight (shape: torch.Size([1152, 1152])) - (2346192:train_csgo.py:825)
2025-12-25 13:36:59 - INFO -         [TRAINABLE] paligemma_with_expert.paligemma.model.vision_tower.vision_model.encoder.layers.11.self_attn.q_proj.bias (shape: torch.Size([1152])) - (2346192:train_csgo.py:825)
2025-12-25 13:36:59 - INFO -         [TRAINABLE] paligemma_with_expert.paligemma.model.vision_tower.vision_model.encoder.layers.11.self_attn.out_proj.weight (shape: torch.Size([1152, 1152])) - (2346192:train_csgo.py:825)
2025-12-25 13:36:59 - INFO -         [TRAINABLE] paligemma_with_expert.paligemma.model.vision_tower.vision_model.encoder.layers.11.self_attn.out_proj.bias (shape: torch.Size([1152])) - (2346192:train_csgo.py:825)
2025-12-25 13:36:59 - INFO -         [TRAINABLE] paligemma_with_expert.paligemma.model.vision_tower.vision_model.encoder.layers.11.layer_norm2.weight (shape: torch.Size([1152])) - (2346192:train_csgo.py:825)
2025-12-25 13:36:59 - INFO -         [TRAINABLE] paligemma_with_expert.paligemma.model.vision_tower.vision_model.encoder.layers.11.layer_norm2.bias (shape: torch.Size([1152])) - (2346192:train_csgo.py:825)
2025-12-25 13:36:59 - INFO -         [TRAINABLE] paligemma_with_expert.paligemma.model.vision_tower.vision_model.encoder.layers.11.mlp.fc1.weight (shape: torch.Size([4304, 1152])) - (2346192:train_csgo.py:825)
2025-12-25 13:36:59 - INFO -         [TRAINABLE] paligemma_with_expert.paligemma.model.vision_tower.vision_model.encoder.layers.11.mlp.fc1.bias (shape: torch.Size([4304])) - (2346192:train_csgo.py:825)
2025-12-25 13:36:59 - INFO -         [TRAINABLE] paligemma_with_expert.paligemma.model.vision_tower.vision_model.encoder.layers.11.mlp.fc2.weight (shape: torch.Size([1152, 4304])) - (2346192:train_csgo.py:825)
2025-12-25 13:36:59 - INFO -         [TRAINABLE] paligemma_with_expert.paligemma.model.vision_tower.vision_model.encoder.layers.11.mlp.fc2.bias (shape: torch.Size([1152])) - (2346192:train_csgo.py:825)
2025-12-25 13:36:59 - INFO -         [TRAINABLE] paligemma_with_expert.paligemma.model.vision_tower.vision_model.encoder.layers.12.layer_norm1.weight (shape: torch.Size([1152])) - (2346192:train_csgo.py:825)
2025-12-25 13:36:59 - INFO -         [TRAINABLE] paligemma_with_expert.paligemma.model.vision_tower.vision_model.encoder.layers.12.layer_norm1.bias (shape: torch.Size([1152])) - (2346192:train_csgo.py:825)
2025-12-25 13:36:59 - INFO -         [TRAINABLE] paligemma_with_expert.paligemma.model.vision_tower.vision_model.encoder.layers.12.self_attn.k_proj.weight (shape: torch.Size([1152, 1152])) - (2346192:train_csgo.py:825)
2025-12-25 13:36:59 - INFO -         [TRAINABLE] paligemma_with_expert.paligemma.model.vision_tower.vision_model.encoder.layers.12.self_attn.k_proj.bias (shape: torch.Size([1152])) - (2346192:train_csgo.py:825)
2025-12-25 13:36:59 - INFO -         [TRAINABLE] paligemma_with_expert.paligemma.model.vision_tower.vision_model.encoder.layers.12.self_attn.v_proj.weight (shape: torch.Size([1152, 1152])) - (2346192:train_csgo.py:825)
2025-12-25 13:36:59 - INFO -         [TRAINABLE] paligemma_with_expert.paligemma.model.vision_tower.vision_model.encoder.layers.12.self_attn.v_proj.bias (shape: torch.Size([1152])) - (2346192:train_csgo.py:825)
2025-12-25 13:36:59 - INFO -         [TRAINABLE] paligemma_with_expert.paligemma.model.vision_tower.vision_model.encoder.layers.12.self_attn.q_proj.weight (shape: torch.Size([1152, 1152])) - (2346192:train_csgo.py:825)
2025-12-25 13:36:59 - INFO -         [TRAINABLE] paligemma_with_expert.paligemma.model.vision_tower.vision_model.encoder.layers.12.self_attn.q_proj.bias (shape: torch.Size([1152])) - (2346192:train_csgo.py:825)
2025-12-25 13:36:59 - INFO -         [TRAINABLE] paligemma_with_expert.paligemma.model.vision_tower.vision_model.encoder.layers.12.self_attn.out_proj.weight (shape: torch.Size([1152, 1152])) - (2346192:train_csgo.py:825)
2025-12-25 13:36:59 - INFO -         [TRAINABLE] paligemma_with_expert.paligemma.model.vision_tower.vision_model.encoder.layers.12.self_attn.out_proj.bias (shape: torch.Size([1152])) - (2346192:train_csgo.py:825)
2025-12-25 13:36:59 - INFO -         [TRAINABLE] paligemma_with_expert.paligemma.model.vision_tower.vision_model.encoder.layers.12.layer_norm2.weight (shape: torch.Size([1152])) - (2346192:train_csgo.py:825)
2025-12-25 13:36:59 - INFO -         [TRAINABLE] paligemma_with_expert.paligemma.model.vision_tower.vision_model.encoder.layers.12.layer_norm2.bias (shape: torch.Size([1152])) - (2346192:train_csgo.py:825)
2025-12-25 13:36:59 - INFO -         [TRAINABLE] paligemma_with_expert.paligemma.model.vision_tower.vision_model.encoder.layers.12.mlp.fc1.weight (shape: torch.Size([4304, 1152])) - (2346192:train_csgo.py:825)
2025-12-25 13:36:59 - INFO -         [TRAINABLE] paligemma_with_expert.paligemma.model.vision_tower.vision_model.encoder.layers.12.mlp.fc1.bias (shape: torch.Size([4304])) - (2346192:train_csgo.py:825)
2025-12-25 13:36:59 - INFO -         [TRAINABLE] paligemma_with_expert.paligemma.model.vision_tower.vision_model.encoder.layers.12.mlp.fc2.weight (shape: torch.Size([1152, 4304])) - (2346192:train_csgo.py:825)
2025-12-25 13:36:59 - INFO -         [TRAINABLE] paligemma_with_expert.paligemma.model.vision_tower.vision_model.encoder.layers.12.mlp.fc2.bias (shape: torch.Size([1152])) - (2346192:train_csgo.py:825)
2025-12-25 13:36:59 - INFO -         [TRAINABLE] paligemma_with_expert.paligemma.model.vision_tower.vision_model.encoder.layers.13.layer_norm1.weight (shape: torch.Size([1152])) - (2346192:train_csgo.py:825)
2025-12-25 13:36:59 - INFO -         [TRAINABLE] paligemma_with_expert.paligemma.model.vision_tower.vision_model.encoder.layers.13.layer_norm1.bias (shape: torch.Size([1152])) - (2346192:train_csgo.py:825)
2025-12-25 13:36:59 - INFO -         [TRAINABLE] paligemma_with_expert.paligemma.model.vision_tower.vision_model.encoder.layers.13.self_attn.k_proj.weight (shape: torch.Size([1152, 1152])) - (2346192:train_csgo.py:825)
2025-12-25 13:36:59 - INFO -         [TRAINABLE] paligemma_with_expert.paligemma.model.vision_tower.vision_model.encoder.layers.13.self_attn.k_proj.bias (shape: torch.Size([1152])) - (2346192:train_csgo.py:825)
2025-12-25 13:36:59 - INFO -         [TRAINABLE] paligemma_with_expert.paligemma.model.vision_tower.vision_model.encoder.layers.13.self_attn.v_proj.weight (shape: torch.Size([1152, 1152])) - (2346192:train_csgo.py:825)
2025-12-25 13:36:59 - INFO -         [TRAINABLE] paligemma_with_expert.paligemma.model.vision_tower.vision_model.encoder.layers.13.self_attn.v_proj.bias (shape: torch.Size([1152])) - (2346192:train_csgo.py:825)
2025-12-25 13:36:59 - INFO -         [TRAINABLE] paligemma_with_expert.paligemma.model.vision_tower.vision_model.encoder.layers.13.self_attn.q_proj.weight (shape: torch.Size([1152, 1152])) - (2346192:train_csgo.py:825)
2025-12-25 13:36:59 - INFO -         [TRAINABLE] paligemma_with_expert.paligemma.model.vision_tower.vision_model.encoder.layers.13.self_attn.q_proj.bias (shape: torch.Size([1152])) - (2346192:train_csgo.py:825)
2025-12-25 13:36:59 - INFO -         [TRAINABLE] paligemma_with_expert.paligemma.model.vision_tower.vision_model.encoder.layers.13.self_attn.out_proj.weight (shape: torch.Size([1152, 1152])) - (2346192:train_csgo.py:825)
2025-12-25 13:36:59 - INFO -         [TRAINABLE] paligemma_with_expert.paligemma.model.vision_tower.vision_model.encoder.layers.13.self_attn.out_proj.bias (shape: torch.Size([1152])) - (2346192:train_csgo.py:825)
2025-12-25 13:36:59 - INFO -         [TRAINABLE] paligemma_with_expert.paligemma.model.vision_tower.vision_model.encoder.layers.13.layer_norm2.weight (shape: torch.Size([1152])) - (2346192:train_csgo.py:825)
2025-12-25 13:36:59 - INFO -         [TRAINABLE] paligemma_with_expert.paligemma.model.vision_tower.vision_model.encoder.layers.13.layer_norm2.bias (shape: torch.Size([1152])) - (2346192:train_csgo.py:825)
2025-12-25 13:36:59 - INFO -         [TRAINABLE] paligemma_with_expert.paligemma.model.vision_tower.vision_model.encoder.layers.13.mlp.fc1.weight (shape: torch.Size([4304, 1152])) - (2346192:train_csgo.py:825)
2025-12-25 13:36:59 - INFO -         [TRAINABLE] paligemma_with_expert.paligemma.model.vision_tower.vision_model.encoder.layers.13.mlp.fc1.bias (shape: torch.Size([4304])) - (2346192:train_csgo.py:825)
2025-12-25 13:36:59 - INFO -         [TRAINABLE] paligemma_with_expert.paligemma.model.vision_tower.vision_model.encoder.layers.13.mlp.fc2.weight (shape: torch.Size([1152, 4304])) - (2346192:train_csgo.py:825)
2025-12-25 13:36:59 - INFO -         [TRAINABLE] paligemma_with_expert.paligemma.model.vision_tower.vision_model.encoder.layers.13.mlp.fc2.bias (shape: torch.Size([1152])) - (2346192:train_csgo.py:825)
2025-12-25 13:36:59 - INFO -         [TRAINABLE] paligemma_with_expert.paligemma.model.vision_tower.vision_model.encoder.layers.14.layer_norm1.weight (shape: torch.Size([1152])) - (2346192:train_csgo.py:825)
2025-12-25 13:36:59 - INFO -         [TRAINABLE] paligemma_with_expert.paligemma.model.vision_tower.vision_model.encoder.layers.14.layer_norm1.bias (shape: torch.Size([1152])) - (2346192:train_csgo.py:825)
2025-12-25 13:36:59 - INFO -         [TRAINABLE] paligemma_with_expert.paligemma.model.vision_tower.vision_model.encoder.layers.14.self_attn.k_proj.weight (shape: torch.Size([1152, 1152])) - (2346192:train_csgo.py:825)
2025-12-25 13:36:59 - INFO -         [TRAINABLE] paligemma_with_expert.paligemma.model.vision_tower.vision_model.encoder.layers.14.self_attn.k_proj.bias (shape: torch.Size([1152])) - (2346192:train_csgo.py:825)
2025-12-25 13:36:59 - INFO -         [TRAINABLE] paligemma_with_expert.paligemma.model.vision_tower.vision_model.encoder.layers.14.self_attn.v_proj.weight (shape: torch.Size([1152, 1152])) - (2346192:train_csgo.py:825)
2025-12-25 13:36:59 - INFO -         [TRAINABLE] paligemma_with_expert.paligemma.model.vision_tower.vision_model.encoder.layers.14.self_attn.v_proj.bias (shape: torch.Size([1152])) - (2346192:train_csgo.py:825)
2025-12-25 13:36:59 - INFO -         [TRAINABLE] paligemma_with_expert.paligemma.model.vision_tower.vision_model.encoder.layers.14.self_attn.q_proj.weight (shape: torch.Size([1152, 1152])) - (2346192:train_csgo.py:825)
2025-12-25 13:36:59 - INFO -         [TRAINABLE] paligemma_with_expert.paligemma.model.vision_tower.vision_model.encoder.layers.14.self_attn.q_proj.bias (shape: torch.Size([1152])) - (2346192:train_csgo.py:825)
2025-12-25 13:36:59 - INFO -         [TRAINABLE] paligemma_with_expert.paligemma.model.vision_tower.vision_model.encoder.layers.14.self_attn.out_proj.weight (shape: torch.Size([1152, 1152])) - (2346192:train_csgo.py:825)
2025-12-25 13:36:59 - INFO -         [TRAINABLE] paligemma_with_expert.paligemma.model.vision_tower.vision_model.encoder.layers.14.self_attn.out_proj.bias (shape: torch.Size([1152])) - (2346192:train_csgo.py:825)
2025-12-25 13:36:59 - INFO -         [TRAINABLE] paligemma_with_expert.paligemma.model.vision_tower.vision_model.encoder.layers.14.layer_norm2.weight (shape: torch.Size([1152])) - (2346192:train_csgo.py:825)
2025-12-25 13:36:59 - INFO -         [TRAINABLE] paligemma_with_expert.paligemma.model.vision_tower.vision_model.encoder.layers.14.layer_norm2.bias (shape: torch.Size([1152])) - (2346192:train_csgo.py:825)
2025-12-25 13:36:59 - INFO -         [TRAINABLE] paligemma_with_expert.paligemma.model.vision_tower.vision_model.encoder.layers.14.mlp.fc1.weight (shape: torch.Size([4304, 1152])) - (2346192:train_csgo.py:825)
2025-12-25 13:36:59 - INFO -         [TRAINABLE] paligemma_with_expert.paligemma.model.vision_tower.vision_model.encoder.layers.14.mlp.fc1.bias (shape: torch.Size([4304])) - (2346192:train_csgo.py:825)
2025-12-25 13:36:59 - INFO -         [TRAINABLE] paligemma_with_expert.paligemma.model.vision_tower.vision_model.encoder.layers.14.mlp.fc2.weight (shape: torch.Size([1152, 4304])) - (2346192:train_csgo.py:825)
2025-12-25 13:36:59 - INFO -         [TRAINABLE] paligemma_with_expert.paligemma.model.vision_tower.vision_model.encoder.layers.14.mlp.fc2.bias (shape: torch.Size([1152])) - (2346192:train_csgo.py:825)
2025-12-25 13:36:59 - INFO -         [TRAINABLE] paligemma_with_expert.paligemma.model.vision_tower.vision_model.encoder.layers.15.layer_norm1.weight (shape: torch.Size([1152])) - (2346192:train_csgo.py:825)
2025-12-25 13:36:59 - INFO -         [TRAINABLE] paligemma_with_expert.paligemma.model.vision_tower.vision_model.encoder.layers.15.layer_norm1.bias (shape: torch.Size([1152])) - (2346192:train_csgo.py:825)
2025-12-25 13:36:59 - INFO -         [TRAINABLE] paligemma_with_expert.paligemma.model.vision_tower.vision_model.encoder.layers.15.self_attn.k_proj.weight (shape: torch.Size([1152, 1152])) - (2346192:train_csgo.py:825)
2025-12-25 13:36:59 - INFO -         [TRAINABLE] paligemma_with_expert.paligemma.model.vision_tower.vision_model.encoder.layers.15.self_attn.k_proj.bias (shape: torch.Size([1152])) - (2346192:train_csgo.py:825)
2025-12-25 13:36:59 - INFO -         [TRAINABLE] paligemma_with_expert.paligemma.model.vision_tower.vision_model.encoder.layers.15.self_attn.v_proj.weight (shape: torch.Size([1152, 1152])) - (2346192:train_csgo.py:825)
2025-12-25 13:36:59 - INFO -         [TRAINABLE] paligemma_with_expert.paligemma.model.vision_tower.vision_model.encoder.layers.15.self_attn.v_proj.bias (shape: torch.Size([1152])) - (2346192:train_csgo.py:825)
2025-12-25 13:36:59 - INFO -         [TRAINABLE] paligemma_with_expert.paligemma.model.vision_tower.vision_model.encoder.layers.15.self_attn.q_proj.weight (shape: torch.Size([1152, 1152])) - (2346192:train_csgo.py:825)
2025-12-25 13:36:59 - INFO -         [TRAINABLE] paligemma_with_expert.paligemma.model.vision_tower.vision_model.encoder.layers.15.self_attn.q_proj.bias (shape: torch.Size([1152])) - (2346192:train_csgo.py:825)
2025-12-25 13:36:59 - INFO -         [TRAINABLE] paligemma_with_expert.paligemma.model.vision_tower.vision_model.encoder.layers.15.self_attn.out_proj.weight (shape: torch.Size([1152, 1152])) - (2346192:train_csgo.py:825)
2025-12-25 13:36:59 - INFO -         [TRAINABLE] paligemma_with_expert.paligemma.model.vision_tower.vision_model.encoder.layers.15.self_attn.out_proj.bias (shape: torch.Size([1152])) - (2346192:train_csgo.py:825)
2025-12-25 13:36:59 - INFO -         [TRAINABLE] paligemma_with_expert.paligemma.model.vision_tower.vision_model.encoder.layers.15.layer_norm2.weight (shape: torch.Size([1152])) - (2346192:train_csgo.py:825)
2025-12-25 13:36:59 - INFO -         [TRAINABLE] paligemma_with_expert.paligemma.model.vision_tower.vision_model.encoder.layers.15.layer_norm2.bias (shape: torch.Size([1152])) - (2346192:train_csgo.py:825)
2025-12-25 13:36:59 - INFO -         [TRAINABLE] paligemma_with_expert.paligemma.model.vision_tower.vision_model.encoder.layers.15.mlp.fc1.weight (shape: torch.Size([4304, 1152])) - (2346192:train_csgo.py:825)
2025-12-25 13:36:59 - INFO -         [TRAINABLE] paligemma_with_expert.paligemma.model.vision_tower.vision_model.encoder.layers.15.mlp.fc1.bias (shape: torch.Size([4304])) - (2346192:train_csgo.py:825)
2025-12-25 13:36:59 - INFO -         [TRAINABLE] paligemma_with_expert.paligemma.model.vision_tower.vision_model.encoder.layers.15.mlp.fc2.weight (shape: torch.Size([1152, 4304])) - (2346192:train_csgo.py:825)
2025-12-25 13:36:59 - INFO -         [TRAINABLE] paligemma_with_expert.paligemma.model.vision_tower.vision_model.encoder.layers.15.mlp.fc2.bias (shape: torch.Size([1152])) - (2346192:train_csgo.py:825)
2025-12-25 13:36:59 - INFO -         [TRAINABLE] paligemma_with_expert.paligemma.model.vision_tower.vision_model.encoder.layers.16.layer_norm1.weight (shape: torch.Size([1152])) - (2346192:train_csgo.py:825)
2025-12-25 13:36:59 - INFO -         [TRAINABLE] paligemma_with_expert.paligemma.model.vision_tower.vision_model.encoder.layers.16.layer_norm1.bias (shape: torch.Size([1152])) - (2346192:train_csgo.py:825)
2025-12-25 13:36:59 - INFO -         [TRAINABLE] paligemma_with_expert.paligemma.model.vision_tower.vision_model.encoder.layers.16.self_attn.k_proj.weight (shape: torch.Size([1152, 1152])) - (2346192:train_csgo.py:825)
2025-12-25 13:36:59 - INFO -         [TRAINABLE] paligemma_with_expert.paligemma.model.vision_tower.vision_model.encoder.layers.16.self_attn.k_proj.bias (shape: torch.Size([1152])) - (2346192:train_csgo.py:825)
2025-12-25 13:36:59 - INFO -         [TRAINABLE] paligemma_with_expert.paligemma.model.vision_tower.vision_model.encoder.layers.16.self_attn.v_proj.weight (shape: torch.Size([1152, 1152])) - (2346192:train_csgo.py:825)
2025-12-25 13:36:59 - INFO -         [TRAINABLE] paligemma_with_expert.paligemma.model.vision_tower.vision_model.encoder.layers.16.self_attn.v_proj.bias (shape: torch.Size([1152])) - (2346192:train_csgo.py:825)
2025-12-25 13:36:59 - INFO -         [TRAINABLE] paligemma_with_expert.paligemma.model.vision_tower.vision_model.encoder.layers.16.self_attn.q_proj.weight (shape: torch.Size([1152, 1152])) - (2346192:train_csgo.py:825)
2025-12-25 13:36:59 - INFO -         [TRAINABLE] paligemma_with_expert.paligemma.model.vision_tower.vision_model.encoder.layers.16.self_attn.q_proj.bias (shape: torch.Size([1152])) - (2346192:train_csgo.py:825)
2025-12-25 13:36:59 - INFO -         [TRAINABLE] paligemma_with_expert.paligemma.model.vision_tower.vision_model.encoder.layers.16.self_attn.out_proj.weight (shape: torch.Size([1152, 1152])) - (2346192:train_csgo.py:825)
2025-12-25 13:36:59 - INFO -         [TRAINABLE] paligemma_with_expert.paligemma.model.vision_tower.vision_model.encoder.layers.16.self_attn.out_proj.bias (shape: torch.Size([1152])) - (2346192:train_csgo.py:825)
2025-12-25 13:36:59 - INFO -         [TRAINABLE] paligemma_with_expert.paligemma.model.vision_tower.vision_model.encoder.layers.16.layer_norm2.weight (shape: torch.Size([1152])) - (2346192:train_csgo.py:825)
2025-12-25 13:36:59 - INFO -         [TRAINABLE] paligemma_with_expert.paligemma.model.vision_tower.vision_model.encoder.layers.16.layer_norm2.bias (shape: torch.Size([1152])) - (2346192:train_csgo.py:825)
2025-12-25 13:36:59 - INFO -         [TRAINABLE] paligemma_with_expert.paligemma.model.vision_tower.vision_model.encoder.layers.16.mlp.fc1.weight (shape: torch.Size([4304, 1152])) - (2346192:train_csgo.py:825)
2025-12-25 13:36:59 - INFO -         [TRAINABLE] paligemma_with_expert.paligemma.model.vision_tower.vision_model.encoder.layers.16.mlp.fc1.bias (shape: torch.Size([4304])) - (2346192:train_csgo.py:825)
2025-12-25 13:36:59 - INFO -         [TRAINABLE] paligemma_with_expert.paligemma.model.vision_tower.vision_model.encoder.layers.16.mlp.fc2.weight (shape: torch.Size([1152, 4304])) - (2346192:train_csgo.py:825)
2025-12-25 13:36:59 - INFO -         [TRAINABLE] paligemma_with_expert.paligemma.model.vision_tower.vision_model.encoder.layers.16.mlp.fc2.bias (shape: torch.Size([1152])) - (2346192:train_csgo.py:825)
2025-12-25 13:36:59 - INFO -         [TRAINABLE] paligemma_with_expert.paligemma.model.vision_tower.vision_model.encoder.layers.17.layer_norm1.weight (shape: torch.Size([1152])) - (2346192:train_csgo.py:825)
2025-12-25 13:36:59 - INFO -         [TRAINABLE] paligemma_with_expert.paligemma.model.vision_tower.vision_model.encoder.layers.17.layer_norm1.bias (shape: torch.Size([1152])) - (2346192:train_csgo.py:825)
2025-12-25 13:36:59 - INFO -         [TRAINABLE] paligemma_with_expert.paligemma.model.vision_tower.vision_model.encoder.layers.17.self_attn.k_proj.weight (shape: torch.Size([1152, 1152])) - (2346192:train_csgo.py:825)
2025-12-25 13:36:59 - INFO -         [TRAINABLE] paligemma_with_expert.paligemma.model.vision_tower.vision_model.encoder.layers.17.self_attn.k_proj.bias (shape: torch.Size([1152])) - (2346192:train_csgo.py:825)
2025-12-25 13:36:59 - INFO -         [TRAINABLE] paligemma_with_expert.paligemma.model.vision_tower.vision_model.encoder.layers.17.self_attn.v_proj.weight (shape: torch.Size([1152, 1152])) - (2346192:train_csgo.py:825)
2025-12-25 13:36:59 - INFO -         [TRAINABLE] paligemma_with_expert.paligemma.model.vision_tower.vision_model.encoder.layers.17.self_attn.v_proj.bias (shape: torch.Size([1152])) - (2346192:train_csgo.py:825)
2025-12-25 13:36:59 - INFO -         [TRAINABLE] paligemma_with_expert.paligemma.model.vision_tower.vision_model.encoder.layers.17.self_attn.q_proj.weight (shape: torch.Size([1152, 1152])) - (2346192:train_csgo.py:825)
2025-12-25 13:36:59 - INFO -         [TRAINABLE] paligemma_with_expert.paligemma.model.vision_tower.vision_model.encoder.layers.17.self_attn.q_proj.bias (shape: torch.Size([1152])) - (2346192:train_csgo.py:825)
2025-12-25 13:36:59 - INFO -         [TRAINABLE] paligemma_with_expert.paligemma.model.vision_tower.vision_model.encoder.layers.17.self_attn.out_proj.weight (shape: torch.Size([1152, 1152])) - (2346192:train_csgo.py:825)
2025-12-25 13:36:59 - INFO -         [TRAINABLE] paligemma_with_expert.paligemma.model.vision_tower.vision_model.encoder.layers.17.self_attn.out_proj.bias (shape: torch.Size([1152])) - (2346192:train_csgo.py:825)
2025-12-25 13:36:59 - INFO -         [TRAINABLE] paligemma_with_expert.paligemma.model.vision_tower.vision_model.encoder.layers.17.layer_norm2.weight (shape: torch.Size([1152])) - (2346192:train_csgo.py:825)
2025-12-25 13:36:59 - INFO -         [TRAINABLE] paligemma_with_expert.paligemma.model.vision_tower.vision_model.encoder.layers.17.layer_norm2.bias (shape: torch.Size([1152])) - (2346192:train_csgo.py:825)
2025-12-25 13:36:59 - INFO -         [TRAINABLE] paligemma_with_expert.paligemma.model.vision_tower.vision_model.encoder.layers.17.mlp.fc1.weight (shape: torch.Size([4304, 1152])) - (2346192:train_csgo.py:825)
2025-12-25 13:36:59 - INFO -         [TRAINABLE] paligemma_with_expert.paligemma.model.vision_tower.vision_model.encoder.layers.17.mlp.fc1.bias (shape: torch.Size([4304])) - (2346192:train_csgo.py:825)
2025-12-25 13:36:59 - INFO -         [TRAINABLE] paligemma_with_expert.paligemma.model.vision_tower.vision_model.encoder.layers.17.mlp.fc2.weight (shape: torch.Size([1152, 4304])) - (2346192:train_csgo.py:825)
2025-12-25 13:36:59 - INFO -         [TRAINABLE] paligemma_with_expert.paligemma.model.vision_tower.vision_model.encoder.layers.17.mlp.fc2.bias (shape: torch.Size([1152])) - (2346192:train_csgo.py:825)
2025-12-25 13:36:59 - INFO -         [TRAINABLE] paligemma_with_expert.paligemma.model.vision_tower.vision_model.encoder.layers.18.layer_norm1.weight (shape: torch.Size([1152])) - (2346192:train_csgo.py:825)
2025-12-25 13:36:59 - INFO -         [TRAINABLE] paligemma_with_expert.paligemma.model.vision_tower.vision_model.encoder.layers.18.layer_norm1.bias (shape: torch.Size([1152])) - (2346192:train_csgo.py:825)
2025-12-25 13:36:59 - INFO -         [TRAINABLE] paligemma_with_expert.paligemma.model.vision_tower.vision_model.encoder.layers.18.self_attn.k_proj.weight (shape: torch.Size([1152, 1152])) - (2346192:train_csgo.py:825)
2025-12-25 13:36:59 - INFO -         [TRAINABLE] paligemma_with_expert.paligemma.model.vision_tower.vision_model.encoder.layers.18.self_attn.k_proj.bias (shape: torch.Size([1152])) - (2346192:train_csgo.py:825)
2025-12-25 13:36:59 - INFO -         [TRAINABLE] paligemma_with_expert.paligemma.model.vision_tower.vision_model.encoder.layers.18.self_attn.v_proj.weight (shape: torch.Size([1152, 1152])) - (2346192:train_csgo.py:825)
2025-12-25 13:36:59 - INFO -         [TRAINABLE] paligemma_with_expert.paligemma.model.vision_tower.vision_model.encoder.layers.18.self_attn.v_proj.bias (shape: torch.Size([1152])) - (2346192:train_csgo.py:825)
2025-12-25 13:36:59 - INFO -         [TRAINABLE] paligemma_with_expert.paligemma.model.vision_tower.vision_model.encoder.layers.18.self_attn.q_proj.weight (shape: torch.Size([1152, 1152])) - (2346192:train_csgo.py:825)
2025-12-25 13:36:59 - INFO -         [TRAINABLE] paligemma_with_expert.paligemma.model.vision_tower.vision_model.encoder.layers.18.self_attn.q_proj.bias (shape: torch.Size([1152])) - (2346192:train_csgo.py:825)
2025-12-25 13:36:59 - INFO -         [TRAINABLE] paligemma_with_expert.paligemma.model.vision_tower.vision_model.encoder.layers.18.self_attn.out_proj.weight (shape: torch.Size([1152, 1152])) - (2346192:train_csgo.py:825)
2025-12-25 13:36:59 - INFO -         [TRAINABLE] paligemma_with_expert.paligemma.model.vision_tower.vision_model.encoder.layers.18.self_attn.out_proj.bias (shape: torch.Size([1152])) - (2346192:train_csgo.py:825)
2025-12-25 13:36:59 - INFO -         [TRAINABLE] paligemma_with_expert.paligemma.model.vision_tower.vision_model.encoder.layers.18.layer_norm2.weight (shape: torch.Size([1152])) - (2346192:train_csgo.py:825)
2025-12-25 13:36:59 - INFO -         [TRAINABLE] paligemma_with_expert.paligemma.model.vision_tower.vision_model.encoder.layers.18.layer_norm2.bias (shape: torch.Size([1152])) - (2346192:train_csgo.py:825)
2025-12-25 13:36:59 - INFO -         [TRAINABLE] paligemma_with_expert.paligemma.model.vision_tower.vision_model.encoder.layers.18.mlp.fc1.weight (shape: torch.Size([4304, 1152])) - (2346192:train_csgo.py:825)
2025-12-25 13:36:59 - INFO -         [TRAINABLE] paligemma_with_expert.paligemma.model.vision_tower.vision_model.encoder.layers.18.mlp.fc1.bias (shape: torch.Size([4304])) - (2346192:train_csgo.py:825)
2025-12-25 13:36:59 - INFO -         [TRAINABLE] paligemma_with_expert.paligemma.model.vision_tower.vision_model.encoder.layers.18.mlp.fc2.weight (shape: torch.Size([1152, 4304])) - (2346192:train_csgo.py:825)
2025-12-25 13:36:59 - INFO -         [TRAINABLE] paligemma_with_expert.paligemma.model.vision_tower.vision_model.encoder.layers.18.mlp.fc2.bias (shape: torch.Size([1152])) - (2346192:train_csgo.py:825)
2025-12-25 13:36:59 - INFO -         [TRAINABLE] paligemma_with_expert.paligemma.model.vision_tower.vision_model.encoder.layers.19.layer_norm1.weight (shape: torch.Size([1152])) - (2346192:train_csgo.py:825)
2025-12-25 13:36:59 - INFO -         [TRAINABLE] paligemma_with_expert.paligemma.model.vision_tower.vision_model.encoder.layers.19.layer_norm1.bias (shape: torch.Size([1152])) - (2346192:train_csgo.py:825)
2025-12-25 13:36:59 - INFO -         [TRAINABLE] paligemma_with_expert.paligemma.model.vision_tower.vision_model.encoder.layers.19.self_attn.k_proj.weight (shape: torch.Size([1152, 1152])) - (2346192:train_csgo.py:825)
2025-12-25 13:36:59 - INFO -         [TRAINABLE] paligemma_with_expert.paligemma.model.vision_tower.vision_model.encoder.layers.19.self_attn.k_proj.bias (shape: torch.Size([1152])) - (2346192:train_csgo.py:825)
2025-12-25 13:36:59 - INFO -         [TRAINABLE] paligemma_with_expert.paligemma.model.vision_tower.vision_model.encoder.layers.19.self_attn.v_proj.weight (shape: torch.Size([1152, 1152])) - (2346192:train_csgo.py:825)
2025-12-25 13:36:59 - INFO -         [TRAINABLE] paligemma_with_expert.paligemma.model.vision_tower.vision_model.encoder.layers.19.self_attn.v_proj.bias (shape: torch.Size([1152])) - (2346192:train_csgo.py:825)
2025-12-25 13:36:59 - INFO -         [TRAINABLE] paligemma_with_expert.paligemma.model.vision_tower.vision_model.encoder.layers.19.self_attn.q_proj.weight (shape: torch.Size([1152, 1152])) - (2346192:train_csgo.py:825)
2025-12-25 13:36:59 - INFO -         [TRAINABLE] paligemma_with_expert.paligemma.model.vision_tower.vision_model.encoder.layers.19.self_attn.q_proj.bias (shape: torch.Size([1152])) - (2346192:train_csgo.py:825)
2025-12-25 13:36:59 - INFO -         [TRAINABLE] paligemma_with_expert.paligemma.model.vision_tower.vision_model.encoder.layers.19.self_attn.out_proj.weight (shape: torch.Size([1152, 1152])) - (2346192:train_csgo.py:825)
2025-12-25 13:36:59 - INFO -         [TRAINABLE] paligemma_with_expert.paligemma.model.vision_tower.vision_model.encoder.layers.19.self_attn.out_proj.bias (shape: torch.Size([1152])) - (2346192:train_csgo.py:825)
2025-12-25 13:36:59 - INFO -         [TRAINABLE] paligemma_with_expert.paligemma.model.vision_tower.vision_model.encoder.layers.19.layer_norm2.weight (shape: torch.Size([1152])) - (2346192:train_csgo.py:825)
2025-12-25 13:36:59 - INFO -         [TRAINABLE] paligemma_with_expert.paligemma.model.vision_tower.vision_model.encoder.layers.19.layer_norm2.bias (shape: torch.Size([1152])) - (2346192:train_csgo.py:825)
2025-12-25 13:36:59 - INFO -         [TRAINABLE] paligemma_with_expert.paligemma.model.vision_tower.vision_model.encoder.layers.19.mlp.fc1.weight (shape: torch.Size([4304, 1152])) - (2346192:train_csgo.py:825)
2025-12-25 13:36:59 - INFO -         [TRAINABLE] paligemma_with_expert.paligemma.model.vision_tower.vision_model.encoder.layers.19.mlp.fc1.bias (shape: torch.Size([4304])) - (2346192:train_csgo.py:825)
2025-12-25 13:36:59 - INFO -         [TRAINABLE] paligemma_with_expert.paligemma.model.vision_tower.vision_model.encoder.layers.19.mlp.fc2.weight (shape: torch.Size([1152, 4304])) - (2346192:train_csgo.py:825)
2025-12-25 13:36:59 - INFO -         [TRAINABLE] paligemma_with_expert.paligemma.model.vision_tower.vision_model.encoder.layers.19.mlp.fc2.bias (shape: torch.Size([1152])) - (2346192:train_csgo.py:825)
2025-12-25 13:36:59 - INFO -         [TRAINABLE] paligemma_with_expert.paligemma.model.vision_tower.vision_model.encoder.layers.20.layer_norm1.weight (shape: torch.Size([1152])) - (2346192:train_csgo.py:825)
2025-12-25 13:36:59 - INFO -         [TRAINABLE] paligemma_with_expert.paligemma.model.vision_tower.vision_model.encoder.layers.20.layer_norm1.bias (shape: torch.Size([1152])) - (2346192:train_csgo.py:825)
2025-12-25 13:36:59 - INFO -         [TRAINABLE] paligemma_with_expert.paligemma.model.vision_tower.vision_model.encoder.layers.20.self_attn.k_proj.weight (shape: torch.Size([1152, 1152])) - (2346192:train_csgo.py:825)
2025-12-25 13:36:59 - INFO -         [TRAINABLE] paligemma_with_expert.paligemma.model.vision_tower.vision_model.encoder.layers.20.self_attn.k_proj.bias (shape: torch.Size([1152])) - (2346192:train_csgo.py:825)
2025-12-25 13:36:59 - INFO -         [TRAINABLE] paligemma_with_expert.paligemma.model.vision_tower.vision_model.encoder.layers.20.self_attn.v_proj.weight (shape: torch.Size([1152, 1152])) - (2346192:train_csgo.py:825)
2025-12-25 13:36:59 - INFO -         [TRAINABLE] paligemma_with_expert.paligemma.model.vision_tower.vision_model.encoder.layers.20.self_attn.v_proj.bias (shape: torch.Size([1152])) - (2346192:train_csgo.py:825)
2025-12-25 13:36:59 - INFO -         [TRAINABLE] paligemma_with_expert.paligemma.model.vision_tower.vision_model.encoder.layers.20.self_attn.q_proj.weight (shape: torch.Size([1152, 1152])) - (2346192:train_csgo.py:825)
2025-12-25 13:36:59 - INFO -         [TRAINABLE] paligemma_with_expert.paligemma.model.vision_tower.vision_model.encoder.layers.20.self_attn.q_proj.bias (shape: torch.Size([1152])) - (2346192:train_csgo.py:825)
2025-12-25 13:36:59 - INFO -         [TRAINABLE] paligemma_with_expert.paligemma.model.vision_tower.vision_model.encoder.layers.20.self_attn.out_proj.weight (shape: torch.Size([1152, 1152])) - (2346192:train_csgo.py:825)
2025-12-25 13:36:59 - INFO -         [TRAINABLE] paligemma_with_expert.paligemma.model.vision_tower.vision_model.encoder.layers.20.self_attn.out_proj.bias (shape: torch.Size([1152])) - (2346192:train_csgo.py:825)
2025-12-25 13:36:59 - INFO -         [TRAINABLE] paligemma_with_expert.paligemma.model.vision_tower.vision_model.encoder.layers.20.layer_norm2.weight (shape: torch.Size([1152])) - (2346192:train_csgo.py:825)
2025-12-25 13:36:59 - INFO -         [TRAINABLE] paligemma_with_expert.paligemma.model.vision_tower.vision_model.encoder.layers.20.layer_norm2.bias (shape: torch.Size([1152])) - (2346192:train_csgo.py:825)
2025-12-25 13:36:59 - INFO -         [TRAINABLE] paligemma_with_expert.paligemma.model.vision_tower.vision_model.encoder.layers.20.mlp.fc1.weight (shape: torch.Size([4304, 1152])) - (2346192:train_csgo.py:825)
2025-12-25 13:36:59 - INFO -         [TRAINABLE] paligemma_with_expert.paligemma.model.vision_tower.vision_model.encoder.layers.20.mlp.fc1.bias (shape: torch.Size([4304])) - (2346192:train_csgo.py:825)
2025-12-25 13:36:59 - INFO -         [TRAINABLE] paligemma_with_expert.paligemma.model.vision_tower.vision_model.encoder.layers.20.mlp.fc2.weight (shape: torch.Size([1152, 4304])) - (2346192:train_csgo.py:825)
2025-12-25 13:36:59 - INFO -         [TRAINABLE] paligemma_with_expert.paligemma.model.vision_tower.vision_model.encoder.layers.20.mlp.fc2.bias (shape: torch.Size([1152])) - (2346192:train_csgo.py:825)
2025-12-25 13:36:59 - INFO -         [TRAINABLE] paligemma_with_expert.paligemma.model.vision_tower.vision_model.encoder.layers.21.layer_norm1.weight (shape: torch.Size([1152])) - (2346192:train_csgo.py:825)
2025-12-25 13:36:59 - INFO -         [TRAINABLE] paligemma_with_expert.paligemma.model.vision_tower.vision_model.encoder.layers.21.layer_norm1.bias (shape: torch.Size([1152])) - (2346192:train_csgo.py:825)
2025-12-25 13:36:59 - INFO -         [TRAINABLE] paligemma_with_expert.paligemma.model.vision_tower.vision_model.encoder.layers.21.self_attn.k_proj.weight (shape: torch.Size([1152, 1152])) - (2346192:train_csgo.py:825)
2025-12-25 13:36:59 - INFO -         [TRAINABLE] paligemma_with_expert.paligemma.model.vision_tower.vision_model.encoder.layers.21.self_attn.k_proj.bias (shape: torch.Size([1152])) - (2346192:train_csgo.py:825)
2025-12-25 13:36:59 - INFO -         [TRAINABLE] paligemma_with_expert.paligemma.model.vision_tower.vision_model.encoder.layers.21.self_attn.v_proj.weight (shape: torch.Size([1152, 1152])) - (2346192:train_csgo.py:825)
2025-12-25 13:36:59 - INFO -         [TRAINABLE] paligemma_with_expert.paligemma.model.vision_tower.vision_model.encoder.layers.21.self_attn.v_proj.bias (shape: torch.Size([1152])) - (2346192:train_csgo.py:825)
2025-12-25 13:36:59 - INFO -         [TRAINABLE] paligemma_with_expert.paligemma.model.vision_tower.vision_model.encoder.layers.21.self_attn.q_proj.weight (shape: torch.Size([1152, 1152])) - (2346192:train_csgo.py:825)
2025-12-25 13:36:59 - INFO -         [TRAINABLE] paligemma_with_expert.paligemma.model.vision_tower.vision_model.encoder.layers.21.self_attn.q_proj.bias (shape: torch.Size([1152])) - (2346192:train_csgo.py:825)
2025-12-25 13:36:59 - INFO -         [TRAINABLE] paligemma_with_expert.paligemma.model.vision_tower.vision_model.encoder.layers.21.self_attn.out_proj.weight (shape: torch.Size([1152, 1152])) - (2346192:train_csgo.py:825)
2025-12-25 13:36:59 - INFO -         [TRAINABLE] paligemma_with_expert.paligemma.model.vision_tower.vision_model.encoder.layers.21.self_attn.out_proj.bias (shape: torch.Size([1152])) - (2346192:train_csgo.py:825)
2025-12-25 13:36:59 - INFO -         [TRAINABLE] paligemma_with_expert.paligemma.model.vision_tower.vision_model.encoder.layers.21.layer_norm2.weight (shape: torch.Size([1152])) - (2346192:train_csgo.py:825)
2025-12-25 13:36:59 - INFO -         [TRAINABLE] paligemma_with_expert.paligemma.model.vision_tower.vision_model.encoder.layers.21.layer_norm2.bias (shape: torch.Size([1152])) - (2346192:train_csgo.py:825)
2025-12-25 13:36:59 - INFO -         [TRAINABLE] paligemma_with_expert.paligemma.model.vision_tower.vision_model.encoder.layers.21.mlp.fc1.weight (shape: torch.Size([4304, 1152])) - (2346192:train_csgo.py:825)
2025-12-25 13:36:59 - INFO -         [TRAINABLE] paligemma_with_expert.paligemma.model.vision_tower.vision_model.encoder.layers.21.mlp.fc1.bias (shape: torch.Size([4304])) - (2346192:train_csgo.py:825)
2025-12-25 13:36:59 - INFO -         [TRAINABLE] paligemma_with_expert.paligemma.model.vision_tower.vision_model.encoder.layers.21.mlp.fc2.weight (shape: torch.Size([1152, 4304])) - (2346192:train_csgo.py:825)
2025-12-25 13:36:59 - INFO -         [TRAINABLE] paligemma_with_expert.paligemma.model.vision_tower.vision_model.encoder.layers.21.mlp.fc2.bias (shape: torch.Size([1152])) - (2346192:train_csgo.py:825)
2025-12-25 13:36:59 - INFO -         [TRAINABLE] paligemma_with_expert.paligemma.model.vision_tower.vision_model.encoder.layers.22.layer_norm1.weight (shape: torch.Size([1152])) - (2346192:train_csgo.py:825)
2025-12-25 13:36:59 - INFO -         [TRAINABLE] paligemma_with_expert.paligemma.model.vision_tower.vision_model.encoder.layers.22.layer_norm1.bias (shape: torch.Size([1152])) - (2346192:train_csgo.py:825)
2025-12-25 13:36:59 - INFO -         [TRAINABLE] paligemma_with_expert.paligemma.model.vision_tower.vision_model.encoder.layers.22.self_attn.k_proj.weight (shape: torch.Size([1152, 1152])) - (2346192:train_csgo.py:825)
2025-12-25 13:36:59 - INFO -         [TRAINABLE] paligemma_with_expert.paligemma.model.vision_tower.vision_model.encoder.layers.22.self_attn.k_proj.bias (shape: torch.Size([1152])) - (2346192:train_csgo.py:825)
2025-12-25 13:36:59 - INFO -         [TRAINABLE] paligemma_with_expert.paligemma.model.vision_tower.vision_model.encoder.layers.22.self_attn.v_proj.weight (shape: torch.Size([1152, 1152])) - (2346192:train_csgo.py:825)
2025-12-25 13:36:59 - INFO -         [TRAINABLE] paligemma_with_expert.paligemma.model.vision_tower.vision_model.encoder.layers.22.self_attn.v_proj.bias (shape: torch.Size([1152])) - (2346192:train_csgo.py:825)
2025-12-25 13:36:59 - INFO -         [TRAINABLE] paligemma_with_expert.paligemma.model.vision_tower.vision_model.encoder.layers.22.self_attn.q_proj.weight (shape: torch.Size([1152, 1152])) - (2346192:train_csgo.py:825)
2025-12-25 13:36:59 - INFO -         [TRAINABLE] paligemma_with_expert.paligemma.model.vision_tower.vision_model.encoder.layers.22.self_attn.q_proj.bias (shape: torch.Size([1152])) - (2346192:train_csgo.py:825)
2025-12-25 13:36:59 - INFO -         [TRAINABLE] paligemma_with_expert.paligemma.model.vision_tower.vision_model.encoder.layers.22.self_attn.out_proj.weight (shape: torch.Size([1152, 1152])) - (2346192:train_csgo.py:825)
2025-12-25 13:36:59 - INFO -         [TRAINABLE] paligemma_with_expert.paligemma.model.vision_tower.vision_model.encoder.layers.22.self_attn.out_proj.bias (shape: torch.Size([1152])) - (2346192:train_csgo.py:825)
2025-12-25 13:36:59 - INFO -         [TRAINABLE] paligemma_with_expert.paligemma.model.vision_tower.vision_model.encoder.layers.22.layer_norm2.weight (shape: torch.Size([1152])) - (2346192:train_csgo.py:825)
2025-12-25 13:36:59 - INFO -         [TRAINABLE] paligemma_with_expert.paligemma.model.vision_tower.vision_model.encoder.layers.22.layer_norm2.bias (shape: torch.Size([1152])) - (2346192:train_csgo.py:825)
2025-12-25 13:36:59 - INFO -         [TRAINABLE] paligemma_with_expert.paligemma.model.vision_tower.vision_model.encoder.layers.22.mlp.fc1.weight (shape: torch.Size([4304, 1152])) - (2346192:train_csgo.py:825)
2025-12-25 13:36:59 - INFO -         [TRAINABLE] paligemma_with_expert.paligemma.model.vision_tower.vision_model.encoder.layers.22.mlp.fc1.bias (shape: torch.Size([4304])) - (2346192:train_csgo.py:825)
2025-12-25 13:36:59 - INFO -         [TRAINABLE] paligemma_with_expert.paligemma.model.vision_tower.vision_model.encoder.layers.22.mlp.fc2.weight (shape: torch.Size([1152, 4304])) - (2346192:train_csgo.py:825)
2025-12-25 13:36:59 - INFO -         [TRAINABLE] paligemma_with_expert.paligemma.model.vision_tower.vision_model.encoder.layers.22.mlp.fc2.bias (shape: torch.Size([1152])) - (2346192:train_csgo.py:825)
2025-12-25 13:36:59 - INFO -         [TRAINABLE] paligemma_with_expert.paligemma.model.vision_tower.vision_model.encoder.layers.23.layer_norm1.weight (shape: torch.Size([1152])) - (2346192:train_csgo.py:825)
2025-12-25 13:36:59 - INFO -         [TRAINABLE] paligemma_with_expert.paligemma.model.vision_tower.vision_model.encoder.layers.23.layer_norm1.bias (shape: torch.Size([1152])) - (2346192:train_csgo.py:825)
2025-12-25 13:36:59 - INFO -         [TRAINABLE] paligemma_with_expert.paligemma.model.vision_tower.vision_model.encoder.layers.23.self_attn.k_proj.weight (shape: torch.Size([1152, 1152])) - (2346192:train_csgo.py:825)
2025-12-25 13:36:59 - INFO -         [TRAINABLE] paligemma_with_expert.paligemma.model.vision_tower.vision_model.encoder.layers.23.self_attn.k_proj.bias (shape: torch.Size([1152])) - (2346192:train_csgo.py:825)
2025-12-25 13:36:59 - INFO -         [TRAINABLE] paligemma_with_expert.paligemma.model.vision_tower.vision_model.encoder.layers.23.self_attn.v_proj.weight (shape: torch.Size([1152, 1152])) - (2346192:train_csgo.py:825)
2025-12-25 13:36:59 - INFO -         [TRAINABLE] paligemma_with_expert.paligemma.model.vision_tower.vision_model.encoder.layers.23.self_attn.v_proj.bias (shape: torch.Size([1152])) - (2346192:train_csgo.py:825)
2025-12-25 13:36:59 - INFO -         [TRAINABLE] paligemma_with_expert.paligemma.model.vision_tower.vision_model.encoder.layers.23.self_attn.q_proj.weight (shape: torch.Size([1152, 1152])) - (2346192:train_csgo.py:825)
2025-12-25 13:36:59 - INFO -         [TRAINABLE] paligemma_with_expert.paligemma.model.vision_tower.vision_model.encoder.layers.23.self_attn.q_proj.bias (shape: torch.Size([1152])) - (2346192:train_csgo.py:825)
2025-12-25 13:36:59 - INFO -         [TRAINABLE] paligemma_with_expert.paligemma.model.vision_tower.vision_model.encoder.layers.23.self_attn.out_proj.weight (shape: torch.Size([1152, 1152])) - (2346192:train_csgo.py:825)
2025-12-25 13:36:59 - INFO -         [TRAINABLE] paligemma_with_expert.paligemma.model.vision_tower.vision_model.encoder.layers.23.self_attn.out_proj.bias (shape: torch.Size([1152])) - (2346192:train_csgo.py:825)
2025-12-25 13:36:59 - INFO -         [TRAINABLE] paligemma_with_expert.paligemma.model.vision_tower.vision_model.encoder.layers.23.layer_norm2.weight (shape: torch.Size([1152])) - (2346192:train_csgo.py:825)
2025-12-25 13:36:59 - INFO -         [TRAINABLE] paligemma_with_expert.paligemma.model.vision_tower.vision_model.encoder.layers.23.layer_norm2.bias (shape: torch.Size([1152])) - (2346192:train_csgo.py:825)
2025-12-25 13:36:59 - INFO -         [TRAINABLE] paligemma_with_expert.paligemma.model.vision_tower.vision_model.encoder.layers.23.mlp.fc1.weight (shape: torch.Size([4304, 1152])) - (2346192:train_csgo.py:825)
2025-12-25 13:36:59 - INFO -         [TRAINABLE] paligemma_with_expert.paligemma.model.vision_tower.vision_model.encoder.layers.23.mlp.fc1.bias (shape: torch.Size([4304])) - (2346192:train_csgo.py:825)
2025-12-25 13:36:59 - INFO -         [TRAINABLE] paligemma_with_expert.paligemma.model.vision_tower.vision_model.encoder.layers.23.mlp.fc2.weight (shape: torch.Size([1152, 4304])) - (2346192:train_csgo.py:825)
2025-12-25 13:36:59 - INFO -         [TRAINABLE] paligemma_with_expert.paligemma.model.vision_tower.vision_model.encoder.layers.23.mlp.fc2.bias (shape: torch.Size([1152])) - (2346192:train_csgo.py:825)
2025-12-25 13:36:59 - INFO -         [TRAINABLE] paligemma_with_expert.paligemma.model.vision_tower.vision_model.encoder.layers.24.layer_norm1.weight (shape: torch.Size([1152])) - (2346192:train_csgo.py:825)
2025-12-25 13:36:59 - INFO -         [TRAINABLE] paligemma_with_expert.paligemma.model.vision_tower.vision_model.encoder.layers.24.layer_norm1.bias (shape: torch.Size([1152])) - (2346192:train_csgo.py:825)
2025-12-25 13:36:59 - INFO -         [TRAINABLE] paligemma_with_expert.paligemma.model.vision_tower.vision_model.encoder.layers.24.self_attn.k_proj.weight (shape: torch.Size([1152, 1152])) - (2346192:train_csgo.py:825)
2025-12-25 13:36:59 - INFO -         [TRAINABLE] paligemma_with_expert.paligemma.model.vision_tower.vision_model.encoder.layers.24.self_attn.k_proj.bias (shape: torch.Size([1152])) - (2346192:train_csgo.py:825)
2025-12-25 13:36:59 - INFO -         [TRAINABLE] paligemma_with_expert.paligemma.model.vision_tower.vision_model.encoder.layers.24.self_attn.v_proj.weight (shape: torch.Size([1152, 1152])) - (2346192:train_csgo.py:825)
2025-12-25 13:36:59 - INFO -         [TRAINABLE] paligemma_with_expert.paligemma.model.vision_tower.vision_model.encoder.layers.24.self_attn.v_proj.bias (shape: torch.Size([1152])) - (2346192:train_csgo.py:825)
2025-12-25 13:36:59 - INFO -         [TRAINABLE] paligemma_with_expert.paligemma.model.vision_tower.vision_model.encoder.layers.24.self_attn.q_proj.weight (shape: torch.Size([1152, 1152])) - (2346192:train_csgo.py:825)
2025-12-25 13:36:59 - INFO -         [TRAINABLE] paligemma_with_expert.paligemma.model.vision_tower.vision_model.encoder.layers.24.self_attn.q_proj.bias (shape: torch.Size([1152])) - (2346192:train_csgo.py:825)
2025-12-25 13:36:59 - INFO -         [TRAINABLE] paligemma_with_expert.paligemma.model.vision_tower.vision_model.encoder.layers.24.self_attn.out_proj.weight (shape: torch.Size([1152, 1152])) - (2346192:train_csgo.py:825)
2025-12-25 13:36:59 - INFO -         [TRAINABLE] paligemma_with_expert.paligemma.model.vision_tower.vision_model.encoder.layers.24.self_attn.out_proj.bias (shape: torch.Size([1152])) - (2346192:train_csgo.py:825)
2025-12-25 13:36:59 - INFO -         [TRAINABLE] paligemma_with_expert.paligemma.model.vision_tower.vision_model.encoder.layers.24.layer_norm2.weight (shape: torch.Size([1152])) - (2346192:train_csgo.py:825)
2025-12-25 13:36:59 - INFO -         [TRAINABLE] paligemma_with_expert.paligemma.model.vision_tower.vision_model.encoder.layers.24.layer_norm2.bias (shape: torch.Size([1152])) - (2346192:train_csgo.py:825)
2025-12-25 13:36:59 - INFO -         [TRAINABLE] paligemma_with_expert.paligemma.model.vision_tower.vision_model.encoder.layers.24.mlp.fc1.weight (shape: torch.Size([4304, 1152])) - (2346192:train_csgo.py:825)
2025-12-25 13:36:59 - INFO -         [TRAINABLE] paligemma_with_expert.paligemma.model.vision_tower.vision_model.encoder.layers.24.mlp.fc1.bias (shape: torch.Size([4304])) - (2346192:train_csgo.py:825)
2025-12-25 13:36:59 - INFO -         [TRAINABLE] paligemma_with_expert.paligemma.model.vision_tower.vision_model.encoder.layers.24.mlp.fc2.weight (shape: torch.Size([1152, 4304])) - (2346192:train_csgo.py:825)
2025-12-25 13:36:59 - INFO -         [TRAINABLE] paligemma_with_expert.paligemma.model.vision_tower.vision_model.encoder.layers.24.mlp.fc2.bias (shape: torch.Size([1152])) - (2346192:train_csgo.py:825)
2025-12-25 13:36:59 - INFO -         [TRAINABLE] paligemma_with_expert.paligemma.model.vision_tower.vision_model.encoder.layers.25.layer_norm1.weight (shape: torch.Size([1152])) - (2346192:train_csgo.py:825)
2025-12-25 13:36:59 - INFO -         [TRAINABLE] paligemma_with_expert.paligemma.model.vision_tower.vision_model.encoder.layers.25.layer_norm1.bias (shape: torch.Size([1152])) - (2346192:train_csgo.py:825)
2025-12-25 13:36:59 - INFO -         [TRAINABLE] paligemma_with_expert.paligemma.model.vision_tower.vision_model.encoder.layers.25.self_attn.k_proj.weight (shape: torch.Size([1152, 1152])) - (2346192:train_csgo.py:825)
2025-12-25 13:36:59 - INFO -         [TRAINABLE] paligemma_with_expert.paligemma.model.vision_tower.vision_model.encoder.layers.25.self_attn.k_proj.bias (shape: torch.Size([1152])) - (2346192:train_csgo.py:825)
2025-12-25 13:36:59 - INFO -         [TRAINABLE] paligemma_with_expert.paligemma.model.vision_tower.vision_model.encoder.layers.25.self_attn.v_proj.weight (shape: torch.Size([1152, 1152])) - (2346192:train_csgo.py:825)
2025-12-25 13:36:59 - INFO -         [TRAINABLE] paligemma_with_expert.paligemma.model.vision_tower.vision_model.encoder.layers.25.self_attn.v_proj.bias (shape: torch.Size([1152])) - (2346192:train_csgo.py:825)
2025-12-25 13:36:59 - INFO -         [TRAINABLE] paligemma_with_expert.paligemma.model.vision_tower.vision_model.encoder.layers.25.self_attn.q_proj.weight (shape: torch.Size([1152, 1152])) - (2346192:train_csgo.py:825)
2025-12-25 13:36:59 - INFO -         [TRAINABLE] paligemma_with_expert.paligemma.model.vision_tower.vision_model.encoder.layers.25.self_attn.q_proj.bias (shape: torch.Size([1152])) - (2346192:train_csgo.py:825)
2025-12-25 13:36:59 - INFO -         [TRAINABLE] paligemma_with_expert.paligemma.model.vision_tower.vision_model.encoder.layers.25.self_attn.out_proj.weight (shape: torch.Size([1152, 1152])) - (2346192:train_csgo.py:825)
2025-12-25 13:36:59 - INFO -         [TRAINABLE] paligemma_with_expert.paligemma.model.vision_tower.vision_model.encoder.layers.25.self_attn.out_proj.bias (shape: torch.Size([1152])) - (2346192:train_csgo.py:825)
2025-12-25 13:36:59 - INFO -         [TRAINABLE] paligemma_with_expert.paligemma.model.vision_tower.vision_model.encoder.layers.25.layer_norm2.weight (shape: torch.Size([1152])) - (2346192:train_csgo.py:825)
2025-12-25 13:36:59 - INFO -         [TRAINABLE] paligemma_with_expert.paligemma.model.vision_tower.vision_model.encoder.layers.25.layer_norm2.bias (shape: torch.Size([1152])) - (2346192:train_csgo.py:825)
2025-12-25 13:36:59 - INFO -         [TRAINABLE] paligemma_with_expert.paligemma.model.vision_tower.vision_model.encoder.layers.25.mlp.fc1.weight (shape: torch.Size([4304, 1152])) - (2346192:train_csgo.py:825)
2025-12-25 13:36:59 - INFO -         [TRAINABLE] paligemma_with_expert.paligemma.model.vision_tower.vision_model.encoder.layers.25.mlp.fc1.bias (shape: torch.Size([4304])) - (2346192:train_csgo.py:825)
2025-12-25 13:36:59 - INFO -         [TRAINABLE] paligemma_with_expert.paligemma.model.vision_tower.vision_model.encoder.layers.25.mlp.fc2.weight (shape: torch.Size([1152, 4304])) - (2346192:train_csgo.py:825)
2025-12-25 13:36:59 - INFO -         [TRAINABLE] paligemma_with_expert.paligemma.model.vision_tower.vision_model.encoder.layers.25.mlp.fc2.bias (shape: torch.Size([1152])) - (2346192:train_csgo.py:825)
2025-12-25 13:36:59 - INFO -         [TRAINABLE] paligemma_with_expert.paligemma.model.vision_tower.vision_model.encoder.layers.26.layer_norm1.weight (shape: torch.Size([1152])) - (2346192:train_csgo.py:825)
2025-12-25 13:36:59 - INFO -         [TRAINABLE] paligemma_with_expert.paligemma.model.vision_tower.vision_model.encoder.layers.26.layer_norm1.bias (shape: torch.Size([1152])) - (2346192:train_csgo.py:825)
2025-12-25 13:36:59 - INFO -         [TRAINABLE] paligemma_with_expert.paligemma.model.vision_tower.vision_model.encoder.layers.26.self_attn.k_proj.weight (shape: torch.Size([1152, 1152])) - (2346192:train_csgo.py:825)
2025-12-25 13:36:59 - INFO -         [TRAINABLE] paligemma_with_expert.paligemma.model.vision_tower.vision_model.encoder.layers.26.self_attn.k_proj.bias (shape: torch.Size([1152])) - (2346192:train_csgo.py:825)
2025-12-25 13:36:59 - INFO -         [TRAINABLE] paligemma_with_expert.paligemma.model.vision_tower.vision_model.encoder.layers.26.self_attn.v_proj.weight (shape: torch.Size([1152, 1152])) - (2346192:train_csgo.py:825)
2025-12-25 13:36:59 - INFO -         [TRAINABLE] paligemma_with_expert.paligemma.model.vision_tower.vision_model.encoder.layers.26.self_attn.v_proj.bias (shape: torch.Size([1152])) - (2346192:train_csgo.py:825)
2025-12-25 13:36:59 - INFO -         [TRAINABLE] paligemma_with_expert.paligemma.model.vision_tower.vision_model.encoder.layers.26.self_attn.q_proj.weight (shape: torch.Size([1152, 1152])) - (2346192:train_csgo.py:825)
2025-12-25 13:36:59 - INFO -         [TRAINABLE] paligemma_with_expert.paligemma.model.vision_tower.vision_model.encoder.layers.26.self_attn.q_proj.bias (shape: torch.Size([1152])) - (2346192:train_csgo.py:825)
2025-12-25 13:36:59 - INFO -         [TRAINABLE] paligemma_with_expert.paligemma.model.vision_tower.vision_model.encoder.layers.26.self_attn.out_proj.weight (shape: torch.Size([1152, 1152])) - (2346192:train_csgo.py:825)
2025-12-25 13:36:59 - INFO -         [TRAINABLE] paligemma_with_expert.paligemma.model.vision_tower.vision_model.encoder.layers.26.self_attn.out_proj.bias (shape: torch.Size([1152])) - (2346192:train_csgo.py:825)
2025-12-25 13:36:59 - INFO -         [TRAINABLE] paligemma_with_expert.paligemma.model.vision_tower.vision_model.encoder.layers.26.layer_norm2.weight (shape: torch.Size([1152])) - (2346192:train_csgo.py:825)
2025-12-25 13:36:59 - INFO -         [TRAINABLE] paligemma_with_expert.paligemma.model.vision_tower.vision_model.encoder.layers.26.layer_norm2.bias (shape: torch.Size([1152])) - (2346192:train_csgo.py:825)
2025-12-25 13:36:59 - INFO -         [TRAINABLE] paligemma_with_expert.paligemma.model.vision_tower.vision_model.encoder.layers.26.mlp.fc1.weight (shape: torch.Size([4304, 1152])) - (2346192:train_csgo.py:825)
2025-12-25 13:36:59 - INFO -         [TRAINABLE] paligemma_with_expert.paligemma.model.vision_tower.vision_model.encoder.layers.26.mlp.fc1.bias (shape: torch.Size([4304])) - (2346192:train_csgo.py:825)
2025-12-25 13:36:59 - INFO -         [TRAINABLE] paligemma_with_expert.paligemma.model.vision_tower.vision_model.encoder.layers.26.mlp.fc2.weight (shape: torch.Size([1152, 4304])) - (2346192:train_csgo.py:825)
2025-12-25 13:36:59 - INFO -         [TRAINABLE] paligemma_with_expert.paligemma.model.vision_tower.vision_model.encoder.layers.26.mlp.fc2.bias (shape: torch.Size([1152])) - (2346192:train_csgo.py:825)
2025-12-25 13:36:59 - INFO -         [TRAINABLE] paligemma_with_expert.paligemma.model.vision_tower.vision_model.post_layernorm.weight (shape: torch.Size([1152])) - (2346192:train_csgo.py:825)
2025-12-25 13:36:59 - INFO -         [TRAINABLE] paligemma_with_expert.paligemma.model.vision_tower.vision_model.post_layernorm.bias (shape: torch.Size([1152])) - (2346192:train_csgo.py:825)
2025-12-25 13:36:59 - INFO -         [TRAINABLE] paligemma_with_expert.paligemma.model.multi_modal_projector.linear.weight (shape: torch.Size([2048, 1152])) - (2346192:train_csgo.py:825)
2025-12-25 13:36:59 - INFO -         [TRAINABLE] paligemma_with_expert.paligemma.model.multi_modal_projector.linear.bias (shape: torch.Size([2048])) - (2346192:train_csgo.py:825)
2025-12-25 13:36:59 - INFO -         [TRAINABLE] paligemma_with_expert.paligemma.model.language_model.embed_tokens.weight (shape: torch.Size([257152, 2048])) - (2346192:train_csgo.py:825)
2025-12-25 13:36:59 - INFO -         [TRAINABLE] paligemma_with_expert.paligemma.model.language_model.layers.0.self_attn.q_proj.weight (shape: torch.Size([2048, 2048])) - (2346192:train_csgo.py:825)
2025-12-25 13:36:59 - INFO -         [TRAINABLE] paligemma_with_expert.paligemma.model.language_model.layers.0.self_attn.k_proj.weight (shape: torch.Size([256, 2048])) - (2346192:train_csgo.py:825)
2025-12-25 13:36:59 - INFO -         [TRAINABLE] paligemma_with_expert.paligemma.model.language_model.layers.0.self_attn.v_proj.weight (shape: torch.Size([256, 2048])) - (2346192:train_csgo.py:825)
2025-12-25 13:36:59 - INFO -         [TRAINABLE] paligemma_with_expert.paligemma.model.language_model.layers.0.self_attn.o_proj.weight (shape: torch.Size([2048, 2048])) - (2346192:train_csgo.py:825)
2025-12-25 13:36:59 - INFO -         [TRAINABLE] paligemma_with_expert.paligemma.model.language_model.layers.0.mlp.gate_proj.weight (shape: torch.Size([16384, 2048])) - (2346192:train_csgo.py:825)
2025-12-25 13:36:59 - INFO -         [TRAINABLE] paligemma_with_expert.paligemma.model.language_model.layers.0.mlp.up_proj.weight (shape: torch.Size([16384, 2048])) - (2346192:train_csgo.py:825)
2025-12-25 13:36:59 - INFO -         [TRAINABLE] paligemma_with_expert.paligemma.model.language_model.layers.0.mlp.down_proj.weight (shape: torch.Size([2048, 16384])) - (2346192:train_csgo.py:825)
2025-12-25 13:36:59 - INFO -         [TRAINABLE] paligemma_with_expert.paligemma.model.language_model.layers.0.input_layernorm.weight (shape: torch.Size([2048])) - (2346192:train_csgo.py:825)
2025-12-25 13:36:59 - INFO -         [TRAINABLE] paligemma_with_expert.paligemma.model.language_model.layers.0.post_attention_layernorm.weight (shape: torch.Size([2048])) - (2346192:train_csgo.py:825)
2025-12-25 13:36:59 - INFO -         [TRAINABLE] paligemma_with_expert.paligemma.model.language_model.layers.1.self_attn.q_proj.weight (shape: torch.Size([2048, 2048])) - (2346192:train_csgo.py:825)
2025-12-25 13:36:59 - INFO -         [TRAINABLE] paligemma_with_expert.paligemma.model.language_model.layers.1.self_attn.k_proj.weight (shape: torch.Size([256, 2048])) - (2346192:train_csgo.py:825)
2025-12-25 13:36:59 - INFO -         [TRAINABLE] paligemma_with_expert.paligemma.model.language_model.layers.1.self_attn.v_proj.weight (shape: torch.Size([256, 2048])) - (2346192:train_csgo.py:825)
2025-12-25 13:36:59 - INFO -         [TRAINABLE] paligemma_with_expert.paligemma.model.language_model.layers.1.self_attn.o_proj.weight (shape: torch.Size([2048, 2048])) - (2346192:train_csgo.py:825)
2025-12-25 13:36:59 - INFO -         [TRAINABLE] paligemma_with_expert.paligemma.model.language_model.layers.1.mlp.gate_proj.weight (shape: torch.Size([16384, 2048])) - (2346192:train_csgo.py:825)
2025-12-25 13:36:59 - INFO -         [TRAINABLE] paligemma_with_expert.paligemma.model.language_model.layers.1.mlp.up_proj.weight (shape: torch.Size([16384, 2048])) - (2346192:train_csgo.py:825)
2025-12-25 13:36:59 - INFO -         [TRAINABLE] paligemma_with_expert.paligemma.model.language_model.layers.1.mlp.down_proj.weight (shape: torch.Size([2048, 16384])) - (2346192:train_csgo.py:825)
2025-12-25 13:36:59 - INFO -         [TRAINABLE] paligemma_with_expert.paligemma.model.language_model.layers.1.input_layernorm.weight (shape: torch.Size([2048])) - (2346192:train_csgo.py:825)
2025-12-25 13:36:59 - INFO -         [TRAINABLE] paligemma_with_expert.paligemma.model.language_model.layers.1.post_attention_layernorm.weight (shape: torch.Size([2048])) - (2346192:train_csgo.py:825)
2025-12-25 13:36:59 - INFO -         [TRAINABLE] paligemma_with_expert.paligemma.model.language_model.layers.2.self_attn.q_proj.weight (shape: torch.Size([2048, 2048])) - (2346192:train_csgo.py:825)
2025-12-25 13:36:59 - INFO -         [TRAINABLE] paligemma_with_expert.paligemma.model.language_model.layers.2.self_attn.k_proj.weight (shape: torch.Size([256, 2048])) - (2346192:train_csgo.py:825)
2025-12-25 13:36:59 - INFO -         [TRAINABLE] paligemma_with_expert.paligemma.model.language_model.layers.2.self_attn.v_proj.weight (shape: torch.Size([256, 2048])) - (2346192:train_csgo.py:825)
2025-12-25 13:36:59 - INFO -         [TRAINABLE] paligemma_with_expert.paligemma.model.language_model.layers.2.self_attn.o_proj.weight (shape: torch.Size([2048, 2048])) - (2346192:train_csgo.py:825)
2025-12-25 13:36:59 - INFO -         [TRAINABLE] paligemma_with_expert.paligemma.model.language_model.layers.2.mlp.gate_proj.weight (shape: torch.Size([16384, 2048])) - (2346192:train_csgo.py:825)
2025-12-25 13:36:59 - INFO -         [TRAINABLE] paligemma_with_expert.paligemma.model.language_model.layers.2.mlp.up_proj.weight (shape: torch.Size([16384, 2048])) - (2346192:train_csgo.py:825)
2025-12-25 13:36:59 - INFO -         [TRAINABLE] paligemma_with_expert.paligemma.model.language_model.layers.2.mlp.down_proj.weight (shape: torch.Size([2048, 16384])) - (2346192:train_csgo.py:825)
2025-12-25 13:36:59 - INFO -         [TRAINABLE] paligemma_with_expert.paligemma.model.language_model.layers.2.input_layernorm.weight (shape: torch.Size([2048])) - (2346192:train_csgo.py:825)
2025-12-25 13:36:59 - INFO -         [TRAINABLE] paligemma_with_expert.paligemma.model.language_model.layers.2.post_attention_layernorm.weight (shape: torch.Size([2048])) - (2346192:train_csgo.py:825)
2025-12-25 13:36:59 - INFO -         [TRAINABLE] paligemma_with_expert.paligemma.model.language_model.layers.3.self_attn.q_proj.weight (shape: torch.Size([2048, 2048])) - (2346192:train_csgo.py:825)
2025-12-25 13:36:59 - INFO -         [TRAINABLE] paligemma_with_expert.paligemma.model.language_model.layers.3.self_attn.k_proj.weight (shape: torch.Size([256, 2048])) - (2346192:train_csgo.py:825)
2025-12-25 13:36:59 - INFO -         [TRAINABLE] paligemma_with_expert.paligemma.model.language_model.layers.3.self_attn.v_proj.weight (shape: torch.Size([256, 2048])) - (2346192:train_csgo.py:825)
2025-12-25 13:36:59 - INFO -         [TRAINABLE] paligemma_with_expert.paligemma.model.language_model.layers.3.self_attn.o_proj.weight (shape: torch.Size([2048, 2048])) - (2346192:train_csgo.py:825)
2025-12-25 13:36:59 - INFO -         [TRAINABLE] paligemma_with_expert.paligemma.model.language_model.layers.3.mlp.gate_proj.weight (shape: torch.Size([16384, 2048])) - (2346192:train_csgo.py:825)
2025-12-25 13:36:59 - INFO -         [TRAINABLE] paligemma_with_expert.paligemma.model.language_model.layers.3.mlp.up_proj.weight (shape: torch.Size([16384, 2048])) - (2346192:train_csgo.py:825)
2025-12-25 13:36:59 - INFO -         [TRAINABLE] paligemma_with_expert.paligemma.model.language_model.layers.3.mlp.down_proj.weight (shape: torch.Size([2048, 16384])) - (2346192:train_csgo.py:825)
2025-12-25 13:36:59 - INFO -         [TRAINABLE] paligemma_with_expert.paligemma.model.language_model.layers.3.input_layernorm.weight (shape: torch.Size([2048])) - (2346192:train_csgo.py:825)
2025-12-25 13:36:59 - INFO -         [TRAINABLE] paligemma_with_expert.paligemma.model.language_model.layers.3.post_attention_layernorm.weight (shape: torch.Size([2048])) - (2346192:train_csgo.py:825)
2025-12-25 13:36:59 - INFO -         [TRAINABLE] paligemma_with_expert.paligemma.model.language_model.layers.4.self_attn.q_proj.weight (shape: torch.Size([2048, 2048])) - (2346192:train_csgo.py:825)
2025-12-25 13:36:59 - INFO -         [TRAINABLE] paligemma_with_expert.paligemma.model.language_model.layers.4.self_attn.k_proj.weight (shape: torch.Size([256, 2048])) - (2346192:train_csgo.py:825)
2025-12-25 13:36:59 - INFO -         [TRAINABLE] paligemma_with_expert.paligemma.model.language_model.layers.4.self_attn.v_proj.weight (shape: torch.Size([256, 2048])) - (2346192:train_csgo.py:825)
2025-12-25 13:36:59 - INFO -         [TRAINABLE] paligemma_with_expert.paligemma.model.language_model.layers.4.self_attn.o_proj.weight (shape: torch.Size([2048, 2048])) - (2346192:train_csgo.py:825)
2025-12-25 13:36:59 - INFO -         [TRAINABLE] paligemma_with_expert.paligemma.model.language_model.layers.4.mlp.gate_proj.weight (shape: torch.Size([16384, 2048])) - (2346192:train_csgo.py:825)
2025-12-25 13:36:59 - INFO -         [TRAINABLE] paligemma_with_expert.paligemma.model.language_model.layers.4.mlp.up_proj.weight (shape: torch.Size([16384, 2048])) - (2346192:train_csgo.py:825)
2025-12-25 13:36:59 - INFO -         [TRAINABLE] paligemma_with_expert.paligemma.model.language_model.layers.4.mlp.down_proj.weight (shape: torch.Size([2048, 16384])) - (2346192:train_csgo.py:825)
2025-12-25 13:36:59 - INFO -         [TRAINABLE] paligemma_with_expert.paligemma.model.language_model.layers.4.input_layernorm.weight (shape: torch.Size([2048])) - (2346192:train_csgo.py:825)
2025-12-25 13:36:59 - INFO -         [TRAINABLE] paligemma_with_expert.paligemma.model.language_model.layers.4.post_attention_layernorm.weight (shape: torch.Size([2048])) - (2346192:train_csgo.py:825)
2025-12-25 13:36:59 - INFO -         [TRAINABLE] paligemma_with_expert.paligemma.model.language_model.layers.5.self_attn.q_proj.weight (shape: torch.Size([2048, 2048])) - (2346192:train_csgo.py:825)
2025-12-25 13:36:59 - INFO -         [TRAINABLE] paligemma_with_expert.paligemma.model.language_model.layers.5.self_attn.k_proj.weight (shape: torch.Size([256, 2048])) - (2346192:train_csgo.py:825)
2025-12-25 13:36:59 - INFO -         [TRAINABLE] paligemma_with_expert.paligemma.model.language_model.layers.5.self_attn.v_proj.weight (shape: torch.Size([256, 2048])) - (2346192:train_csgo.py:825)
2025-12-25 13:36:59 - INFO -         [TRAINABLE] paligemma_with_expert.paligemma.model.language_model.layers.5.self_attn.o_proj.weight (shape: torch.Size([2048, 2048])) - (2346192:train_csgo.py:825)
2025-12-25 13:36:59 - INFO -         [TRAINABLE] paligemma_with_expert.paligemma.model.language_model.layers.5.mlp.gate_proj.weight (shape: torch.Size([16384, 2048])) - (2346192:train_csgo.py:825)
2025-12-25 13:36:59 - INFO -         [TRAINABLE] paligemma_with_expert.paligemma.model.language_model.layers.5.mlp.up_proj.weight (shape: torch.Size([16384, 2048])) - (2346192:train_csgo.py:825)
2025-12-25 13:36:59 - INFO -         [TRAINABLE] paligemma_with_expert.paligemma.model.language_model.layers.5.mlp.down_proj.weight (shape: torch.Size([2048, 16384])) - (2346192:train_csgo.py:825)
2025-12-25 13:36:59 - INFO -         [TRAINABLE] paligemma_with_expert.paligemma.model.language_model.layers.5.input_layernorm.weight (shape: torch.Size([2048])) - (2346192:train_csgo.py:825)
2025-12-25 13:36:59 - INFO -         [TRAINABLE] paligemma_with_expert.paligemma.model.language_model.layers.5.post_attention_layernorm.weight (shape: torch.Size([2048])) - (2346192:train_csgo.py:825)
2025-12-25 13:36:59 - INFO -         [TRAINABLE] paligemma_with_expert.paligemma.model.language_model.layers.6.self_attn.q_proj.weight (shape: torch.Size([2048, 2048])) - (2346192:train_csgo.py:825)
2025-12-25 13:36:59 - INFO -         [TRAINABLE] paligemma_with_expert.paligemma.model.language_model.layers.6.self_attn.k_proj.weight (shape: torch.Size([256, 2048])) - (2346192:train_csgo.py:825)
2025-12-25 13:36:59 - INFO -         [TRAINABLE] paligemma_with_expert.paligemma.model.language_model.layers.6.self_attn.v_proj.weight (shape: torch.Size([256, 2048])) - (2346192:train_csgo.py:825)
2025-12-25 13:36:59 - INFO -         [TRAINABLE] paligemma_with_expert.paligemma.model.language_model.layers.6.self_attn.o_proj.weight (shape: torch.Size([2048, 2048])) - (2346192:train_csgo.py:825)
2025-12-25 13:36:59 - INFO -         [TRAINABLE] paligemma_with_expert.paligemma.model.language_model.layers.6.mlp.gate_proj.weight (shape: torch.Size([16384, 2048])) - (2346192:train_csgo.py:825)
2025-12-25 13:36:59 - INFO -         [TRAINABLE] paligemma_with_expert.paligemma.model.language_model.layers.6.mlp.up_proj.weight (shape: torch.Size([16384, 2048])) - (2346192:train_csgo.py:825)
2025-12-25 13:36:59 - INFO -         [TRAINABLE] paligemma_with_expert.paligemma.model.language_model.layers.6.mlp.down_proj.weight (shape: torch.Size([2048, 16384])) - (2346192:train_csgo.py:825)
2025-12-25 13:36:59 - INFO -         [TRAINABLE] paligemma_with_expert.paligemma.model.language_model.layers.6.input_layernorm.weight (shape: torch.Size([2048])) - (2346192:train_csgo.py:825)
2025-12-25 13:36:59 - INFO -         [TRAINABLE] paligemma_with_expert.paligemma.model.language_model.layers.6.post_attention_layernorm.weight (shape: torch.Size([2048])) - (2346192:train_csgo.py:825)
2025-12-25 13:36:59 - INFO -         [TRAINABLE] paligemma_with_expert.paligemma.model.language_model.layers.7.self_attn.q_proj.weight (shape: torch.Size([2048, 2048])) - (2346192:train_csgo.py:825)
2025-12-25 13:36:59 - INFO -         [TRAINABLE] paligemma_with_expert.paligemma.model.language_model.layers.7.self_attn.k_proj.weight (shape: torch.Size([256, 2048])) - (2346192:train_csgo.py:825)
2025-12-25 13:36:59 - INFO -         [TRAINABLE] paligemma_with_expert.paligemma.model.language_model.layers.7.self_attn.v_proj.weight (shape: torch.Size([256, 2048])) - (2346192:train_csgo.py:825)
2025-12-25 13:36:59 - INFO -         [TRAINABLE] paligemma_with_expert.paligemma.model.language_model.layers.7.self_attn.o_proj.weight (shape: torch.Size([2048, 2048])) - (2346192:train_csgo.py:825)
2025-12-25 13:36:59 - INFO -         [TRAINABLE] paligemma_with_expert.paligemma.model.language_model.layers.7.mlp.gate_proj.weight (shape: torch.Size([16384, 2048])) - (2346192:train_csgo.py:825)
2025-12-25 13:36:59 - INFO -         [TRAINABLE] paligemma_with_expert.paligemma.model.language_model.layers.7.mlp.up_proj.weight (shape: torch.Size([16384, 2048])) - (2346192:train_csgo.py:825)
2025-12-25 13:36:59 - INFO -         [TRAINABLE] paligemma_with_expert.paligemma.model.language_model.layers.7.mlp.down_proj.weight (shape: torch.Size([2048, 16384])) - (2346192:train_csgo.py:825)
2025-12-25 13:36:59 - INFO -         [TRAINABLE] paligemma_with_expert.paligemma.model.language_model.layers.7.input_layernorm.weight (shape: torch.Size([2048])) - (2346192:train_csgo.py:825)
2025-12-25 13:36:59 - INFO -         [TRAINABLE] paligemma_with_expert.paligemma.model.language_model.layers.7.post_attention_layernorm.weight (shape: torch.Size([2048])) - (2346192:train_csgo.py:825)
2025-12-25 13:36:59 - INFO -         [TRAINABLE] paligemma_with_expert.paligemma.model.language_model.layers.8.self_attn.q_proj.weight (shape: torch.Size([2048, 2048])) - (2346192:train_csgo.py:825)
2025-12-25 13:36:59 - INFO -         [TRAINABLE] paligemma_with_expert.paligemma.model.language_model.layers.8.self_attn.k_proj.weight (shape: torch.Size([256, 2048])) - (2346192:train_csgo.py:825)
2025-12-25 13:36:59 - INFO -         [TRAINABLE] paligemma_with_expert.paligemma.model.language_model.layers.8.self_attn.v_proj.weight (shape: torch.Size([256, 2048])) - (2346192:train_csgo.py:825)
2025-12-25 13:36:59 - INFO -         [TRAINABLE] paligemma_with_expert.paligemma.model.language_model.layers.8.self_attn.o_proj.weight (shape: torch.Size([2048, 2048])) - (2346192:train_csgo.py:825)
2025-12-25 13:36:59 - INFO -         [TRAINABLE] paligemma_with_expert.paligemma.model.language_model.layers.8.mlp.gate_proj.weight (shape: torch.Size([16384, 2048])) - (2346192:train_csgo.py:825)
2025-12-25 13:36:59 - INFO -         [TRAINABLE] paligemma_with_expert.paligemma.model.language_model.layers.8.mlp.up_proj.weight (shape: torch.Size([16384, 2048])) - (2346192:train_csgo.py:825)
2025-12-25 13:36:59 - INFO -         [TRAINABLE] paligemma_with_expert.paligemma.model.language_model.layers.8.mlp.down_proj.weight (shape: torch.Size([2048, 16384])) - (2346192:train_csgo.py:825)
2025-12-25 13:36:59 - INFO -         [TRAINABLE] paligemma_with_expert.paligemma.model.language_model.layers.8.input_layernorm.weight (shape: torch.Size([2048])) - (2346192:train_csgo.py:825)
2025-12-25 13:36:59 - INFO -         [TRAINABLE] paligemma_with_expert.paligemma.model.language_model.layers.8.post_attention_layernorm.weight (shape: torch.Size([2048])) - (2346192:train_csgo.py:825)
2025-12-25 13:36:59 - INFO -         [TRAINABLE] paligemma_with_expert.paligemma.model.language_model.layers.9.self_attn.q_proj.weight (shape: torch.Size([2048, 2048])) - (2346192:train_csgo.py:825)
2025-12-25 13:36:59 - INFO -         [TRAINABLE] paligemma_with_expert.paligemma.model.language_model.layers.9.self_attn.k_proj.weight (shape: torch.Size([256, 2048])) - (2346192:train_csgo.py:825)
2025-12-25 13:36:59 - INFO -         [TRAINABLE] paligemma_with_expert.paligemma.model.language_model.layers.9.self_attn.v_proj.weight (shape: torch.Size([256, 2048])) - (2346192:train_csgo.py:825)
2025-12-25 13:36:59 - INFO -         [TRAINABLE] paligemma_with_expert.paligemma.model.language_model.layers.9.self_attn.o_proj.weight (shape: torch.Size([2048, 2048])) - (2346192:train_csgo.py:825)
2025-12-25 13:36:59 - INFO -         [TRAINABLE] paligemma_with_expert.paligemma.model.language_model.layers.9.mlp.gate_proj.weight (shape: torch.Size([16384, 2048])) - (2346192:train_csgo.py:825)
2025-12-25 13:36:59 - INFO -         [TRAINABLE] paligemma_with_expert.paligemma.model.language_model.layers.9.mlp.up_proj.weight (shape: torch.Size([16384, 2048])) - (2346192:train_csgo.py:825)
2025-12-25 13:36:59 - INFO -         [TRAINABLE] paligemma_with_expert.paligemma.model.language_model.layers.9.mlp.down_proj.weight (shape: torch.Size([2048, 16384])) - (2346192:train_csgo.py:825)
2025-12-25 13:36:59 - INFO -         [TRAINABLE] paligemma_with_expert.paligemma.model.language_model.layers.9.input_layernorm.weight (shape: torch.Size([2048])) - (2346192:train_csgo.py:825)
2025-12-25 13:36:59 - INFO -         [TRAINABLE] paligemma_with_expert.paligemma.model.language_model.layers.9.post_attention_layernorm.weight (shape: torch.Size([2048])) - (2346192:train_csgo.py:825)
2025-12-25 13:36:59 - INFO -         [TRAINABLE] paligemma_with_expert.paligemma.model.language_model.layers.10.self_attn.q_proj.weight (shape: torch.Size([2048, 2048])) - (2346192:train_csgo.py:825)
2025-12-25 13:36:59 - INFO -         [TRAINABLE] paligemma_with_expert.paligemma.model.language_model.layers.10.self_attn.k_proj.weight (shape: torch.Size([256, 2048])) - (2346192:train_csgo.py:825)
2025-12-25 13:36:59 - INFO -         [TRAINABLE] paligemma_with_expert.paligemma.model.language_model.layers.10.self_attn.v_proj.weight (shape: torch.Size([256, 2048])) - (2346192:train_csgo.py:825)
2025-12-25 13:36:59 - INFO -         [TRAINABLE] paligemma_with_expert.paligemma.model.language_model.layers.10.self_attn.o_proj.weight (shape: torch.Size([2048, 2048])) - (2346192:train_csgo.py:825)
2025-12-25 13:36:59 - INFO -         [TRAINABLE] paligemma_with_expert.paligemma.model.language_model.layers.10.mlp.gate_proj.weight (shape: torch.Size([16384, 2048])) - (2346192:train_csgo.py:825)
2025-12-25 13:36:59 - INFO -         [TRAINABLE] paligemma_with_expert.paligemma.model.language_model.layers.10.mlp.up_proj.weight (shape: torch.Size([16384, 2048])) - (2346192:train_csgo.py:825)
2025-12-25 13:36:59 - INFO -         [TRAINABLE] paligemma_with_expert.paligemma.model.language_model.layers.10.mlp.down_proj.weight (shape: torch.Size([2048, 16384])) - (2346192:train_csgo.py:825)
2025-12-25 13:36:59 - INFO -         [TRAINABLE] paligemma_with_expert.paligemma.model.language_model.layers.10.input_layernorm.weight (shape: torch.Size([2048])) - (2346192:train_csgo.py:825)
2025-12-25 13:36:59 - INFO -         [TRAINABLE] paligemma_with_expert.paligemma.model.language_model.layers.10.post_attention_layernorm.weight (shape: torch.Size([2048])) - (2346192:train_csgo.py:825)
2025-12-25 13:36:59 - INFO -         [TRAINABLE] paligemma_with_expert.paligemma.model.language_model.layers.11.self_attn.q_proj.weight (shape: torch.Size([2048, 2048])) - (2346192:train_csgo.py:825)
2025-12-25 13:36:59 - INFO -         [TRAINABLE] paligemma_with_expert.paligemma.model.language_model.layers.11.self_attn.k_proj.weight (shape: torch.Size([256, 2048])) - (2346192:train_csgo.py:825)
2025-12-25 13:36:59 - INFO -         [TRAINABLE] paligemma_with_expert.paligemma.model.language_model.layers.11.self_attn.v_proj.weight (shape: torch.Size([256, 2048])) - (2346192:train_csgo.py:825)
2025-12-25 13:36:59 - INFO -         [TRAINABLE] paligemma_with_expert.paligemma.model.language_model.layers.11.self_attn.o_proj.weight (shape: torch.Size([2048, 2048])) - (2346192:train_csgo.py:825)
2025-12-25 13:36:59 - INFO -         [TRAINABLE] paligemma_with_expert.paligemma.model.language_model.layers.11.mlp.gate_proj.weight (shape: torch.Size([16384, 2048])) - (2346192:train_csgo.py:825)
2025-12-25 13:36:59 - INFO -         [TRAINABLE] paligemma_with_expert.paligemma.model.language_model.layers.11.mlp.up_proj.weight (shape: torch.Size([16384, 2048])) - (2346192:train_csgo.py:825)
2025-12-25 13:36:59 - INFO -         [TRAINABLE] paligemma_with_expert.paligemma.model.language_model.layers.11.mlp.down_proj.weight (shape: torch.Size([2048, 16384])) - (2346192:train_csgo.py:825)
2025-12-25 13:36:59 - INFO -         [TRAINABLE] paligemma_with_expert.paligemma.model.language_model.layers.11.input_layernorm.weight (shape: torch.Size([2048])) - (2346192:train_csgo.py:825)
2025-12-25 13:36:59 - INFO -         [TRAINABLE] paligemma_with_expert.paligemma.model.language_model.layers.11.post_attention_layernorm.weight (shape: torch.Size([2048])) - (2346192:train_csgo.py:825)
2025-12-25 13:36:59 - INFO -         [TRAINABLE] paligemma_with_expert.paligemma.model.language_model.layers.12.self_attn.q_proj.weight (shape: torch.Size([2048, 2048])) - (2346192:train_csgo.py:825)
2025-12-25 13:36:59 - INFO -         [TRAINABLE] paligemma_with_expert.paligemma.model.language_model.layers.12.self_attn.k_proj.weight (shape: torch.Size([256, 2048])) - (2346192:train_csgo.py:825)
2025-12-25 13:36:59 - INFO -         [TRAINABLE] paligemma_with_expert.paligemma.model.language_model.layers.12.self_attn.v_proj.weight (shape: torch.Size([256, 2048])) - (2346192:train_csgo.py:825)
2025-12-25 13:36:59 - INFO -         [TRAINABLE] paligemma_with_expert.paligemma.model.language_model.layers.12.self_attn.o_proj.weight (shape: torch.Size([2048, 2048])) - (2346192:train_csgo.py:825)
2025-12-25 13:36:59 - INFO -         [TRAINABLE] paligemma_with_expert.paligemma.model.language_model.layers.12.mlp.gate_proj.weight (shape: torch.Size([16384, 2048])) - (2346192:train_csgo.py:825)
2025-12-25 13:36:59 - INFO -         [TRAINABLE] paligemma_with_expert.paligemma.model.language_model.layers.12.mlp.up_proj.weight (shape: torch.Size([16384, 2048])) - (2346192:train_csgo.py:825)
2025-12-25 13:36:59 - INFO -         [TRAINABLE] paligemma_with_expert.paligemma.model.language_model.layers.12.mlp.down_proj.weight (shape: torch.Size([2048, 16384])) - (2346192:train_csgo.py:825)
2025-12-25 13:36:59 - INFO -         [TRAINABLE] paligemma_with_expert.paligemma.model.language_model.layers.12.input_layernorm.weight (shape: torch.Size([2048])) - (2346192:train_csgo.py:825)
2025-12-25 13:36:59 - INFO -         [TRAINABLE] paligemma_with_expert.paligemma.model.language_model.layers.12.post_attention_layernorm.weight (shape: torch.Size([2048])) - (2346192:train_csgo.py:825)
2025-12-25 13:36:59 - INFO -         [TRAINABLE] paligemma_with_expert.paligemma.model.language_model.layers.13.self_attn.q_proj.weight (shape: torch.Size([2048, 2048])) - (2346192:train_csgo.py:825)
2025-12-25 13:36:59 - INFO -         [TRAINABLE] paligemma_with_expert.paligemma.model.language_model.layers.13.self_attn.k_proj.weight (shape: torch.Size([256, 2048])) - (2346192:train_csgo.py:825)
2025-12-25 13:36:59 - INFO -         [TRAINABLE] paligemma_with_expert.paligemma.model.language_model.layers.13.self_attn.v_proj.weight (shape: torch.Size([256, 2048])) - (2346192:train_csgo.py:825)
2025-12-25 13:36:59 - INFO -         [TRAINABLE] paligemma_with_expert.paligemma.model.language_model.layers.13.self_attn.o_proj.weight (shape: torch.Size([2048, 2048])) - (2346192:train_csgo.py:825)
2025-12-25 13:36:59 - INFO -         [TRAINABLE] paligemma_with_expert.paligemma.model.language_model.layers.13.mlp.gate_proj.weight (shape: torch.Size([16384, 2048])) - (2346192:train_csgo.py:825)
2025-12-25 13:36:59 - INFO -         [TRAINABLE] paligemma_with_expert.paligemma.model.language_model.layers.13.mlp.up_proj.weight (shape: torch.Size([16384, 2048])) - (2346192:train_csgo.py:825)
2025-12-25 13:36:59 - INFO -         [TRAINABLE] paligemma_with_expert.paligemma.model.language_model.layers.13.mlp.down_proj.weight (shape: torch.Size([2048, 16384])) - (2346192:train_csgo.py:825)
2025-12-25 13:36:59 - INFO -         [TRAINABLE] paligemma_with_expert.paligemma.model.language_model.layers.13.input_layernorm.weight (shape: torch.Size([2048])) - (2346192:train_csgo.py:825)
2025-12-25 13:36:59 - INFO -         [TRAINABLE] paligemma_with_expert.paligemma.model.language_model.layers.13.post_attention_layernorm.weight (shape: torch.Size([2048])) - (2346192:train_csgo.py:825)
2025-12-25 13:36:59 - INFO -         [TRAINABLE] paligemma_with_expert.paligemma.model.language_model.layers.14.self_attn.q_proj.weight (shape: torch.Size([2048, 2048])) - (2346192:train_csgo.py:825)
2025-12-25 13:36:59 - INFO -         [TRAINABLE] paligemma_with_expert.paligemma.model.language_model.layers.14.self_attn.k_proj.weight (shape: torch.Size([256, 2048])) - (2346192:train_csgo.py:825)
2025-12-25 13:36:59 - INFO -         [TRAINABLE] paligemma_with_expert.paligemma.model.language_model.layers.14.self_attn.v_proj.weight (shape: torch.Size([256, 2048])) - (2346192:train_csgo.py:825)
2025-12-25 13:36:59 - INFO -         [TRAINABLE] paligemma_with_expert.paligemma.model.language_model.layers.14.self_attn.o_proj.weight (shape: torch.Size([2048, 2048])) - (2346192:train_csgo.py:825)
2025-12-25 13:36:59 - INFO -         [TRAINABLE] paligemma_with_expert.paligemma.model.language_model.layers.14.mlp.gate_proj.weight (shape: torch.Size([16384, 2048])) - (2346192:train_csgo.py:825)
2025-12-25 13:36:59 - INFO -         [TRAINABLE] paligemma_with_expert.paligemma.model.language_model.layers.14.mlp.up_proj.weight (shape: torch.Size([16384, 2048])) - (2346192:train_csgo.py:825)
2025-12-25 13:36:59 - INFO -         [TRAINABLE] paligemma_with_expert.paligemma.model.language_model.layers.14.mlp.down_proj.weight (shape: torch.Size([2048, 16384])) - (2346192:train_csgo.py:825)
2025-12-25 13:36:59 - INFO -         [TRAINABLE] paligemma_with_expert.paligemma.model.language_model.layers.14.input_layernorm.weight (shape: torch.Size([2048])) - (2346192:train_csgo.py:825)
2025-12-25 13:36:59 - INFO -         [TRAINABLE] paligemma_with_expert.paligemma.model.language_model.layers.14.post_attention_layernorm.weight (shape: torch.Size([2048])) - (2346192:train_csgo.py:825)
2025-12-25 13:36:59 - INFO -         [TRAINABLE] paligemma_with_expert.paligemma.model.language_model.layers.15.self_attn.q_proj.weight (shape: torch.Size([2048, 2048])) - (2346192:train_csgo.py:825)
2025-12-25 13:36:59 - INFO -         [TRAINABLE] paligemma_with_expert.paligemma.model.language_model.layers.15.self_attn.k_proj.weight (shape: torch.Size([256, 2048])) - (2346192:train_csgo.py:825)
2025-12-25 13:36:59 - INFO -         [TRAINABLE] paligemma_with_expert.paligemma.model.language_model.layers.15.self_attn.v_proj.weight (shape: torch.Size([256, 2048])) - (2346192:train_csgo.py:825)
2025-12-25 13:36:59 - INFO -         [TRAINABLE] paligemma_with_expert.paligemma.model.language_model.layers.15.self_attn.o_proj.weight (shape: torch.Size([2048, 2048])) - (2346192:train_csgo.py:825)
2025-12-25 13:36:59 - INFO -         [TRAINABLE] paligemma_with_expert.paligemma.model.language_model.layers.15.mlp.gate_proj.weight (shape: torch.Size([16384, 2048])) - (2346192:train_csgo.py:825)
2025-12-25 13:36:59 - INFO -         [TRAINABLE] paligemma_with_expert.paligemma.model.language_model.layers.15.mlp.up_proj.weight (shape: torch.Size([16384, 2048])) - (2346192:train_csgo.py:825)
2025-12-25 13:36:59 - INFO -         [TRAINABLE] paligemma_with_expert.paligemma.model.language_model.layers.15.mlp.down_proj.weight (shape: torch.Size([2048, 16384])) - (2346192:train_csgo.py:825)
2025-12-25 13:36:59 - INFO -         [TRAINABLE] paligemma_with_expert.paligemma.model.language_model.layers.15.input_layernorm.weight (shape: torch.Size([2048])) - (2346192:train_csgo.py:825)
2025-12-25 13:36:59 - INFO -         [TRAINABLE] paligemma_with_expert.paligemma.model.language_model.layers.15.post_attention_layernorm.weight (shape: torch.Size([2048])) - (2346192:train_csgo.py:825)
2025-12-25 13:36:59 - INFO -         [TRAINABLE] paligemma_with_expert.paligemma.model.language_model.layers.16.self_attn.q_proj.weight (shape: torch.Size([2048, 2048])) - (2346192:train_csgo.py:825)
2025-12-25 13:36:59 - INFO -         [TRAINABLE] paligemma_with_expert.paligemma.model.language_model.layers.16.self_attn.k_proj.weight (shape: torch.Size([256, 2048])) - (2346192:train_csgo.py:825)
2025-12-25 13:36:59 - INFO -         [TRAINABLE] paligemma_with_expert.paligemma.model.language_model.layers.16.self_attn.v_proj.weight (shape: torch.Size([256, 2048])) - (2346192:train_csgo.py:825)
2025-12-25 13:36:59 - INFO -         [TRAINABLE] paligemma_with_expert.paligemma.model.language_model.layers.16.self_attn.o_proj.weight (shape: torch.Size([2048, 2048])) - (2346192:train_csgo.py:825)
2025-12-25 13:36:59 - INFO -         [TRAINABLE] paligemma_with_expert.paligemma.model.language_model.layers.16.mlp.gate_proj.weight (shape: torch.Size([16384, 2048])) - (2346192:train_csgo.py:825)
2025-12-25 13:36:59 - INFO -         [TRAINABLE] paligemma_with_expert.paligemma.model.language_model.layers.16.mlp.up_proj.weight (shape: torch.Size([16384, 2048])) - (2346192:train_csgo.py:825)
2025-12-25 13:36:59 - INFO -         [TRAINABLE] paligemma_with_expert.paligemma.model.language_model.layers.16.mlp.down_proj.weight (shape: torch.Size([2048, 16384])) - (2346192:train_csgo.py:825)
2025-12-25 13:36:59 - INFO -         [TRAINABLE] paligemma_with_expert.paligemma.model.language_model.layers.16.input_layernorm.weight (shape: torch.Size([2048])) - (2346192:train_csgo.py:825)
2025-12-25 13:36:59 - INFO -         [TRAINABLE] paligemma_with_expert.paligemma.model.language_model.layers.16.post_attention_layernorm.weight (shape: torch.Size([2048])) - (2346192:train_csgo.py:825)
2025-12-25 13:36:59 - INFO -         [TRAINABLE] paligemma_with_expert.paligemma.model.language_model.layers.17.self_attn.q_proj.weight (shape: torch.Size([2048, 2048])) - (2346192:train_csgo.py:825)
2025-12-25 13:36:59 - INFO -         [TRAINABLE] paligemma_with_expert.paligemma.model.language_model.layers.17.self_attn.k_proj.weight (shape: torch.Size([256, 2048])) - (2346192:train_csgo.py:825)
2025-12-25 13:36:59 - INFO -         [TRAINABLE] paligemma_with_expert.paligemma.model.language_model.layers.17.self_attn.v_proj.weight (shape: torch.Size([256, 2048])) - (2346192:train_csgo.py:825)
2025-12-25 13:36:59 - INFO -         [TRAINABLE] paligemma_with_expert.paligemma.model.language_model.layers.17.self_attn.o_proj.weight (shape: torch.Size([2048, 2048])) - (2346192:train_csgo.py:825)
2025-12-25 13:36:59 - INFO -         [TRAINABLE] paligemma_with_expert.paligemma.model.language_model.layers.17.mlp.gate_proj.weight (shape: torch.Size([16384, 2048])) - (2346192:train_csgo.py:825)
2025-12-25 13:36:59 - INFO -         [TRAINABLE] paligemma_with_expert.paligemma.model.language_model.layers.17.mlp.up_proj.weight (shape: torch.Size([16384, 2048])) - (2346192:train_csgo.py:825)
2025-12-25 13:36:59 - INFO -         [TRAINABLE] paligemma_with_expert.paligemma.model.language_model.layers.17.mlp.down_proj.weight (shape: torch.Size([2048, 16384])) - (2346192:train_csgo.py:825)
2025-12-25 13:36:59 - INFO -         [TRAINABLE] paligemma_with_expert.paligemma.model.language_model.layers.17.input_layernorm.weight (shape: torch.Size([2048])) - (2346192:train_csgo.py:825)
2025-12-25 13:36:59 - INFO -         [TRAINABLE] paligemma_with_expert.paligemma.model.language_model.layers.17.post_attention_layernorm.weight (shape: torch.Size([2048])) - (2346192:train_csgo.py:825)
2025-12-25 13:36:59 - INFO -         [TRAINABLE] paligemma_with_expert.paligemma.model.language_model.norm.weight (shape: torch.Size([2048])) - (2346192:train_csgo.py:825)
2025-12-25 13:36:59 - INFO -         [TRAINABLE] paligemma_with_expert.gemma_expert.model.layers.0.self_attn.q_proj.weight (shape: torch.Size([2048, 1024])) - (2346192:train_csgo.py:825)
2025-12-25 13:36:59 - INFO -         [TRAINABLE] paligemma_with_expert.gemma_expert.model.layers.0.self_attn.k_proj.weight (shape: torch.Size([256, 1024])) - (2346192:train_csgo.py:825)
2025-12-25 13:36:59 - INFO -         [TRAINABLE] paligemma_with_expert.gemma_expert.model.layers.0.self_attn.v_proj.weight (shape: torch.Size([256, 1024])) - (2346192:train_csgo.py:825)
2025-12-25 13:36:59 - INFO -         [TRAINABLE] paligemma_with_expert.gemma_expert.model.layers.0.self_attn.o_proj.weight (shape: torch.Size([1024, 2048])) - (2346192:train_csgo.py:825)
2025-12-25 13:36:59 - INFO -         [TRAINABLE] paligemma_with_expert.gemma_expert.model.layers.0.mlp.gate_proj.weight (shape: torch.Size([4096, 1024])) - (2346192:train_csgo.py:825)
2025-12-25 13:36:59 - INFO -         [TRAINABLE] paligemma_with_expert.gemma_expert.model.layers.0.mlp.up_proj.weight (shape: torch.Size([4096, 1024])) - (2346192:train_csgo.py:825)
2025-12-25 13:36:59 - INFO -         [TRAINABLE] paligemma_with_expert.gemma_expert.model.layers.0.mlp.down_proj.weight (shape: torch.Size([1024, 4096])) - (2346192:train_csgo.py:825)
2025-12-25 13:36:59 - INFO -         [TRAINABLE] paligemma_with_expert.gemma_expert.model.layers.0.input_layernorm.dense.weight (shape: torch.Size([3072, 1024])) - (2346192:train_csgo.py:825)
2025-12-25 13:36:59 - INFO -         [TRAINABLE] paligemma_with_expert.gemma_expert.model.layers.0.input_layernorm.dense.bias (shape: torch.Size([3072])) - (2346192:train_csgo.py:825)
2025-12-25 13:36:59 - INFO -         [TRAINABLE] paligemma_with_expert.gemma_expert.model.layers.0.post_attention_layernorm.dense.weight (shape: torch.Size([3072, 1024])) - (2346192:train_csgo.py:825)
2025-12-25 13:36:59 - INFO -         [TRAINABLE] paligemma_with_expert.gemma_expert.model.layers.0.post_attention_layernorm.dense.bias (shape: torch.Size([3072])) - (2346192:train_csgo.py:825)
2025-12-25 13:36:59 - INFO -         [TRAINABLE] paligemma_with_expert.gemma_expert.model.layers.1.self_attn.q_proj.weight (shape: torch.Size([2048, 1024])) - (2346192:train_csgo.py:825)
2025-12-25 13:36:59 - INFO -         [TRAINABLE] paligemma_with_expert.gemma_expert.model.layers.1.self_attn.k_proj.weight (shape: torch.Size([256, 1024])) - (2346192:train_csgo.py:825)
2025-12-25 13:36:59 - INFO -         [TRAINABLE] paligemma_with_expert.gemma_expert.model.layers.1.self_attn.v_proj.weight (shape: torch.Size([256, 1024])) - (2346192:train_csgo.py:825)
2025-12-25 13:36:59 - INFO -         [TRAINABLE] paligemma_with_expert.gemma_expert.model.layers.1.self_attn.o_proj.weight (shape: torch.Size([1024, 2048])) - (2346192:train_csgo.py:825)
2025-12-25 13:36:59 - INFO -         [TRAINABLE] paligemma_with_expert.gemma_expert.model.layers.1.mlp.gate_proj.weight (shape: torch.Size([4096, 1024])) - (2346192:train_csgo.py:825)
2025-12-25 13:36:59 - INFO -         [TRAINABLE] paligemma_with_expert.gemma_expert.model.layers.1.mlp.up_proj.weight (shape: torch.Size([4096, 1024])) - (2346192:train_csgo.py:825)
2025-12-25 13:36:59 - INFO -         [TRAINABLE] paligemma_with_expert.gemma_expert.model.layers.1.mlp.down_proj.weight (shape: torch.Size([1024, 4096])) - (2346192:train_csgo.py:825)
2025-12-25 13:36:59 - INFO -         [TRAINABLE] paligemma_with_expert.gemma_expert.model.layers.1.input_layernorm.dense.weight (shape: torch.Size([3072, 1024])) - (2346192:train_csgo.py:825)
2025-12-25 13:36:59 - INFO -         [TRAINABLE] paligemma_with_expert.gemma_expert.model.layers.1.input_layernorm.dense.bias (shape: torch.Size([3072])) - (2346192:train_csgo.py:825)
2025-12-25 13:36:59 - INFO -         [TRAINABLE] paligemma_with_expert.gemma_expert.model.layers.1.post_attention_layernorm.dense.weight (shape: torch.Size([3072, 1024])) - (2346192:train_csgo.py:825)
2025-12-25 13:36:59 - INFO -         [TRAINABLE] paligemma_with_expert.gemma_expert.model.layers.1.post_attention_layernorm.dense.bias (shape: torch.Size([3072])) - (2346192:train_csgo.py:825)
2025-12-25 13:36:59 - INFO -         [TRAINABLE] paligemma_with_expert.gemma_expert.model.layers.2.self_attn.q_proj.weight (shape: torch.Size([2048, 1024])) - (2346192:train_csgo.py:825)
2025-12-25 13:36:59 - INFO -         [TRAINABLE] paligemma_with_expert.gemma_expert.model.layers.2.self_attn.k_proj.weight (shape: torch.Size([256, 1024])) - (2346192:train_csgo.py:825)
2025-12-25 13:36:59 - INFO -         [TRAINABLE] paligemma_with_expert.gemma_expert.model.layers.2.self_attn.v_proj.weight (shape: torch.Size([256, 1024])) - (2346192:train_csgo.py:825)
2025-12-25 13:36:59 - INFO -         [TRAINABLE] paligemma_with_expert.gemma_expert.model.layers.2.self_attn.o_proj.weight (shape: torch.Size([1024, 2048])) - (2346192:train_csgo.py:825)
2025-12-25 13:36:59 - INFO -         [TRAINABLE] paligemma_with_expert.gemma_expert.model.layers.2.mlp.gate_proj.weight (shape: torch.Size([4096, 1024])) - (2346192:train_csgo.py:825)
2025-12-25 13:36:59 - INFO -         [TRAINABLE] paligemma_with_expert.gemma_expert.model.layers.2.mlp.up_proj.weight (shape: torch.Size([4096, 1024])) - (2346192:train_csgo.py:825)
2025-12-25 13:36:59 - INFO -         [TRAINABLE] paligemma_with_expert.gemma_expert.model.layers.2.mlp.down_proj.weight (shape: torch.Size([1024, 4096])) - (2346192:train_csgo.py:825)
2025-12-25 13:36:59 - INFO -         [TRAINABLE] paligemma_with_expert.gemma_expert.model.layers.2.input_layernorm.dense.weight (shape: torch.Size([3072, 1024])) - (2346192:train_csgo.py:825)
2025-12-25 13:36:59 - INFO -         [TRAINABLE] paligemma_with_expert.gemma_expert.model.layers.2.input_layernorm.dense.bias (shape: torch.Size([3072])) - (2346192:train_csgo.py:825)
2025-12-25 13:36:59 - INFO -         [TRAINABLE] paligemma_with_expert.gemma_expert.model.layers.2.post_attention_layernorm.dense.weight (shape: torch.Size([3072, 1024])) - (2346192:train_csgo.py:825)
2025-12-25 13:36:59 - INFO -         [TRAINABLE] paligemma_with_expert.gemma_expert.model.layers.2.post_attention_layernorm.dense.bias (shape: torch.Size([3072])) - (2346192:train_csgo.py:825)
2025-12-25 13:36:59 - INFO -         [TRAINABLE] paligemma_with_expert.gemma_expert.model.layers.3.self_attn.q_proj.weight (shape: torch.Size([2048, 1024])) - (2346192:train_csgo.py:825)
2025-12-25 13:36:59 - INFO -         [TRAINABLE] paligemma_with_expert.gemma_expert.model.layers.3.self_attn.k_proj.weight (shape: torch.Size([256, 1024])) - (2346192:train_csgo.py:825)
2025-12-25 13:36:59 - INFO -         [TRAINABLE] paligemma_with_expert.gemma_expert.model.layers.3.self_attn.v_proj.weight (shape: torch.Size([256, 1024])) - (2346192:train_csgo.py:825)
2025-12-25 13:36:59 - INFO -         [TRAINABLE] paligemma_with_expert.gemma_expert.model.layers.3.self_attn.o_proj.weight (shape: torch.Size([1024, 2048])) - (2346192:train_csgo.py:825)
2025-12-25 13:36:59 - INFO -         [TRAINABLE] paligemma_with_expert.gemma_expert.model.layers.3.mlp.gate_proj.weight (shape: torch.Size([4096, 1024])) - (2346192:train_csgo.py:825)
2025-12-25 13:36:59 - INFO -         [TRAINABLE] paligemma_with_expert.gemma_expert.model.layers.3.mlp.up_proj.weight (shape: torch.Size([4096, 1024])) - (2346192:train_csgo.py:825)
2025-12-25 13:36:59 - INFO -         [TRAINABLE] paligemma_with_expert.gemma_expert.model.layers.3.mlp.down_proj.weight (shape: torch.Size([1024, 4096])) - (2346192:train_csgo.py:825)
2025-12-25 13:36:59 - INFO -         [TRAINABLE] paligemma_with_expert.gemma_expert.model.layers.3.input_layernorm.dense.weight (shape: torch.Size([3072, 1024])) - (2346192:train_csgo.py:825)
2025-12-25 13:36:59 - INFO -         [TRAINABLE] paligemma_with_expert.gemma_expert.model.layers.3.input_layernorm.dense.bias (shape: torch.Size([3072])) - (2346192:train_csgo.py:825)
2025-12-25 13:36:59 - INFO -         [TRAINABLE] paligemma_with_expert.gemma_expert.model.layers.3.post_attention_layernorm.dense.weight (shape: torch.Size([3072, 1024])) - (2346192:train_csgo.py:825)
2025-12-25 13:36:59 - INFO -         [TRAINABLE] paligemma_with_expert.gemma_expert.model.layers.3.post_attention_layernorm.dense.bias (shape: torch.Size([3072])) - (2346192:train_csgo.py:825)
2025-12-25 13:36:59 - INFO -         [TRAINABLE] paligemma_with_expert.gemma_expert.model.layers.4.self_attn.q_proj.weight (shape: torch.Size([2048, 1024])) - (2346192:train_csgo.py:825)
2025-12-25 13:36:59 - INFO -         [TRAINABLE] paligemma_with_expert.gemma_expert.model.layers.4.self_attn.k_proj.weight (shape: torch.Size([256, 1024])) - (2346192:train_csgo.py:825)
2025-12-25 13:36:59 - INFO -         [TRAINABLE] paligemma_with_expert.gemma_expert.model.layers.4.self_attn.v_proj.weight (shape: torch.Size([256, 1024])) - (2346192:train_csgo.py:825)
2025-12-25 13:36:59 - INFO -         [TRAINABLE] paligemma_with_expert.gemma_expert.model.layers.4.self_attn.o_proj.weight (shape: torch.Size([1024, 2048])) - (2346192:train_csgo.py:825)
2025-12-25 13:36:59 - INFO -         [TRAINABLE] paligemma_with_expert.gemma_expert.model.layers.4.mlp.gate_proj.weight (shape: torch.Size([4096, 1024])) - (2346192:train_csgo.py:825)
2025-12-25 13:36:59 - INFO -         [TRAINABLE] paligemma_with_expert.gemma_expert.model.layers.4.mlp.up_proj.weight (shape: torch.Size([4096, 1024])) - (2346192:train_csgo.py:825)
2025-12-25 13:36:59 - INFO -         [TRAINABLE] paligemma_with_expert.gemma_expert.model.layers.4.mlp.down_proj.weight (shape: torch.Size([1024, 4096])) - (2346192:train_csgo.py:825)
2025-12-25 13:36:59 - INFO -         [TRAINABLE] paligemma_with_expert.gemma_expert.model.layers.4.input_layernorm.dense.weight (shape: torch.Size([3072, 1024])) - (2346192:train_csgo.py:825)
2025-12-25 13:36:59 - INFO -         [TRAINABLE] paligemma_with_expert.gemma_expert.model.layers.4.input_layernorm.dense.bias (shape: torch.Size([3072])) - (2346192:train_csgo.py:825)
2025-12-25 13:36:59 - INFO -         [TRAINABLE] paligemma_with_expert.gemma_expert.model.layers.4.post_attention_layernorm.dense.weight (shape: torch.Size([3072, 1024])) - (2346192:train_csgo.py:825)
2025-12-25 13:36:59 - INFO -         [TRAINABLE] paligemma_with_expert.gemma_expert.model.layers.4.post_attention_layernorm.dense.bias (shape: torch.Size([3072])) - (2346192:train_csgo.py:825)
2025-12-25 13:36:59 - INFO -         [TRAINABLE] paligemma_with_expert.gemma_expert.model.layers.5.self_attn.q_proj.weight (shape: torch.Size([2048, 1024])) - (2346192:train_csgo.py:825)
2025-12-25 13:36:59 - INFO -         [TRAINABLE] paligemma_with_expert.gemma_expert.model.layers.5.self_attn.k_proj.weight (shape: torch.Size([256, 1024])) - (2346192:train_csgo.py:825)
2025-12-25 13:36:59 - INFO -         [TRAINABLE] paligemma_with_expert.gemma_expert.model.layers.5.self_attn.v_proj.weight (shape: torch.Size([256, 1024])) - (2346192:train_csgo.py:825)
2025-12-25 13:36:59 - INFO -         [TRAINABLE] paligemma_with_expert.gemma_expert.model.layers.5.self_attn.o_proj.weight (shape: torch.Size([1024, 2048])) - (2346192:train_csgo.py:825)
2025-12-25 13:36:59 - INFO -         [TRAINABLE] paligemma_with_expert.gemma_expert.model.layers.5.mlp.gate_proj.weight (shape: torch.Size([4096, 1024])) - (2346192:train_csgo.py:825)
2025-12-25 13:36:59 - INFO -         [TRAINABLE] paligemma_with_expert.gemma_expert.model.layers.5.mlp.up_proj.weight (shape: torch.Size([4096, 1024])) - (2346192:train_csgo.py:825)
2025-12-25 13:36:59 - INFO -         [TRAINABLE] paligemma_with_expert.gemma_expert.model.layers.5.mlp.down_proj.weight (shape: torch.Size([1024, 4096])) - (2346192:train_csgo.py:825)
2025-12-25 13:36:59 - INFO -         [TRAINABLE] paligemma_with_expert.gemma_expert.model.layers.5.input_layernorm.dense.weight (shape: torch.Size([3072, 1024])) - (2346192:train_csgo.py:825)
2025-12-25 13:36:59 - INFO -         [TRAINABLE] paligemma_with_expert.gemma_expert.model.layers.5.input_layernorm.dense.bias (shape: torch.Size([3072])) - (2346192:train_csgo.py:825)
2025-12-25 13:36:59 - INFO -         [TRAINABLE] paligemma_with_expert.gemma_expert.model.layers.5.post_attention_layernorm.dense.weight (shape: torch.Size([3072, 1024])) - (2346192:train_csgo.py:825)
2025-12-25 13:36:59 - INFO -         [TRAINABLE] paligemma_with_expert.gemma_expert.model.layers.5.post_attention_layernorm.dense.bias (shape: torch.Size([3072])) - (2346192:train_csgo.py:825)
2025-12-25 13:36:59 - INFO -         [TRAINABLE] paligemma_with_expert.gemma_expert.model.layers.6.self_attn.q_proj.weight (shape: torch.Size([2048, 1024])) - (2346192:train_csgo.py:825)
2025-12-25 13:36:59 - INFO -         [TRAINABLE] paligemma_with_expert.gemma_expert.model.layers.6.self_attn.k_proj.weight (shape: torch.Size([256, 1024])) - (2346192:train_csgo.py:825)
2025-12-25 13:36:59 - INFO -         [TRAINABLE] paligemma_with_expert.gemma_expert.model.layers.6.self_attn.v_proj.weight (shape: torch.Size([256, 1024])) - (2346192:train_csgo.py:825)
2025-12-25 13:36:59 - INFO -         [TRAINABLE] paligemma_with_expert.gemma_expert.model.layers.6.self_attn.o_proj.weight (shape: torch.Size([1024, 2048])) - (2346192:train_csgo.py:825)
2025-12-25 13:36:59 - INFO -         [TRAINABLE] paligemma_with_expert.gemma_expert.model.layers.6.mlp.gate_proj.weight (shape: torch.Size([4096, 1024])) - (2346192:train_csgo.py:825)
2025-12-25 13:36:59 - INFO -         [TRAINABLE] paligemma_with_expert.gemma_expert.model.layers.6.mlp.up_proj.weight (shape: torch.Size([4096, 1024])) - (2346192:train_csgo.py:825)
2025-12-25 13:36:59 - INFO -         [TRAINABLE] paligemma_with_expert.gemma_expert.model.layers.6.mlp.down_proj.weight (shape: torch.Size([1024, 4096])) - (2346192:train_csgo.py:825)
2025-12-25 13:36:59 - INFO -         [TRAINABLE] paligemma_with_expert.gemma_expert.model.layers.6.input_layernorm.dense.weight (shape: torch.Size([3072, 1024])) - (2346192:train_csgo.py:825)
2025-12-25 13:36:59 - INFO -         [TRAINABLE] paligemma_with_expert.gemma_expert.model.layers.6.input_layernorm.dense.bias (shape: torch.Size([3072])) - (2346192:train_csgo.py:825)
2025-12-25 13:36:59 - INFO -         [TRAINABLE] paligemma_with_expert.gemma_expert.model.layers.6.post_attention_layernorm.dense.weight (shape: torch.Size([3072, 1024])) - (2346192:train_csgo.py:825)
2025-12-25 13:36:59 - INFO -         [TRAINABLE] paligemma_with_expert.gemma_expert.model.layers.6.post_attention_layernorm.dense.bias (shape: torch.Size([3072])) - (2346192:train_csgo.py:825)
2025-12-25 13:36:59 - INFO -         [TRAINABLE] paligemma_with_expert.gemma_expert.model.layers.7.self_attn.q_proj.weight (shape: torch.Size([2048, 1024])) - (2346192:train_csgo.py:825)
2025-12-25 13:36:59 - INFO -         [TRAINABLE] paligemma_with_expert.gemma_expert.model.layers.7.self_attn.k_proj.weight (shape: torch.Size([256, 1024])) - (2346192:train_csgo.py:825)
2025-12-25 13:36:59 - INFO -         [TRAINABLE] paligemma_with_expert.gemma_expert.model.layers.7.self_attn.v_proj.weight (shape: torch.Size([256, 1024])) - (2346192:train_csgo.py:825)
2025-12-25 13:36:59 - INFO -         [TRAINABLE] paligemma_with_expert.gemma_expert.model.layers.7.self_attn.o_proj.weight (shape: torch.Size([1024, 2048])) - (2346192:train_csgo.py:825)
2025-12-25 13:36:59 - INFO -         [TRAINABLE] paligemma_with_expert.gemma_expert.model.layers.7.mlp.gate_proj.weight (shape: torch.Size([4096, 1024])) - (2346192:train_csgo.py:825)
2025-12-25 13:36:59 - INFO -         [TRAINABLE] paligemma_with_expert.gemma_expert.model.layers.7.mlp.up_proj.weight (shape: torch.Size([4096, 1024])) - (2346192:train_csgo.py:825)
2025-12-25 13:36:59 - INFO -         [TRAINABLE] paligemma_with_expert.gemma_expert.model.layers.7.mlp.down_proj.weight (shape: torch.Size([1024, 4096])) - (2346192:train_csgo.py:825)
2025-12-25 13:36:59 - INFO -         [TRAINABLE] paligemma_with_expert.gemma_expert.model.layers.7.input_layernorm.dense.weight (shape: torch.Size([3072, 1024])) - (2346192:train_csgo.py:825)
2025-12-25 13:36:59 - INFO -         [TRAINABLE] paligemma_with_expert.gemma_expert.model.layers.7.input_layernorm.dense.bias (shape: torch.Size([3072])) - (2346192:train_csgo.py:825)
2025-12-25 13:36:59 - INFO -         [TRAINABLE] paligemma_with_expert.gemma_expert.model.layers.7.post_attention_layernorm.dense.weight (shape: torch.Size([3072, 1024])) - (2346192:train_csgo.py:825)
2025-12-25 13:36:59 - INFO -         [TRAINABLE] paligemma_with_expert.gemma_expert.model.layers.7.post_attention_layernorm.dense.bias (shape: torch.Size([3072])) - (2346192:train_csgo.py:825)
2025-12-25 13:36:59 - INFO -         [TRAINABLE] paligemma_with_expert.gemma_expert.model.layers.8.self_attn.q_proj.weight (shape: torch.Size([2048, 1024])) - (2346192:train_csgo.py:825)
2025-12-25 13:36:59 - INFO -         [TRAINABLE] paligemma_with_expert.gemma_expert.model.layers.8.self_attn.k_proj.weight (shape: torch.Size([256, 1024])) - (2346192:train_csgo.py:825)
2025-12-25 13:36:59 - INFO -         [TRAINABLE] paligemma_with_expert.gemma_expert.model.layers.8.self_attn.v_proj.weight (shape: torch.Size([256, 1024])) - (2346192:train_csgo.py:825)
2025-12-25 13:36:59 - INFO -         [TRAINABLE] paligemma_with_expert.gemma_expert.model.layers.8.self_attn.o_proj.weight (shape: torch.Size([1024, 2048])) - (2346192:train_csgo.py:825)
2025-12-25 13:36:59 - INFO -         [TRAINABLE] paligemma_with_expert.gemma_expert.model.layers.8.mlp.gate_proj.weight (shape: torch.Size([4096, 1024])) - (2346192:train_csgo.py:825)
2025-12-25 13:36:59 - INFO -         [TRAINABLE] paligemma_with_expert.gemma_expert.model.layers.8.mlp.up_proj.weight (shape: torch.Size([4096, 1024])) - (2346192:train_csgo.py:825)
2025-12-25 13:36:59 - INFO -         [TRAINABLE] paligemma_with_expert.gemma_expert.model.layers.8.mlp.down_proj.weight (shape: torch.Size([1024, 4096])) - (2346192:train_csgo.py:825)
2025-12-25 13:36:59 - INFO -         [TRAINABLE] paligemma_with_expert.gemma_expert.model.layers.8.input_layernorm.dense.weight (shape: torch.Size([3072, 1024])) - (2346192:train_csgo.py:825)
2025-12-25 13:36:59 - INFO -         [TRAINABLE] paligemma_with_expert.gemma_expert.model.layers.8.input_layernorm.dense.bias (shape: torch.Size([3072])) - (2346192:train_csgo.py:825)
2025-12-25 13:36:59 - INFO -         [TRAINABLE] paligemma_with_expert.gemma_expert.model.layers.8.post_attention_layernorm.dense.weight (shape: torch.Size([3072, 1024])) - (2346192:train_csgo.py:825)
2025-12-25 13:36:59 - INFO -         [TRAINABLE] paligemma_with_expert.gemma_expert.model.layers.8.post_attention_layernorm.dense.bias (shape: torch.Size([3072])) - (2346192:train_csgo.py:825)
2025-12-25 13:36:59 - INFO -         [TRAINABLE] paligemma_with_expert.gemma_expert.model.layers.9.self_attn.q_proj.weight (shape: torch.Size([2048, 1024])) - (2346192:train_csgo.py:825)
2025-12-25 13:36:59 - INFO -         [TRAINABLE] paligemma_with_expert.gemma_expert.model.layers.9.self_attn.k_proj.weight (shape: torch.Size([256, 1024])) - (2346192:train_csgo.py:825)
2025-12-25 13:36:59 - INFO -         [TRAINABLE] paligemma_with_expert.gemma_expert.model.layers.9.self_attn.v_proj.weight (shape: torch.Size([256, 1024])) - (2346192:train_csgo.py:825)
2025-12-25 13:36:59 - INFO -         [TRAINABLE] paligemma_with_expert.gemma_expert.model.layers.9.self_attn.o_proj.weight (shape: torch.Size([1024, 2048])) - (2346192:train_csgo.py:825)
2025-12-25 13:36:59 - INFO -         [TRAINABLE] paligemma_with_expert.gemma_expert.model.layers.9.mlp.gate_proj.weight (shape: torch.Size([4096, 1024])) - (2346192:train_csgo.py:825)
2025-12-25 13:36:59 - INFO -         [TRAINABLE] paligemma_with_expert.gemma_expert.model.layers.9.mlp.up_proj.weight (shape: torch.Size([4096, 1024])) - (2346192:train_csgo.py:825)
2025-12-25 13:36:59 - INFO -         [TRAINABLE] paligemma_with_expert.gemma_expert.model.layers.9.mlp.down_proj.weight (shape: torch.Size([1024, 4096])) - (2346192:train_csgo.py:825)
2025-12-25 13:36:59 - INFO -         [TRAINABLE] paligemma_with_expert.gemma_expert.model.layers.9.input_layernorm.dense.weight (shape: torch.Size([3072, 1024])) - (2346192:train_csgo.py:825)
2025-12-25 13:36:59 - INFO -         [TRAINABLE] paligemma_with_expert.gemma_expert.model.layers.9.input_layernorm.dense.bias (shape: torch.Size([3072])) - (2346192:train_csgo.py:825)
2025-12-25 13:36:59 - INFO -         [TRAINABLE] paligemma_with_expert.gemma_expert.model.layers.9.post_attention_layernorm.dense.weight (shape: torch.Size([3072, 1024])) - (2346192:train_csgo.py:825)
2025-12-25 13:36:59 - INFO -         [TRAINABLE] paligemma_with_expert.gemma_expert.model.layers.9.post_attention_layernorm.dense.bias (shape: torch.Size([3072])) - (2346192:train_csgo.py:825)
2025-12-25 13:36:59 - INFO -         [TRAINABLE] paligemma_with_expert.gemma_expert.model.layers.10.self_attn.q_proj.weight (shape: torch.Size([2048, 1024])) - (2346192:train_csgo.py:825)
2025-12-25 13:36:59 - INFO -         [TRAINABLE] paligemma_with_expert.gemma_expert.model.layers.10.self_attn.k_proj.weight (shape: torch.Size([256, 1024])) - (2346192:train_csgo.py:825)
2025-12-25 13:36:59 - INFO -         [TRAINABLE] paligemma_with_expert.gemma_expert.model.layers.10.self_attn.v_proj.weight (shape: torch.Size([256, 1024])) - (2346192:train_csgo.py:825)
2025-12-25 13:36:59 - INFO -         [TRAINABLE] paligemma_with_expert.gemma_expert.model.layers.10.self_attn.o_proj.weight (shape: torch.Size([1024, 2048])) - (2346192:train_csgo.py:825)
2025-12-25 13:36:59 - INFO -         [TRAINABLE] paligemma_with_expert.gemma_expert.model.layers.10.mlp.gate_proj.weight (shape: torch.Size([4096, 1024])) - (2346192:train_csgo.py:825)
2025-12-25 13:36:59 - INFO -         [TRAINABLE] paligemma_with_expert.gemma_expert.model.layers.10.mlp.up_proj.weight (shape: torch.Size([4096, 1024])) - (2346192:train_csgo.py:825)
2025-12-25 13:36:59 - INFO -         [TRAINABLE] paligemma_with_expert.gemma_expert.model.layers.10.mlp.down_proj.weight (shape: torch.Size([1024, 4096])) - (2346192:train_csgo.py:825)
2025-12-25 13:36:59 - INFO -         [TRAINABLE] paligemma_with_expert.gemma_expert.model.layers.10.input_layernorm.dense.weight (shape: torch.Size([3072, 1024])) - (2346192:train_csgo.py:825)
2025-12-25 13:36:59 - INFO -         [TRAINABLE] paligemma_with_expert.gemma_expert.model.layers.10.input_layernorm.dense.bias (shape: torch.Size([3072])) - (2346192:train_csgo.py:825)
2025-12-25 13:36:59 - INFO -         [TRAINABLE] paligemma_with_expert.gemma_expert.model.layers.10.post_attention_layernorm.dense.weight (shape: torch.Size([3072, 1024])) - (2346192:train_csgo.py:825)
2025-12-25 13:36:59 - INFO -         [TRAINABLE] paligemma_with_expert.gemma_expert.model.layers.10.post_attention_layernorm.dense.bias (shape: torch.Size([3072])) - (2346192:train_csgo.py:825)
2025-12-25 13:36:59 - INFO -         [TRAINABLE] paligemma_with_expert.gemma_expert.model.layers.11.self_attn.q_proj.weight (shape: torch.Size([2048, 1024])) - (2346192:train_csgo.py:825)
2025-12-25 13:36:59 - INFO -         [TRAINABLE] paligemma_with_expert.gemma_expert.model.layers.11.self_attn.k_proj.weight (shape: torch.Size([256, 1024])) - (2346192:train_csgo.py:825)
2025-12-25 13:36:59 - INFO -         [TRAINABLE] paligemma_with_expert.gemma_expert.model.layers.11.self_attn.v_proj.weight (shape: torch.Size([256, 1024])) - (2346192:train_csgo.py:825)
2025-12-25 13:36:59 - INFO -         [TRAINABLE] paligemma_with_expert.gemma_expert.model.layers.11.self_attn.o_proj.weight (shape: torch.Size([1024, 2048])) - (2346192:train_csgo.py:825)
2025-12-25 13:36:59 - INFO -         [TRAINABLE] paligemma_with_expert.gemma_expert.model.layers.11.mlp.gate_proj.weight (shape: torch.Size([4096, 1024])) - (2346192:train_csgo.py:825)
2025-12-25 13:36:59 - INFO -         [TRAINABLE] paligemma_with_expert.gemma_expert.model.layers.11.mlp.up_proj.weight (shape: torch.Size([4096, 1024])) - (2346192:train_csgo.py:825)
2025-12-25 13:36:59 - INFO -         [TRAINABLE] paligemma_with_expert.gemma_expert.model.layers.11.mlp.down_proj.weight (shape: torch.Size([1024, 4096])) - (2346192:train_csgo.py:825)
2025-12-25 13:36:59 - INFO -         [TRAINABLE] paligemma_with_expert.gemma_expert.model.layers.11.input_layernorm.dense.weight (shape: torch.Size([3072, 1024])) - (2346192:train_csgo.py:825)
2025-12-25 13:36:59 - INFO -         [TRAINABLE] paligemma_with_expert.gemma_expert.model.layers.11.input_layernorm.dense.bias (shape: torch.Size([3072])) - (2346192:train_csgo.py:825)
2025-12-25 13:36:59 - INFO -         [TRAINABLE] paligemma_with_expert.gemma_expert.model.layers.11.post_attention_layernorm.dense.weight (shape: torch.Size([3072, 1024])) - (2346192:train_csgo.py:825)
2025-12-25 13:36:59 - INFO -         [TRAINABLE] paligemma_with_expert.gemma_expert.model.layers.11.post_attention_layernorm.dense.bias (shape: torch.Size([3072])) - (2346192:train_csgo.py:825)
2025-12-25 13:36:59 - INFO -         [TRAINABLE] paligemma_with_expert.gemma_expert.model.layers.12.self_attn.q_proj.weight (shape: torch.Size([2048, 1024])) - (2346192:train_csgo.py:825)
2025-12-25 13:36:59 - INFO -         [TRAINABLE] paligemma_with_expert.gemma_expert.model.layers.12.self_attn.k_proj.weight (shape: torch.Size([256, 1024])) - (2346192:train_csgo.py:825)
2025-12-25 13:36:59 - INFO -         [TRAINABLE] paligemma_with_expert.gemma_expert.model.layers.12.self_attn.v_proj.weight (shape: torch.Size([256, 1024])) - (2346192:train_csgo.py:825)
2025-12-25 13:36:59 - INFO -         [TRAINABLE] paligemma_with_expert.gemma_expert.model.layers.12.self_attn.o_proj.weight (shape: torch.Size([1024, 2048])) - (2346192:train_csgo.py:825)
2025-12-25 13:36:59 - INFO -         [TRAINABLE] paligemma_with_expert.gemma_expert.model.layers.12.mlp.gate_proj.weight (shape: torch.Size([4096, 1024])) - (2346192:train_csgo.py:825)
2025-12-25 13:36:59 - INFO -         [TRAINABLE] paligemma_with_expert.gemma_expert.model.layers.12.mlp.up_proj.weight (shape: torch.Size([4096, 1024])) - (2346192:train_csgo.py:825)
2025-12-25 13:36:59 - INFO -         [TRAINABLE] paligemma_with_expert.gemma_expert.model.layers.12.mlp.down_proj.weight (shape: torch.Size([1024, 4096])) - (2346192:train_csgo.py:825)
2025-12-25 13:36:59 - INFO -         [TRAINABLE] paligemma_with_expert.gemma_expert.model.layers.12.input_layernorm.dense.weight (shape: torch.Size([3072, 1024])) - (2346192:train_csgo.py:825)
2025-12-25 13:36:59 - INFO -         [TRAINABLE] paligemma_with_expert.gemma_expert.model.layers.12.input_layernorm.dense.bias (shape: torch.Size([3072])) - (2346192:train_csgo.py:825)
2025-12-25 13:36:59 - INFO -         [TRAINABLE] paligemma_with_expert.gemma_expert.model.layers.12.post_attention_layernorm.dense.weight (shape: torch.Size([3072, 1024])) - (2346192:train_csgo.py:825)
2025-12-25 13:36:59 - INFO -         [TRAINABLE] paligemma_with_expert.gemma_expert.model.layers.12.post_attention_layernorm.dense.bias (shape: torch.Size([3072])) - (2346192:train_csgo.py:825)
2025-12-25 13:36:59 - INFO -         [TRAINABLE] paligemma_with_expert.gemma_expert.model.layers.13.self_attn.q_proj.weight (shape: torch.Size([2048, 1024])) - (2346192:train_csgo.py:825)
2025-12-25 13:36:59 - INFO -         [TRAINABLE] paligemma_with_expert.gemma_expert.model.layers.13.self_attn.k_proj.weight (shape: torch.Size([256, 1024])) - (2346192:train_csgo.py:825)
2025-12-25 13:36:59 - INFO -         [TRAINABLE] paligemma_with_expert.gemma_expert.model.layers.13.self_attn.v_proj.weight (shape: torch.Size([256, 1024])) - (2346192:train_csgo.py:825)
2025-12-25 13:36:59 - INFO -         [TRAINABLE] paligemma_with_expert.gemma_expert.model.layers.13.self_attn.o_proj.weight (shape: torch.Size([1024, 2048])) - (2346192:train_csgo.py:825)
2025-12-25 13:36:59 - INFO -         [TRAINABLE] paligemma_with_expert.gemma_expert.model.layers.13.mlp.gate_proj.weight (shape: torch.Size([4096, 1024])) - (2346192:train_csgo.py:825)
2025-12-25 13:36:59 - INFO -         [TRAINABLE] paligemma_with_expert.gemma_expert.model.layers.13.mlp.up_proj.weight (shape: torch.Size([4096, 1024])) - (2346192:train_csgo.py:825)
2025-12-25 13:36:59 - INFO -         [TRAINABLE] paligemma_with_expert.gemma_expert.model.layers.13.mlp.down_proj.weight (shape: torch.Size([1024, 4096])) - (2346192:train_csgo.py:825)
2025-12-25 13:36:59 - INFO -         [TRAINABLE] paligemma_with_expert.gemma_expert.model.layers.13.input_layernorm.dense.weight (shape: torch.Size([3072, 1024])) - (2346192:train_csgo.py:825)
2025-12-25 13:36:59 - INFO -         [TRAINABLE] paligemma_with_expert.gemma_expert.model.layers.13.input_layernorm.dense.bias (shape: torch.Size([3072])) - (2346192:train_csgo.py:825)
2025-12-25 13:36:59 - INFO -         [TRAINABLE] paligemma_with_expert.gemma_expert.model.layers.13.post_attention_layernorm.dense.weight (shape: torch.Size([3072, 1024])) - (2346192:train_csgo.py:825)
2025-12-25 13:36:59 - INFO -         [TRAINABLE] paligemma_with_expert.gemma_expert.model.layers.13.post_attention_layernorm.dense.bias (shape: torch.Size([3072])) - (2346192:train_csgo.py:825)
2025-12-25 13:36:59 - INFO -         [TRAINABLE] paligemma_with_expert.gemma_expert.model.layers.14.self_attn.q_proj.weight (shape: torch.Size([2048, 1024])) - (2346192:train_csgo.py:825)
2025-12-25 13:36:59 - INFO -         [TRAINABLE] paligemma_with_expert.gemma_expert.model.layers.14.self_attn.k_proj.weight (shape: torch.Size([256, 1024])) - (2346192:train_csgo.py:825)
2025-12-25 13:36:59 - INFO -         [TRAINABLE] paligemma_with_expert.gemma_expert.model.layers.14.self_attn.v_proj.weight (shape: torch.Size([256, 1024])) - (2346192:train_csgo.py:825)
2025-12-25 13:36:59 - INFO -         [TRAINABLE] paligemma_with_expert.gemma_expert.model.layers.14.self_attn.o_proj.weight (shape: torch.Size([1024, 2048])) - (2346192:train_csgo.py:825)
2025-12-25 13:36:59 - INFO -         [TRAINABLE] paligemma_with_expert.gemma_expert.model.layers.14.mlp.gate_proj.weight (shape: torch.Size([4096, 1024])) - (2346192:train_csgo.py:825)
2025-12-25 13:36:59 - INFO -         [TRAINABLE] paligemma_with_expert.gemma_expert.model.layers.14.mlp.up_proj.weight (shape: torch.Size([4096, 1024])) - (2346192:train_csgo.py:825)
2025-12-25 13:36:59 - INFO -         [TRAINABLE] paligemma_with_expert.gemma_expert.model.layers.14.mlp.down_proj.weight (shape: torch.Size([1024, 4096])) - (2346192:train_csgo.py:825)
2025-12-25 13:36:59 - INFO -         [TRAINABLE] paligemma_with_expert.gemma_expert.model.layers.14.input_layernorm.dense.weight (shape: torch.Size([3072, 1024])) - (2346192:train_csgo.py:825)
2025-12-25 13:36:59 - INFO -         [TRAINABLE] paligemma_with_expert.gemma_expert.model.layers.14.input_layernorm.dense.bias (shape: torch.Size([3072])) - (2346192:train_csgo.py:825)
2025-12-25 13:36:59 - INFO -         [TRAINABLE] paligemma_with_expert.gemma_expert.model.layers.14.post_attention_layernorm.dense.weight (shape: torch.Size([3072, 1024])) - (2346192:train_csgo.py:825)
2025-12-25 13:36:59 - INFO -         [TRAINABLE] paligemma_with_expert.gemma_expert.model.layers.14.post_attention_layernorm.dense.bias (shape: torch.Size([3072])) - (2346192:train_csgo.py:825)
2025-12-25 13:36:59 - INFO -         [TRAINABLE] paligemma_with_expert.gemma_expert.model.layers.15.self_attn.q_proj.weight (shape: torch.Size([2048, 1024])) - (2346192:train_csgo.py:825)
2025-12-25 13:36:59 - INFO -         [TRAINABLE] paligemma_with_expert.gemma_expert.model.layers.15.self_attn.k_proj.weight (shape: torch.Size([256, 1024])) - (2346192:train_csgo.py:825)
2025-12-25 13:36:59 - INFO -         [TRAINABLE] paligemma_with_expert.gemma_expert.model.layers.15.self_attn.v_proj.weight (shape: torch.Size([256, 1024])) - (2346192:train_csgo.py:825)
2025-12-25 13:36:59 - INFO -         [TRAINABLE] paligemma_with_expert.gemma_expert.model.layers.15.self_attn.o_proj.weight (shape: torch.Size([1024, 2048])) - (2346192:train_csgo.py:825)
2025-12-25 13:36:59 - INFO -         [TRAINABLE] paligemma_with_expert.gemma_expert.model.layers.15.mlp.gate_proj.weight (shape: torch.Size([4096, 1024])) - (2346192:train_csgo.py:825)
2025-12-25 13:36:59 - INFO -         [TRAINABLE] paligemma_with_expert.gemma_expert.model.layers.15.mlp.up_proj.weight (shape: torch.Size([4096, 1024])) - (2346192:train_csgo.py:825)
2025-12-25 13:36:59 - INFO -         [TRAINABLE] paligemma_with_expert.gemma_expert.model.layers.15.mlp.down_proj.weight (shape: torch.Size([1024, 4096])) - (2346192:train_csgo.py:825)
2025-12-25 13:36:59 - INFO -         [TRAINABLE] paligemma_with_expert.gemma_expert.model.layers.15.input_layernorm.dense.weight (shape: torch.Size([3072, 1024])) - (2346192:train_csgo.py:825)
2025-12-25 13:36:59 - INFO -         [TRAINABLE] paligemma_with_expert.gemma_expert.model.layers.15.input_layernorm.dense.bias (shape: torch.Size([3072])) - (2346192:train_csgo.py:825)
2025-12-25 13:36:59 - INFO -         [TRAINABLE] paligemma_with_expert.gemma_expert.model.layers.15.post_attention_layernorm.dense.weight (shape: torch.Size([3072, 1024])) - (2346192:train_csgo.py:825)
2025-12-25 13:36:59 - INFO -         [TRAINABLE] paligemma_with_expert.gemma_expert.model.layers.15.post_attention_layernorm.dense.bias (shape: torch.Size([3072])) - (2346192:train_csgo.py:825)
2025-12-25 13:36:59 - INFO -         [TRAINABLE] paligemma_with_expert.gemma_expert.model.layers.16.self_attn.q_proj.weight (shape: torch.Size([2048, 1024])) - (2346192:train_csgo.py:825)
2025-12-25 13:36:59 - INFO -         [TRAINABLE] paligemma_with_expert.gemma_expert.model.layers.16.self_attn.k_proj.weight (shape: torch.Size([256, 1024])) - (2346192:train_csgo.py:825)
2025-12-25 13:36:59 - INFO -         [TRAINABLE] paligemma_with_expert.gemma_expert.model.layers.16.self_attn.v_proj.weight (shape: torch.Size([256, 1024])) - (2346192:train_csgo.py:825)
2025-12-25 13:36:59 - INFO -         [TRAINABLE] paligemma_with_expert.gemma_expert.model.layers.16.self_attn.o_proj.weight (shape: torch.Size([1024, 2048])) - (2346192:train_csgo.py:825)
2025-12-25 13:36:59 - INFO -         [TRAINABLE] paligemma_with_expert.gemma_expert.model.layers.16.mlp.gate_proj.weight (shape: torch.Size([4096, 1024])) - (2346192:train_csgo.py:825)
2025-12-25 13:36:59 - INFO -         [TRAINABLE] paligemma_with_expert.gemma_expert.model.layers.16.mlp.up_proj.weight (shape: torch.Size([4096, 1024])) - (2346192:train_csgo.py:825)
2025-12-25 13:36:59 - INFO -         [TRAINABLE] paligemma_with_expert.gemma_expert.model.layers.16.mlp.down_proj.weight (shape: torch.Size([1024, 4096])) - (2346192:train_csgo.py:825)
2025-12-25 13:36:59 - INFO -         [TRAINABLE] paligemma_with_expert.gemma_expert.model.layers.16.input_layernorm.dense.weight (shape: torch.Size([3072, 1024])) - (2346192:train_csgo.py:825)
2025-12-25 13:36:59 - INFO -         [TRAINABLE] paligemma_with_expert.gemma_expert.model.layers.16.input_layernorm.dense.bias (shape: torch.Size([3072])) - (2346192:train_csgo.py:825)
2025-12-25 13:36:59 - INFO -         [TRAINABLE] paligemma_with_expert.gemma_expert.model.layers.16.post_attention_layernorm.dense.weight (shape: torch.Size([3072, 1024])) - (2346192:train_csgo.py:825)
2025-12-25 13:36:59 - INFO -         [TRAINABLE] paligemma_with_expert.gemma_expert.model.layers.16.post_attention_layernorm.dense.bias (shape: torch.Size([3072])) - (2346192:train_csgo.py:825)
2025-12-25 13:36:59 - INFO -         [TRAINABLE] paligemma_with_expert.gemma_expert.model.layers.17.self_attn.q_proj.weight (shape: torch.Size([2048, 1024])) - (2346192:train_csgo.py:825)
2025-12-25 13:36:59 - INFO -         [TRAINABLE] paligemma_with_expert.gemma_expert.model.layers.17.self_attn.k_proj.weight (shape: torch.Size([256, 1024])) - (2346192:train_csgo.py:825)
2025-12-25 13:36:59 - INFO -         [TRAINABLE] paligemma_with_expert.gemma_expert.model.layers.17.self_attn.v_proj.weight (shape: torch.Size([256, 1024])) - (2346192:train_csgo.py:825)
2025-12-25 13:36:59 - INFO -         [TRAINABLE] paligemma_with_expert.gemma_expert.model.layers.17.self_attn.o_proj.weight (shape: torch.Size([1024, 2048])) - (2346192:train_csgo.py:825)
2025-12-25 13:36:59 - INFO -         [TRAINABLE] paligemma_with_expert.gemma_expert.model.layers.17.mlp.gate_proj.weight (shape: torch.Size([4096, 1024])) - (2346192:train_csgo.py:825)
2025-12-25 13:36:59 - INFO -         [TRAINABLE] paligemma_with_expert.gemma_expert.model.layers.17.mlp.up_proj.weight (shape: torch.Size([4096, 1024])) - (2346192:train_csgo.py:825)
2025-12-25 13:36:59 - INFO -         [TRAINABLE] paligemma_with_expert.gemma_expert.model.layers.17.mlp.down_proj.weight (shape: torch.Size([1024, 4096])) - (2346192:train_csgo.py:825)
2025-12-25 13:36:59 - INFO -         [TRAINABLE] paligemma_with_expert.gemma_expert.model.layers.17.input_layernorm.dense.weight (shape: torch.Size([3072, 1024])) - (2346192:train_csgo.py:825)
2025-12-25 13:36:59 - INFO -         [TRAINABLE] paligemma_with_expert.gemma_expert.model.layers.17.input_layernorm.dense.bias (shape: torch.Size([3072])) - (2346192:train_csgo.py:825)
2025-12-25 13:36:59 - INFO -         [TRAINABLE] paligemma_with_expert.gemma_expert.model.layers.17.post_attention_layernorm.dense.weight (shape: torch.Size([3072, 1024])) - (2346192:train_csgo.py:825)
2025-12-25 13:36:59 - INFO -         [TRAINABLE] paligemma_with_expert.gemma_expert.model.layers.17.post_attention_layernorm.dense.bias (shape: torch.Size([3072])) - (2346192:train_csgo.py:825)
2025-12-25 13:36:59 - INFO -         [TRAINABLE] paligemma_with_expert.gemma_expert.model.norm.dense.weight (shape: torch.Size([3072, 1024])) - (2346192:train_csgo.py:825)
2025-12-25 13:36:59 - INFO -         [TRAINABLE] paligemma_with_expert.gemma_expert.model.norm.dense.bias (shape: torch.Size([3072])) - (2346192:train_csgo.py:825)
2025-12-25 13:36:59 - INFO -         [TRAINABLE] paligemma_with_expert.gemma_expert.lm_head.weight (shape: torch.Size([257152, 1024])) - (2346192:train_csgo.py:825)
2025-12-25 13:36:59 - INFO -         [TRAINABLE] action_in_proj.weight (shape: torch.Size([1024, 32])) - (2346192:train_csgo.py:825)
2025-12-25 13:36:59 - INFO -         [TRAINABLE] action_in_proj.bias (shape: torch.Size([1024])) - (2346192:train_csgo.py:825)
2025-12-25 13:36:59 - INFO -         [TRAINABLE] action_out_proj.weight (shape: torch.Size([32, 1024])) - (2346192:train_csgo.py:825)
2025-12-25 13:36:59 - INFO -         [TRAINABLE] action_out_proj.bias (shape: torch.Size([32])) - (2346192:train_csgo.py:825)
2025-12-25 13:36:59 - INFO -         [TRAINABLE] time_mlp_in.weight (shape: torch.Size([1024, 1024])) - (2346192:train_csgo.py:825)
2025-12-25 13:36:59 - INFO -         [TRAINABLE] time_mlp_in.bias (shape: torch.Size([1024])) - (2346192:train_csgo.py:825)
2025-12-25 13:36:59 - INFO -         [TRAINABLE] time_mlp_out.weight (shape: torch.Size([1024, 1024])) - (2346192:train_csgo.py:825)
2025-12-25 13:36:59 - INFO -         [TRAINABLE] time_mlp_out.bias (shape: torch.Size([1024])) - (2346192:train_csgo.py:825)
2025-12-25 13:36:59 - INFO - model.training_params: 3616757520, model.total_params: 3616757520 - (2346192:train_csgo.py:826)
2025-12-25 13:37:21 - INFO - Step 0 (after_backward): GPU memory - allocated: 14.49GB, reserved: 65.59GB, free: 51.11GB, peak_allocated: 56.17GB, peak_reserved: 65.59GB - (2346192:train_csgo.py:354)
2025-12-25 13:37:21 - INFO - step=0 loss=0.2103 lr=5.00e-08 grad_norm=3.17 time=22.7s - (2346192:train_csgo.py:961)
2025-12-25 13:37:35 - INFO - Step 1 (after_backward): GPU memory - allocated: 27.97GB, reserved: 77.94GB, free: 49.97GB, peak_allocated: 69.65GB, peak_reserved: 77.94GB - (2346192:train_csgo.py:354)
2025-12-25 13:37:48 - INFO - Step 2 (after_backward): GPU memory - allocated: 27.97GB, reserved: 77.94GB, free: 49.98GB, peak_allocated: 69.65GB, peak_reserved: 77.94GB - (2346192:train_csgo.py:354)
2025-12-25 13:38:02 - INFO - Step 3 (after_backward): GPU memory - allocated: 27.97GB, reserved: 77.94GB, free: 49.98GB, peak_allocated: 69.65GB, peak_reserved: 77.94GB - (2346192:train_csgo.py:354)
2025-12-25 13:38:19 - INFO - Step 4 (after_backward): GPU memory - allocated: 27.97GB, reserved: 77.94GB, free: 49.98GB, peak_allocated: 69.65GB, peak_reserved: 77.94GB - (2346192:train_csgo.py:354)
2025-12-25 14:14:28 - INFO - step=100 loss=0.1547 lr=2.57e-06 grad_norm=2.11 time=2227.1s - (2346192:train_csgo.py:961)
2025-12-25 14:52:17 - INFO - step=200 loss=0.0375 lr=7.57e-06 grad_norm=0.33 time=2268.8s - (2346192:train_csgo.py:961)
2025-12-25 15:30:09 - INFO - step=300 loss=0.0293 lr=1.26e-05 grad_norm=0.33 time=2271.7s - (2346192:train_csgo.py:961)
2025-12-25 16:08:05 - INFO - step=400 loss=0.0265 lr=1.76e-05 grad_norm=0.38 time=2276.4s - (2346192:train_csgo.py:961)
2025-12-25 16:49:01 - INFO - step=500 loss=0.0245 lr=2.26e-05 grad_norm=0.35 time=2455.3s - (2346192:train_csgo.py:961)
2025-12-25 17:27:22 - INFO - step=600 loss=0.0226 lr=2.75e-05 grad_norm=0.34 time=2301.0s - (2346192:train_csgo.py:961)
2025-12-25 18:05:05 - INFO - step=700 loss=0.0203 lr=3.25e-05 grad_norm=0.35 time=2263.4s - (2346192:train_csgo.py:961)
2025-12-25 21:46:10 - INFO - step=800 loss=0.0177 lr=3.75e-05 grad_norm=0.30 time=13265.3s - (2346192:train_csgo.py:961)
2025-12-25 22:30:27 - INFO - step=900 loss=0.0162 lr=4.25e-05 grad_norm=0.30 time=2656.7s - (2346192:train_csgo.py:961)
2025-12-25 23:11:09 - INFO - step=1000 loss=0.0145 lr=4.75e-05 grad_norm=0.28 time=2442.0s - (2346192:train_csgo.py:961)
2025-12-25 23:48:40 - INFO - step=1100 loss=0.0139 lr=5.00e-05 grad_norm=0.29 time=2250.7s - (2346192:train_csgo.py:961)
2025-12-26 00:26:17 - INFO - step=1200 loss=0.0122 lr=5.00e-05 grad_norm=0.24 time=2257.2s - (2346192:train_csgo.py:961)
2025-12-26 01:03:33 - INFO - step=1300 loss=0.0109 lr=5.00e-05 grad_norm=0.22 time=2236.4s - (2346192:train_csgo.py:961)
2025-12-26 01:40:58 - INFO - step=1400 loss=0.0103 lr=5.00e-05 grad_norm=0.22 time=2244.5s - (2346192:train_csgo.py:961)
2025-12-26 02:22:11 - INFO - step=1500 loss=0.0093 lr=5.00e-05 grad_norm=0.20 time=2473.4s - (2346192:train_csgo.py:961)
2025-12-26 03:03:54 - INFO - step=1600 loss=0.0093 lr=5.00e-05 grad_norm=0.23 time=2502.4s - (2346192:train_csgo.py:961)
2025-12-26 03:41:32 - INFO - step=1700 loss=0.0085 lr=5.00e-05 grad_norm=0.23 time=2258.0s - (2346192:train_csgo.py:961)
2025-12-26 04:19:18 - INFO - step=1800 loss=0.0085 lr=5.00e-05 grad_norm=0.21 time=2266.2s - (2346192:train_csgo.py:961)
2025-12-26 04:56:58 - INFO - step=1900 loss=0.0083 lr=5.00e-05 grad_norm=0.24 time=2260.1s - (2346192:train_csgo.py:961)
2025-12-26 05:34:33 - INFO - step=2000 loss=0.0073 lr=5.00e-05 grad_norm=0.20 time=2254.7s - (2346192:train_csgo.py:961)
2025-12-26 06:12:05 - INFO - step=2100 loss=0.0073 lr=5.00e-05 grad_norm=0.20 time=2252.2s - (2346192:train_csgo.py:961)
2025-12-26 06:49:31 - INFO - step=2200 loss=0.0077 lr=5.00e-05 grad_norm=0.22 time=2246.5s - (2346192:train_csgo.py:961)
2025-12-26 07:27:11 - INFO - step=2300 loss=0.0071 lr=5.00e-05 grad_norm=0.17 time=2259.8s - (2346192:train_csgo.py:961)
2025-12-26 08:04:45 - INFO - step=2400 loss=0.0069 lr=5.00e-05 grad_norm=0.19 time=2253.5s - (2346192:train_csgo.py:961)
2025-12-26 08:42:09 - INFO - step=2500 loss=0.0067 lr=5.00e-05 grad_norm=0.19 time=2244.1s - (2346192:train_csgo.py:961)
2025-12-26 09:19:28 - INFO - step=2600 loss=0.0068 lr=5.00e-05 grad_norm=0.19 time=2239.3s - (2346192:train_csgo.py:961)
2025-12-26 09:56:52 - INFO - step=2700 loss=0.0063 lr=5.00e-05 grad_norm=0.19 time=2244.2s - (2346192:train_csgo.py:961)
2025-12-26 10:34:11 - INFO - step=2800 loss=0.0063 lr=5.00e-05 grad_norm=0.18 time=2238.2s - (2346192:train_csgo.py:961)
2025-12-26 11:11:36 - INFO - step=2900 loss=0.0061 lr=5.00e-05 grad_norm=0.17 time=2245.2s - (2346192:train_csgo.py:961)
2025-12-26 11:49:14 - INFO - Saved checkpoint at step 3000 -> /data/jiahao/openpi/checkpoints/pi05_csgo_3maps_exp8/pi05_csgo_3maps_exp8/3000 - (2346192:train_csgo.py:240)
2025-12-26 11:49:30 - INFO - step=3000 loss=0.0059 lr=5.00e-05 grad_norm=0.19 time=2274.5s - (2346192:train_csgo.py:961)
2025-12-26 12:26:53 - INFO - step=3100 loss=0.0055 lr=5.00e-05 grad_norm=0.18 time=2242.8s - (2346192:train_csgo.py:961)
2025-12-26 13:04:30 - INFO - step=3200 loss=0.0058 lr=5.00e-05 grad_norm=0.21 time=2256.8s - (2346192:train_csgo.py:961)
2025-12-26 13:42:10 - INFO - step=3300 loss=0.0054 lr=5.00e-05 grad_norm=0.15 time=2259.8s - (2346192:train_csgo.py:961)
2025-12-26 14:19:49 - INFO - step=3400 loss=0.0054 lr=5.00e-05 grad_norm=0.17 time=2259.2s - (2346192:train_csgo.py:961)
2025-12-26 14:57:30 - INFO - step=3500 loss=0.0056 lr=5.00e-05 grad_norm=0.19 time=2261.3s - (2346192:train_csgo.py:961)
2025-12-26 15:35:14 - INFO - step=3600 loss=0.0050 lr=5.00e-05 grad_norm=0.15 time=2264.3s - (2346192:train_csgo.py:961)
2025-12-26 16:13:00 - INFO - step=3700 loss=0.0051 lr=5.00e-05 grad_norm=0.17 time=2265.2s - (2346192:train_csgo.py:961)
2025-12-26 16:50:56 - INFO - step=3800 loss=0.0055 lr=5.00e-05 grad_norm=0.18 time=2276.5s - (2346192:train_csgo.py:961)
2025-12-26 17:28:30 - INFO - step=3900 loss=0.0051 lr=5.00e-05 grad_norm=0.17 time=2254.0s - (2346192:train_csgo.py:961)
2025-12-26 18:06:06 - INFO - step=4000 loss=0.0049 lr=5.00e-05 grad_norm=0.16 time=2256.0s - (2346192:train_csgo.py:961)
2025-12-26 18:43:34 - INFO - step=4100 loss=0.0050 lr=5.00e-05 grad_norm=0.18 time=2247.7s - (2346192:train_csgo.py:961)
2025-12-26 19:21:08 - INFO - step=4200 loss=0.0049 lr=5.00e-05 grad_norm=0.16 time=2254.1s - (2346192:train_csgo.py:961)
2025-12-26 19:58:53 - INFO - step=4300 loss=0.0052 lr=5.00e-05 grad_norm=0.19 time=2265.2s - (2346192:train_csgo.py:961)
2025-12-26 20:36:22 - INFO - step=4400 loss=0.0045 lr=5.00e-05 grad_norm=0.14 time=2248.4s - (2346192:train_csgo.py:961)
2025-12-26 21:14:06 - INFO - step=4500 loss=0.0047 lr=5.00e-05 grad_norm=0.14 time=2263.9s - (2346192:train_csgo.py:961)
2025-12-26 21:51:50 - INFO - step=4600 loss=0.0048 lr=5.00e-05 grad_norm=0.16 time=2264.8s - (2346192:train_csgo.py:961)
2025-12-26 22:29:33 - INFO - step=4700 loss=0.0047 lr=5.00e-05 grad_norm=0.17 time=2262.7s - (2346192:train_csgo.py:961)
2025-12-26 23:07:09 - INFO - step=4800 loss=0.0048 lr=5.00e-05 grad_norm=0.16 time=2256.1s - (2346192:train_csgo.py:961)
2025-12-26 23:44:50 - INFO - step=4900 loss=0.0048 lr=5.00e-05 grad_norm=0.18 time=2260.4s - (2346192:train_csgo.py:961)
2025-12-27 00:22:20 - INFO - step=5000 loss=0.0043 lr=5.00e-05 grad_norm=0.15 time=2250.2s - (2346192:train_csgo.py:961)
2025-12-27 00:59:56 - INFO - step=5100 loss=0.0046 lr=5.00e-05 grad_norm=0.16 time=2256.4s - (2346192:train_csgo.py:961)
2025-12-27 01:37:15 - INFO - step=5200 loss=0.0045 lr=5.00e-05 grad_norm=0.15 time=2239.2s - (2346192:train_csgo.py:961)
2025-12-27 02:14:46 - INFO - step=5300 loss=0.0048 lr=5.00e-05 grad_norm=0.17 time=2250.6s - (2346192:train_csgo.py:961)
2025-12-27 02:52:06 - INFO - step=5400 loss=0.0045 lr=5.00e-05 grad_norm=0.15 time=2240.3s - (2346192:train_csgo.py:961)
2025-12-27 03:29:46 - INFO - step=5500 loss=0.0038 lr=5.00e-05 grad_norm=0.14 time=2259.7s - (2346192:train_csgo.py:961)
2025-12-27 04:07:05 - INFO - step=5600 loss=0.0046 lr=5.00e-05 grad_norm=0.17 time=2239.3s - (2346192:train_csgo.py:961)
2025-12-27 04:44:30 - INFO - step=5700 loss=0.0039 lr=5.00e-05 grad_norm=0.14 time=2244.3s - (2346192:train_csgo.py:961)
2025-12-27 05:22:00 - INFO - step=5800 loss=0.0040 lr=5.00e-05 grad_norm=0.14 time=2250.8s - (2346192:train_csgo.py:961)
2025-12-27 05:59:25 - INFO - step=5900 loss=0.0041 lr=5.00e-05 grad_norm=0.14 time=2244.8s - (2346192:train_csgo.py:961)
2025-12-27 06:37:02 - INFO - Saved checkpoint at step 6000 -> /data/jiahao/openpi/checkpoints/pi05_csgo_3maps_exp8/pi05_csgo_3maps_exp8/6000 - (2346192:train_csgo.py:240)
2025-12-27 06:37:18 - INFO - step=6000 loss=0.0042 lr=5.00e-05 grad_norm=0.14 time=2273.0s - (2346192:train_csgo.py:961)
2025-12-27 07:14:47 - INFO - step=6100 loss=0.0038 lr=5.00e-05 grad_norm=0.14 time=2248.5s - (2346192:train_csgo.py:961)
2025-12-27 07:52:11 - INFO - step=6200 loss=0.0042 lr=5.00e-05 grad_norm=0.16 time=2244.5s - (2346192:train_csgo.py:961)
2025-12-27 08:29:31 - INFO - step=6300 loss=0.0037 lr=5.00e-05 grad_norm=0.12 time=2240.1s - (2346192:train_csgo.py:961)
2025-12-27 09:07:04 - INFO - step=6400 loss=0.0037 lr=5.00e-05 grad_norm=0.13 time=2252.7s - (2346192:train_csgo.py:961)
2025-12-27 09:44:20 - INFO - step=6500 loss=0.0039 lr=5.00e-05 grad_norm=0.14 time=2236.3s - (2346192:train_csgo.py:961)
2025-12-27 10:21:49 - INFO - step=6600 loss=0.0038 lr=5.00e-05 grad_norm=0.13 time=2249.0s - (2346192:train_csgo.py:961)
2025-12-27 10:59:12 - INFO - step=6700 loss=0.0038 lr=5.00e-05 grad_norm=0.14 time=2242.5s - (2346192:train_csgo.py:961)
2025-12-27 11:36:38 - INFO - step=6800 loss=0.0042 lr=5.00e-05 grad_norm=0.15 time=2246.4s - (2346192:train_csgo.py:961)
2025-12-27 12:14:04 - INFO - step=6900 loss=0.0039 lr=5.00e-05 grad_norm=0.14 time=2246.2s - (2346192:train_csgo.py:961)
2025-12-27 12:51:32 - INFO - step=7000 loss=0.0036 lr=5.00e-05 grad_norm=0.12 time=2247.2s - (2346192:train_csgo.py:961)
2025-12-27 13:29:08 - INFO - step=7100 loss=0.0035 lr=5.00e-05 grad_norm=0.12 time=2256.2s - (2346192:train_csgo.py:961)
2025-12-27 14:06:40 - INFO - step=7200 loss=0.0038 lr=5.00e-05 grad_norm=0.13 time=2252.6s - (2346192:train_csgo.py:961)
2025-12-27 14:44:22 - INFO - step=7300 loss=0.0037 lr=5.00e-05 grad_norm=0.13 time=2261.8s - (2346192:train_csgo.py:961)
2025-12-27 15:21:58 - INFO - step=7400 loss=0.0039 lr=5.00e-05 grad_norm=0.14 time=2255.8s - (2346192:train_csgo.py:961)
2025-12-27 15:59:33 - INFO - step=7500 loss=0.0037 lr=5.00e-05 grad_norm=0.12 time=2255.4s - (2346192:train_csgo.py:961)
2025-12-27 16:37:16 - INFO - step=7600 loss=0.0037 lr=5.00e-05 grad_norm=0.13 time=2262.5s - (2346192:train_csgo.py:961)
2025-12-27 17:15:06 - INFO - step=7700 loss=0.0035 lr=5.00e-05 grad_norm=0.13 time=2270.0s - (2346192:train_csgo.py:961)
2025-12-27 17:57:49 - INFO - step=7800 loss=0.0036 lr=5.00e-05 grad_norm=0.13 time=2562.9s - (2346192:train_csgo.py:961)
2025-12-27 18:35:36 - INFO - step=7900 loss=0.0033 lr=5.00e-05 grad_norm=0.12 time=2266.8s - (2346192:train_csgo.py:961)
2025-12-27 19:13:30 - INFO - step=8000 loss=0.0032 lr=5.00e-05 grad_norm=0.11 time=2274.7s - (2346192:train_csgo.py:961)
2025-12-27 19:51:11 - INFO - step=8100 loss=0.0035 lr=5.00e-05 grad_norm=0.13 time=2260.5s - (2346192:train_csgo.py:961)
2025-12-27 20:28:33 - INFO - step=8200 loss=0.0035 lr=5.00e-05 grad_norm=0.12 time=2242.0s - (2346192:train_csgo.py:961)
2025-12-27 21:05:57 - INFO - step=8300 loss=0.0036 lr=5.00e-05 grad_norm=0.13 time=2244.1s - (2346192:train_csgo.py:961)
2025-12-27 21:43:17 - INFO - step=8400 loss=0.0032 lr=5.00e-05 grad_norm=0.12 time=2240.1s - (2346192:train_csgo.py:961)
2025-12-27 22:20:52 - INFO - step=8500 loss=0.0035 lr=5.00e-05 grad_norm=0.12 time=2254.9s - (2346192:train_csgo.py:961)
2025-12-27 22:58:20 - INFO - step=8600 loss=0.0030 lr=5.00e-05 grad_norm=0.11 time=2248.1s - (2346192:train_csgo.py:961)
2025-12-27 23:35:59 - INFO - step=8700 loss=0.0036 lr=5.00e-05 grad_norm=0.12 time=2259.6s - (2346192:train_csgo.py:961)
2025-12-28 00:13:28 - INFO - step=8800 loss=0.0034 lr=5.00e-05 grad_norm=0.12 time=2248.3s - (2346192:train_csgo.py:961)
2025-12-28 00:51:00 - INFO - step=8900 loss=0.0030 lr=5.00e-05 grad_norm=0.11 time=2252.1s - (2346192:train_csgo.py:961)
2025-12-28 01:28:39 - INFO - Saved checkpoint at step 9000 -> /data/jiahao/openpi/checkpoints/pi05_csgo_3maps_exp8/pi05_csgo_3maps_exp8/9000 - (2346192:train_csgo.py:240)
2025-12-28 01:28:54 - INFO - step=9000 loss=0.0032 lr=5.00e-05 grad_norm=0.12 time=2274.2s - (2346192:train_csgo.py:961)
2025-12-28 02:06:14 - INFO - step=9100 loss=0.0035 lr=5.00e-05 grad_norm=0.13 time=2239.9s - (2346192:train_csgo.py:961)
2025-12-28 02:43:40 - INFO - step=9200 loss=0.0032 lr=5.00e-05 grad_norm=0.11 time=2245.7s - (2346192:train_csgo.py:961)
2025-12-28 03:21:09 - INFO - step=9300 loss=0.0033 lr=5.00e-05 grad_norm=0.12 time=2249.2s - (2346192:train_csgo.py:961)
2025-12-28 03:58:45 - INFO - step=9400 loss=0.0034 lr=5.00e-05 grad_norm=0.11 time=2255.8s - (2346192:train_csgo.py:961)
2025-12-28 04:36:11 - INFO - step=9500 loss=0.0031 lr=5.00e-05 grad_norm=0.12 time=2246.6s - (2346192:train_csgo.py:961)
2025-12-28 05:13:36 - INFO - step=9600 loss=0.0031 lr=5.00e-05 grad_norm=0.12 time=2245.1s - (2346192:train_csgo.py:961)
2025-12-28 05:50:59 - INFO - step=9700 loss=0.0037 lr=5.00e-05 grad_norm=0.13 time=2243.0s - (2346192:train_csgo.py:961)
2025-12-28 06:28:24 - INFO - step=9800 loss=0.0033 lr=5.00e-05 grad_norm=0.12 time=2245.0s - (2346192:train_csgo.py:961)
2025-12-28 07:05:56 - INFO - step=9900 loss=0.0032 lr=5.00e-05 grad_norm=0.12 time=2251.8s - (2346192:train_csgo.py:961)
2025-12-28 07:43:24 - INFO - step=10000 loss=0.0032 lr=5.00e-05 grad_norm=0.11 time=2248.0s - (2346192:train_csgo.py:961)
2025-12-28 08:20:44 - INFO - step=10100 loss=0.0034 lr=5.00e-05 grad_norm=0.12 time=2239.9s - (2346192:train_csgo.py:961)
2025-12-28 08:58:03 - INFO - step=10200 loss=0.0032 lr=5.00e-05 grad_norm=0.11 time=2238.6s - (2346192:train_csgo.py:961)
2025-12-28 09:35:28 - INFO - step=10300 loss=0.0034 lr=5.00e-05 grad_norm=0.11 time=2245.1s - (2346192:train_csgo.py:961)
2025-12-28 10:12:58 - INFO - step=10400 loss=0.0032 lr=5.00e-05 grad_norm=0.12 time=2249.9s - (2346192:train_csgo.py:961)
2025-12-28 10:50:22 - INFO - step=10500 loss=0.0031 lr=5.00e-05 grad_norm=0.10 time=2244.4s - (2346192:train_csgo.py:961)
2025-12-28 11:27:46 - INFO - step=10600 loss=0.0032 lr=5.00e-05 grad_norm=0.12 time=2244.0s - (2346192:train_csgo.py:961)
2025-12-28 12:05:12 - INFO - step=10700 loss=0.0032 lr=5.00e-05 grad_norm=0.12 time=2246.3s - (2346192:train_csgo.py:961)
2025-12-28 12:42:44 - INFO - step=10800 loss=0.0028 lr=5.00e-05 grad_norm=0.10 time=2251.3s - (2346192:train_csgo.py:961)
2025-12-28 13:20:24 - INFO - step=10900 loss=0.0029 lr=5.00e-05 grad_norm=0.11 time=2260.1s - (2346192:train_csgo.py:961)
2025-12-28 13:58:04 - INFO - step=11000 loss=0.0029 lr=5.00e-05 grad_norm=0.11 time=2260.1s - (2346192:train_csgo.py:961)
2025-12-28 14:35:38 - INFO - step=11100 loss=0.0028 lr=5.00e-05 grad_norm=0.10 time=2254.5s - (2346192:train_csgo.py:961)
2025-12-28 15:17:58 - INFO - step=11200 loss=0.0029 lr=5.00e-05 grad_norm=0.11 time=2539.5s - (2346192:train_csgo.py:961)
2025-12-28 15:55:33 - INFO - step=11300 loss=0.0030 lr=5.00e-05 grad_norm=0.11 time=2255.3s - (2346192:train_csgo.py:961)
2025-12-28 16:33:15 - INFO - step=11400 loss=0.0027 lr=5.00e-05 grad_norm=0.10 time=2261.6s - (2346192:train_csgo.py:961)
2025-12-28 17:10:57 - INFO - step=11500 loss=0.0031 lr=5.00e-05 grad_norm=0.11 time=2262.5s - (2346192:train_csgo.py:961)
2025-12-28 17:48:40 - INFO - step=11600 loss=0.0030 lr=5.00e-05 grad_norm=0.11 time=2262.9s - (2346192:train_csgo.py:961)
2025-12-28 18:26:12 - INFO - step=11700 loss=0.0027 lr=5.00e-05 grad_norm=0.10 time=2252.0s - (2346192:train_csgo.py:961)
2025-12-28 19:03:44 - INFO - step=11800 loss=0.0030 lr=5.00e-05 grad_norm=0.11 time=2251.3s - (2346192:train_csgo.py:961)
2025-12-28 19:41:20 - INFO - step=11900 loss=0.0029 lr=5.00e-05 grad_norm=0.11 time=2256.2s - (2346192:train_csgo.py:961)
2025-12-28 20:18:57 - INFO - Saved checkpoint at step 12000 -> /data/jiahao/openpi/checkpoints/pi05_csgo_3maps_exp8/pi05_csgo_3maps_exp8/12000 - (2346192:train_csgo.py:240)
2025-12-28 20:19:12 - INFO - step=12000 loss=0.0030 lr=5.00e-05 grad_norm=0.10 time=2272.7s - (2346192:train_csgo.py:961)
2025-12-28 20:56:42 - INFO - step=12100 loss=0.0029 lr=5.00e-05 grad_norm=0.11 time=2249.3s - (2346192:train_csgo.py:961)
2025-12-28 21:34:29 - INFO - step=12200 loss=0.0028 lr=5.00e-05 grad_norm=0.11 time=2267.2s - (2346192:train_csgo.py:961)
2025-12-28 22:12:04 - INFO - step=12300 loss=0.0029 lr=5.00e-05 grad_norm=0.12 time=2255.1s - (2346192:train_csgo.py:961)
2025-12-28 22:49:40 - INFO - step=12400 loss=0.0032 lr=5.00e-05 grad_norm=0.12 time=2255.7s - (2346192:train_csgo.py:961)
2025-12-28 23:27:10 - INFO - step=12500 loss=0.0029 lr=5.00e-05 grad_norm=0.10 time=2250.4s - (2346192:train_csgo.py:961)
2025-12-29 00:04:48 - INFO - step=12600 loss=0.0031 lr=5.00e-05 grad_norm=0.11 time=2257.6s - (2346192:train_csgo.py:961)
2025-12-29 00:42:33 - INFO - step=12700 loss=0.0026 lr=5.00e-05 grad_norm=0.11 time=2265.1s - (2346192:train_csgo.py:961)
2025-12-29 01:20:13 - INFO - step=12800 loss=0.0026 lr=5.00e-05 grad_norm=0.10 time=2259.8s - (2346192:train_csgo.py:961)
2025-12-29 01:57:57 - INFO - step=12900 loss=0.0026 lr=5.00e-05 grad_norm=0.10 time=2264.3s - (2346192:train_csgo.py:961)
2025-12-29 02:35:36 - INFO - step=13000 loss=0.0029 lr=5.00e-05 grad_norm=0.11 time=2258.7s - (2346192:train_csgo.py:961)
2025-12-29 03:13:14 - INFO - step=13100 loss=0.0030 lr=5.00e-05 grad_norm=0.11 time=2258.0s - (2346192:train_csgo.py:961)
2025-12-29 03:50:59 - INFO - step=13200 loss=0.0030 lr=5.00e-05 grad_norm=0.11 time=2265.1s - (2346192:train_csgo.py:961)
2025-12-29 04:28:36 - INFO - step=13300 loss=0.0024 lr=5.00e-05 grad_norm=0.10 time=2257.6s - (2346192:train_csgo.py:961)
2025-12-29 05:06:21 - INFO - step=13400 loss=0.0029 lr=5.00e-05 grad_norm=0.11 time=2264.2s - (2346192:train_csgo.py:961)
2025-12-29 05:43:55 - INFO - step=13500 loss=0.0030 lr=5.00e-05 grad_norm=0.10 time=2254.2s - (2346192:train_csgo.py:961)
2025-12-29 06:21:37 - INFO - step=13600 loss=0.0027 lr=5.00e-05 grad_norm=0.11 time=2262.4s - (2346192:train_csgo.py:961)
2025-12-29 06:59:06 - INFO - step=13700 loss=0.0028 lr=5.00e-05 grad_norm=0.11 time=2249.3s - (2346192:train_csgo.py:961)
2025-12-29 07:36:48 - INFO - step=13800 loss=0.0028 lr=5.00e-05 grad_norm=0.10 time=2261.6s - (2346192:train_csgo.py:961)
2025-12-29 08:14:21 - INFO - step=13900 loss=0.0026 lr=5.00e-05 grad_norm=0.10 time=2252.5s - (2346192:train_csgo.py:961)
2025-12-29 08:51:48 - INFO - step=14000 loss=0.0030 lr=5.00e-05 grad_norm=0.11 time=2247.2s - (2346192:train_csgo.py:961)
2025-12-29 09:29:24 - INFO - step=14100 loss=0.0025 lr=5.00e-05 grad_norm=0.09 time=2256.6s - (2346192:train_csgo.py:961)
2025-12-29 10:06:52 - INFO - step=14200 loss=0.0028 lr=5.00e-05 grad_norm=0.11 time=2247.9s - (2346192:train_csgo.py:961)
2025-12-29 10:44:15 - INFO - step=14300 loss=0.0028 lr=5.00e-05 grad_norm=0.12 time=2242.7s - (2346192:train_csgo.py:961)
2025-12-29 11:21:45 - INFO - step=14400 loss=0.0029 lr=5.00e-05 grad_norm=0.11 time=2250.4s - (2346192:train_csgo.py:961)
2025-12-29 11:59:21 - INFO - step=14500 loss=0.0028 lr=5.00e-05 grad_norm=0.10 time=2255.4s - (2346192:train_csgo.py:961)
2025-12-29 12:36:57 - INFO - step=14600 loss=0.0026 lr=5.00e-05 grad_norm=0.10 time=2256.0s - (2346192:train_csgo.py:961)
2025-12-29 13:14:26 - INFO - step=14700 loss=0.0025 lr=5.00e-05 grad_norm=0.10 time=2249.6s - (2346192:train_csgo.py:961)
2025-12-29 13:51:58 - INFO - step=14800 loss=0.0026 lr=5.00e-05 grad_norm=0.10 time=2251.8s - (2346192:train_csgo.py:961)
2025-12-29 14:29:37 - INFO - step=14900 loss=0.0026 lr=5.00e-05 grad_norm=0.10 time=2258.8s - (2346192:train_csgo.py:961)
2025-12-29 15:07:25 - INFO - Saved checkpoint at step 15000 -> /data/jiahao/openpi/checkpoints/pi05_csgo_3maps_exp8/pi05_csgo_3maps_exp8/15000 - (2346192:train_csgo.py:240)
2025-12-29 15:07:41 - INFO - step=15000 loss=0.0024 lr=5.00e-05 grad_norm=0.09 time=2284.1s - (2346192:train_csgo.py:961)
2025-12-29 15:45:22 - INFO - step=15100 loss=0.0025 lr=5.00e-05 grad_norm=0.09 time=2261.1s - (2346192:train_csgo.py:961)
2025-12-29 16:23:23 - INFO - step=15200 loss=0.0025 lr=5.00e-05 grad_norm=0.10 time=2280.6s - (2346192:train_csgo.py:961)
2025-12-29 17:01:13 - INFO - step=15300 loss=0.0027 lr=5.00e-05 grad_norm=0.11 time=2270.4s - (2346192:train_csgo.py:961)
2025-12-29 17:39:21 - INFO - step=15400 loss=0.0024 lr=5.00e-05 grad_norm=0.10 time=2287.2s - (2346192:train_csgo.py:961)
2025-12-29 18:17:27 - INFO - step=15500 loss=0.0027 lr=5.00e-05 grad_norm=0.10 time=2286.1s - (2346192:train_csgo.py:961)
2025-12-29 18:55:37 - INFO - step=15600 loss=0.0024 lr=5.00e-05 grad_norm=0.09 time=2290.1s - (2346192:train_csgo.py:961)
2025-12-29 19:33:31 - INFO - step=15700 loss=0.0027 lr=5.00e-05 grad_norm=0.11 time=2273.8s - (2346192:train_csgo.py:961)
2025-12-29 20:11:16 - INFO - step=15800 loss=0.0025 lr=5.00e-05 grad_norm=0.09 time=2265.6s - (2346192:train_csgo.py:961)
2025-12-29 20:49:13 - INFO - step=15900 loss=0.0023 lr=5.00e-05 grad_norm=0.09 time=2276.7s - (2346192:train_csgo.py:961)
2025-12-29 21:32:12 - INFO - step=16000 loss=0.0023 lr=5.00e-05 grad_norm=0.10 time=2579.0s - (2346192:train_csgo.py:961)
2025-12-29 22:10:19 - INFO - step=16100 loss=0.0026 lr=5.00e-05 grad_norm=0.10 time=2286.8s - (2346192:train_csgo.py:961)
2025-12-29 22:48:05 - INFO - step=16200 loss=0.0027 lr=5.00e-05 grad_norm=0.11 time=2266.3s - (2346192:train_csgo.py:961)
2025-12-29 23:25:54 - INFO - step=16300 loss=0.0024 lr=5.00e-05 grad_norm=0.09 time=2269.0s - (2346192:train_csgo.py:961)
2025-12-30 00:03:57 - INFO - step=16400 loss=0.0027 lr=5.00e-05 grad_norm=0.09 time=2282.6s - (2346192:train_csgo.py:961)
2025-12-30 00:42:05 - INFO - step=16500 loss=0.0024 lr=5.00e-05 grad_norm=0.10 time=2288.3s - (2346192:train_csgo.py:961)
2025-12-30 01:20:38 - INFO - step=16600 loss=0.0025 lr=5.00e-05 grad_norm=0.10 time=2312.8s - (2346192:train_csgo.py:961)
2025-12-30 01:59:33 - INFO - step=16700 loss=0.0022 lr=5.00e-05 grad_norm=0.08 time=2335.2s - (2346192:train_csgo.py:961)
2025-12-30 02:38:49 - INFO - step=16800 loss=0.0030 lr=5.00e-05 grad_norm=0.12 time=2356.1s - (2346192:train_csgo.py:961)
2025-12-30 03:18:16 - INFO - step=16900 loss=0.0024 lr=5.00e-05 grad_norm=0.09 time=2367.0s - (2346192:train_csgo.py:961)
2025-12-30 03:57:40 - INFO - step=17000 loss=0.0026 lr=5.00e-05 grad_norm=0.10 time=2363.3s - (2346192:train_csgo.py:961)
2025-12-30 04:35:51 - INFO - step=17100 loss=0.0025 lr=5.00e-05 grad_norm=0.10 time=2291.7s - (2346192:train_csgo.py:961)
2025-12-30 05:14:15 - INFO - step=17200 loss=0.0025 lr=5.00e-05 grad_norm=0.10 time=2303.9s - (2346192:train_csgo.py:961)
2025-12-30 05:52:25 - INFO - step=17300 loss=0.0024 lr=5.00e-05 grad_norm=0.10 time=2290.0s - (2346192:train_csgo.py:961)
2025-12-30 06:30:47 - INFO - step=17400 loss=0.0024 lr=5.00e-05 grad_norm=0.09 time=2302.2s - (2346192:train_csgo.py:961)
2025-12-30 07:09:16 - INFO - step=17500 loss=0.0024 lr=5.00e-05 grad_norm=0.10 time=2308.5s - (2346192:train_csgo.py:961)
2025-12-30 07:47:28 - INFO - step=17600 loss=0.0023 lr=5.00e-05 grad_norm=0.10 time=2292.1s - (2346192:train_csgo.py:961)
2025-12-30 08:25:39 - INFO - step=17700 loss=0.0023 lr=5.00e-05 grad_norm=0.09 time=2291.2s - (2346192:train_csgo.py:961)
2025-12-30 09:04:06 - INFO - step=17800 loss=0.0023 lr=5.00e-05 grad_norm=0.09 time=2307.0s - (2346192:train_csgo.py:961)
2025-12-30 09:42:27 - INFO - step=17900 loss=0.0027 lr=5.00e-05 grad_norm=0.11 time=2301.2s - (2346192:train_csgo.py:961)
