2025-12-31 00:57:11 - INFO - Resuming from experiment checkpoint directory: /data/jiahao/openpi/checkpoints/pi05_csgo_3maps_exp8/pi05_csgo_3maps_exp8 at step 15000 - (119652:train_csgo.py:602)
2025-12-31 00:57:11 - INFO - Using existing experiment checkpoint directory: /data/jiahao/openpi/checkpoints/pi05_csgo_3maps_exp8/pi05_csgo_3maps_exp8 - (119652:train_csgo.py:621)
2025-12-31 00:57:13 - INFO - Using batch size per GPU: 128 (total batch size across 1 GPUs: 128) - (119652:train_csgo.py:632)
2025-12-31 00:57:13 - INFO - Norm stats not found in /home/jiahao/task/openpi/assets/pi05_csgo_3maps_exp8/physical-intelligence/libero, skipping. - (119652:config.py:204)
2025-12-31 00:57:13 - INFO - data_config: DataConfig(is_csgo=True, csgo_config={'debug': False, 'data_dir': 'data/preprocessed_data', 'train_maps': ['de_dust2', 'de_nuke', 'de_ancient'], 'val_maps': ['de_dust2', 'de_nuke', 'de_ancient'], 'test_maps': ['de_dust2', 'de_nuke', 'de_ancient'], 'map_size': [224, 224], 'fps_size': [224, 224], 'is_dataset_aug': False, 'is_fps_dropout': True, 'is_fps_aug': False, 'erasing_p': 0.6}, repo_id='physical-intelligence/libero', asset_id='physical-intelligence/libero', norm_stats=None, repack_transforms=Group(inputs=[RepackTransform(structure={'observation/image': 'image', 'observation/wrist_image': 'wrist_image', 'observation/state': 'state', 'map_id': 'map_id', 'actions': 'actions', 'prompt': 'prompt'})], outputs=()), data_transforms=Group(inputs=[CsgoInputs(model_type=<ModelType.PI05: 'pi05'>)], outputs=[CsgoOutputs()]), model_transforms=Group(inputs=[InjectDefaultPrompt(prompt=None), ResizeImages(height=224, width=224), TokenizePrompt(tokenizer=<openpi.models.tokenizer.PaligemmaTokenizer object at 0x7d06dd3188d0>, discrete_state_input=False), PadStatesAndActions(model_action_dim=32)], outputs=()), use_quantile_norm=True, action_sequence_keys=('actions',), prompt_from_task=True, rlds_data_dir=None, action_space=None, filter_dict_path=None) - (119652:data_loader.py:305)
2025-12-31 00:57:13 - INFO - local dataset: 60000 - (119652:data_loader.py:405)
2025-12-31 00:57:13 - INFO - local_batch_size: 128 - (119652:data_loader.py:406)
2025-12-31 00:57:14 - INFO - Unable to initialize backend 'rocm': module 'jaxlib.xla_extension' has no attribute 'GpuAllocatorConfig' - (119652:xla_bridge.py:925)
2025-12-31 00:57:14 - INFO - Unable to initialize backend 'tpu': INTERNAL: Failed to open libtpu.so: libtpu.so: cannot open shared object file: No such file or directory - (119652:xla_bridge.py:925)
2025-12-31 00:57:14 - INFO - local dataloader: 468 - (119652:data_loader.py:418)
2025-12-31 00:57:37 - INFO - 
batch_sample: [<class 'openpi.models.model.Observation'>, <class 'torch.Tensor'>] - (119652:train_csgo.py:640)
2025-12-31 00:57:37 - INFO - batch_sample[0].to_dict().keys() = dict_keys(['map_ids', 'state', 'tokenized_prompt', 'tokenized_prompt_mask', 'token_ar_mask', 'token_loss_mask', 'image', 'image_mask']) - (119652:train_csgo.py:641)
2025-12-31 00:57:37 - INFO - batch_sample[1].shape = torch.Size([128, 1, 32]) - (119652:train_csgo.py:642)
2025-12-31 00:57:37 - INFO - 
 - (119652:train_csgo.py:643)
2025-12-31 00:58:33 - INFO - Enabled gradient checkpointing for PI0Pytorch model - (119652:pi0_pytorch.py:301)
2025-12-31 00:58:33 - INFO - Enabled gradient checkpointing for memory optimization - (119652:train_csgo.py:707)
2025-12-31 00:58:33 - INFO - Step 0 (after_model_creation): GPU memory - allocated: 7.49GB, reserved: 7.52GB, free: 0.03GB, peak_allocated: 7.49GB, peak_reserved: 7.52GB - (119652:train_csgo.py:354)
2025-12-31 00:58:33 - INFO - Loading weights from: /home/jiahao/.cache/openpi/openpi-assets/checkpoints/pi05_base - (119652:train_csgo.py:736)
2025-12-31 00:58:38 - INFO - Loaded PyTorch weights from /home/jiahao/.cache/openpi/openpi-assets/checkpoints/pi05_base - (119652:train_csgo.py:745)
2025-12-31 00:58:39 - INFO - Step 15000 (before_loading_checkpoint): GPU memory - allocated: 7.49GB, reserved: 7.52GB, free: 0.03GB, peak_allocated: 7.49GB, peak_reserved: 7.52GB - (119652:train_csgo.py:354)
2025-12-31 00:58:39 - INFO - Loading model state... - (119652:train_csgo.py:269)
2025-12-31 00:58:44 - INFO - Loaded model state from safetensors format - (119652:train_csgo.py:275)
2025-12-31 00:58:45 - INFO - Step 15000 (after_loading_model): GPU memory - allocated: 7.49GB, reserved: 7.52GB, free: 0.03GB, peak_allocated: 14.97GB, peak_reserved: 15.04GB - (119652:train_csgo.py:354)
2025-12-31 00:58:45 - INFO - Loading optimizer state... - (119652:train_csgo.py:284)
2025-12-31 00:59:10 - INFO - Loaded optimizer state from pt format - (119652:train_csgo.py:289)
2025-12-31 00:59:11 - INFO - Step 15000 (after_loading_optimizer): GPU memory - allocated: 20.98GB, reserved: 21.11GB, free: 0.13GB, peak_allocated: 20.98GB, peak_reserved: 21.11GB - (119652:train_csgo.py:354)
2025-12-31 00:59:11 - INFO - Loading metadata... - (119652:train_csgo.py:300)
2025-12-31 00:59:11 - INFO - Step 15000 (after_loading_metadata): GPU memory - allocated: 20.98GB, reserved: 21.11GB, free: 0.13GB, peak_allocated: 20.98GB, peak_reserved: 21.11GB - (119652:train_csgo.py:354)
2025-12-31 00:59:11 - INFO - Successfully loaded all checkpoint components from step 15000 - (119652:train_csgo.py:308)
2025-12-31 00:59:11 - INFO - Resumed training from step 15000 - (119652:train_csgo.py:778)
2025-12-31 00:59:11 - INFO - Running on: gpu-05 | world_size=1 - (119652:train_csgo.py:805)
2025-12-31 00:59:11 - INFO - Training config: batch_size=128, effective_batch_size=128, num_train_steps=30000 - (119652:train_csgo.py:808)
2025-12-31 00:59:11 - INFO - Memory optimizations: gradient_checkpointing=True - (119652:train_csgo.py:811)
2025-12-31 00:59:11 - INFO - LR schedule: warmup=1000, peak_lr=5.00e-05, decay_steps=100000, end_lr=5.00e-05 - (119652:train_csgo.py:812)
2025-12-31 00:59:11 - INFO - Optimizer: AdamW, weight_decay=1e-10, clip_norm=1.0 - (119652:train_csgo.py:815)
2025-12-31 00:59:11 - INFO - EMA is not supported for PyTorch training - (119652:train_csgo.py:818)
2025-12-31 00:59:11 - INFO - Training precision: bfloat16 - (119652:train_csgo.py:819)
2025-12-31 00:59:11 - INFO -     Parameters to be optimized: - (119652:train_csgo.py:822)
2025-12-31 00:59:11 - INFO -         [TRAINABLE] paligemma_with_expert.paligemma.model.vision_tower.vision_model.embeddings.patch_embedding.weight (shape: torch.Size([1152, 3, 14, 14])) - (119652:train_csgo.py:825)
2025-12-31 00:59:11 - INFO -         [TRAINABLE] paligemma_with_expert.paligemma.model.vision_tower.vision_model.embeddings.patch_embedding.bias (shape: torch.Size([1152])) - (119652:train_csgo.py:825)
2025-12-31 00:59:11 - INFO -         [TRAINABLE] paligemma_with_expert.paligemma.model.vision_tower.vision_model.embeddings.position_embedding.weight (shape: torch.Size([256, 1152])) - (119652:train_csgo.py:825)
2025-12-31 00:59:11 - INFO -         [TRAINABLE] paligemma_with_expert.paligemma.model.vision_tower.vision_model.encoder.layers.0.layer_norm1.weight (shape: torch.Size([1152])) - (119652:train_csgo.py:825)
2025-12-31 00:59:11 - INFO -         [TRAINABLE] paligemma_with_expert.paligemma.model.vision_tower.vision_model.encoder.layers.0.layer_norm1.bias (shape: torch.Size([1152])) - (119652:train_csgo.py:825)
2025-12-31 00:59:11 - INFO -         [TRAINABLE] paligemma_with_expert.paligemma.model.vision_tower.vision_model.encoder.layers.0.self_attn.k_proj.weight (shape: torch.Size([1152, 1152])) - (119652:train_csgo.py:825)
2025-12-31 00:59:11 - INFO -         [TRAINABLE] paligemma_with_expert.paligemma.model.vision_tower.vision_model.encoder.layers.0.self_attn.k_proj.bias (shape: torch.Size([1152])) - (119652:train_csgo.py:825)
2025-12-31 00:59:11 - INFO -         [TRAINABLE] paligemma_with_expert.paligemma.model.vision_tower.vision_model.encoder.layers.0.self_attn.v_proj.weight (shape: torch.Size([1152, 1152])) - (119652:train_csgo.py:825)
2025-12-31 00:59:11 - INFO -         [TRAINABLE] paligemma_with_expert.paligemma.model.vision_tower.vision_model.encoder.layers.0.self_attn.v_proj.bias (shape: torch.Size([1152])) - (119652:train_csgo.py:825)
2025-12-31 00:59:11 - INFO -         [TRAINABLE] paligemma_with_expert.paligemma.model.vision_tower.vision_model.encoder.layers.0.self_attn.q_proj.weight (shape: torch.Size([1152, 1152])) - (119652:train_csgo.py:825)
2025-12-31 00:59:11 - INFO -         [TRAINABLE] paligemma_with_expert.paligemma.model.vision_tower.vision_model.encoder.layers.0.self_attn.q_proj.bias (shape: torch.Size([1152])) - (119652:train_csgo.py:825)
2025-12-31 00:59:11 - INFO -         [TRAINABLE] paligemma_with_expert.paligemma.model.vision_tower.vision_model.encoder.layers.0.self_attn.out_proj.weight (shape: torch.Size([1152, 1152])) - (119652:train_csgo.py:825)
2025-12-31 00:59:11 - INFO -         [TRAINABLE] paligemma_with_expert.paligemma.model.vision_tower.vision_model.encoder.layers.0.self_attn.out_proj.bias (shape: torch.Size([1152])) - (119652:train_csgo.py:825)
2025-12-31 00:59:11 - INFO -         [TRAINABLE] paligemma_with_expert.paligemma.model.vision_tower.vision_model.encoder.layers.0.layer_norm2.weight (shape: torch.Size([1152])) - (119652:train_csgo.py:825)
2025-12-31 00:59:11 - INFO -         [TRAINABLE] paligemma_with_expert.paligemma.model.vision_tower.vision_model.encoder.layers.0.layer_norm2.bias (shape: torch.Size([1152])) - (119652:train_csgo.py:825)
2025-12-31 00:59:11 - INFO -         [TRAINABLE] paligemma_with_expert.paligemma.model.vision_tower.vision_model.encoder.layers.0.mlp.fc1.weight (shape: torch.Size([4304, 1152])) - (119652:train_csgo.py:825)
2025-12-31 00:59:11 - INFO -         [TRAINABLE] paligemma_with_expert.paligemma.model.vision_tower.vision_model.encoder.layers.0.mlp.fc1.bias (shape: torch.Size([4304])) - (119652:train_csgo.py:825)
2025-12-31 00:59:11 - INFO -         [TRAINABLE] paligemma_with_expert.paligemma.model.vision_tower.vision_model.encoder.layers.0.mlp.fc2.weight (shape: torch.Size([1152, 4304])) - (119652:train_csgo.py:825)
2025-12-31 00:59:11 - INFO -         [TRAINABLE] paligemma_with_expert.paligemma.model.vision_tower.vision_model.encoder.layers.0.mlp.fc2.bias (shape: torch.Size([1152])) - (119652:train_csgo.py:825)
2025-12-31 00:59:11 - INFO -         [TRAINABLE] paligemma_with_expert.paligemma.model.vision_tower.vision_model.encoder.layers.1.layer_norm1.weight (shape: torch.Size([1152])) - (119652:train_csgo.py:825)
2025-12-31 00:59:11 - INFO -         [TRAINABLE] paligemma_with_expert.paligemma.model.vision_tower.vision_model.encoder.layers.1.layer_norm1.bias (shape: torch.Size([1152])) - (119652:train_csgo.py:825)
2025-12-31 00:59:11 - INFO -         [TRAINABLE] paligemma_with_expert.paligemma.model.vision_tower.vision_model.encoder.layers.1.self_attn.k_proj.weight (shape: torch.Size([1152, 1152])) - (119652:train_csgo.py:825)
2025-12-31 00:59:11 - INFO -         [TRAINABLE] paligemma_with_expert.paligemma.model.vision_tower.vision_model.encoder.layers.1.self_attn.k_proj.bias (shape: torch.Size([1152])) - (119652:train_csgo.py:825)
2025-12-31 00:59:11 - INFO -         [TRAINABLE] paligemma_with_expert.paligemma.model.vision_tower.vision_model.encoder.layers.1.self_attn.v_proj.weight (shape: torch.Size([1152, 1152])) - (119652:train_csgo.py:825)
2025-12-31 00:59:11 - INFO -         [TRAINABLE] paligemma_with_expert.paligemma.model.vision_tower.vision_model.encoder.layers.1.self_attn.v_proj.bias (shape: torch.Size([1152])) - (119652:train_csgo.py:825)
2025-12-31 00:59:11 - INFO -         [TRAINABLE] paligemma_with_expert.paligemma.model.vision_tower.vision_model.encoder.layers.1.self_attn.q_proj.weight (shape: torch.Size([1152, 1152])) - (119652:train_csgo.py:825)
2025-12-31 00:59:11 - INFO -         [TRAINABLE] paligemma_with_expert.paligemma.model.vision_tower.vision_model.encoder.layers.1.self_attn.q_proj.bias (shape: torch.Size([1152])) - (119652:train_csgo.py:825)
2025-12-31 00:59:11 - INFO -         [TRAINABLE] paligemma_with_expert.paligemma.model.vision_tower.vision_model.encoder.layers.1.self_attn.out_proj.weight (shape: torch.Size([1152, 1152])) - (119652:train_csgo.py:825)
2025-12-31 00:59:11 - INFO -         [TRAINABLE] paligemma_with_expert.paligemma.model.vision_tower.vision_model.encoder.layers.1.self_attn.out_proj.bias (shape: torch.Size([1152])) - (119652:train_csgo.py:825)
2025-12-31 00:59:11 - INFO -         [TRAINABLE] paligemma_with_expert.paligemma.model.vision_tower.vision_model.encoder.layers.1.layer_norm2.weight (shape: torch.Size([1152])) - (119652:train_csgo.py:825)
2025-12-31 00:59:11 - INFO -         [TRAINABLE] paligemma_with_expert.paligemma.model.vision_tower.vision_model.encoder.layers.1.layer_norm2.bias (shape: torch.Size([1152])) - (119652:train_csgo.py:825)
2025-12-31 00:59:11 - INFO -         [TRAINABLE] paligemma_with_expert.paligemma.model.vision_tower.vision_model.encoder.layers.1.mlp.fc1.weight (shape: torch.Size([4304, 1152])) - (119652:train_csgo.py:825)
2025-12-31 00:59:11 - INFO -         [TRAINABLE] paligemma_with_expert.paligemma.model.vision_tower.vision_model.encoder.layers.1.mlp.fc1.bias (shape: torch.Size([4304])) - (119652:train_csgo.py:825)
2025-12-31 00:59:11 - INFO -         [TRAINABLE] paligemma_with_expert.paligemma.model.vision_tower.vision_model.encoder.layers.1.mlp.fc2.weight (shape: torch.Size([1152, 4304])) - (119652:train_csgo.py:825)
2025-12-31 00:59:11 - INFO -         [TRAINABLE] paligemma_with_expert.paligemma.model.vision_tower.vision_model.encoder.layers.1.mlp.fc2.bias (shape: torch.Size([1152])) - (119652:train_csgo.py:825)
2025-12-31 00:59:11 - INFO -         [TRAINABLE] paligemma_with_expert.paligemma.model.vision_tower.vision_model.encoder.layers.2.layer_norm1.weight (shape: torch.Size([1152])) - (119652:train_csgo.py:825)
2025-12-31 00:59:11 - INFO -         [TRAINABLE] paligemma_with_expert.paligemma.model.vision_tower.vision_model.encoder.layers.2.layer_norm1.bias (shape: torch.Size([1152])) - (119652:train_csgo.py:825)
2025-12-31 00:59:11 - INFO -         [TRAINABLE] paligemma_with_expert.paligemma.model.vision_tower.vision_model.encoder.layers.2.self_attn.k_proj.weight (shape: torch.Size([1152, 1152])) - (119652:train_csgo.py:825)
2025-12-31 00:59:11 - INFO -         [TRAINABLE] paligemma_with_expert.paligemma.model.vision_tower.vision_model.encoder.layers.2.self_attn.k_proj.bias (shape: torch.Size([1152])) - (119652:train_csgo.py:825)
2025-12-31 00:59:11 - INFO -         [TRAINABLE] paligemma_with_expert.paligemma.model.vision_tower.vision_model.encoder.layers.2.self_attn.v_proj.weight (shape: torch.Size([1152, 1152])) - (119652:train_csgo.py:825)
2025-12-31 00:59:11 - INFO -         [TRAINABLE] paligemma_with_expert.paligemma.model.vision_tower.vision_model.encoder.layers.2.self_attn.v_proj.bias (shape: torch.Size([1152])) - (119652:train_csgo.py:825)
2025-12-31 00:59:11 - INFO -         [TRAINABLE] paligemma_with_expert.paligemma.model.vision_tower.vision_model.encoder.layers.2.self_attn.q_proj.weight (shape: torch.Size([1152, 1152])) - (119652:train_csgo.py:825)
2025-12-31 00:59:11 - INFO -         [TRAINABLE] paligemma_with_expert.paligemma.model.vision_tower.vision_model.encoder.layers.2.self_attn.q_proj.bias (shape: torch.Size([1152])) - (119652:train_csgo.py:825)
2025-12-31 00:59:11 - INFO -         [TRAINABLE] paligemma_with_expert.paligemma.model.vision_tower.vision_model.encoder.layers.2.self_attn.out_proj.weight (shape: torch.Size([1152, 1152])) - (119652:train_csgo.py:825)
2025-12-31 00:59:11 - INFO -         [TRAINABLE] paligemma_with_expert.paligemma.model.vision_tower.vision_model.encoder.layers.2.self_attn.out_proj.bias (shape: torch.Size([1152])) - (119652:train_csgo.py:825)
2025-12-31 00:59:11 - INFO -         [TRAINABLE] paligemma_with_expert.paligemma.model.vision_tower.vision_model.encoder.layers.2.layer_norm2.weight (shape: torch.Size([1152])) - (119652:train_csgo.py:825)
2025-12-31 00:59:11 - INFO -         [TRAINABLE] paligemma_with_expert.paligemma.model.vision_tower.vision_model.encoder.layers.2.layer_norm2.bias (shape: torch.Size([1152])) - (119652:train_csgo.py:825)
2025-12-31 00:59:11 - INFO -         [TRAINABLE] paligemma_with_expert.paligemma.model.vision_tower.vision_model.encoder.layers.2.mlp.fc1.weight (shape: torch.Size([4304, 1152])) - (119652:train_csgo.py:825)
2025-12-31 00:59:11 - INFO -         [TRAINABLE] paligemma_with_expert.paligemma.model.vision_tower.vision_model.encoder.layers.2.mlp.fc1.bias (shape: torch.Size([4304])) - (119652:train_csgo.py:825)
2025-12-31 00:59:11 - INFO -         [TRAINABLE] paligemma_with_expert.paligemma.model.vision_tower.vision_model.encoder.layers.2.mlp.fc2.weight (shape: torch.Size([1152, 4304])) - (119652:train_csgo.py:825)
2025-12-31 00:59:11 - INFO -         [TRAINABLE] paligemma_with_expert.paligemma.model.vision_tower.vision_model.encoder.layers.2.mlp.fc2.bias (shape: torch.Size([1152])) - (119652:train_csgo.py:825)
2025-12-31 00:59:11 - INFO -         [TRAINABLE] paligemma_with_expert.paligemma.model.vision_tower.vision_model.encoder.layers.3.layer_norm1.weight (shape: torch.Size([1152])) - (119652:train_csgo.py:825)
2025-12-31 00:59:11 - INFO -         [TRAINABLE] paligemma_with_expert.paligemma.model.vision_tower.vision_model.encoder.layers.3.layer_norm1.bias (shape: torch.Size([1152])) - (119652:train_csgo.py:825)
2025-12-31 00:59:11 - INFO -         [TRAINABLE] paligemma_with_expert.paligemma.model.vision_tower.vision_model.encoder.layers.3.self_attn.k_proj.weight (shape: torch.Size([1152, 1152])) - (119652:train_csgo.py:825)
2025-12-31 00:59:11 - INFO -         [TRAINABLE] paligemma_with_expert.paligemma.model.vision_tower.vision_model.encoder.layers.3.self_attn.k_proj.bias (shape: torch.Size([1152])) - (119652:train_csgo.py:825)
2025-12-31 00:59:11 - INFO -         [TRAINABLE] paligemma_with_expert.paligemma.model.vision_tower.vision_model.encoder.layers.3.self_attn.v_proj.weight (shape: torch.Size([1152, 1152])) - (119652:train_csgo.py:825)
2025-12-31 00:59:11 - INFO -         [TRAINABLE] paligemma_with_expert.paligemma.model.vision_tower.vision_model.encoder.layers.3.self_attn.v_proj.bias (shape: torch.Size([1152])) - (119652:train_csgo.py:825)
2025-12-31 00:59:11 - INFO -         [TRAINABLE] paligemma_with_expert.paligemma.model.vision_tower.vision_model.encoder.layers.3.self_attn.q_proj.weight (shape: torch.Size([1152, 1152])) - (119652:train_csgo.py:825)
2025-12-31 00:59:11 - INFO -         [TRAINABLE] paligemma_with_expert.paligemma.model.vision_tower.vision_model.encoder.layers.3.self_attn.q_proj.bias (shape: torch.Size([1152])) - (119652:train_csgo.py:825)
2025-12-31 00:59:11 - INFO -         [TRAINABLE] paligemma_with_expert.paligemma.model.vision_tower.vision_model.encoder.layers.3.self_attn.out_proj.weight (shape: torch.Size([1152, 1152])) - (119652:train_csgo.py:825)
2025-12-31 00:59:11 - INFO -         [TRAINABLE] paligemma_with_expert.paligemma.model.vision_tower.vision_model.encoder.layers.3.self_attn.out_proj.bias (shape: torch.Size([1152])) - (119652:train_csgo.py:825)
2025-12-31 00:59:11 - INFO -         [TRAINABLE] paligemma_with_expert.paligemma.model.vision_tower.vision_model.encoder.layers.3.layer_norm2.weight (shape: torch.Size([1152])) - (119652:train_csgo.py:825)
2025-12-31 00:59:11 - INFO -         [TRAINABLE] paligemma_with_expert.paligemma.model.vision_tower.vision_model.encoder.layers.3.layer_norm2.bias (shape: torch.Size([1152])) - (119652:train_csgo.py:825)
2025-12-31 00:59:11 - INFO -         [TRAINABLE] paligemma_with_expert.paligemma.model.vision_tower.vision_model.encoder.layers.3.mlp.fc1.weight (shape: torch.Size([4304, 1152])) - (119652:train_csgo.py:825)
2025-12-31 00:59:11 - INFO -         [TRAINABLE] paligemma_with_expert.paligemma.model.vision_tower.vision_model.encoder.layers.3.mlp.fc1.bias (shape: torch.Size([4304])) - (119652:train_csgo.py:825)
2025-12-31 00:59:11 - INFO -         [TRAINABLE] paligemma_with_expert.paligemma.model.vision_tower.vision_model.encoder.layers.3.mlp.fc2.weight (shape: torch.Size([1152, 4304])) - (119652:train_csgo.py:825)
2025-12-31 00:59:11 - INFO -         [TRAINABLE] paligemma_with_expert.paligemma.model.vision_tower.vision_model.encoder.layers.3.mlp.fc2.bias (shape: torch.Size([1152])) - (119652:train_csgo.py:825)
2025-12-31 00:59:11 - INFO -         [TRAINABLE] paligemma_with_expert.paligemma.model.vision_tower.vision_model.encoder.layers.4.layer_norm1.weight (shape: torch.Size([1152])) - (119652:train_csgo.py:825)
2025-12-31 00:59:11 - INFO -         [TRAINABLE] paligemma_with_expert.paligemma.model.vision_tower.vision_model.encoder.layers.4.layer_norm1.bias (shape: torch.Size([1152])) - (119652:train_csgo.py:825)
2025-12-31 00:59:11 - INFO -         [TRAINABLE] paligemma_with_expert.paligemma.model.vision_tower.vision_model.encoder.layers.4.self_attn.k_proj.weight (shape: torch.Size([1152, 1152])) - (119652:train_csgo.py:825)
2025-12-31 00:59:11 - INFO -         [TRAINABLE] paligemma_with_expert.paligemma.model.vision_tower.vision_model.encoder.layers.4.self_attn.k_proj.bias (shape: torch.Size([1152])) - (119652:train_csgo.py:825)
2025-12-31 00:59:11 - INFO -         [TRAINABLE] paligemma_with_expert.paligemma.model.vision_tower.vision_model.encoder.layers.4.self_attn.v_proj.weight (shape: torch.Size([1152, 1152])) - (119652:train_csgo.py:825)
2025-12-31 00:59:11 - INFO -         [TRAINABLE] paligemma_with_expert.paligemma.model.vision_tower.vision_model.encoder.layers.4.self_attn.v_proj.bias (shape: torch.Size([1152])) - (119652:train_csgo.py:825)
2025-12-31 00:59:11 - INFO -         [TRAINABLE] paligemma_with_expert.paligemma.model.vision_tower.vision_model.encoder.layers.4.self_attn.q_proj.weight (shape: torch.Size([1152, 1152])) - (119652:train_csgo.py:825)
2025-12-31 00:59:11 - INFO -         [TRAINABLE] paligemma_with_expert.paligemma.model.vision_tower.vision_model.encoder.layers.4.self_attn.q_proj.bias (shape: torch.Size([1152])) - (119652:train_csgo.py:825)
2025-12-31 00:59:11 - INFO -         [TRAINABLE] paligemma_with_expert.paligemma.model.vision_tower.vision_model.encoder.layers.4.self_attn.out_proj.weight (shape: torch.Size([1152, 1152])) - (119652:train_csgo.py:825)
2025-12-31 00:59:11 - INFO -         [TRAINABLE] paligemma_with_expert.paligemma.model.vision_tower.vision_model.encoder.layers.4.self_attn.out_proj.bias (shape: torch.Size([1152])) - (119652:train_csgo.py:825)
2025-12-31 00:59:11 - INFO -         [TRAINABLE] paligemma_with_expert.paligemma.model.vision_tower.vision_model.encoder.layers.4.layer_norm2.weight (shape: torch.Size([1152])) - (119652:train_csgo.py:825)
2025-12-31 00:59:11 - INFO -         [TRAINABLE] paligemma_with_expert.paligemma.model.vision_tower.vision_model.encoder.layers.4.layer_norm2.bias (shape: torch.Size([1152])) - (119652:train_csgo.py:825)
2025-12-31 00:59:11 - INFO -         [TRAINABLE] paligemma_with_expert.paligemma.model.vision_tower.vision_model.encoder.layers.4.mlp.fc1.weight (shape: torch.Size([4304, 1152])) - (119652:train_csgo.py:825)
2025-12-31 00:59:11 - INFO -         [TRAINABLE] paligemma_with_expert.paligemma.model.vision_tower.vision_model.encoder.layers.4.mlp.fc1.bias (shape: torch.Size([4304])) - (119652:train_csgo.py:825)
2025-12-31 00:59:11 - INFO -         [TRAINABLE] paligemma_with_expert.paligemma.model.vision_tower.vision_model.encoder.layers.4.mlp.fc2.weight (shape: torch.Size([1152, 4304])) - (119652:train_csgo.py:825)
2025-12-31 00:59:11 - INFO -         [TRAINABLE] paligemma_with_expert.paligemma.model.vision_tower.vision_model.encoder.layers.4.mlp.fc2.bias (shape: torch.Size([1152])) - (119652:train_csgo.py:825)
2025-12-31 00:59:11 - INFO -         [TRAINABLE] paligemma_with_expert.paligemma.model.vision_tower.vision_model.encoder.layers.5.layer_norm1.weight (shape: torch.Size([1152])) - (119652:train_csgo.py:825)
2025-12-31 00:59:11 - INFO -         [TRAINABLE] paligemma_with_expert.paligemma.model.vision_tower.vision_model.encoder.layers.5.layer_norm1.bias (shape: torch.Size([1152])) - (119652:train_csgo.py:825)
2025-12-31 00:59:11 - INFO -         [TRAINABLE] paligemma_with_expert.paligemma.model.vision_tower.vision_model.encoder.layers.5.self_attn.k_proj.weight (shape: torch.Size([1152, 1152])) - (119652:train_csgo.py:825)
2025-12-31 00:59:11 - INFO -         [TRAINABLE] paligemma_with_expert.paligemma.model.vision_tower.vision_model.encoder.layers.5.self_attn.k_proj.bias (shape: torch.Size([1152])) - (119652:train_csgo.py:825)
2025-12-31 00:59:11 - INFO -         [TRAINABLE] paligemma_with_expert.paligemma.model.vision_tower.vision_model.encoder.layers.5.self_attn.v_proj.weight (shape: torch.Size([1152, 1152])) - (119652:train_csgo.py:825)
2025-12-31 00:59:11 - INFO -         [TRAINABLE] paligemma_with_expert.paligemma.model.vision_tower.vision_model.encoder.layers.5.self_attn.v_proj.bias (shape: torch.Size([1152])) - (119652:train_csgo.py:825)
2025-12-31 00:59:11 - INFO -         [TRAINABLE] paligemma_with_expert.paligemma.model.vision_tower.vision_model.encoder.layers.5.self_attn.q_proj.weight (shape: torch.Size([1152, 1152])) - (119652:train_csgo.py:825)
2025-12-31 00:59:11 - INFO -         [TRAINABLE] paligemma_with_expert.paligemma.model.vision_tower.vision_model.encoder.layers.5.self_attn.q_proj.bias (shape: torch.Size([1152])) - (119652:train_csgo.py:825)
2025-12-31 00:59:11 - INFO -         [TRAINABLE] paligemma_with_expert.paligemma.model.vision_tower.vision_model.encoder.layers.5.self_attn.out_proj.weight (shape: torch.Size([1152, 1152])) - (119652:train_csgo.py:825)
2025-12-31 00:59:11 - INFO -         [TRAINABLE] paligemma_with_expert.paligemma.model.vision_tower.vision_model.encoder.layers.5.self_attn.out_proj.bias (shape: torch.Size([1152])) - (119652:train_csgo.py:825)
2025-12-31 00:59:11 - INFO -         [TRAINABLE] paligemma_with_expert.paligemma.model.vision_tower.vision_model.encoder.layers.5.layer_norm2.weight (shape: torch.Size([1152])) - (119652:train_csgo.py:825)
2025-12-31 00:59:11 - INFO -         [TRAINABLE] paligemma_with_expert.paligemma.model.vision_tower.vision_model.encoder.layers.5.layer_norm2.bias (shape: torch.Size([1152])) - (119652:train_csgo.py:825)
2025-12-31 00:59:11 - INFO -         [TRAINABLE] paligemma_with_expert.paligemma.model.vision_tower.vision_model.encoder.layers.5.mlp.fc1.weight (shape: torch.Size([4304, 1152])) - (119652:train_csgo.py:825)
2025-12-31 00:59:11 - INFO -         [TRAINABLE] paligemma_with_expert.paligemma.model.vision_tower.vision_model.encoder.layers.5.mlp.fc1.bias (shape: torch.Size([4304])) - (119652:train_csgo.py:825)
2025-12-31 00:59:11 - INFO -         [TRAINABLE] paligemma_with_expert.paligemma.model.vision_tower.vision_model.encoder.layers.5.mlp.fc2.weight (shape: torch.Size([1152, 4304])) - (119652:train_csgo.py:825)
2025-12-31 00:59:11 - INFO -         [TRAINABLE] paligemma_with_expert.paligemma.model.vision_tower.vision_model.encoder.layers.5.mlp.fc2.bias (shape: torch.Size([1152])) - (119652:train_csgo.py:825)
2025-12-31 00:59:11 - INFO -         [TRAINABLE] paligemma_with_expert.paligemma.model.vision_tower.vision_model.encoder.layers.6.layer_norm1.weight (shape: torch.Size([1152])) - (119652:train_csgo.py:825)
2025-12-31 00:59:11 - INFO -         [TRAINABLE] paligemma_with_expert.paligemma.model.vision_tower.vision_model.encoder.layers.6.layer_norm1.bias (shape: torch.Size([1152])) - (119652:train_csgo.py:825)
2025-12-31 00:59:11 - INFO -         [TRAINABLE] paligemma_with_expert.paligemma.model.vision_tower.vision_model.encoder.layers.6.self_attn.k_proj.weight (shape: torch.Size([1152, 1152])) - (119652:train_csgo.py:825)
2025-12-31 00:59:11 - INFO -         [TRAINABLE] paligemma_with_expert.paligemma.model.vision_tower.vision_model.encoder.layers.6.self_attn.k_proj.bias (shape: torch.Size([1152])) - (119652:train_csgo.py:825)
2025-12-31 00:59:11 - INFO -         [TRAINABLE] paligemma_with_expert.paligemma.model.vision_tower.vision_model.encoder.layers.6.self_attn.v_proj.weight (shape: torch.Size([1152, 1152])) - (119652:train_csgo.py:825)
2025-12-31 00:59:11 - INFO -         [TRAINABLE] paligemma_with_expert.paligemma.model.vision_tower.vision_model.encoder.layers.6.self_attn.v_proj.bias (shape: torch.Size([1152])) - (119652:train_csgo.py:825)
2025-12-31 00:59:11 - INFO -         [TRAINABLE] paligemma_with_expert.paligemma.model.vision_tower.vision_model.encoder.layers.6.self_attn.q_proj.weight (shape: torch.Size([1152, 1152])) - (119652:train_csgo.py:825)
2025-12-31 00:59:11 - INFO -         [TRAINABLE] paligemma_with_expert.paligemma.model.vision_tower.vision_model.encoder.layers.6.self_attn.q_proj.bias (shape: torch.Size([1152])) - (119652:train_csgo.py:825)
2025-12-31 00:59:11 - INFO -         [TRAINABLE] paligemma_with_expert.paligemma.model.vision_tower.vision_model.encoder.layers.6.self_attn.out_proj.weight (shape: torch.Size([1152, 1152])) - (119652:train_csgo.py:825)
2025-12-31 00:59:11 - INFO -         [TRAINABLE] paligemma_with_expert.paligemma.model.vision_tower.vision_model.encoder.layers.6.self_attn.out_proj.bias (shape: torch.Size([1152])) - (119652:train_csgo.py:825)
2025-12-31 00:59:11 - INFO -         [TRAINABLE] paligemma_with_expert.paligemma.model.vision_tower.vision_model.encoder.layers.6.layer_norm2.weight (shape: torch.Size([1152])) - (119652:train_csgo.py:825)
2025-12-31 00:59:11 - INFO -         [TRAINABLE] paligemma_with_expert.paligemma.model.vision_tower.vision_model.encoder.layers.6.layer_norm2.bias (shape: torch.Size([1152])) - (119652:train_csgo.py:825)
2025-12-31 00:59:11 - INFO -         [TRAINABLE] paligemma_with_expert.paligemma.model.vision_tower.vision_model.encoder.layers.6.mlp.fc1.weight (shape: torch.Size([4304, 1152])) - (119652:train_csgo.py:825)
2025-12-31 00:59:11 - INFO -         [TRAINABLE] paligemma_with_expert.paligemma.model.vision_tower.vision_model.encoder.layers.6.mlp.fc1.bias (shape: torch.Size([4304])) - (119652:train_csgo.py:825)
2025-12-31 00:59:11 - INFO -         [TRAINABLE] paligemma_with_expert.paligemma.model.vision_tower.vision_model.encoder.layers.6.mlp.fc2.weight (shape: torch.Size([1152, 4304])) - (119652:train_csgo.py:825)
2025-12-31 00:59:11 - INFO -         [TRAINABLE] paligemma_with_expert.paligemma.model.vision_tower.vision_model.encoder.layers.6.mlp.fc2.bias (shape: torch.Size([1152])) - (119652:train_csgo.py:825)
2025-12-31 00:59:11 - INFO -         [TRAINABLE] paligemma_with_expert.paligemma.model.vision_tower.vision_model.encoder.layers.7.layer_norm1.weight (shape: torch.Size([1152])) - (119652:train_csgo.py:825)
2025-12-31 00:59:11 - INFO -         [TRAINABLE] paligemma_with_expert.paligemma.model.vision_tower.vision_model.encoder.layers.7.layer_norm1.bias (shape: torch.Size([1152])) - (119652:train_csgo.py:825)
2025-12-31 00:59:11 - INFO -         [TRAINABLE] paligemma_with_expert.paligemma.model.vision_tower.vision_model.encoder.layers.7.self_attn.k_proj.weight (shape: torch.Size([1152, 1152])) - (119652:train_csgo.py:825)
2025-12-31 00:59:11 - INFO -         [TRAINABLE] paligemma_with_expert.paligemma.model.vision_tower.vision_model.encoder.layers.7.self_attn.k_proj.bias (shape: torch.Size([1152])) - (119652:train_csgo.py:825)
2025-12-31 00:59:11 - INFO -         [TRAINABLE] paligemma_with_expert.paligemma.model.vision_tower.vision_model.encoder.layers.7.self_attn.v_proj.weight (shape: torch.Size([1152, 1152])) - (119652:train_csgo.py:825)
2025-12-31 00:59:11 - INFO -         [TRAINABLE] paligemma_with_expert.paligemma.model.vision_tower.vision_model.encoder.layers.7.self_attn.v_proj.bias (shape: torch.Size([1152])) - (119652:train_csgo.py:825)
2025-12-31 00:59:11 - INFO -         [TRAINABLE] paligemma_with_expert.paligemma.model.vision_tower.vision_model.encoder.layers.7.self_attn.q_proj.weight (shape: torch.Size([1152, 1152])) - (119652:train_csgo.py:825)
2025-12-31 00:59:11 - INFO -         [TRAINABLE] paligemma_with_expert.paligemma.model.vision_tower.vision_model.encoder.layers.7.self_attn.q_proj.bias (shape: torch.Size([1152])) - (119652:train_csgo.py:825)
2025-12-31 00:59:11 - INFO -         [TRAINABLE] paligemma_with_expert.paligemma.model.vision_tower.vision_model.encoder.layers.7.self_attn.out_proj.weight (shape: torch.Size([1152, 1152])) - (119652:train_csgo.py:825)
2025-12-31 00:59:11 - INFO -         [TRAINABLE] paligemma_with_expert.paligemma.model.vision_tower.vision_model.encoder.layers.7.self_attn.out_proj.bias (shape: torch.Size([1152])) - (119652:train_csgo.py:825)
2025-12-31 00:59:11 - INFO -         [TRAINABLE] paligemma_with_expert.paligemma.model.vision_tower.vision_model.encoder.layers.7.layer_norm2.weight (shape: torch.Size([1152])) - (119652:train_csgo.py:825)
2025-12-31 00:59:11 - INFO -         [TRAINABLE] paligemma_with_expert.paligemma.model.vision_tower.vision_model.encoder.layers.7.layer_norm2.bias (shape: torch.Size([1152])) - (119652:train_csgo.py:825)
2025-12-31 00:59:11 - INFO -         [TRAINABLE] paligemma_with_expert.paligemma.model.vision_tower.vision_model.encoder.layers.7.mlp.fc1.weight (shape: torch.Size([4304, 1152])) - (119652:train_csgo.py:825)
2025-12-31 00:59:11 - INFO -         [TRAINABLE] paligemma_with_expert.paligemma.model.vision_tower.vision_model.encoder.layers.7.mlp.fc1.bias (shape: torch.Size([4304])) - (119652:train_csgo.py:825)
2025-12-31 00:59:11 - INFO -         [TRAINABLE] paligemma_with_expert.paligemma.model.vision_tower.vision_model.encoder.layers.7.mlp.fc2.weight (shape: torch.Size([1152, 4304])) - (119652:train_csgo.py:825)
2025-12-31 00:59:11 - INFO -         [TRAINABLE] paligemma_with_expert.paligemma.model.vision_tower.vision_model.encoder.layers.7.mlp.fc2.bias (shape: torch.Size([1152])) - (119652:train_csgo.py:825)
2025-12-31 00:59:11 - INFO -         [TRAINABLE] paligemma_with_expert.paligemma.model.vision_tower.vision_model.encoder.layers.8.layer_norm1.weight (shape: torch.Size([1152])) - (119652:train_csgo.py:825)
2025-12-31 00:59:11 - INFO -         [TRAINABLE] paligemma_with_expert.paligemma.model.vision_tower.vision_model.encoder.layers.8.layer_norm1.bias (shape: torch.Size([1152])) - (119652:train_csgo.py:825)
2025-12-31 00:59:11 - INFO -         [TRAINABLE] paligemma_with_expert.paligemma.model.vision_tower.vision_model.encoder.layers.8.self_attn.k_proj.weight (shape: torch.Size([1152, 1152])) - (119652:train_csgo.py:825)
2025-12-31 00:59:11 - INFO -         [TRAINABLE] paligemma_with_expert.paligemma.model.vision_tower.vision_model.encoder.layers.8.self_attn.k_proj.bias (shape: torch.Size([1152])) - (119652:train_csgo.py:825)
2025-12-31 00:59:11 - INFO -         [TRAINABLE] paligemma_with_expert.paligemma.model.vision_tower.vision_model.encoder.layers.8.self_attn.v_proj.weight (shape: torch.Size([1152, 1152])) - (119652:train_csgo.py:825)
2025-12-31 00:59:11 - INFO -         [TRAINABLE] paligemma_with_expert.paligemma.model.vision_tower.vision_model.encoder.layers.8.self_attn.v_proj.bias (shape: torch.Size([1152])) - (119652:train_csgo.py:825)
2025-12-31 00:59:11 - INFO -         [TRAINABLE] paligemma_with_expert.paligemma.model.vision_tower.vision_model.encoder.layers.8.self_attn.q_proj.weight (shape: torch.Size([1152, 1152])) - (119652:train_csgo.py:825)
2025-12-31 00:59:11 - INFO -         [TRAINABLE] paligemma_with_expert.paligemma.model.vision_tower.vision_model.encoder.layers.8.self_attn.q_proj.bias (shape: torch.Size([1152])) - (119652:train_csgo.py:825)
2025-12-31 00:59:11 - INFO -         [TRAINABLE] paligemma_with_expert.paligemma.model.vision_tower.vision_model.encoder.layers.8.self_attn.out_proj.weight (shape: torch.Size([1152, 1152])) - (119652:train_csgo.py:825)
2025-12-31 00:59:11 - INFO -         [TRAINABLE] paligemma_with_expert.paligemma.model.vision_tower.vision_model.encoder.layers.8.self_attn.out_proj.bias (shape: torch.Size([1152])) - (119652:train_csgo.py:825)
2025-12-31 00:59:11 - INFO -         [TRAINABLE] paligemma_with_expert.paligemma.model.vision_tower.vision_model.encoder.layers.8.layer_norm2.weight (shape: torch.Size([1152])) - (119652:train_csgo.py:825)
2025-12-31 00:59:11 - INFO -         [TRAINABLE] paligemma_with_expert.paligemma.model.vision_tower.vision_model.encoder.layers.8.layer_norm2.bias (shape: torch.Size([1152])) - (119652:train_csgo.py:825)
2025-12-31 00:59:11 - INFO -         [TRAINABLE] paligemma_with_expert.paligemma.model.vision_tower.vision_model.encoder.layers.8.mlp.fc1.weight (shape: torch.Size([4304, 1152])) - (119652:train_csgo.py:825)
2025-12-31 00:59:11 - INFO -         [TRAINABLE] paligemma_with_expert.paligemma.model.vision_tower.vision_model.encoder.layers.8.mlp.fc1.bias (shape: torch.Size([4304])) - (119652:train_csgo.py:825)
2025-12-31 00:59:11 - INFO -         [TRAINABLE] paligemma_with_expert.paligemma.model.vision_tower.vision_model.encoder.layers.8.mlp.fc2.weight (shape: torch.Size([1152, 4304])) - (119652:train_csgo.py:825)
2025-12-31 00:59:11 - INFO -         [TRAINABLE] paligemma_with_expert.paligemma.model.vision_tower.vision_model.encoder.layers.8.mlp.fc2.bias (shape: torch.Size([1152])) - (119652:train_csgo.py:825)
2025-12-31 00:59:11 - INFO -         [TRAINABLE] paligemma_with_expert.paligemma.model.vision_tower.vision_model.encoder.layers.9.layer_norm1.weight (shape: torch.Size([1152])) - (119652:train_csgo.py:825)
2025-12-31 00:59:11 - INFO -         [TRAINABLE] paligemma_with_expert.paligemma.model.vision_tower.vision_model.encoder.layers.9.layer_norm1.bias (shape: torch.Size([1152])) - (119652:train_csgo.py:825)
2025-12-31 00:59:11 - INFO -         [TRAINABLE] paligemma_with_expert.paligemma.model.vision_tower.vision_model.encoder.layers.9.self_attn.k_proj.weight (shape: torch.Size([1152, 1152])) - (119652:train_csgo.py:825)
2025-12-31 00:59:11 - INFO -         [TRAINABLE] paligemma_with_expert.paligemma.model.vision_tower.vision_model.encoder.layers.9.self_attn.k_proj.bias (shape: torch.Size([1152])) - (119652:train_csgo.py:825)
2025-12-31 00:59:11 - INFO -         [TRAINABLE] paligemma_with_expert.paligemma.model.vision_tower.vision_model.encoder.layers.9.self_attn.v_proj.weight (shape: torch.Size([1152, 1152])) - (119652:train_csgo.py:825)
2025-12-31 00:59:11 - INFO -         [TRAINABLE] paligemma_with_expert.paligemma.model.vision_tower.vision_model.encoder.layers.9.self_attn.v_proj.bias (shape: torch.Size([1152])) - (119652:train_csgo.py:825)
2025-12-31 00:59:11 - INFO -         [TRAINABLE] paligemma_with_expert.paligemma.model.vision_tower.vision_model.encoder.layers.9.self_attn.q_proj.weight (shape: torch.Size([1152, 1152])) - (119652:train_csgo.py:825)
2025-12-31 00:59:11 - INFO -         [TRAINABLE] paligemma_with_expert.paligemma.model.vision_tower.vision_model.encoder.layers.9.self_attn.q_proj.bias (shape: torch.Size([1152])) - (119652:train_csgo.py:825)
2025-12-31 00:59:11 - INFO -         [TRAINABLE] paligemma_with_expert.paligemma.model.vision_tower.vision_model.encoder.layers.9.self_attn.out_proj.weight (shape: torch.Size([1152, 1152])) - (119652:train_csgo.py:825)
2025-12-31 00:59:11 - INFO -         [TRAINABLE] paligemma_with_expert.paligemma.model.vision_tower.vision_model.encoder.layers.9.self_attn.out_proj.bias (shape: torch.Size([1152])) - (119652:train_csgo.py:825)
2025-12-31 00:59:11 - INFO -         [TRAINABLE] paligemma_with_expert.paligemma.model.vision_tower.vision_model.encoder.layers.9.layer_norm2.weight (shape: torch.Size([1152])) - (119652:train_csgo.py:825)
2025-12-31 00:59:11 - INFO -         [TRAINABLE] paligemma_with_expert.paligemma.model.vision_tower.vision_model.encoder.layers.9.layer_norm2.bias (shape: torch.Size([1152])) - (119652:train_csgo.py:825)
2025-12-31 00:59:11 - INFO -         [TRAINABLE] paligemma_with_expert.paligemma.model.vision_tower.vision_model.encoder.layers.9.mlp.fc1.weight (shape: torch.Size([4304, 1152])) - (119652:train_csgo.py:825)
2025-12-31 00:59:11 - INFO -         [TRAINABLE] paligemma_with_expert.paligemma.model.vision_tower.vision_model.encoder.layers.9.mlp.fc1.bias (shape: torch.Size([4304])) - (119652:train_csgo.py:825)
2025-12-31 00:59:11 - INFO -         [TRAINABLE] paligemma_with_expert.paligemma.model.vision_tower.vision_model.encoder.layers.9.mlp.fc2.weight (shape: torch.Size([1152, 4304])) - (119652:train_csgo.py:825)
2025-12-31 00:59:11 - INFO -         [TRAINABLE] paligemma_with_expert.paligemma.model.vision_tower.vision_model.encoder.layers.9.mlp.fc2.bias (shape: torch.Size([1152])) - (119652:train_csgo.py:825)
2025-12-31 00:59:11 - INFO -         [TRAINABLE] paligemma_with_expert.paligemma.model.vision_tower.vision_model.encoder.layers.10.layer_norm1.weight (shape: torch.Size([1152])) - (119652:train_csgo.py:825)
2025-12-31 00:59:11 - INFO -         [TRAINABLE] paligemma_with_expert.paligemma.model.vision_tower.vision_model.encoder.layers.10.layer_norm1.bias (shape: torch.Size([1152])) - (119652:train_csgo.py:825)
2025-12-31 00:59:11 - INFO -         [TRAINABLE] paligemma_with_expert.paligemma.model.vision_tower.vision_model.encoder.layers.10.self_attn.k_proj.weight (shape: torch.Size([1152, 1152])) - (119652:train_csgo.py:825)
2025-12-31 00:59:11 - INFO -         [TRAINABLE] paligemma_with_expert.paligemma.model.vision_tower.vision_model.encoder.layers.10.self_attn.k_proj.bias (shape: torch.Size([1152])) - (119652:train_csgo.py:825)
2025-12-31 00:59:11 - INFO -         [TRAINABLE] paligemma_with_expert.paligemma.model.vision_tower.vision_model.encoder.layers.10.self_attn.v_proj.weight (shape: torch.Size([1152, 1152])) - (119652:train_csgo.py:825)
2025-12-31 00:59:11 - INFO -         [TRAINABLE] paligemma_with_expert.paligemma.model.vision_tower.vision_model.encoder.layers.10.self_attn.v_proj.bias (shape: torch.Size([1152])) - (119652:train_csgo.py:825)
2025-12-31 00:59:11 - INFO -         [TRAINABLE] paligemma_with_expert.paligemma.model.vision_tower.vision_model.encoder.layers.10.self_attn.q_proj.weight (shape: torch.Size([1152, 1152])) - (119652:train_csgo.py:825)
2025-12-31 00:59:11 - INFO -         [TRAINABLE] paligemma_with_expert.paligemma.model.vision_tower.vision_model.encoder.layers.10.self_attn.q_proj.bias (shape: torch.Size([1152])) - (119652:train_csgo.py:825)
2025-12-31 00:59:11 - INFO -         [TRAINABLE] paligemma_with_expert.paligemma.model.vision_tower.vision_model.encoder.layers.10.self_attn.out_proj.weight (shape: torch.Size([1152, 1152])) - (119652:train_csgo.py:825)
2025-12-31 00:59:11 - INFO -         [TRAINABLE] paligemma_with_expert.paligemma.model.vision_tower.vision_model.encoder.layers.10.self_attn.out_proj.bias (shape: torch.Size([1152])) - (119652:train_csgo.py:825)
2025-12-31 00:59:11 - INFO -         [TRAINABLE] paligemma_with_expert.paligemma.model.vision_tower.vision_model.encoder.layers.10.layer_norm2.weight (shape: torch.Size([1152])) - (119652:train_csgo.py:825)
2025-12-31 00:59:11 - INFO -         [TRAINABLE] paligemma_with_expert.paligemma.model.vision_tower.vision_model.encoder.layers.10.layer_norm2.bias (shape: torch.Size([1152])) - (119652:train_csgo.py:825)
2025-12-31 00:59:11 - INFO -         [TRAINABLE] paligemma_with_expert.paligemma.model.vision_tower.vision_model.encoder.layers.10.mlp.fc1.weight (shape: torch.Size([4304, 1152])) - (119652:train_csgo.py:825)
2025-12-31 00:59:11 - INFO -         [TRAINABLE] paligemma_with_expert.paligemma.model.vision_tower.vision_model.encoder.layers.10.mlp.fc1.bias (shape: torch.Size([4304])) - (119652:train_csgo.py:825)
2025-12-31 00:59:11 - INFO -         [TRAINABLE] paligemma_with_expert.paligemma.model.vision_tower.vision_model.encoder.layers.10.mlp.fc2.weight (shape: torch.Size([1152, 4304])) - (119652:train_csgo.py:825)
2025-12-31 00:59:11 - INFO -         [TRAINABLE] paligemma_with_expert.paligemma.model.vision_tower.vision_model.encoder.layers.10.mlp.fc2.bias (shape: torch.Size([1152])) - (119652:train_csgo.py:825)
2025-12-31 00:59:11 - INFO -         [TRAINABLE] paligemma_with_expert.paligemma.model.vision_tower.vision_model.encoder.layers.11.layer_norm1.weight (shape: torch.Size([1152])) - (119652:train_csgo.py:825)
2025-12-31 00:59:11 - INFO -         [TRAINABLE] paligemma_with_expert.paligemma.model.vision_tower.vision_model.encoder.layers.11.layer_norm1.bias (shape: torch.Size([1152])) - (119652:train_csgo.py:825)
2025-12-31 00:59:11 - INFO -         [TRAINABLE] paligemma_with_expert.paligemma.model.vision_tower.vision_model.encoder.layers.11.self_attn.k_proj.weight (shape: torch.Size([1152, 1152])) - (119652:train_csgo.py:825)
2025-12-31 00:59:11 - INFO -         [TRAINABLE] paligemma_with_expert.paligemma.model.vision_tower.vision_model.encoder.layers.11.self_attn.k_proj.bias (shape: torch.Size([1152])) - (119652:train_csgo.py:825)
2025-12-31 00:59:11 - INFO -         [TRAINABLE] paligemma_with_expert.paligemma.model.vision_tower.vision_model.encoder.layers.11.self_attn.v_proj.weight (shape: torch.Size([1152, 1152])) - (119652:train_csgo.py:825)
2025-12-31 00:59:11 - INFO -         [TRAINABLE] paligemma_with_expert.paligemma.model.vision_tower.vision_model.encoder.layers.11.self_attn.v_proj.bias (shape: torch.Size([1152])) - (119652:train_csgo.py:825)
2025-12-31 00:59:11 - INFO -         [TRAINABLE] paligemma_with_expert.paligemma.model.vision_tower.vision_model.encoder.layers.11.self_attn.q_proj.weight (shape: torch.Size([1152, 1152])) - (119652:train_csgo.py:825)
2025-12-31 00:59:11 - INFO -         [TRAINABLE] paligemma_with_expert.paligemma.model.vision_tower.vision_model.encoder.layers.11.self_attn.q_proj.bias (shape: torch.Size([1152])) - (119652:train_csgo.py:825)
2025-12-31 00:59:11 - INFO -         [TRAINABLE] paligemma_with_expert.paligemma.model.vision_tower.vision_model.encoder.layers.11.self_attn.out_proj.weight (shape: torch.Size([1152, 1152])) - (119652:train_csgo.py:825)
2025-12-31 00:59:11 - INFO -         [TRAINABLE] paligemma_with_expert.paligemma.model.vision_tower.vision_model.encoder.layers.11.self_attn.out_proj.bias (shape: torch.Size([1152])) - (119652:train_csgo.py:825)
2025-12-31 00:59:11 - INFO -         [TRAINABLE] paligemma_with_expert.paligemma.model.vision_tower.vision_model.encoder.layers.11.layer_norm2.weight (shape: torch.Size([1152])) - (119652:train_csgo.py:825)
2025-12-31 00:59:11 - INFO -         [TRAINABLE] paligemma_with_expert.paligemma.model.vision_tower.vision_model.encoder.layers.11.layer_norm2.bias (shape: torch.Size([1152])) - (119652:train_csgo.py:825)
2025-12-31 00:59:11 - INFO -         [TRAINABLE] paligemma_with_expert.paligemma.model.vision_tower.vision_model.encoder.layers.11.mlp.fc1.weight (shape: torch.Size([4304, 1152])) - (119652:train_csgo.py:825)
2025-12-31 00:59:11 - INFO -         [TRAINABLE] paligemma_with_expert.paligemma.model.vision_tower.vision_model.encoder.layers.11.mlp.fc1.bias (shape: torch.Size([4304])) - (119652:train_csgo.py:825)
2025-12-31 00:59:11 - INFO -         [TRAINABLE] paligemma_with_expert.paligemma.model.vision_tower.vision_model.encoder.layers.11.mlp.fc2.weight (shape: torch.Size([1152, 4304])) - (119652:train_csgo.py:825)
2025-12-31 00:59:11 - INFO -         [TRAINABLE] paligemma_with_expert.paligemma.model.vision_tower.vision_model.encoder.layers.11.mlp.fc2.bias (shape: torch.Size([1152])) - (119652:train_csgo.py:825)
2025-12-31 00:59:11 - INFO -         [TRAINABLE] paligemma_with_expert.paligemma.model.vision_tower.vision_model.encoder.layers.12.layer_norm1.weight (shape: torch.Size([1152])) - (119652:train_csgo.py:825)
2025-12-31 00:59:11 - INFO -         [TRAINABLE] paligemma_with_expert.paligemma.model.vision_tower.vision_model.encoder.layers.12.layer_norm1.bias (shape: torch.Size([1152])) - (119652:train_csgo.py:825)
2025-12-31 00:59:11 - INFO -         [TRAINABLE] paligemma_with_expert.paligemma.model.vision_tower.vision_model.encoder.layers.12.self_attn.k_proj.weight (shape: torch.Size([1152, 1152])) - (119652:train_csgo.py:825)
2025-12-31 00:59:11 - INFO -         [TRAINABLE] paligemma_with_expert.paligemma.model.vision_tower.vision_model.encoder.layers.12.self_attn.k_proj.bias (shape: torch.Size([1152])) - (119652:train_csgo.py:825)
2025-12-31 00:59:11 - INFO -         [TRAINABLE] paligemma_with_expert.paligemma.model.vision_tower.vision_model.encoder.layers.12.self_attn.v_proj.weight (shape: torch.Size([1152, 1152])) - (119652:train_csgo.py:825)
2025-12-31 00:59:11 - INFO -         [TRAINABLE] paligemma_with_expert.paligemma.model.vision_tower.vision_model.encoder.layers.12.self_attn.v_proj.bias (shape: torch.Size([1152])) - (119652:train_csgo.py:825)
2025-12-31 00:59:11 - INFO -         [TRAINABLE] paligemma_with_expert.paligemma.model.vision_tower.vision_model.encoder.layers.12.self_attn.q_proj.weight (shape: torch.Size([1152, 1152])) - (119652:train_csgo.py:825)
2025-12-31 00:59:11 - INFO -         [TRAINABLE] paligemma_with_expert.paligemma.model.vision_tower.vision_model.encoder.layers.12.self_attn.q_proj.bias (shape: torch.Size([1152])) - (119652:train_csgo.py:825)
2025-12-31 00:59:11 - INFO -         [TRAINABLE] paligemma_with_expert.paligemma.model.vision_tower.vision_model.encoder.layers.12.self_attn.out_proj.weight (shape: torch.Size([1152, 1152])) - (119652:train_csgo.py:825)
2025-12-31 00:59:11 - INFO -         [TRAINABLE] paligemma_with_expert.paligemma.model.vision_tower.vision_model.encoder.layers.12.self_attn.out_proj.bias (shape: torch.Size([1152])) - (119652:train_csgo.py:825)
2025-12-31 00:59:11 - INFO -         [TRAINABLE] paligemma_with_expert.paligemma.model.vision_tower.vision_model.encoder.layers.12.layer_norm2.weight (shape: torch.Size([1152])) - (119652:train_csgo.py:825)
2025-12-31 00:59:11 - INFO -         [TRAINABLE] paligemma_with_expert.paligemma.model.vision_tower.vision_model.encoder.layers.12.layer_norm2.bias (shape: torch.Size([1152])) - (119652:train_csgo.py:825)
2025-12-31 00:59:11 - INFO -         [TRAINABLE] paligemma_with_expert.paligemma.model.vision_tower.vision_model.encoder.layers.12.mlp.fc1.weight (shape: torch.Size([4304, 1152])) - (119652:train_csgo.py:825)
2025-12-31 00:59:11 - INFO -         [TRAINABLE] paligemma_with_expert.paligemma.model.vision_tower.vision_model.encoder.layers.12.mlp.fc1.bias (shape: torch.Size([4304])) - (119652:train_csgo.py:825)
2025-12-31 00:59:11 - INFO -         [TRAINABLE] paligemma_with_expert.paligemma.model.vision_tower.vision_model.encoder.layers.12.mlp.fc2.weight (shape: torch.Size([1152, 4304])) - (119652:train_csgo.py:825)
2025-12-31 00:59:11 - INFO -         [TRAINABLE] paligemma_with_expert.paligemma.model.vision_tower.vision_model.encoder.layers.12.mlp.fc2.bias (shape: torch.Size([1152])) - (119652:train_csgo.py:825)
2025-12-31 00:59:11 - INFO -         [TRAINABLE] paligemma_with_expert.paligemma.model.vision_tower.vision_model.encoder.layers.13.layer_norm1.weight (shape: torch.Size([1152])) - (119652:train_csgo.py:825)
2025-12-31 00:59:11 - INFO -         [TRAINABLE] paligemma_with_expert.paligemma.model.vision_tower.vision_model.encoder.layers.13.layer_norm1.bias (shape: torch.Size([1152])) - (119652:train_csgo.py:825)
2025-12-31 00:59:11 - INFO -         [TRAINABLE] paligemma_with_expert.paligemma.model.vision_tower.vision_model.encoder.layers.13.self_attn.k_proj.weight (shape: torch.Size([1152, 1152])) - (119652:train_csgo.py:825)
2025-12-31 00:59:11 - INFO -         [TRAINABLE] paligemma_with_expert.paligemma.model.vision_tower.vision_model.encoder.layers.13.self_attn.k_proj.bias (shape: torch.Size([1152])) - (119652:train_csgo.py:825)
2025-12-31 00:59:11 - INFO -         [TRAINABLE] paligemma_with_expert.paligemma.model.vision_tower.vision_model.encoder.layers.13.self_attn.v_proj.weight (shape: torch.Size([1152, 1152])) - (119652:train_csgo.py:825)
2025-12-31 00:59:11 - INFO -         [TRAINABLE] paligemma_with_expert.paligemma.model.vision_tower.vision_model.encoder.layers.13.self_attn.v_proj.bias (shape: torch.Size([1152])) - (119652:train_csgo.py:825)
2025-12-31 00:59:11 - INFO -         [TRAINABLE] paligemma_with_expert.paligemma.model.vision_tower.vision_model.encoder.layers.13.self_attn.q_proj.weight (shape: torch.Size([1152, 1152])) - (119652:train_csgo.py:825)
2025-12-31 00:59:11 - INFO -         [TRAINABLE] paligemma_with_expert.paligemma.model.vision_tower.vision_model.encoder.layers.13.self_attn.q_proj.bias (shape: torch.Size([1152])) - (119652:train_csgo.py:825)
2025-12-31 00:59:11 - INFO -         [TRAINABLE] paligemma_with_expert.paligemma.model.vision_tower.vision_model.encoder.layers.13.self_attn.out_proj.weight (shape: torch.Size([1152, 1152])) - (119652:train_csgo.py:825)
2025-12-31 00:59:11 - INFO -         [TRAINABLE] paligemma_with_expert.paligemma.model.vision_tower.vision_model.encoder.layers.13.self_attn.out_proj.bias (shape: torch.Size([1152])) - (119652:train_csgo.py:825)
2025-12-31 00:59:11 - INFO -         [TRAINABLE] paligemma_with_expert.paligemma.model.vision_tower.vision_model.encoder.layers.13.layer_norm2.weight (shape: torch.Size([1152])) - (119652:train_csgo.py:825)
2025-12-31 00:59:11 - INFO -         [TRAINABLE] paligemma_with_expert.paligemma.model.vision_tower.vision_model.encoder.layers.13.layer_norm2.bias (shape: torch.Size([1152])) - (119652:train_csgo.py:825)
2025-12-31 00:59:11 - INFO -         [TRAINABLE] paligemma_with_expert.paligemma.model.vision_tower.vision_model.encoder.layers.13.mlp.fc1.weight (shape: torch.Size([4304, 1152])) - (119652:train_csgo.py:825)
2025-12-31 00:59:11 - INFO -         [TRAINABLE] paligemma_with_expert.paligemma.model.vision_tower.vision_model.encoder.layers.13.mlp.fc1.bias (shape: torch.Size([4304])) - (119652:train_csgo.py:825)
2025-12-31 00:59:11 - INFO -         [TRAINABLE] paligemma_with_expert.paligemma.model.vision_tower.vision_model.encoder.layers.13.mlp.fc2.weight (shape: torch.Size([1152, 4304])) - (119652:train_csgo.py:825)
2025-12-31 00:59:11 - INFO -         [TRAINABLE] paligemma_with_expert.paligemma.model.vision_tower.vision_model.encoder.layers.13.mlp.fc2.bias (shape: torch.Size([1152])) - (119652:train_csgo.py:825)
2025-12-31 00:59:11 - INFO -         [TRAINABLE] paligemma_with_expert.paligemma.model.vision_tower.vision_model.encoder.layers.14.layer_norm1.weight (shape: torch.Size([1152])) - (119652:train_csgo.py:825)
2025-12-31 00:59:11 - INFO -         [TRAINABLE] paligemma_with_expert.paligemma.model.vision_tower.vision_model.encoder.layers.14.layer_norm1.bias (shape: torch.Size([1152])) - (119652:train_csgo.py:825)
2025-12-31 00:59:11 - INFO -         [TRAINABLE] paligemma_with_expert.paligemma.model.vision_tower.vision_model.encoder.layers.14.self_attn.k_proj.weight (shape: torch.Size([1152, 1152])) - (119652:train_csgo.py:825)
2025-12-31 00:59:11 - INFO -         [TRAINABLE] paligemma_with_expert.paligemma.model.vision_tower.vision_model.encoder.layers.14.self_attn.k_proj.bias (shape: torch.Size([1152])) - (119652:train_csgo.py:825)
2025-12-31 00:59:11 - INFO -         [TRAINABLE] paligemma_with_expert.paligemma.model.vision_tower.vision_model.encoder.layers.14.self_attn.v_proj.weight (shape: torch.Size([1152, 1152])) - (119652:train_csgo.py:825)
2025-12-31 00:59:11 - INFO -         [TRAINABLE] paligemma_with_expert.paligemma.model.vision_tower.vision_model.encoder.layers.14.self_attn.v_proj.bias (shape: torch.Size([1152])) - (119652:train_csgo.py:825)
2025-12-31 00:59:11 - INFO -         [TRAINABLE] paligemma_with_expert.paligemma.model.vision_tower.vision_model.encoder.layers.14.self_attn.q_proj.weight (shape: torch.Size([1152, 1152])) - (119652:train_csgo.py:825)
2025-12-31 00:59:11 - INFO -         [TRAINABLE] paligemma_with_expert.paligemma.model.vision_tower.vision_model.encoder.layers.14.self_attn.q_proj.bias (shape: torch.Size([1152])) - (119652:train_csgo.py:825)
2025-12-31 00:59:11 - INFO -         [TRAINABLE] paligemma_with_expert.paligemma.model.vision_tower.vision_model.encoder.layers.14.self_attn.out_proj.weight (shape: torch.Size([1152, 1152])) - (119652:train_csgo.py:825)
2025-12-31 00:59:11 - INFO -         [TRAINABLE] paligemma_with_expert.paligemma.model.vision_tower.vision_model.encoder.layers.14.self_attn.out_proj.bias (shape: torch.Size([1152])) - (119652:train_csgo.py:825)
2025-12-31 00:59:11 - INFO -         [TRAINABLE] paligemma_with_expert.paligemma.model.vision_tower.vision_model.encoder.layers.14.layer_norm2.weight (shape: torch.Size([1152])) - (119652:train_csgo.py:825)
2025-12-31 00:59:11 - INFO -         [TRAINABLE] paligemma_with_expert.paligemma.model.vision_tower.vision_model.encoder.layers.14.layer_norm2.bias (shape: torch.Size([1152])) - (119652:train_csgo.py:825)
2025-12-31 00:59:11 - INFO -         [TRAINABLE] paligemma_with_expert.paligemma.model.vision_tower.vision_model.encoder.layers.14.mlp.fc1.weight (shape: torch.Size([4304, 1152])) - (119652:train_csgo.py:825)
2025-12-31 00:59:11 - INFO -         [TRAINABLE] paligemma_with_expert.paligemma.model.vision_tower.vision_model.encoder.layers.14.mlp.fc1.bias (shape: torch.Size([4304])) - (119652:train_csgo.py:825)
2025-12-31 00:59:11 - INFO -         [TRAINABLE] paligemma_with_expert.paligemma.model.vision_tower.vision_model.encoder.layers.14.mlp.fc2.weight (shape: torch.Size([1152, 4304])) - (119652:train_csgo.py:825)
2025-12-31 00:59:11 - INFO -         [TRAINABLE] paligemma_with_expert.paligemma.model.vision_tower.vision_model.encoder.layers.14.mlp.fc2.bias (shape: torch.Size([1152])) - (119652:train_csgo.py:825)
2025-12-31 00:59:11 - INFO -         [TRAINABLE] paligemma_with_expert.paligemma.model.vision_tower.vision_model.encoder.layers.15.layer_norm1.weight (shape: torch.Size([1152])) - (119652:train_csgo.py:825)
2025-12-31 00:59:11 - INFO -         [TRAINABLE] paligemma_with_expert.paligemma.model.vision_tower.vision_model.encoder.layers.15.layer_norm1.bias (shape: torch.Size([1152])) - (119652:train_csgo.py:825)
2025-12-31 00:59:11 - INFO -         [TRAINABLE] paligemma_with_expert.paligemma.model.vision_tower.vision_model.encoder.layers.15.self_attn.k_proj.weight (shape: torch.Size([1152, 1152])) - (119652:train_csgo.py:825)
2025-12-31 00:59:11 - INFO -         [TRAINABLE] paligemma_with_expert.paligemma.model.vision_tower.vision_model.encoder.layers.15.self_attn.k_proj.bias (shape: torch.Size([1152])) - (119652:train_csgo.py:825)
2025-12-31 00:59:11 - INFO -         [TRAINABLE] paligemma_with_expert.paligemma.model.vision_tower.vision_model.encoder.layers.15.self_attn.v_proj.weight (shape: torch.Size([1152, 1152])) - (119652:train_csgo.py:825)
2025-12-31 00:59:11 - INFO -         [TRAINABLE] paligemma_with_expert.paligemma.model.vision_tower.vision_model.encoder.layers.15.self_attn.v_proj.bias (shape: torch.Size([1152])) - (119652:train_csgo.py:825)
2025-12-31 00:59:11 - INFO -         [TRAINABLE] paligemma_with_expert.paligemma.model.vision_tower.vision_model.encoder.layers.15.self_attn.q_proj.weight (shape: torch.Size([1152, 1152])) - (119652:train_csgo.py:825)
2025-12-31 00:59:11 - INFO -         [TRAINABLE] paligemma_with_expert.paligemma.model.vision_tower.vision_model.encoder.layers.15.self_attn.q_proj.bias (shape: torch.Size([1152])) - (119652:train_csgo.py:825)
2025-12-31 00:59:11 - INFO -         [TRAINABLE] paligemma_with_expert.paligemma.model.vision_tower.vision_model.encoder.layers.15.self_attn.out_proj.weight (shape: torch.Size([1152, 1152])) - (119652:train_csgo.py:825)
2025-12-31 00:59:11 - INFO -         [TRAINABLE] paligemma_with_expert.paligemma.model.vision_tower.vision_model.encoder.layers.15.self_attn.out_proj.bias (shape: torch.Size([1152])) - (119652:train_csgo.py:825)
2025-12-31 00:59:11 - INFO -         [TRAINABLE] paligemma_with_expert.paligemma.model.vision_tower.vision_model.encoder.layers.15.layer_norm2.weight (shape: torch.Size([1152])) - (119652:train_csgo.py:825)
2025-12-31 00:59:11 - INFO -         [TRAINABLE] paligemma_with_expert.paligemma.model.vision_tower.vision_model.encoder.layers.15.layer_norm2.bias (shape: torch.Size([1152])) - (119652:train_csgo.py:825)
2025-12-31 00:59:11 - INFO -         [TRAINABLE] paligemma_with_expert.paligemma.model.vision_tower.vision_model.encoder.layers.15.mlp.fc1.weight (shape: torch.Size([4304, 1152])) - (119652:train_csgo.py:825)
2025-12-31 00:59:11 - INFO -         [TRAINABLE] paligemma_with_expert.paligemma.model.vision_tower.vision_model.encoder.layers.15.mlp.fc1.bias (shape: torch.Size([4304])) - (119652:train_csgo.py:825)
2025-12-31 00:59:11 - INFO -         [TRAINABLE] paligemma_with_expert.paligemma.model.vision_tower.vision_model.encoder.layers.15.mlp.fc2.weight (shape: torch.Size([1152, 4304])) - (119652:train_csgo.py:825)
2025-12-31 00:59:11 - INFO -         [TRAINABLE] paligemma_with_expert.paligemma.model.vision_tower.vision_model.encoder.layers.15.mlp.fc2.bias (shape: torch.Size([1152])) - (119652:train_csgo.py:825)
2025-12-31 00:59:11 - INFO -         [TRAINABLE] paligemma_with_expert.paligemma.model.vision_tower.vision_model.encoder.layers.16.layer_norm1.weight (shape: torch.Size([1152])) - (119652:train_csgo.py:825)
2025-12-31 00:59:11 - INFO -         [TRAINABLE] paligemma_with_expert.paligemma.model.vision_tower.vision_model.encoder.layers.16.layer_norm1.bias (shape: torch.Size([1152])) - (119652:train_csgo.py:825)
2025-12-31 00:59:11 - INFO -         [TRAINABLE] paligemma_with_expert.paligemma.model.vision_tower.vision_model.encoder.layers.16.self_attn.k_proj.weight (shape: torch.Size([1152, 1152])) - (119652:train_csgo.py:825)
2025-12-31 00:59:11 - INFO -         [TRAINABLE] paligemma_with_expert.paligemma.model.vision_tower.vision_model.encoder.layers.16.self_attn.k_proj.bias (shape: torch.Size([1152])) - (119652:train_csgo.py:825)
2025-12-31 00:59:11 - INFO -         [TRAINABLE] paligemma_with_expert.paligemma.model.vision_tower.vision_model.encoder.layers.16.self_attn.v_proj.weight (shape: torch.Size([1152, 1152])) - (119652:train_csgo.py:825)
2025-12-31 00:59:11 - INFO -         [TRAINABLE] paligemma_with_expert.paligemma.model.vision_tower.vision_model.encoder.layers.16.self_attn.v_proj.bias (shape: torch.Size([1152])) - (119652:train_csgo.py:825)
2025-12-31 00:59:11 - INFO -         [TRAINABLE] paligemma_with_expert.paligemma.model.vision_tower.vision_model.encoder.layers.16.self_attn.q_proj.weight (shape: torch.Size([1152, 1152])) - (119652:train_csgo.py:825)
2025-12-31 00:59:11 - INFO -         [TRAINABLE] paligemma_with_expert.paligemma.model.vision_tower.vision_model.encoder.layers.16.self_attn.q_proj.bias (shape: torch.Size([1152])) - (119652:train_csgo.py:825)
2025-12-31 00:59:11 - INFO -         [TRAINABLE] paligemma_with_expert.paligemma.model.vision_tower.vision_model.encoder.layers.16.self_attn.out_proj.weight (shape: torch.Size([1152, 1152])) - (119652:train_csgo.py:825)
2025-12-31 00:59:11 - INFO -         [TRAINABLE] paligemma_with_expert.paligemma.model.vision_tower.vision_model.encoder.layers.16.self_attn.out_proj.bias (shape: torch.Size([1152])) - (119652:train_csgo.py:825)
2025-12-31 00:59:11 - INFO -         [TRAINABLE] paligemma_with_expert.paligemma.model.vision_tower.vision_model.encoder.layers.16.layer_norm2.weight (shape: torch.Size([1152])) - (119652:train_csgo.py:825)
2025-12-31 00:59:11 - INFO -         [TRAINABLE] paligemma_with_expert.paligemma.model.vision_tower.vision_model.encoder.layers.16.layer_norm2.bias (shape: torch.Size([1152])) - (119652:train_csgo.py:825)
2025-12-31 00:59:11 - INFO -         [TRAINABLE] paligemma_with_expert.paligemma.model.vision_tower.vision_model.encoder.layers.16.mlp.fc1.weight (shape: torch.Size([4304, 1152])) - (119652:train_csgo.py:825)
2025-12-31 00:59:11 - INFO -         [TRAINABLE] paligemma_with_expert.paligemma.model.vision_tower.vision_model.encoder.layers.16.mlp.fc1.bias (shape: torch.Size([4304])) - (119652:train_csgo.py:825)
2025-12-31 00:59:11 - INFO -         [TRAINABLE] paligemma_with_expert.paligemma.model.vision_tower.vision_model.encoder.layers.16.mlp.fc2.weight (shape: torch.Size([1152, 4304])) - (119652:train_csgo.py:825)
2025-12-31 00:59:11 - INFO -         [TRAINABLE] paligemma_with_expert.paligemma.model.vision_tower.vision_model.encoder.layers.16.mlp.fc2.bias (shape: torch.Size([1152])) - (119652:train_csgo.py:825)
2025-12-31 00:59:11 - INFO -         [TRAINABLE] paligemma_with_expert.paligemma.model.vision_tower.vision_model.encoder.layers.17.layer_norm1.weight (shape: torch.Size([1152])) - (119652:train_csgo.py:825)
2025-12-31 00:59:11 - INFO -         [TRAINABLE] paligemma_with_expert.paligemma.model.vision_tower.vision_model.encoder.layers.17.layer_norm1.bias (shape: torch.Size([1152])) - (119652:train_csgo.py:825)
2025-12-31 00:59:11 - INFO -         [TRAINABLE] paligemma_with_expert.paligemma.model.vision_tower.vision_model.encoder.layers.17.self_attn.k_proj.weight (shape: torch.Size([1152, 1152])) - (119652:train_csgo.py:825)
2025-12-31 00:59:11 - INFO -         [TRAINABLE] paligemma_with_expert.paligemma.model.vision_tower.vision_model.encoder.layers.17.self_attn.k_proj.bias (shape: torch.Size([1152])) - (119652:train_csgo.py:825)
2025-12-31 00:59:11 - INFO -         [TRAINABLE] paligemma_with_expert.paligemma.model.vision_tower.vision_model.encoder.layers.17.self_attn.v_proj.weight (shape: torch.Size([1152, 1152])) - (119652:train_csgo.py:825)
2025-12-31 00:59:11 - INFO -         [TRAINABLE] paligemma_with_expert.paligemma.model.vision_tower.vision_model.encoder.layers.17.self_attn.v_proj.bias (shape: torch.Size([1152])) - (119652:train_csgo.py:825)
2025-12-31 00:59:11 - INFO -         [TRAINABLE] paligemma_with_expert.paligemma.model.vision_tower.vision_model.encoder.layers.17.self_attn.q_proj.weight (shape: torch.Size([1152, 1152])) - (119652:train_csgo.py:825)
2025-12-31 00:59:11 - INFO -         [TRAINABLE] paligemma_with_expert.paligemma.model.vision_tower.vision_model.encoder.layers.17.self_attn.q_proj.bias (shape: torch.Size([1152])) - (119652:train_csgo.py:825)
2025-12-31 00:59:11 - INFO -         [TRAINABLE] paligemma_with_expert.paligemma.model.vision_tower.vision_model.encoder.layers.17.self_attn.out_proj.weight (shape: torch.Size([1152, 1152])) - (119652:train_csgo.py:825)
2025-12-31 00:59:11 - INFO -         [TRAINABLE] paligemma_with_expert.paligemma.model.vision_tower.vision_model.encoder.layers.17.self_attn.out_proj.bias (shape: torch.Size([1152])) - (119652:train_csgo.py:825)
2025-12-31 00:59:11 - INFO -         [TRAINABLE] paligemma_with_expert.paligemma.model.vision_tower.vision_model.encoder.layers.17.layer_norm2.weight (shape: torch.Size([1152])) - (119652:train_csgo.py:825)
2025-12-31 00:59:11 - INFO -         [TRAINABLE] paligemma_with_expert.paligemma.model.vision_tower.vision_model.encoder.layers.17.layer_norm2.bias (shape: torch.Size([1152])) - (119652:train_csgo.py:825)
2025-12-31 00:59:11 - INFO -         [TRAINABLE] paligemma_with_expert.paligemma.model.vision_tower.vision_model.encoder.layers.17.mlp.fc1.weight (shape: torch.Size([4304, 1152])) - (119652:train_csgo.py:825)
2025-12-31 00:59:11 - INFO -         [TRAINABLE] paligemma_with_expert.paligemma.model.vision_tower.vision_model.encoder.layers.17.mlp.fc1.bias (shape: torch.Size([4304])) - (119652:train_csgo.py:825)
2025-12-31 00:59:11 - INFO -         [TRAINABLE] paligemma_with_expert.paligemma.model.vision_tower.vision_model.encoder.layers.17.mlp.fc2.weight (shape: torch.Size([1152, 4304])) - (119652:train_csgo.py:825)
2025-12-31 00:59:11 - INFO -         [TRAINABLE] paligemma_with_expert.paligemma.model.vision_tower.vision_model.encoder.layers.17.mlp.fc2.bias (shape: torch.Size([1152])) - (119652:train_csgo.py:825)
2025-12-31 00:59:11 - INFO -         [TRAINABLE] paligemma_with_expert.paligemma.model.vision_tower.vision_model.encoder.layers.18.layer_norm1.weight (shape: torch.Size([1152])) - (119652:train_csgo.py:825)
2025-12-31 00:59:11 - INFO -         [TRAINABLE] paligemma_with_expert.paligemma.model.vision_tower.vision_model.encoder.layers.18.layer_norm1.bias (shape: torch.Size([1152])) - (119652:train_csgo.py:825)
2025-12-31 00:59:11 - INFO -         [TRAINABLE] paligemma_with_expert.paligemma.model.vision_tower.vision_model.encoder.layers.18.self_attn.k_proj.weight (shape: torch.Size([1152, 1152])) - (119652:train_csgo.py:825)
2025-12-31 00:59:11 - INFO -         [TRAINABLE] paligemma_with_expert.paligemma.model.vision_tower.vision_model.encoder.layers.18.self_attn.k_proj.bias (shape: torch.Size([1152])) - (119652:train_csgo.py:825)
2025-12-31 00:59:11 - INFO -         [TRAINABLE] paligemma_with_expert.paligemma.model.vision_tower.vision_model.encoder.layers.18.self_attn.v_proj.weight (shape: torch.Size([1152, 1152])) - (119652:train_csgo.py:825)
2025-12-31 00:59:11 - INFO -         [TRAINABLE] paligemma_with_expert.paligemma.model.vision_tower.vision_model.encoder.layers.18.self_attn.v_proj.bias (shape: torch.Size([1152])) - (119652:train_csgo.py:825)
2025-12-31 00:59:11 - INFO -         [TRAINABLE] paligemma_with_expert.paligemma.model.vision_tower.vision_model.encoder.layers.18.self_attn.q_proj.weight (shape: torch.Size([1152, 1152])) - (119652:train_csgo.py:825)
2025-12-31 00:59:11 - INFO -         [TRAINABLE] paligemma_with_expert.paligemma.model.vision_tower.vision_model.encoder.layers.18.self_attn.q_proj.bias (shape: torch.Size([1152])) - (119652:train_csgo.py:825)
2025-12-31 00:59:11 - INFO -         [TRAINABLE] paligemma_with_expert.paligemma.model.vision_tower.vision_model.encoder.layers.18.self_attn.out_proj.weight (shape: torch.Size([1152, 1152])) - (119652:train_csgo.py:825)
2025-12-31 00:59:11 - INFO -         [TRAINABLE] paligemma_with_expert.paligemma.model.vision_tower.vision_model.encoder.layers.18.self_attn.out_proj.bias (shape: torch.Size([1152])) - (119652:train_csgo.py:825)
2025-12-31 00:59:11 - INFO -         [TRAINABLE] paligemma_with_expert.paligemma.model.vision_tower.vision_model.encoder.layers.18.layer_norm2.weight (shape: torch.Size([1152])) - (119652:train_csgo.py:825)
2025-12-31 00:59:11 - INFO -         [TRAINABLE] paligemma_with_expert.paligemma.model.vision_tower.vision_model.encoder.layers.18.layer_norm2.bias (shape: torch.Size([1152])) - (119652:train_csgo.py:825)
2025-12-31 00:59:11 - INFO -         [TRAINABLE] paligemma_with_expert.paligemma.model.vision_tower.vision_model.encoder.layers.18.mlp.fc1.weight (shape: torch.Size([4304, 1152])) - (119652:train_csgo.py:825)
2025-12-31 00:59:11 - INFO -         [TRAINABLE] paligemma_with_expert.paligemma.model.vision_tower.vision_model.encoder.layers.18.mlp.fc1.bias (shape: torch.Size([4304])) - (119652:train_csgo.py:825)
2025-12-31 00:59:11 - INFO -         [TRAINABLE] paligemma_with_expert.paligemma.model.vision_tower.vision_model.encoder.layers.18.mlp.fc2.weight (shape: torch.Size([1152, 4304])) - (119652:train_csgo.py:825)
2025-12-31 00:59:11 - INFO -         [TRAINABLE] paligemma_with_expert.paligemma.model.vision_tower.vision_model.encoder.layers.18.mlp.fc2.bias (shape: torch.Size([1152])) - (119652:train_csgo.py:825)
2025-12-31 00:59:11 - INFO -         [TRAINABLE] paligemma_with_expert.paligemma.model.vision_tower.vision_model.encoder.layers.19.layer_norm1.weight (shape: torch.Size([1152])) - (119652:train_csgo.py:825)
2025-12-31 00:59:11 - INFO -         [TRAINABLE] paligemma_with_expert.paligemma.model.vision_tower.vision_model.encoder.layers.19.layer_norm1.bias (shape: torch.Size([1152])) - (119652:train_csgo.py:825)
2025-12-31 00:59:11 - INFO -         [TRAINABLE] paligemma_with_expert.paligemma.model.vision_tower.vision_model.encoder.layers.19.self_attn.k_proj.weight (shape: torch.Size([1152, 1152])) - (119652:train_csgo.py:825)
2025-12-31 00:59:11 - INFO -         [TRAINABLE] paligemma_with_expert.paligemma.model.vision_tower.vision_model.encoder.layers.19.self_attn.k_proj.bias (shape: torch.Size([1152])) - (119652:train_csgo.py:825)
2025-12-31 00:59:11 - INFO -         [TRAINABLE] paligemma_with_expert.paligemma.model.vision_tower.vision_model.encoder.layers.19.self_attn.v_proj.weight (shape: torch.Size([1152, 1152])) - (119652:train_csgo.py:825)
2025-12-31 00:59:11 - INFO -         [TRAINABLE] paligemma_with_expert.paligemma.model.vision_tower.vision_model.encoder.layers.19.self_attn.v_proj.bias (shape: torch.Size([1152])) - (119652:train_csgo.py:825)
2025-12-31 00:59:11 - INFO -         [TRAINABLE] paligemma_with_expert.paligemma.model.vision_tower.vision_model.encoder.layers.19.self_attn.q_proj.weight (shape: torch.Size([1152, 1152])) - (119652:train_csgo.py:825)
2025-12-31 00:59:11 - INFO -         [TRAINABLE] paligemma_with_expert.paligemma.model.vision_tower.vision_model.encoder.layers.19.self_attn.q_proj.bias (shape: torch.Size([1152])) - (119652:train_csgo.py:825)
2025-12-31 00:59:11 - INFO -         [TRAINABLE] paligemma_with_expert.paligemma.model.vision_tower.vision_model.encoder.layers.19.self_attn.out_proj.weight (shape: torch.Size([1152, 1152])) - (119652:train_csgo.py:825)
2025-12-31 00:59:11 - INFO -         [TRAINABLE] paligemma_with_expert.paligemma.model.vision_tower.vision_model.encoder.layers.19.self_attn.out_proj.bias (shape: torch.Size([1152])) - (119652:train_csgo.py:825)
2025-12-31 00:59:11 - INFO -         [TRAINABLE] paligemma_with_expert.paligemma.model.vision_tower.vision_model.encoder.layers.19.layer_norm2.weight (shape: torch.Size([1152])) - (119652:train_csgo.py:825)
2025-12-31 00:59:11 - INFO -         [TRAINABLE] paligemma_with_expert.paligemma.model.vision_tower.vision_model.encoder.layers.19.layer_norm2.bias (shape: torch.Size([1152])) - (119652:train_csgo.py:825)
2025-12-31 00:59:11 - INFO -         [TRAINABLE] paligemma_with_expert.paligemma.model.vision_tower.vision_model.encoder.layers.19.mlp.fc1.weight (shape: torch.Size([4304, 1152])) - (119652:train_csgo.py:825)
2025-12-31 00:59:11 - INFO -         [TRAINABLE] paligemma_with_expert.paligemma.model.vision_tower.vision_model.encoder.layers.19.mlp.fc1.bias (shape: torch.Size([4304])) - (119652:train_csgo.py:825)
2025-12-31 00:59:11 - INFO -         [TRAINABLE] paligemma_with_expert.paligemma.model.vision_tower.vision_model.encoder.layers.19.mlp.fc2.weight (shape: torch.Size([1152, 4304])) - (119652:train_csgo.py:825)
2025-12-31 00:59:11 - INFO -         [TRAINABLE] paligemma_with_expert.paligemma.model.vision_tower.vision_model.encoder.layers.19.mlp.fc2.bias (shape: torch.Size([1152])) - (119652:train_csgo.py:825)
2025-12-31 00:59:11 - INFO -         [TRAINABLE] paligemma_with_expert.paligemma.model.vision_tower.vision_model.encoder.layers.20.layer_norm1.weight (shape: torch.Size([1152])) - (119652:train_csgo.py:825)
2025-12-31 00:59:11 - INFO -         [TRAINABLE] paligemma_with_expert.paligemma.model.vision_tower.vision_model.encoder.layers.20.layer_norm1.bias (shape: torch.Size([1152])) - (119652:train_csgo.py:825)
2025-12-31 00:59:11 - INFO -         [TRAINABLE] paligemma_with_expert.paligemma.model.vision_tower.vision_model.encoder.layers.20.self_attn.k_proj.weight (shape: torch.Size([1152, 1152])) - (119652:train_csgo.py:825)
2025-12-31 00:59:11 - INFO -         [TRAINABLE] paligemma_with_expert.paligemma.model.vision_tower.vision_model.encoder.layers.20.self_attn.k_proj.bias (shape: torch.Size([1152])) - (119652:train_csgo.py:825)
2025-12-31 00:59:11 - INFO -         [TRAINABLE] paligemma_with_expert.paligemma.model.vision_tower.vision_model.encoder.layers.20.self_attn.v_proj.weight (shape: torch.Size([1152, 1152])) - (119652:train_csgo.py:825)
2025-12-31 00:59:11 - INFO -         [TRAINABLE] paligemma_with_expert.paligemma.model.vision_tower.vision_model.encoder.layers.20.self_attn.v_proj.bias (shape: torch.Size([1152])) - (119652:train_csgo.py:825)
2025-12-31 00:59:11 - INFO -         [TRAINABLE] paligemma_with_expert.paligemma.model.vision_tower.vision_model.encoder.layers.20.self_attn.q_proj.weight (shape: torch.Size([1152, 1152])) - (119652:train_csgo.py:825)
2025-12-31 00:59:11 - INFO -         [TRAINABLE] paligemma_with_expert.paligemma.model.vision_tower.vision_model.encoder.layers.20.self_attn.q_proj.bias (shape: torch.Size([1152])) - (119652:train_csgo.py:825)
2025-12-31 00:59:11 - INFO -         [TRAINABLE] paligemma_with_expert.paligemma.model.vision_tower.vision_model.encoder.layers.20.self_attn.out_proj.weight (shape: torch.Size([1152, 1152])) - (119652:train_csgo.py:825)
2025-12-31 00:59:11 - INFO -         [TRAINABLE] paligemma_with_expert.paligemma.model.vision_tower.vision_model.encoder.layers.20.self_attn.out_proj.bias (shape: torch.Size([1152])) - (119652:train_csgo.py:825)
2025-12-31 00:59:11 - INFO -         [TRAINABLE] paligemma_with_expert.paligemma.model.vision_tower.vision_model.encoder.layers.20.layer_norm2.weight (shape: torch.Size([1152])) - (119652:train_csgo.py:825)
2025-12-31 00:59:11 - INFO -         [TRAINABLE] paligemma_with_expert.paligemma.model.vision_tower.vision_model.encoder.layers.20.layer_norm2.bias (shape: torch.Size([1152])) - (119652:train_csgo.py:825)
2025-12-31 00:59:11 - INFO -         [TRAINABLE] paligemma_with_expert.paligemma.model.vision_tower.vision_model.encoder.layers.20.mlp.fc1.weight (shape: torch.Size([4304, 1152])) - (119652:train_csgo.py:825)
2025-12-31 00:59:11 - INFO -         [TRAINABLE] paligemma_with_expert.paligemma.model.vision_tower.vision_model.encoder.layers.20.mlp.fc1.bias (shape: torch.Size([4304])) - (119652:train_csgo.py:825)
2025-12-31 00:59:11 - INFO -         [TRAINABLE] paligemma_with_expert.paligemma.model.vision_tower.vision_model.encoder.layers.20.mlp.fc2.weight (shape: torch.Size([1152, 4304])) - (119652:train_csgo.py:825)
2025-12-31 00:59:11 - INFO -         [TRAINABLE] paligemma_with_expert.paligemma.model.vision_tower.vision_model.encoder.layers.20.mlp.fc2.bias (shape: torch.Size([1152])) - (119652:train_csgo.py:825)
2025-12-31 00:59:11 - INFO -         [TRAINABLE] paligemma_with_expert.paligemma.model.vision_tower.vision_model.encoder.layers.21.layer_norm1.weight (shape: torch.Size([1152])) - (119652:train_csgo.py:825)
2025-12-31 00:59:11 - INFO -         [TRAINABLE] paligemma_with_expert.paligemma.model.vision_tower.vision_model.encoder.layers.21.layer_norm1.bias (shape: torch.Size([1152])) - (119652:train_csgo.py:825)
2025-12-31 00:59:11 - INFO -         [TRAINABLE] paligemma_with_expert.paligemma.model.vision_tower.vision_model.encoder.layers.21.self_attn.k_proj.weight (shape: torch.Size([1152, 1152])) - (119652:train_csgo.py:825)
2025-12-31 00:59:11 - INFO -         [TRAINABLE] paligemma_with_expert.paligemma.model.vision_tower.vision_model.encoder.layers.21.self_attn.k_proj.bias (shape: torch.Size([1152])) - (119652:train_csgo.py:825)
2025-12-31 00:59:11 - INFO -         [TRAINABLE] paligemma_with_expert.paligemma.model.vision_tower.vision_model.encoder.layers.21.self_attn.v_proj.weight (shape: torch.Size([1152, 1152])) - (119652:train_csgo.py:825)
2025-12-31 00:59:11 - INFO -         [TRAINABLE] paligemma_with_expert.paligemma.model.vision_tower.vision_model.encoder.layers.21.self_attn.v_proj.bias (shape: torch.Size([1152])) - (119652:train_csgo.py:825)
2025-12-31 00:59:11 - INFO -         [TRAINABLE] paligemma_with_expert.paligemma.model.vision_tower.vision_model.encoder.layers.21.self_attn.q_proj.weight (shape: torch.Size([1152, 1152])) - (119652:train_csgo.py:825)
2025-12-31 00:59:11 - INFO -         [TRAINABLE] paligemma_with_expert.paligemma.model.vision_tower.vision_model.encoder.layers.21.self_attn.q_proj.bias (shape: torch.Size([1152])) - (119652:train_csgo.py:825)
2025-12-31 00:59:11 - INFO -         [TRAINABLE] paligemma_with_expert.paligemma.model.vision_tower.vision_model.encoder.layers.21.self_attn.out_proj.weight (shape: torch.Size([1152, 1152])) - (119652:train_csgo.py:825)
2025-12-31 00:59:11 - INFO -         [TRAINABLE] paligemma_with_expert.paligemma.model.vision_tower.vision_model.encoder.layers.21.self_attn.out_proj.bias (shape: torch.Size([1152])) - (119652:train_csgo.py:825)
2025-12-31 00:59:11 - INFO -         [TRAINABLE] paligemma_with_expert.paligemma.model.vision_tower.vision_model.encoder.layers.21.layer_norm2.weight (shape: torch.Size([1152])) - (119652:train_csgo.py:825)
2025-12-31 00:59:11 - INFO -         [TRAINABLE] paligemma_with_expert.paligemma.model.vision_tower.vision_model.encoder.layers.21.layer_norm2.bias (shape: torch.Size([1152])) - (119652:train_csgo.py:825)
2025-12-31 00:59:11 - INFO -         [TRAINABLE] paligemma_with_expert.paligemma.model.vision_tower.vision_model.encoder.layers.21.mlp.fc1.weight (shape: torch.Size([4304, 1152])) - (119652:train_csgo.py:825)
2025-12-31 00:59:11 - INFO -         [TRAINABLE] paligemma_with_expert.paligemma.model.vision_tower.vision_model.encoder.layers.21.mlp.fc1.bias (shape: torch.Size([4304])) - (119652:train_csgo.py:825)
2025-12-31 00:59:11 - INFO -         [TRAINABLE] paligemma_with_expert.paligemma.model.vision_tower.vision_model.encoder.layers.21.mlp.fc2.weight (shape: torch.Size([1152, 4304])) - (119652:train_csgo.py:825)
2025-12-31 00:59:11 - INFO -         [TRAINABLE] paligemma_with_expert.paligemma.model.vision_tower.vision_model.encoder.layers.21.mlp.fc2.bias (shape: torch.Size([1152])) - (119652:train_csgo.py:825)
2025-12-31 00:59:11 - INFO -         [TRAINABLE] paligemma_with_expert.paligemma.model.vision_tower.vision_model.encoder.layers.22.layer_norm1.weight (shape: torch.Size([1152])) - (119652:train_csgo.py:825)
2025-12-31 00:59:11 - INFO -         [TRAINABLE] paligemma_with_expert.paligemma.model.vision_tower.vision_model.encoder.layers.22.layer_norm1.bias (shape: torch.Size([1152])) - (119652:train_csgo.py:825)
2025-12-31 00:59:11 - INFO -         [TRAINABLE] paligemma_with_expert.paligemma.model.vision_tower.vision_model.encoder.layers.22.self_attn.k_proj.weight (shape: torch.Size([1152, 1152])) - (119652:train_csgo.py:825)
2025-12-31 00:59:11 - INFO -         [TRAINABLE] paligemma_with_expert.paligemma.model.vision_tower.vision_model.encoder.layers.22.self_attn.k_proj.bias (shape: torch.Size([1152])) - (119652:train_csgo.py:825)
2025-12-31 00:59:11 - INFO -         [TRAINABLE] paligemma_with_expert.paligemma.model.vision_tower.vision_model.encoder.layers.22.self_attn.v_proj.weight (shape: torch.Size([1152, 1152])) - (119652:train_csgo.py:825)
2025-12-31 00:59:11 - INFO -         [TRAINABLE] paligemma_with_expert.paligemma.model.vision_tower.vision_model.encoder.layers.22.self_attn.v_proj.bias (shape: torch.Size([1152])) - (119652:train_csgo.py:825)
2025-12-31 00:59:11 - INFO -         [TRAINABLE] paligemma_with_expert.paligemma.model.vision_tower.vision_model.encoder.layers.22.self_attn.q_proj.weight (shape: torch.Size([1152, 1152])) - (119652:train_csgo.py:825)
2025-12-31 00:59:11 - INFO -         [TRAINABLE] paligemma_with_expert.paligemma.model.vision_tower.vision_model.encoder.layers.22.self_attn.q_proj.bias (shape: torch.Size([1152])) - (119652:train_csgo.py:825)
2025-12-31 00:59:11 - INFO -         [TRAINABLE] paligemma_with_expert.paligemma.model.vision_tower.vision_model.encoder.layers.22.self_attn.out_proj.weight (shape: torch.Size([1152, 1152])) - (119652:train_csgo.py:825)
2025-12-31 00:59:11 - INFO -         [TRAINABLE] paligemma_with_expert.paligemma.model.vision_tower.vision_model.encoder.layers.22.self_attn.out_proj.bias (shape: torch.Size([1152])) - (119652:train_csgo.py:825)
2025-12-31 00:59:11 - INFO -         [TRAINABLE] paligemma_with_expert.paligemma.model.vision_tower.vision_model.encoder.layers.22.layer_norm2.weight (shape: torch.Size([1152])) - (119652:train_csgo.py:825)
2025-12-31 00:59:11 - INFO -         [TRAINABLE] paligemma_with_expert.paligemma.model.vision_tower.vision_model.encoder.layers.22.layer_norm2.bias (shape: torch.Size([1152])) - (119652:train_csgo.py:825)
2025-12-31 00:59:11 - INFO -         [TRAINABLE] paligemma_with_expert.paligemma.model.vision_tower.vision_model.encoder.layers.22.mlp.fc1.weight (shape: torch.Size([4304, 1152])) - (119652:train_csgo.py:825)
2025-12-31 00:59:11 - INFO -         [TRAINABLE] paligemma_with_expert.paligemma.model.vision_tower.vision_model.encoder.layers.22.mlp.fc1.bias (shape: torch.Size([4304])) - (119652:train_csgo.py:825)
2025-12-31 00:59:11 - INFO -         [TRAINABLE] paligemma_with_expert.paligemma.model.vision_tower.vision_model.encoder.layers.22.mlp.fc2.weight (shape: torch.Size([1152, 4304])) - (119652:train_csgo.py:825)
2025-12-31 00:59:11 - INFO -         [TRAINABLE] paligemma_with_expert.paligemma.model.vision_tower.vision_model.encoder.layers.22.mlp.fc2.bias (shape: torch.Size([1152])) - (119652:train_csgo.py:825)
2025-12-31 00:59:11 - INFO -         [TRAINABLE] paligemma_with_expert.paligemma.model.vision_tower.vision_model.encoder.layers.23.layer_norm1.weight (shape: torch.Size([1152])) - (119652:train_csgo.py:825)
2025-12-31 00:59:11 - INFO -         [TRAINABLE] paligemma_with_expert.paligemma.model.vision_tower.vision_model.encoder.layers.23.layer_norm1.bias (shape: torch.Size([1152])) - (119652:train_csgo.py:825)
2025-12-31 00:59:11 - INFO -         [TRAINABLE] paligemma_with_expert.paligemma.model.vision_tower.vision_model.encoder.layers.23.self_attn.k_proj.weight (shape: torch.Size([1152, 1152])) - (119652:train_csgo.py:825)
2025-12-31 00:59:11 - INFO -         [TRAINABLE] paligemma_with_expert.paligemma.model.vision_tower.vision_model.encoder.layers.23.self_attn.k_proj.bias (shape: torch.Size([1152])) - (119652:train_csgo.py:825)
2025-12-31 00:59:11 - INFO -         [TRAINABLE] paligemma_with_expert.paligemma.model.vision_tower.vision_model.encoder.layers.23.self_attn.v_proj.weight (shape: torch.Size([1152, 1152])) - (119652:train_csgo.py:825)
2025-12-31 00:59:11 - INFO -         [TRAINABLE] paligemma_with_expert.paligemma.model.vision_tower.vision_model.encoder.layers.23.self_attn.v_proj.bias (shape: torch.Size([1152])) - (119652:train_csgo.py:825)
2025-12-31 00:59:11 - INFO -         [TRAINABLE] paligemma_with_expert.paligemma.model.vision_tower.vision_model.encoder.layers.23.self_attn.q_proj.weight (shape: torch.Size([1152, 1152])) - (119652:train_csgo.py:825)
2025-12-31 00:59:11 - INFO -         [TRAINABLE] paligemma_with_expert.paligemma.model.vision_tower.vision_model.encoder.layers.23.self_attn.q_proj.bias (shape: torch.Size([1152])) - (119652:train_csgo.py:825)
2025-12-31 00:59:11 - INFO -         [TRAINABLE] paligemma_with_expert.paligemma.model.vision_tower.vision_model.encoder.layers.23.self_attn.out_proj.weight (shape: torch.Size([1152, 1152])) - (119652:train_csgo.py:825)
2025-12-31 00:59:11 - INFO -         [TRAINABLE] paligemma_with_expert.paligemma.model.vision_tower.vision_model.encoder.layers.23.self_attn.out_proj.bias (shape: torch.Size([1152])) - (119652:train_csgo.py:825)
2025-12-31 00:59:11 - INFO -         [TRAINABLE] paligemma_with_expert.paligemma.model.vision_tower.vision_model.encoder.layers.23.layer_norm2.weight (shape: torch.Size([1152])) - (119652:train_csgo.py:825)
2025-12-31 00:59:11 - INFO -         [TRAINABLE] paligemma_with_expert.paligemma.model.vision_tower.vision_model.encoder.layers.23.layer_norm2.bias (shape: torch.Size([1152])) - (119652:train_csgo.py:825)
2025-12-31 00:59:11 - INFO -         [TRAINABLE] paligemma_with_expert.paligemma.model.vision_tower.vision_model.encoder.layers.23.mlp.fc1.weight (shape: torch.Size([4304, 1152])) - (119652:train_csgo.py:825)
2025-12-31 00:59:11 - INFO -         [TRAINABLE] paligemma_with_expert.paligemma.model.vision_tower.vision_model.encoder.layers.23.mlp.fc1.bias (shape: torch.Size([4304])) - (119652:train_csgo.py:825)
2025-12-31 00:59:11 - INFO -         [TRAINABLE] paligemma_with_expert.paligemma.model.vision_tower.vision_model.encoder.layers.23.mlp.fc2.weight (shape: torch.Size([1152, 4304])) - (119652:train_csgo.py:825)
2025-12-31 00:59:11 - INFO -         [TRAINABLE] paligemma_with_expert.paligemma.model.vision_tower.vision_model.encoder.layers.23.mlp.fc2.bias (shape: torch.Size([1152])) - (119652:train_csgo.py:825)
2025-12-31 00:59:11 - INFO -         [TRAINABLE] paligemma_with_expert.paligemma.model.vision_tower.vision_model.encoder.layers.24.layer_norm1.weight (shape: torch.Size([1152])) - (119652:train_csgo.py:825)
2025-12-31 00:59:11 - INFO -         [TRAINABLE] paligemma_with_expert.paligemma.model.vision_tower.vision_model.encoder.layers.24.layer_norm1.bias (shape: torch.Size([1152])) - (119652:train_csgo.py:825)
2025-12-31 00:59:11 - INFO -         [TRAINABLE] paligemma_with_expert.paligemma.model.vision_tower.vision_model.encoder.layers.24.self_attn.k_proj.weight (shape: torch.Size([1152, 1152])) - (119652:train_csgo.py:825)
2025-12-31 00:59:11 - INFO -         [TRAINABLE] paligemma_with_expert.paligemma.model.vision_tower.vision_model.encoder.layers.24.self_attn.k_proj.bias (shape: torch.Size([1152])) - (119652:train_csgo.py:825)
2025-12-31 00:59:11 - INFO -         [TRAINABLE] paligemma_with_expert.paligemma.model.vision_tower.vision_model.encoder.layers.24.self_attn.v_proj.weight (shape: torch.Size([1152, 1152])) - (119652:train_csgo.py:825)
2025-12-31 00:59:11 - INFO -         [TRAINABLE] paligemma_with_expert.paligemma.model.vision_tower.vision_model.encoder.layers.24.self_attn.v_proj.bias (shape: torch.Size([1152])) - (119652:train_csgo.py:825)
2025-12-31 00:59:11 - INFO -         [TRAINABLE] paligemma_with_expert.paligemma.model.vision_tower.vision_model.encoder.layers.24.self_attn.q_proj.weight (shape: torch.Size([1152, 1152])) - (119652:train_csgo.py:825)
2025-12-31 00:59:11 - INFO -         [TRAINABLE] paligemma_with_expert.paligemma.model.vision_tower.vision_model.encoder.layers.24.self_attn.q_proj.bias (shape: torch.Size([1152])) - (119652:train_csgo.py:825)
2025-12-31 00:59:11 - INFO -         [TRAINABLE] paligemma_with_expert.paligemma.model.vision_tower.vision_model.encoder.layers.24.self_attn.out_proj.weight (shape: torch.Size([1152, 1152])) - (119652:train_csgo.py:825)
2025-12-31 00:59:11 - INFO -         [TRAINABLE] paligemma_with_expert.paligemma.model.vision_tower.vision_model.encoder.layers.24.self_attn.out_proj.bias (shape: torch.Size([1152])) - (119652:train_csgo.py:825)
2025-12-31 00:59:11 - INFO -         [TRAINABLE] paligemma_with_expert.paligemma.model.vision_tower.vision_model.encoder.layers.24.layer_norm2.weight (shape: torch.Size([1152])) - (119652:train_csgo.py:825)
2025-12-31 00:59:11 - INFO -         [TRAINABLE] paligemma_with_expert.paligemma.model.vision_tower.vision_model.encoder.layers.24.layer_norm2.bias (shape: torch.Size([1152])) - (119652:train_csgo.py:825)
2025-12-31 00:59:11 - INFO -         [TRAINABLE] paligemma_with_expert.paligemma.model.vision_tower.vision_model.encoder.layers.24.mlp.fc1.weight (shape: torch.Size([4304, 1152])) - (119652:train_csgo.py:825)
2025-12-31 00:59:11 - INFO -         [TRAINABLE] paligemma_with_expert.paligemma.model.vision_tower.vision_model.encoder.layers.24.mlp.fc1.bias (shape: torch.Size([4304])) - (119652:train_csgo.py:825)
2025-12-31 00:59:11 - INFO -         [TRAINABLE] paligemma_with_expert.paligemma.model.vision_tower.vision_model.encoder.layers.24.mlp.fc2.weight (shape: torch.Size([1152, 4304])) - (119652:train_csgo.py:825)
2025-12-31 00:59:11 - INFO -         [TRAINABLE] paligemma_with_expert.paligemma.model.vision_tower.vision_model.encoder.layers.24.mlp.fc2.bias (shape: torch.Size([1152])) - (119652:train_csgo.py:825)
2025-12-31 00:59:11 - INFO -         [TRAINABLE] paligemma_with_expert.paligemma.model.vision_tower.vision_model.encoder.layers.25.layer_norm1.weight (shape: torch.Size([1152])) - (119652:train_csgo.py:825)
2025-12-31 00:59:11 - INFO -         [TRAINABLE] paligemma_with_expert.paligemma.model.vision_tower.vision_model.encoder.layers.25.layer_norm1.bias (shape: torch.Size([1152])) - (119652:train_csgo.py:825)
2025-12-31 00:59:11 - INFO -         [TRAINABLE] paligemma_with_expert.paligemma.model.vision_tower.vision_model.encoder.layers.25.self_attn.k_proj.weight (shape: torch.Size([1152, 1152])) - (119652:train_csgo.py:825)
2025-12-31 00:59:11 - INFO -         [TRAINABLE] paligemma_with_expert.paligemma.model.vision_tower.vision_model.encoder.layers.25.self_attn.k_proj.bias (shape: torch.Size([1152])) - (119652:train_csgo.py:825)
2025-12-31 00:59:11 - INFO -         [TRAINABLE] paligemma_with_expert.paligemma.model.vision_tower.vision_model.encoder.layers.25.self_attn.v_proj.weight (shape: torch.Size([1152, 1152])) - (119652:train_csgo.py:825)
2025-12-31 00:59:11 - INFO -         [TRAINABLE] paligemma_with_expert.paligemma.model.vision_tower.vision_model.encoder.layers.25.self_attn.v_proj.bias (shape: torch.Size([1152])) - (119652:train_csgo.py:825)
2025-12-31 00:59:11 - INFO -         [TRAINABLE] paligemma_with_expert.paligemma.model.vision_tower.vision_model.encoder.layers.25.self_attn.q_proj.weight (shape: torch.Size([1152, 1152])) - (119652:train_csgo.py:825)
2025-12-31 00:59:11 - INFO -         [TRAINABLE] paligemma_with_expert.paligemma.model.vision_tower.vision_model.encoder.layers.25.self_attn.q_proj.bias (shape: torch.Size([1152])) - (119652:train_csgo.py:825)
2025-12-31 00:59:11 - INFO -         [TRAINABLE] paligemma_with_expert.paligemma.model.vision_tower.vision_model.encoder.layers.25.self_attn.out_proj.weight (shape: torch.Size([1152, 1152])) - (119652:train_csgo.py:825)
2025-12-31 00:59:11 - INFO -         [TRAINABLE] paligemma_with_expert.paligemma.model.vision_tower.vision_model.encoder.layers.25.self_attn.out_proj.bias (shape: torch.Size([1152])) - (119652:train_csgo.py:825)
2025-12-31 00:59:11 - INFO -         [TRAINABLE] paligemma_with_expert.paligemma.model.vision_tower.vision_model.encoder.layers.25.layer_norm2.weight (shape: torch.Size([1152])) - (119652:train_csgo.py:825)
2025-12-31 00:59:11 - INFO -         [TRAINABLE] paligemma_with_expert.paligemma.model.vision_tower.vision_model.encoder.layers.25.layer_norm2.bias (shape: torch.Size([1152])) - (119652:train_csgo.py:825)
2025-12-31 00:59:11 - INFO -         [TRAINABLE] paligemma_with_expert.paligemma.model.vision_tower.vision_model.encoder.layers.25.mlp.fc1.weight (shape: torch.Size([4304, 1152])) - (119652:train_csgo.py:825)
2025-12-31 00:59:11 - INFO -         [TRAINABLE] paligemma_with_expert.paligemma.model.vision_tower.vision_model.encoder.layers.25.mlp.fc1.bias (shape: torch.Size([4304])) - (119652:train_csgo.py:825)
2025-12-31 00:59:11 - INFO -         [TRAINABLE] paligemma_with_expert.paligemma.model.vision_tower.vision_model.encoder.layers.25.mlp.fc2.weight (shape: torch.Size([1152, 4304])) - (119652:train_csgo.py:825)
2025-12-31 00:59:11 - INFO -         [TRAINABLE] paligemma_with_expert.paligemma.model.vision_tower.vision_model.encoder.layers.25.mlp.fc2.bias (shape: torch.Size([1152])) - (119652:train_csgo.py:825)
2025-12-31 00:59:11 - INFO -         [TRAINABLE] paligemma_with_expert.paligemma.model.vision_tower.vision_model.encoder.layers.26.layer_norm1.weight (shape: torch.Size([1152])) - (119652:train_csgo.py:825)
2025-12-31 00:59:11 - INFO -         [TRAINABLE] paligemma_with_expert.paligemma.model.vision_tower.vision_model.encoder.layers.26.layer_norm1.bias (shape: torch.Size([1152])) - (119652:train_csgo.py:825)
2025-12-31 00:59:11 - INFO -         [TRAINABLE] paligemma_with_expert.paligemma.model.vision_tower.vision_model.encoder.layers.26.self_attn.k_proj.weight (shape: torch.Size([1152, 1152])) - (119652:train_csgo.py:825)
2025-12-31 00:59:11 - INFO -         [TRAINABLE] paligemma_with_expert.paligemma.model.vision_tower.vision_model.encoder.layers.26.self_attn.k_proj.bias (shape: torch.Size([1152])) - (119652:train_csgo.py:825)
2025-12-31 00:59:11 - INFO -         [TRAINABLE] paligemma_with_expert.paligemma.model.vision_tower.vision_model.encoder.layers.26.self_attn.v_proj.weight (shape: torch.Size([1152, 1152])) - (119652:train_csgo.py:825)
2025-12-31 00:59:11 - INFO -         [TRAINABLE] paligemma_with_expert.paligemma.model.vision_tower.vision_model.encoder.layers.26.self_attn.v_proj.bias (shape: torch.Size([1152])) - (119652:train_csgo.py:825)
2025-12-31 00:59:11 - INFO -         [TRAINABLE] paligemma_with_expert.paligemma.model.vision_tower.vision_model.encoder.layers.26.self_attn.q_proj.weight (shape: torch.Size([1152, 1152])) - (119652:train_csgo.py:825)
2025-12-31 00:59:11 - INFO -         [TRAINABLE] paligemma_with_expert.paligemma.model.vision_tower.vision_model.encoder.layers.26.self_attn.q_proj.bias (shape: torch.Size([1152])) - (119652:train_csgo.py:825)
2025-12-31 00:59:11 - INFO -         [TRAINABLE] paligemma_with_expert.paligemma.model.vision_tower.vision_model.encoder.layers.26.self_attn.out_proj.weight (shape: torch.Size([1152, 1152])) - (119652:train_csgo.py:825)
2025-12-31 00:59:11 - INFO -         [TRAINABLE] paligemma_with_expert.paligemma.model.vision_tower.vision_model.encoder.layers.26.self_attn.out_proj.bias (shape: torch.Size([1152])) - (119652:train_csgo.py:825)
2025-12-31 00:59:11 - INFO -         [TRAINABLE] paligemma_with_expert.paligemma.model.vision_tower.vision_model.encoder.layers.26.layer_norm2.weight (shape: torch.Size([1152])) - (119652:train_csgo.py:825)
2025-12-31 00:59:11 - INFO -         [TRAINABLE] paligemma_with_expert.paligemma.model.vision_tower.vision_model.encoder.layers.26.layer_norm2.bias (shape: torch.Size([1152])) - (119652:train_csgo.py:825)
2025-12-31 00:59:11 - INFO -         [TRAINABLE] paligemma_with_expert.paligemma.model.vision_tower.vision_model.encoder.layers.26.mlp.fc1.weight (shape: torch.Size([4304, 1152])) - (119652:train_csgo.py:825)
2025-12-31 00:59:11 - INFO -         [TRAINABLE] paligemma_with_expert.paligemma.model.vision_tower.vision_model.encoder.layers.26.mlp.fc1.bias (shape: torch.Size([4304])) - (119652:train_csgo.py:825)
2025-12-31 00:59:11 - INFO -         [TRAINABLE] paligemma_with_expert.paligemma.model.vision_tower.vision_model.encoder.layers.26.mlp.fc2.weight (shape: torch.Size([1152, 4304])) - (119652:train_csgo.py:825)
2025-12-31 00:59:11 - INFO -         [TRAINABLE] paligemma_with_expert.paligemma.model.vision_tower.vision_model.encoder.layers.26.mlp.fc2.bias (shape: torch.Size([1152])) - (119652:train_csgo.py:825)
2025-12-31 00:59:11 - INFO -         [TRAINABLE] paligemma_with_expert.paligemma.model.vision_tower.vision_model.post_layernorm.weight (shape: torch.Size([1152])) - (119652:train_csgo.py:825)
2025-12-31 00:59:11 - INFO -         [TRAINABLE] paligemma_with_expert.paligemma.model.vision_tower.vision_model.post_layernorm.bias (shape: torch.Size([1152])) - (119652:train_csgo.py:825)
2025-12-31 00:59:11 - INFO -         [TRAINABLE] paligemma_with_expert.paligemma.model.multi_modal_projector.linear.weight (shape: torch.Size([2048, 1152])) - (119652:train_csgo.py:825)
2025-12-31 00:59:11 - INFO -         [TRAINABLE] paligemma_with_expert.paligemma.model.multi_modal_projector.linear.bias (shape: torch.Size([2048])) - (119652:train_csgo.py:825)
2025-12-31 00:59:11 - INFO -         [TRAINABLE] paligemma_with_expert.paligemma.model.language_model.embed_tokens.weight (shape: torch.Size([257152, 2048])) - (119652:train_csgo.py:825)
2025-12-31 00:59:11 - INFO -         [TRAINABLE] paligemma_with_expert.paligemma.model.language_model.layers.0.self_attn.q_proj.weight (shape: torch.Size([2048, 2048])) - (119652:train_csgo.py:825)
2025-12-31 00:59:11 - INFO -         [TRAINABLE] paligemma_with_expert.paligemma.model.language_model.layers.0.self_attn.k_proj.weight (shape: torch.Size([256, 2048])) - (119652:train_csgo.py:825)
2025-12-31 00:59:11 - INFO -         [TRAINABLE] paligemma_with_expert.paligemma.model.language_model.layers.0.self_attn.v_proj.weight (shape: torch.Size([256, 2048])) - (119652:train_csgo.py:825)
2025-12-31 00:59:11 - INFO -         [TRAINABLE] paligemma_with_expert.paligemma.model.language_model.layers.0.self_attn.o_proj.weight (shape: torch.Size([2048, 2048])) - (119652:train_csgo.py:825)
2025-12-31 00:59:11 - INFO -         [TRAINABLE] paligemma_with_expert.paligemma.model.language_model.layers.0.mlp.gate_proj.weight (shape: torch.Size([16384, 2048])) - (119652:train_csgo.py:825)
2025-12-31 00:59:11 - INFO -         [TRAINABLE] paligemma_with_expert.paligemma.model.language_model.layers.0.mlp.up_proj.weight (shape: torch.Size([16384, 2048])) - (119652:train_csgo.py:825)
2025-12-31 00:59:11 - INFO -         [TRAINABLE] paligemma_with_expert.paligemma.model.language_model.layers.0.mlp.down_proj.weight (shape: torch.Size([2048, 16384])) - (119652:train_csgo.py:825)
2025-12-31 00:59:11 - INFO -         [TRAINABLE] paligemma_with_expert.paligemma.model.language_model.layers.0.input_layernorm.weight (shape: torch.Size([2048])) - (119652:train_csgo.py:825)
2025-12-31 00:59:11 - INFO -         [TRAINABLE] paligemma_with_expert.paligemma.model.language_model.layers.0.post_attention_layernorm.weight (shape: torch.Size([2048])) - (119652:train_csgo.py:825)
2025-12-31 00:59:11 - INFO -         [TRAINABLE] paligemma_with_expert.paligemma.model.language_model.layers.1.self_attn.q_proj.weight (shape: torch.Size([2048, 2048])) - (119652:train_csgo.py:825)
2025-12-31 00:59:11 - INFO -         [TRAINABLE] paligemma_with_expert.paligemma.model.language_model.layers.1.self_attn.k_proj.weight (shape: torch.Size([256, 2048])) - (119652:train_csgo.py:825)
2025-12-31 00:59:11 - INFO -         [TRAINABLE] paligemma_with_expert.paligemma.model.language_model.layers.1.self_attn.v_proj.weight (shape: torch.Size([256, 2048])) - (119652:train_csgo.py:825)
2025-12-31 00:59:11 - INFO -         [TRAINABLE] paligemma_with_expert.paligemma.model.language_model.layers.1.self_attn.o_proj.weight (shape: torch.Size([2048, 2048])) - (119652:train_csgo.py:825)
2025-12-31 00:59:11 - INFO -         [TRAINABLE] paligemma_with_expert.paligemma.model.language_model.layers.1.mlp.gate_proj.weight (shape: torch.Size([16384, 2048])) - (119652:train_csgo.py:825)
2025-12-31 00:59:11 - INFO -         [TRAINABLE] paligemma_with_expert.paligemma.model.language_model.layers.1.mlp.up_proj.weight (shape: torch.Size([16384, 2048])) - (119652:train_csgo.py:825)
2025-12-31 00:59:11 - INFO -         [TRAINABLE] paligemma_with_expert.paligemma.model.language_model.layers.1.mlp.down_proj.weight (shape: torch.Size([2048, 16384])) - (119652:train_csgo.py:825)
2025-12-31 00:59:11 - INFO -         [TRAINABLE] paligemma_with_expert.paligemma.model.language_model.layers.1.input_layernorm.weight (shape: torch.Size([2048])) - (119652:train_csgo.py:825)
2025-12-31 00:59:11 - INFO -         [TRAINABLE] paligemma_with_expert.paligemma.model.language_model.layers.1.post_attention_layernorm.weight (shape: torch.Size([2048])) - (119652:train_csgo.py:825)
2025-12-31 00:59:11 - INFO -         [TRAINABLE] paligemma_with_expert.paligemma.model.language_model.layers.2.self_attn.q_proj.weight (shape: torch.Size([2048, 2048])) - (119652:train_csgo.py:825)
2025-12-31 00:59:11 - INFO -         [TRAINABLE] paligemma_with_expert.paligemma.model.language_model.layers.2.self_attn.k_proj.weight (shape: torch.Size([256, 2048])) - (119652:train_csgo.py:825)
2025-12-31 00:59:11 - INFO -         [TRAINABLE] paligemma_with_expert.paligemma.model.language_model.layers.2.self_attn.v_proj.weight (shape: torch.Size([256, 2048])) - (119652:train_csgo.py:825)
2025-12-31 00:59:11 - INFO -         [TRAINABLE] paligemma_with_expert.paligemma.model.language_model.layers.2.self_attn.o_proj.weight (shape: torch.Size([2048, 2048])) - (119652:train_csgo.py:825)
2025-12-31 00:59:11 - INFO -         [TRAINABLE] paligemma_with_expert.paligemma.model.language_model.layers.2.mlp.gate_proj.weight (shape: torch.Size([16384, 2048])) - (119652:train_csgo.py:825)
2025-12-31 00:59:11 - INFO -         [TRAINABLE] paligemma_with_expert.paligemma.model.language_model.layers.2.mlp.up_proj.weight (shape: torch.Size([16384, 2048])) - (119652:train_csgo.py:825)
2025-12-31 00:59:11 - INFO -         [TRAINABLE] paligemma_with_expert.paligemma.model.language_model.layers.2.mlp.down_proj.weight (shape: torch.Size([2048, 16384])) - (119652:train_csgo.py:825)
2025-12-31 00:59:11 - INFO -         [TRAINABLE] paligemma_with_expert.paligemma.model.language_model.layers.2.input_layernorm.weight (shape: torch.Size([2048])) - (119652:train_csgo.py:825)
2025-12-31 00:59:11 - INFO -         [TRAINABLE] paligemma_with_expert.paligemma.model.language_model.layers.2.post_attention_layernorm.weight (shape: torch.Size([2048])) - (119652:train_csgo.py:825)
2025-12-31 00:59:11 - INFO -         [TRAINABLE] paligemma_with_expert.paligemma.model.language_model.layers.3.self_attn.q_proj.weight (shape: torch.Size([2048, 2048])) - (119652:train_csgo.py:825)
2025-12-31 00:59:11 - INFO -         [TRAINABLE] paligemma_with_expert.paligemma.model.language_model.layers.3.self_attn.k_proj.weight (shape: torch.Size([256, 2048])) - (119652:train_csgo.py:825)
2025-12-31 00:59:11 - INFO -         [TRAINABLE] paligemma_with_expert.paligemma.model.language_model.layers.3.self_attn.v_proj.weight (shape: torch.Size([256, 2048])) - (119652:train_csgo.py:825)
2025-12-31 00:59:11 - INFO -         [TRAINABLE] paligemma_with_expert.paligemma.model.language_model.layers.3.self_attn.o_proj.weight (shape: torch.Size([2048, 2048])) - (119652:train_csgo.py:825)
2025-12-31 00:59:11 - INFO -         [TRAINABLE] paligemma_with_expert.paligemma.model.language_model.layers.3.mlp.gate_proj.weight (shape: torch.Size([16384, 2048])) - (119652:train_csgo.py:825)
2025-12-31 00:59:11 - INFO -         [TRAINABLE] paligemma_with_expert.paligemma.model.language_model.layers.3.mlp.up_proj.weight (shape: torch.Size([16384, 2048])) - (119652:train_csgo.py:825)
2025-12-31 00:59:11 - INFO -         [TRAINABLE] paligemma_with_expert.paligemma.model.language_model.layers.3.mlp.down_proj.weight (shape: torch.Size([2048, 16384])) - (119652:train_csgo.py:825)
2025-12-31 00:59:11 - INFO -         [TRAINABLE] paligemma_with_expert.paligemma.model.language_model.layers.3.input_layernorm.weight (shape: torch.Size([2048])) - (119652:train_csgo.py:825)
2025-12-31 00:59:11 - INFO -         [TRAINABLE] paligemma_with_expert.paligemma.model.language_model.layers.3.post_attention_layernorm.weight (shape: torch.Size([2048])) - (119652:train_csgo.py:825)
2025-12-31 00:59:11 - INFO -         [TRAINABLE] paligemma_with_expert.paligemma.model.language_model.layers.4.self_attn.q_proj.weight (shape: torch.Size([2048, 2048])) - (119652:train_csgo.py:825)
2025-12-31 00:59:11 - INFO -         [TRAINABLE] paligemma_with_expert.paligemma.model.language_model.layers.4.self_attn.k_proj.weight (shape: torch.Size([256, 2048])) - (119652:train_csgo.py:825)
2025-12-31 00:59:11 - INFO -         [TRAINABLE] paligemma_with_expert.paligemma.model.language_model.layers.4.self_attn.v_proj.weight (shape: torch.Size([256, 2048])) - (119652:train_csgo.py:825)
2025-12-31 00:59:11 - INFO -         [TRAINABLE] paligemma_with_expert.paligemma.model.language_model.layers.4.self_attn.o_proj.weight (shape: torch.Size([2048, 2048])) - (119652:train_csgo.py:825)
2025-12-31 00:59:11 - INFO -         [TRAINABLE] paligemma_with_expert.paligemma.model.language_model.layers.4.mlp.gate_proj.weight (shape: torch.Size([16384, 2048])) - (119652:train_csgo.py:825)
2025-12-31 00:59:11 - INFO -         [TRAINABLE] paligemma_with_expert.paligemma.model.language_model.layers.4.mlp.up_proj.weight (shape: torch.Size([16384, 2048])) - (119652:train_csgo.py:825)
2025-12-31 00:59:11 - INFO -         [TRAINABLE] paligemma_with_expert.paligemma.model.language_model.layers.4.mlp.down_proj.weight (shape: torch.Size([2048, 16384])) - (119652:train_csgo.py:825)
2025-12-31 00:59:11 - INFO -         [TRAINABLE] paligemma_with_expert.paligemma.model.language_model.layers.4.input_layernorm.weight (shape: torch.Size([2048])) - (119652:train_csgo.py:825)
2025-12-31 00:59:11 - INFO -         [TRAINABLE] paligemma_with_expert.paligemma.model.language_model.layers.4.post_attention_layernorm.weight (shape: torch.Size([2048])) - (119652:train_csgo.py:825)
2025-12-31 00:59:11 - INFO -         [TRAINABLE] paligemma_with_expert.paligemma.model.language_model.layers.5.self_attn.q_proj.weight (shape: torch.Size([2048, 2048])) - (119652:train_csgo.py:825)
2025-12-31 00:59:11 - INFO -         [TRAINABLE] paligemma_with_expert.paligemma.model.language_model.layers.5.self_attn.k_proj.weight (shape: torch.Size([256, 2048])) - (119652:train_csgo.py:825)
2025-12-31 00:59:11 - INFO -         [TRAINABLE] paligemma_with_expert.paligemma.model.language_model.layers.5.self_attn.v_proj.weight (shape: torch.Size([256, 2048])) - (119652:train_csgo.py:825)
2025-12-31 00:59:11 - INFO -         [TRAINABLE] paligemma_with_expert.paligemma.model.language_model.layers.5.self_attn.o_proj.weight (shape: torch.Size([2048, 2048])) - (119652:train_csgo.py:825)
2025-12-31 00:59:11 - INFO -         [TRAINABLE] paligemma_with_expert.paligemma.model.language_model.layers.5.mlp.gate_proj.weight (shape: torch.Size([16384, 2048])) - (119652:train_csgo.py:825)
2025-12-31 00:59:11 - INFO -         [TRAINABLE] paligemma_with_expert.paligemma.model.language_model.layers.5.mlp.up_proj.weight (shape: torch.Size([16384, 2048])) - (119652:train_csgo.py:825)
2025-12-31 00:59:11 - INFO -         [TRAINABLE] paligemma_with_expert.paligemma.model.language_model.layers.5.mlp.down_proj.weight (shape: torch.Size([2048, 16384])) - (119652:train_csgo.py:825)
2025-12-31 00:59:11 - INFO -         [TRAINABLE] paligemma_with_expert.paligemma.model.language_model.layers.5.input_layernorm.weight (shape: torch.Size([2048])) - (119652:train_csgo.py:825)
2025-12-31 00:59:11 - INFO -         [TRAINABLE] paligemma_with_expert.paligemma.model.language_model.layers.5.post_attention_layernorm.weight (shape: torch.Size([2048])) - (119652:train_csgo.py:825)
2025-12-31 00:59:11 - INFO -         [TRAINABLE] paligemma_with_expert.paligemma.model.language_model.layers.6.self_attn.q_proj.weight (shape: torch.Size([2048, 2048])) - (119652:train_csgo.py:825)
2025-12-31 00:59:11 - INFO -         [TRAINABLE] paligemma_with_expert.paligemma.model.language_model.layers.6.self_attn.k_proj.weight (shape: torch.Size([256, 2048])) - (119652:train_csgo.py:825)
2025-12-31 00:59:11 - INFO -         [TRAINABLE] paligemma_with_expert.paligemma.model.language_model.layers.6.self_attn.v_proj.weight (shape: torch.Size([256, 2048])) - (119652:train_csgo.py:825)
2025-12-31 00:59:11 - INFO -         [TRAINABLE] paligemma_with_expert.paligemma.model.language_model.layers.6.self_attn.o_proj.weight (shape: torch.Size([2048, 2048])) - (119652:train_csgo.py:825)
2025-12-31 00:59:11 - INFO -         [TRAINABLE] paligemma_with_expert.paligemma.model.language_model.layers.6.mlp.gate_proj.weight (shape: torch.Size([16384, 2048])) - (119652:train_csgo.py:825)
2025-12-31 00:59:11 - INFO -         [TRAINABLE] paligemma_with_expert.paligemma.model.language_model.layers.6.mlp.up_proj.weight (shape: torch.Size([16384, 2048])) - (119652:train_csgo.py:825)
2025-12-31 00:59:11 - INFO -         [TRAINABLE] paligemma_with_expert.paligemma.model.language_model.layers.6.mlp.down_proj.weight (shape: torch.Size([2048, 16384])) - (119652:train_csgo.py:825)
2025-12-31 00:59:11 - INFO -         [TRAINABLE] paligemma_with_expert.paligemma.model.language_model.layers.6.input_layernorm.weight (shape: torch.Size([2048])) - (119652:train_csgo.py:825)
2025-12-31 00:59:11 - INFO -         [TRAINABLE] paligemma_with_expert.paligemma.model.language_model.layers.6.post_attention_layernorm.weight (shape: torch.Size([2048])) - (119652:train_csgo.py:825)
2025-12-31 00:59:11 - INFO -         [TRAINABLE] paligemma_with_expert.paligemma.model.language_model.layers.7.self_attn.q_proj.weight (shape: torch.Size([2048, 2048])) - (119652:train_csgo.py:825)
2025-12-31 00:59:11 - INFO -         [TRAINABLE] paligemma_with_expert.paligemma.model.language_model.layers.7.self_attn.k_proj.weight (shape: torch.Size([256, 2048])) - (119652:train_csgo.py:825)
2025-12-31 00:59:11 - INFO -         [TRAINABLE] paligemma_with_expert.paligemma.model.language_model.layers.7.self_attn.v_proj.weight (shape: torch.Size([256, 2048])) - (119652:train_csgo.py:825)
2025-12-31 00:59:11 - INFO -         [TRAINABLE] paligemma_with_expert.paligemma.model.language_model.layers.7.self_attn.o_proj.weight (shape: torch.Size([2048, 2048])) - (119652:train_csgo.py:825)
2025-12-31 00:59:11 - INFO -         [TRAINABLE] paligemma_with_expert.paligemma.model.language_model.layers.7.mlp.gate_proj.weight (shape: torch.Size([16384, 2048])) - (119652:train_csgo.py:825)
2025-12-31 00:59:11 - INFO -         [TRAINABLE] paligemma_with_expert.paligemma.model.language_model.layers.7.mlp.up_proj.weight (shape: torch.Size([16384, 2048])) - (119652:train_csgo.py:825)
2025-12-31 00:59:11 - INFO -         [TRAINABLE] paligemma_with_expert.paligemma.model.language_model.layers.7.mlp.down_proj.weight (shape: torch.Size([2048, 16384])) - (119652:train_csgo.py:825)
2025-12-31 00:59:11 - INFO -         [TRAINABLE] paligemma_with_expert.paligemma.model.language_model.layers.7.input_layernorm.weight (shape: torch.Size([2048])) - (119652:train_csgo.py:825)
2025-12-31 00:59:11 - INFO -         [TRAINABLE] paligemma_with_expert.paligemma.model.language_model.layers.7.post_attention_layernorm.weight (shape: torch.Size([2048])) - (119652:train_csgo.py:825)
2025-12-31 00:59:11 - INFO -         [TRAINABLE] paligemma_with_expert.paligemma.model.language_model.layers.8.self_attn.q_proj.weight (shape: torch.Size([2048, 2048])) - (119652:train_csgo.py:825)
2025-12-31 00:59:11 - INFO -         [TRAINABLE] paligemma_with_expert.paligemma.model.language_model.layers.8.self_attn.k_proj.weight (shape: torch.Size([256, 2048])) - (119652:train_csgo.py:825)
2025-12-31 00:59:11 - INFO -         [TRAINABLE] paligemma_with_expert.paligemma.model.language_model.layers.8.self_attn.v_proj.weight (shape: torch.Size([256, 2048])) - (119652:train_csgo.py:825)
2025-12-31 00:59:11 - INFO -         [TRAINABLE] paligemma_with_expert.paligemma.model.language_model.layers.8.self_attn.o_proj.weight (shape: torch.Size([2048, 2048])) - (119652:train_csgo.py:825)
2025-12-31 00:59:11 - INFO -         [TRAINABLE] paligemma_with_expert.paligemma.model.language_model.layers.8.mlp.gate_proj.weight (shape: torch.Size([16384, 2048])) - (119652:train_csgo.py:825)
2025-12-31 00:59:11 - INFO -         [TRAINABLE] paligemma_with_expert.paligemma.model.language_model.layers.8.mlp.up_proj.weight (shape: torch.Size([16384, 2048])) - (119652:train_csgo.py:825)
2025-12-31 00:59:11 - INFO -         [TRAINABLE] paligemma_with_expert.paligemma.model.language_model.layers.8.mlp.down_proj.weight (shape: torch.Size([2048, 16384])) - (119652:train_csgo.py:825)
2025-12-31 00:59:11 - INFO -         [TRAINABLE] paligemma_with_expert.paligemma.model.language_model.layers.8.input_layernorm.weight (shape: torch.Size([2048])) - (119652:train_csgo.py:825)
2025-12-31 00:59:11 - INFO -         [TRAINABLE] paligemma_with_expert.paligemma.model.language_model.layers.8.post_attention_layernorm.weight (shape: torch.Size([2048])) - (119652:train_csgo.py:825)
2025-12-31 00:59:11 - INFO -         [TRAINABLE] paligemma_with_expert.paligemma.model.language_model.layers.9.self_attn.q_proj.weight (shape: torch.Size([2048, 2048])) - (119652:train_csgo.py:825)
2025-12-31 00:59:11 - INFO -         [TRAINABLE] paligemma_with_expert.paligemma.model.language_model.layers.9.self_attn.k_proj.weight (shape: torch.Size([256, 2048])) - (119652:train_csgo.py:825)
2025-12-31 00:59:11 - INFO -         [TRAINABLE] paligemma_with_expert.paligemma.model.language_model.layers.9.self_attn.v_proj.weight (shape: torch.Size([256, 2048])) - (119652:train_csgo.py:825)
2025-12-31 00:59:11 - INFO -         [TRAINABLE] paligemma_with_expert.paligemma.model.language_model.layers.9.self_attn.o_proj.weight (shape: torch.Size([2048, 2048])) - (119652:train_csgo.py:825)
2025-12-31 00:59:11 - INFO -         [TRAINABLE] paligemma_with_expert.paligemma.model.language_model.layers.9.mlp.gate_proj.weight (shape: torch.Size([16384, 2048])) - (119652:train_csgo.py:825)
2025-12-31 00:59:11 - INFO -         [TRAINABLE] paligemma_with_expert.paligemma.model.language_model.layers.9.mlp.up_proj.weight (shape: torch.Size([16384, 2048])) - (119652:train_csgo.py:825)
2025-12-31 00:59:11 - INFO -         [TRAINABLE] paligemma_with_expert.paligemma.model.language_model.layers.9.mlp.down_proj.weight (shape: torch.Size([2048, 16384])) - (119652:train_csgo.py:825)
2025-12-31 00:59:11 - INFO -         [TRAINABLE] paligemma_with_expert.paligemma.model.language_model.layers.9.input_layernorm.weight (shape: torch.Size([2048])) - (119652:train_csgo.py:825)
2025-12-31 00:59:11 - INFO -         [TRAINABLE] paligemma_with_expert.paligemma.model.language_model.layers.9.post_attention_layernorm.weight (shape: torch.Size([2048])) - (119652:train_csgo.py:825)
2025-12-31 00:59:11 - INFO -         [TRAINABLE] paligemma_with_expert.paligemma.model.language_model.layers.10.self_attn.q_proj.weight (shape: torch.Size([2048, 2048])) - (119652:train_csgo.py:825)
2025-12-31 00:59:11 - INFO -         [TRAINABLE] paligemma_with_expert.paligemma.model.language_model.layers.10.self_attn.k_proj.weight (shape: torch.Size([256, 2048])) - (119652:train_csgo.py:825)
2025-12-31 00:59:11 - INFO -         [TRAINABLE] paligemma_with_expert.paligemma.model.language_model.layers.10.self_attn.v_proj.weight (shape: torch.Size([256, 2048])) - (119652:train_csgo.py:825)
2025-12-31 00:59:11 - INFO -         [TRAINABLE] paligemma_with_expert.paligemma.model.language_model.layers.10.self_attn.o_proj.weight (shape: torch.Size([2048, 2048])) - (119652:train_csgo.py:825)
2025-12-31 00:59:11 - INFO -         [TRAINABLE] paligemma_with_expert.paligemma.model.language_model.layers.10.mlp.gate_proj.weight (shape: torch.Size([16384, 2048])) - (119652:train_csgo.py:825)
2025-12-31 00:59:11 - INFO -         [TRAINABLE] paligemma_with_expert.paligemma.model.language_model.layers.10.mlp.up_proj.weight (shape: torch.Size([16384, 2048])) - (119652:train_csgo.py:825)
2025-12-31 00:59:11 - INFO -         [TRAINABLE] paligemma_with_expert.paligemma.model.language_model.layers.10.mlp.down_proj.weight (shape: torch.Size([2048, 16384])) - (119652:train_csgo.py:825)
2025-12-31 00:59:11 - INFO -         [TRAINABLE] paligemma_with_expert.paligemma.model.language_model.layers.10.input_layernorm.weight (shape: torch.Size([2048])) - (119652:train_csgo.py:825)
2025-12-31 00:59:11 - INFO -         [TRAINABLE] paligemma_with_expert.paligemma.model.language_model.layers.10.post_attention_layernorm.weight (shape: torch.Size([2048])) - (119652:train_csgo.py:825)
2025-12-31 00:59:11 - INFO -         [TRAINABLE] paligemma_with_expert.paligemma.model.language_model.layers.11.self_attn.q_proj.weight (shape: torch.Size([2048, 2048])) - (119652:train_csgo.py:825)
2025-12-31 00:59:11 - INFO -         [TRAINABLE] paligemma_with_expert.paligemma.model.language_model.layers.11.self_attn.k_proj.weight (shape: torch.Size([256, 2048])) - (119652:train_csgo.py:825)
2025-12-31 00:59:11 - INFO -         [TRAINABLE] paligemma_with_expert.paligemma.model.language_model.layers.11.self_attn.v_proj.weight (shape: torch.Size([256, 2048])) - (119652:train_csgo.py:825)
2025-12-31 00:59:11 - INFO -         [TRAINABLE] paligemma_with_expert.paligemma.model.language_model.layers.11.self_attn.o_proj.weight (shape: torch.Size([2048, 2048])) - (119652:train_csgo.py:825)
2025-12-31 00:59:11 - INFO -         [TRAINABLE] paligemma_with_expert.paligemma.model.language_model.layers.11.mlp.gate_proj.weight (shape: torch.Size([16384, 2048])) - (119652:train_csgo.py:825)
2025-12-31 00:59:11 - INFO -         [TRAINABLE] paligemma_with_expert.paligemma.model.language_model.layers.11.mlp.up_proj.weight (shape: torch.Size([16384, 2048])) - (119652:train_csgo.py:825)
2025-12-31 00:59:11 - INFO -         [TRAINABLE] paligemma_with_expert.paligemma.model.language_model.layers.11.mlp.down_proj.weight (shape: torch.Size([2048, 16384])) - (119652:train_csgo.py:825)
2025-12-31 00:59:11 - INFO -         [TRAINABLE] paligemma_with_expert.paligemma.model.language_model.layers.11.input_layernorm.weight (shape: torch.Size([2048])) - (119652:train_csgo.py:825)
2025-12-31 00:59:11 - INFO -         [TRAINABLE] paligemma_with_expert.paligemma.model.language_model.layers.11.post_attention_layernorm.weight (shape: torch.Size([2048])) - (119652:train_csgo.py:825)
2025-12-31 00:59:11 - INFO -         [TRAINABLE] paligemma_with_expert.paligemma.model.language_model.layers.12.self_attn.q_proj.weight (shape: torch.Size([2048, 2048])) - (119652:train_csgo.py:825)
2025-12-31 00:59:11 - INFO -         [TRAINABLE] paligemma_with_expert.paligemma.model.language_model.layers.12.self_attn.k_proj.weight (shape: torch.Size([256, 2048])) - (119652:train_csgo.py:825)
2025-12-31 00:59:11 - INFO -         [TRAINABLE] paligemma_with_expert.paligemma.model.language_model.layers.12.self_attn.v_proj.weight (shape: torch.Size([256, 2048])) - (119652:train_csgo.py:825)
2025-12-31 00:59:11 - INFO -         [TRAINABLE] paligemma_with_expert.paligemma.model.language_model.layers.12.self_attn.o_proj.weight (shape: torch.Size([2048, 2048])) - (119652:train_csgo.py:825)
2025-12-31 00:59:11 - INFO -         [TRAINABLE] paligemma_with_expert.paligemma.model.language_model.layers.12.mlp.gate_proj.weight (shape: torch.Size([16384, 2048])) - (119652:train_csgo.py:825)
2025-12-31 00:59:11 - INFO -         [TRAINABLE] paligemma_with_expert.paligemma.model.language_model.layers.12.mlp.up_proj.weight (shape: torch.Size([16384, 2048])) - (119652:train_csgo.py:825)
2025-12-31 00:59:11 - INFO -         [TRAINABLE] paligemma_with_expert.paligemma.model.language_model.layers.12.mlp.down_proj.weight (shape: torch.Size([2048, 16384])) - (119652:train_csgo.py:825)
2025-12-31 00:59:11 - INFO -         [TRAINABLE] paligemma_with_expert.paligemma.model.language_model.layers.12.input_layernorm.weight (shape: torch.Size([2048])) - (119652:train_csgo.py:825)
2025-12-31 00:59:11 - INFO -         [TRAINABLE] paligemma_with_expert.paligemma.model.language_model.layers.12.post_attention_layernorm.weight (shape: torch.Size([2048])) - (119652:train_csgo.py:825)
2025-12-31 00:59:11 - INFO -         [TRAINABLE] paligemma_with_expert.paligemma.model.language_model.layers.13.self_attn.q_proj.weight (shape: torch.Size([2048, 2048])) - (119652:train_csgo.py:825)
2025-12-31 00:59:11 - INFO -         [TRAINABLE] paligemma_with_expert.paligemma.model.language_model.layers.13.self_attn.k_proj.weight (shape: torch.Size([256, 2048])) - (119652:train_csgo.py:825)
2025-12-31 00:59:11 - INFO -         [TRAINABLE] paligemma_with_expert.paligemma.model.language_model.layers.13.self_attn.v_proj.weight (shape: torch.Size([256, 2048])) - (119652:train_csgo.py:825)
2025-12-31 00:59:11 - INFO -         [TRAINABLE] paligemma_with_expert.paligemma.model.language_model.layers.13.self_attn.o_proj.weight (shape: torch.Size([2048, 2048])) - (119652:train_csgo.py:825)
2025-12-31 00:59:11 - INFO -         [TRAINABLE] paligemma_with_expert.paligemma.model.language_model.layers.13.mlp.gate_proj.weight (shape: torch.Size([16384, 2048])) - (119652:train_csgo.py:825)
2025-12-31 00:59:11 - INFO -         [TRAINABLE] paligemma_with_expert.paligemma.model.language_model.layers.13.mlp.up_proj.weight (shape: torch.Size([16384, 2048])) - (119652:train_csgo.py:825)
2025-12-31 00:59:11 - INFO -         [TRAINABLE] paligemma_with_expert.paligemma.model.language_model.layers.13.mlp.down_proj.weight (shape: torch.Size([2048, 16384])) - (119652:train_csgo.py:825)
2025-12-31 00:59:11 - INFO -         [TRAINABLE] paligemma_with_expert.paligemma.model.language_model.layers.13.input_layernorm.weight (shape: torch.Size([2048])) - (119652:train_csgo.py:825)
2025-12-31 00:59:11 - INFO -         [TRAINABLE] paligemma_with_expert.paligemma.model.language_model.layers.13.post_attention_layernorm.weight (shape: torch.Size([2048])) - (119652:train_csgo.py:825)
2025-12-31 00:59:11 - INFO -         [TRAINABLE] paligemma_with_expert.paligemma.model.language_model.layers.14.self_attn.q_proj.weight (shape: torch.Size([2048, 2048])) - (119652:train_csgo.py:825)
2025-12-31 00:59:11 - INFO -         [TRAINABLE] paligemma_with_expert.paligemma.model.language_model.layers.14.self_attn.k_proj.weight (shape: torch.Size([256, 2048])) - (119652:train_csgo.py:825)
2025-12-31 00:59:11 - INFO -         [TRAINABLE] paligemma_with_expert.paligemma.model.language_model.layers.14.self_attn.v_proj.weight (shape: torch.Size([256, 2048])) - (119652:train_csgo.py:825)
2025-12-31 00:59:11 - INFO -         [TRAINABLE] paligemma_with_expert.paligemma.model.language_model.layers.14.self_attn.o_proj.weight (shape: torch.Size([2048, 2048])) - (119652:train_csgo.py:825)
2025-12-31 00:59:11 - INFO -         [TRAINABLE] paligemma_with_expert.paligemma.model.language_model.layers.14.mlp.gate_proj.weight (shape: torch.Size([16384, 2048])) - (119652:train_csgo.py:825)
2025-12-31 00:59:11 - INFO -         [TRAINABLE] paligemma_with_expert.paligemma.model.language_model.layers.14.mlp.up_proj.weight (shape: torch.Size([16384, 2048])) - (119652:train_csgo.py:825)
2025-12-31 00:59:11 - INFO -         [TRAINABLE] paligemma_with_expert.paligemma.model.language_model.layers.14.mlp.down_proj.weight (shape: torch.Size([2048, 16384])) - (119652:train_csgo.py:825)
2025-12-31 00:59:11 - INFO -         [TRAINABLE] paligemma_with_expert.paligemma.model.language_model.layers.14.input_layernorm.weight (shape: torch.Size([2048])) - (119652:train_csgo.py:825)
2025-12-31 00:59:11 - INFO -         [TRAINABLE] paligemma_with_expert.paligemma.model.language_model.layers.14.post_attention_layernorm.weight (shape: torch.Size([2048])) - (119652:train_csgo.py:825)
2025-12-31 00:59:11 - INFO -         [TRAINABLE] paligemma_with_expert.paligemma.model.language_model.layers.15.self_attn.q_proj.weight (shape: torch.Size([2048, 2048])) - (119652:train_csgo.py:825)
2025-12-31 00:59:11 - INFO -         [TRAINABLE] paligemma_with_expert.paligemma.model.language_model.layers.15.self_attn.k_proj.weight (shape: torch.Size([256, 2048])) - (119652:train_csgo.py:825)
2025-12-31 00:59:11 - INFO -         [TRAINABLE] paligemma_with_expert.paligemma.model.language_model.layers.15.self_attn.v_proj.weight (shape: torch.Size([256, 2048])) - (119652:train_csgo.py:825)
2025-12-31 00:59:11 - INFO -         [TRAINABLE] paligemma_with_expert.paligemma.model.language_model.layers.15.self_attn.o_proj.weight (shape: torch.Size([2048, 2048])) - (119652:train_csgo.py:825)
2025-12-31 00:59:11 - INFO -         [TRAINABLE] paligemma_with_expert.paligemma.model.language_model.layers.15.mlp.gate_proj.weight (shape: torch.Size([16384, 2048])) - (119652:train_csgo.py:825)
2025-12-31 00:59:11 - INFO -         [TRAINABLE] paligemma_with_expert.paligemma.model.language_model.layers.15.mlp.up_proj.weight (shape: torch.Size([16384, 2048])) - (119652:train_csgo.py:825)
2025-12-31 00:59:11 - INFO -         [TRAINABLE] paligemma_with_expert.paligemma.model.language_model.layers.15.mlp.down_proj.weight (shape: torch.Size([2048, 16384])) - (119652:train_csgo.py:825)
2025-12-31 00:59:11 - INFO -         [TRAINABLE] paligemma_with_expert.paligemma.model.language_model.layers.15.input_layernorm.weight (shape: torch.Size([2048])) - (119652:train_csgo.py:825)
2025-12-31 00:59:11 - INFO -         [TRAINABLE] paligemma_with_expert.paligemma.model.language_model.layers.15.post_attention_layernorm.weight (shape: torch.Size([2048])) - (119652:train_csgo.py:825)
2025-12-31 00:59:11 - INFO -         [TRAINABLE] paligemma_with_expert.paligemma.model.language_model.layers.16.self_attn.q_proj.weight (shape: torch.Size([2048, 2048])) - (119652:train_csgo.py:825)
2025-12-31 00:59:11 - INFO -         [TRAINABLE] paligemma_with_expert.paligemma.model.language_model.layers.16.self_attn.k_proj.weight (shape: torch.Size([256, 2048])) - (119652:train_csgo.py:825)
2025-12-31 00:59:11 - INFO -         [TRAINABLE] paligemma_with_expert.paligemma.model.language_model.layers.16.self_attn.v_proj.weight (shape: torch.Size([256, 2048])) - (119652:train_csgo.py:825)
2025-12-31 00:59:11 - INFO -         [TRAINABLE] paligemma_with_expert.paligemma.model.language_model.layers.16.self_attn.o_proj.weight (shape: torch.Size([2048, 2048])) - (119652:train_csgo.py:825)
2025-12-31 00:59:11 - INFO -         [TRAINABLE] paligemma_with_expert.paligemma.model.language_model.layers.16.mlp.gate_proj.weight (shape: torch.Size([16384, 2048])) - (119652:train_csgo.py:825)
2025-12-31 00:59:11 - INFO -         [TRAINABLE] paligemma_with_expert.paligemma.model.language_model.layers.16.mlp.up_proj.weight (shape: torch.Size([16384, 2048])) - (119652:train_csgo.py:825)
2025-12-31 00:59:11 - INFO -         [TRAINABLE] paligemma_with_expert.paligemma.model.language_model.layers.16.mlp.down_proj.weight (shape: torch.Size([2048, 16384])) - (119652:train_csgo.py:825)
2025-12-31 00:59:11 - INFO -         [TRAINABLE] paligemma_with_expert.paligemma.model.language_model.layers.16.input_layernorm.weight (shape: torch.Size([2048])) - (119652:train_csgo.py:825)
2025-12-31 00:59:11 - INFO -         [TRAINABLE] paligemma_with_expert.paligemma.model.language_model.layers.16.post_attention_layernorm.weight (shape: torch.Size([2048])) - (119652:train_csgo.py:825)
2025-12-31 00:59:11 - INFO -         [TRAINABLE] paligemma_with_expert.paligemma.model.language_model.layers.17.self_attn.q_proj.weight (shape: torch.Size([2048, 2048])) - (119652:train_csgo.py:825)
2025-12-31 00:59:11 - INFO -         [TRAINABLE] paligemma_with_expert.paligemma.model.language_model.layers.17.self_attn.k_proj.weight (shape: torch.Size([256, 2048])) - (119652:train_csgo.py:825)
2025-12-31 00:59:11 - INFO -         [TRAINABLE] paligemma_with_expert.paligemma.model.language_model.layers.17.self_attn.v_proj.weight (shape: torch.Size([256, 2048])) - (119652:train_csgo.py:825)
2025-12-31 00:59:11 - INFO -         [TRAINABLE] paligemma_with_expert.paligemma.model.language_model.layers.17.self_attn.o_proj.weight (shape: torch.Size([2048, 2048])) - (119652:train_csgo.py:825)
2025-12-31 00:59:11 - INFO -         [TRAINABLE] paligemma_with_expert.paligemma.model.language_model.layers.17.mlp.gate_proj.weight (shape: torch.Size([16384, 2048])) - (119652:train_csgo.py:825)
2025-12-31 00:59:11 - INFO -         [TRAINABLE] paligemma_with_expert.paligemma.model.language_model.layers.17.mlp.up_proj.weight (shape: torch.Size([16384, 2048])) - (119652:train_csgo.py:825)
2025-12-31 00:59:11 - INFO -         [TRAINABLE] paligemma_with_expert.paligemma.model.language_model.layers.17.mlp.down_proj.weight (shape: torch.Size([2048, 16384])) - (119652:train_csgo.py:825)
2025-12-31 00:59:11 - INFO -         [TRAINABLE] paligemma_with_expert.paligemma.model.language_model.layers.17.input_layernorm.weight (shape: torch.Size([2048])) - (119652:train_csgo.py:825)
2025-12-31 00:59:11 - INFO -         [TRAINABLE] paligemma_with_expert.paligemma.model.language_model.layers.17.post_attention_layernorm.weight (shape: torch.Size([2048])) - (119652:train_csgo.py:825)
2025-12-31 00:59:11 - INFO -         [TRAINABLE] paligemma_with_expert.paligemma.model.language_model.norm.weight (shape: torch.Size([2048])) - (119652:train_csgo.py:825)
2025-12-31 00:59:11 - INFO -         [TRAINABLE] paligemma_with_expert.gemma_expert.model.layers.0.self_attn.q_proj.weight (shape: torch.Size([2048, 1024])) - (119652:train_csgo.py:825)
2025-12-31 00:59:11 - INFO -         [TRAINABLE] paligemma_with_expert.gemma_expert.model.layers.0.self_attn.k_proj.weight (shape: torch.Size([256, 1024])) - (119652:train_csgo.py:825)
2025-12-31 00:59:11 - INFO -         [TRAINABLE] paligemma_with_expert.gemma_expert.model.layers.0.self_attn.v_proj.weight (shape: torch.Size([256, 1024])) - (119652:train_csgo.py:825)
2025-12-31 00:59:11 - INFO -         [TRAINABLE] paligemma_with_expert.gemma_expert.model.layers.0.self_attn.o_proj.weight (shape: torch.Size([1024, 2048])) - (119652:train_csgo.py:825)
2025-12-31 00:59:11 - INFO -         [TRAINABLE] paligemma_with_expert.gemma_expert.model.layers.0.mlp.gate_proj.weight (shape: torch.Size([4096, 1024])) - (119652:train_csgo.py:825)
2025-12-31 00:59:11 - INFO -         [TRAINABLE] paligemma_with_expert.gemma_expert.model.layers.0.mlp.up_proj.weight (shape: torch.Size([4096, 1024])) - (119652:train_csgo.py:825)
2025-12-31 00:59:11 - INFO -         [TRAINABLE] paligemma_with_expert.gemma_expert.model.layers.0.mlp.down_proj.weight (shape: torch.Size([1024, 4096])) - (119652:train_csgo.py:825)
2025-12-31 00:59:11 - INFO -         [TRAINABLE] paligemma_with_expert.gemma_expert.model.layers.0.input_layernorm.dense.weight (shape: torch.Size([3072, 1024])) - (119652:train_csgo.py:825)
2025-12-31 00:59:11 - INFO -         [TRAINABLE] paligemma_with_expert.gemma_expert.model.layers.0.input_layernorm.dense.bias (shape: torch.Size([3072])) - (119652:train_csgo.py:825)
2025-12-31 00:59:11 - INFO -         [TRAINABLE] paligemma_with_expert.gemma_expert.model.layers.0.post_attention_layernorm.dense.weight (shape: torch.Size([3072, 1024])) - (119652:train_csgo.py:825)
2025-12-31 00:59:11 - INFO -         [TRAINABLE] paligemma_with_expert.gemma_expert.model.layers.0.post_attention_layernorm.dense.bias (shape: torch.Size([3072])) - (119652:train_csgo.py:825)
2025-12-31 00:59:11 - INFO -         [TRAINABLE] paligemma_with_expert.gemma_expert.model.layers.1.self_attn.q_proj.weight (shape: torch.Size([2048, 1024])) - (119652:train_csgo.py:825)
2025-12-31 00:59:11 - INFO -         [TRAINABLE] paligemma_with_expert.gemma_expert.model.layers.1.self_attn.k_proj.weight (shape: torch.Size([256, 1024])) - (119652:train_csgo.py:825)
2025-12-31 00:59:11 - INFO -         [TRAINABLE] paligemma_with_expert.gemma_expert.model.layers.1.self_attn.v_proj.weight (shape: torch.Size([256, 1024])) - (119652:train_csgo.py:825)
2025-12-31 00:59:11 - INFO -         [TRAINABLE] paligemma_with_expert.gemma_expert.model.layers.1.self_attn.o_proj.weight (shape: torch.Size([1024, 2048])) - (119652:train_csgo.py:825)
2025-12-31 00:59:11 - INFO -         [TRAINABLE] paligemma_with_expert.gemma_expert.model.layers.1.mlp.gate_proj.weight (shape: torch.Size([4096, 1024])) - (119652:train_csgo.py:825)
2025-12-31 00:59:11 - INFO -         [TRAINABLE] paligemma_with_expert.gemma_expert.model.layers.1.mlp.up_proj.weight (shape: torch.Size([4096, 1024])) - (119652:train_csgo.py:825)
2025-12-31 00:59:11 - INFO -         [TRAINABLE] paligemma_with_expert.gemma_expert.model.layers.1.mlp.down_proj.weight (shape: torch.Size([1024, 4096])) - (119652:train_csgo.py:825)
2025-12-31 00:59:11 - INFO -         [TRAINABLE] paligemma_with_expert.gemma_expert.model.layers.1.input_layernorm.dense.weight (shape: torch.Size([3072, 1024])) - (119652:train_csgo.py:825)
2025-12-31 00:59:11 - INFO -         [TRAINABLE] paligemma_with_expert.gemma_expert.model.layers.1.input_layernorm.dense.bias (shape: torch.Size([3072])) - (119652:train_csgo.py:825)
2025-12-31 00:59:11 - INFO -         [TRAINABLE] paligemma_with_expert.gemma_expert.model.layers.1.post_attention_layernorm.dense.weight (shape: torch.Size([3072, 1024])) - (119652:train_csgo.py:825)
2025-12-31 00:59:11 - INFO -         [TRAINABLE] paligemma_with_expert.gemma_expert.model.layers.1.post_attention_layernorm.dense.bias (shape: torch.Size([3072])) - (119652:train_csgo.py:825)
2025-12-31 00:59:11 - INFO -         [TRAINABLE] paligemma_with_expert.gemma_expert.model.layers.2.self_attn.q_proj.weight (shape: torch.Size([2048, 1024])) - (119652:train_csgo.py:825)
2025-12-31 00:59:11 - INFO -         [TRAINABLE] paligemma_with_expert.gemma_expert.model.layers.2.self_attn.k_proj.weight (shape: torch.Size([256, 1024])) - (119652:train_csgo.py:825)
2025-12-31 00:59:11 - INFO -         [TRAINABLE] paligemma_with_expert.gemma_expert.model.layers.2.self_attn.v_proj.weight (shape: torch.Size([256, 1024])) - (119652:train_csgo.py:825)
2025-12-31 00:59:11 - INFO -         [TRAINABLE] paligemma_with_expert.gemma_expert.model.layers.2.self_attn.o_proj.weight (shape: torch.Size([1024, 2048])) - (119652:train_csgo.py:825)
2025-12-31 00:59:11 - INFO -         [TRAINABLE] paligemma_with_expert.gemma_expert.model.layers.2.mlp.gate_proj.weight (shape: torch.Size([4096, 1024])) - (119652:train_csgo.py:825)
2025-12-31 00:59:11 - INFO -         [TRAINABLE] paligemma_with_expert.gemma_expert.model.layers.2.mlp.up_proj.weight (shape: torch.Size([4096, 1024])) - (119652:train_csgo.py:825)
2025-12-31 00:59:11 - INFO -         [TRAINABLE] paligemma_with_expert.gemma_expert.model.layers.2.mlp.down_proj.weight (shape: torch.Size([1024, 4096])) - (119652:train_csgo.py:825)
2025-12-31 00:59:11 - INFO -         [TRAINABLE] paligemma_with_expert.gemma_expert.model.layers.2.input_layernorm.dense.weight (shape: torch.Size([3072, 1024])) - (119652:train_csgo.py:825)
2025-12-31 00:59:11 - INFO -         [TRAINABLE] paligemma_with_expert.gemma_expert.model.layers.2.input_layernorm.dense.bias (shape: torch.Size([3072])) - (119652:train_csgo.py:825)
2025-12-31 00:59:11 - INFO -         [TRAINABLE] paligemma_with_expert.gemma_expert.model.layers.2.post_attention_layernorm.dense.weight (shape: torch.Size([3072, 1024])) - (119652:train_csgo.py:825)
2025-12-31 00:59:11 - INFO -         [TRAINABLE] paligemma_with_expert.gemma_expert.model.layers.2.post_attention_layernorm.dense.bias (shape: torch.Size([3072])) - (119652:train_csgo.py:825)
2025-12-31 00:59:11 - INFO -         [TRAINABLE] paligemma_with_expert.gemma_expert.model.layers.3.self_attn.q_proj.weight (shape: torch.Size([2048, 1024])) - (119652:train_csgo.py:825)
2025-12-31 00:59:11 - INFO -         [TRAINABLE] paligemma_with_expert.gemma_expert.model.layers.3.self_attn.k_proj.weight (shape: torch.Size([256, 1024])) - (119652:train_csgo.py:825)
2025-12-31 00:59:11 - INFO -         [TRAINABLE] paligemma_with_expert.gemma_expert.model.layers.3.self_attn.v_proj.weight (shape: torch.Size([256, 1024])) - (119652:train_csgo.py:825)
2025-12-31 00:59:11 - INFO -         [TRAINABLE] paligemma_with_expert.gemma_expert.model.layers.3.self_attn.o_proj.weight (shape: torch.Size([1024, 2048])) - (119652:train_csgo.py:825)
2025-12-31 00:59:11 - INFO -         [TRAINABLE] paligemma_with_expert.gemma_expert.model.layers.3.mlp.gate_proj.weight (shape: torch.Size([4096, 1024])) - (119652:train_csgo.py:825)
2025-12-31 00:59:11 - INFO -         [TRAINABLE] paligemma_with_expert.gemma_expert.model.layers.3.mlp.up_proj.weight (shape: torch.Size([4096, 1024])) - (119652:train_csgo.py:825)
2025-12-31 00:59:11 - INFO -         [TRAINABLE] paligemma_with_expert.gemma_expert.model.layers.3.mlp.down_proj.weight (shape: torch.Size([1024, 4096])) - (119652:train_csgo.py:825)
2025-12-31 00:59:11 - INFO -         [TRAINABLE] paligemma_with_expert.gemma_expert.model.layers.3.input_layernorm.dense.weight (shape: torch.Size([3072, 1024])) - (119652:train_csgo.py:825)
2025-12-31 00:59:11 - INFO -         [TRAINABLE] paligemma_with_expert.gemma_expert.model.layers.3.input_layernorm.dense.bias (shape: torch.Size([3072])) - (119652:train_csgo.py:825)
2025-12-31 00:59:11 - INFO -         [TRAINABLE] paligemma_with_expert.gemma_expert.model.layers.3.post_attention_layernorm.dense.weight (shape: torch.Size([3072, 1024])) - (119652:train_csgo.py:825)
2025-12-31 00:59:11 - INFO -         [TRAINABLE] paligemma_with_expert.gemma_expert.model.layers.3.post_attention_layernorm.dense.bias (shape: torch.Size([3072])) - (119652:train_csgo.py:825)
2025-12-31 00:59:11 - INFO -         [TRAINABLE] paligemma_with_expert.gemma_expert.model.layers.4.self_attn.q_proj.weight (shape: torch.Size([2048, 1024])) - (119652:train_csgo.py:825)
2025-12-31 00:59:11 - INFO -         [TRAINABLE] paligemma_with_expert.gemma_expert.model.layers.4.self_attn.k_proj.weight (shape: torch.Size([256, 1024])) - (119652:train_csgo.py:825)
2025-12-31 00:59:11 - INFO -         [TRAINABLE] paligemma_with_expert.gemma_expert.model.layers.4.self_attn.v_proj.weight (shape: torch.Size([256, 1024])) - (119652:train_csgo.py:825)
2025-12-31 00:59:11 - INFO -         [TRAINABLE] paligemma_with_expert.gemma_expert.model.layers.4.self_attn.o_proj.weight (shape: torch.Size([1024, 2048])) - (119652:train_csgo.py:825)
2025-12-31 00:59:11 - INFO -         [TRAINABLE] paligemma_with_expert.gemma_expert.model.layers.4.mlp.gate_proj.weight (shape: torch.Size([4096, 1024])) - (119652:train_csgo.py:825)
2025-12-31 00:59:11 - INFO -         [TRAINABLE] paligemma_with_expert.gemma_expert.model.layers.4.mlp.up_proj.weight (shape: torch.Size([4096, 1024])) - (119652:train_csgo.py:825)
2025-12-31 00:59:11 - INFO -         [TRAINABLE] paligemma_with_expert.gemma_expert.model.layers.4.mlp.down_proj.weight (shape: torch.Size([1024, 4096])) - (119652:train_csgo.py:825)
2025-12-31 00:59:11 - INFO -         [TRAINABLE] paligemma_with_expert.gemma_expert.model.layers.4.input_layernorm.dense.weight (shape: torch.Size([3072, 1024])) - (119652:train_csgo.py:825)
2025-12-31 00:59:11 - INFO -         [TRAINABLE] paligemma_with_expert.gemma_expert.model.layers.4.input_layernorm.dense.bias (shape: torch.Size([3072])) - (119652:train_csgo.py:825)
2025-12-31 00:59:11 - INFO -         [TRAINABLE] paligemma_with_expert.gemma_expert.model.layers.4.post_attention_layernorm.dense.weight (shape: torch.Size([3072, 1024])) - (119652:train_csgo.py:825)
2025-12-31 00:59:11 - INFO -         [TRAINABLE] paligemma_with_expert.gemma_expert.model.layers.4.post_attention_layernorm.dense.bias (shape: torch.Size([3072])) - (119652:train_csgo.py:825)
2025-12-31 00:59:11 - INFO -         [TRAINABLE] paligemma_with_expert.gemma_expert.model.layers.5.self_attn.q_proj.weight (shape: torch.Size([2048, 1024])) - (119652:train_csgo.py:825)
2025-12-31 00:59:11 - INFO -         [TRAINABLE] paligemma_with_expert.gemma_expert.model.layers.5.self_attn.k_proj.weight (shape: torch.Size([256, 1024])) - (119652:train_csgo.py:825)
2025-12-31 00:59:11 - INFO -         [TRAINABLE] paligemma_with_expert.gemma_expert.model.layers.5.self_attn.v_proj.weight (shape: torch.Size([256, 1024])) - (119652:train_csgo.py:825)
2025-12-31 00:59:11 - INFO -         [TRAINABLE] paligemma_with_expert.gemma_expert.model.layers.5.self_attn.o_proj.weight (shape: torch.Size([1024, 2048])) - (119652:train_csgo.py:825)
2025-12-31 00:59:11 - INFO -         [TRAINABLE] paligemma_with_expert.gemma_expert.model.layers.5.mlp.gate_proj.weight (shape: torch.Size([4096, 1024])) - (119652:train_csgo.py:825)
2025-12-31 00:59:11 - INFO -         [TRAINABLE] paligemma_with_expert.gemma_expert.model.layers.5.mlp.up_proj.weight (shape: torch.Size([4096, 1024])) - (119652:train_csgo.py:825)
2025-12-31 00:59:11 - INFO -         [TRAINABLE] paligemma_with_expert.gemma_expert.model.layers.5.mlp.down_proj.weight (shape: torch.Size([1024, 4096])) - (119652:train_csgo.py:825)
2025-12-31 00:59:11 - INFO -         [TRAINABLE] paligemma_with_expert.gemma_expert.model.layers.5.input_layernorm.dense.weight (shape: torch.Size([3072, 1024])) - (119652:train_csgo.py:825)
2025-12-31 00:59:11 - INFO -         [TRAINABLE] paligemma_with_expert.gemma_expert.model.layers.5.input_layernorm.dense.bias (shape: torch.Size([3072])) - (119652:train_csgo.py:825)
2025-12-31 00:59:11 - INFO -         [TRAINABLE] paligemma_with_expert.gemma_expert.model.layers.5.post_attention_layernorm.dense.weight (shape: torch.Size([3072, 1024])) - (119652:train_csgo.py:825)
2025-12-31 00:59:11 - INFO -         [TRAINABLE] paligemma_with_expert.gemma_expert.model.layers.5.post_attention_layernorm.dense.bias (shape: torch.Size([3072])) - (119652:train_csgo.py:825)
2025-12-31 00:59:11 - INFO -         [TRAINABLE] paligemma_with_expert.gemma_expert.model.layers.6.self_attn.q_proj.weight (shape: torch.Size([2048, 1024])) - (119652:train_csgo.py:825)
2025-12-31 00:59:11 - INFO -         [TRAINABLE] paligemma_with_expert.gemma_expert.model.layers.6.self_attn.k_proj.weight (shape: torch.Size([256, 1024])) - (119652:train_csgo.py:825)
2025-12-31 00:59:11 - INFO -         [TRAINABLE] paligemma_with_expert.gemma_expert.model.layers.6.self_attn.v_proj.weight (shape: torch.Size([256, 1024])) - (119652:train_csgo.py:825)
2025-12-31 00:59:11 - INFO -         [TRAINABLE] paligemma_with_expert.gemma_expert.model.layers.6.self_attn.o_proj.weight (shape: torch.Size([1024, 2048])) - (119652:train_csgo.py:825)
2025-12-31 00:59:11 - INFO -         [TRAINABLE] paligemma_with_expert.gemma_expert.model.layers.6.mlp.gate_proj.weight (shape: torch.Size([4096, 1024])) - (119652:train_csgo.py:825)
2025-12-31 00:59:11 - INFO -         [TRAINABLE] paligemma_with_expert.gemma_expert.model.layers.6.mlp.up_proj.weight (shape: torch.Size([4096, 1024])) - (119652:train_csgo.py:825)
2025-12-31 00:59:11 - INFO -         [TRAINABLE] paligemma_with_expert.gemma_expert.model.layers.6.mlp.down_proj.weight (shape: torch.Size([1024, 4096])) - (119652:train_csgo.py:825)
2025-12-31 00:59:11 - INFO -         [TRAINABLE] paligemma_with_expert.gemma_expert.model.layers.6.input_layernorm.dense.weight (shape: torch.Size([3072, 1024])) - (119652:train_csgo.py:825)
2025-12-31 00:59:11 - INFO -         [TRAINABLE] paligemma_with_expert.gemma_expert.model.layers.6.input_layernorm.dense.bias (shape: torch.Size([3072])) - (119652:train_csgo.py:825)
2025-12-31 00:59:11 - INFO -         [TRAINABLE] paligemma_with_expert.gemma_expert.model.layers.6.post_attention_layernorm.dense.weight (shape: torch.Size([3072, 1024])) - (119652:train_csgo.py:825)
2025-12-31 00:59:11 - INFO -         [TRAINABLE] paligemma_with_expert.gemma_expert.model.layers.6.post_attention_layernorm.dense.bias (shape: torch.Size([3072])) - (119652:train_csgo.py:825)
2025-12-31 00:59:11 - INFO -         [TRAINABLE] paligemma_with_expert.gemma_expert.model.layers.7.self_attn.q_proj.weight (shape: torch.Size([2048, 1024])) - (119652:train_csgo.py:825)
2025-12-31 00:59:11 - INFO -         [TRAINABLE] paligemma_with_expert.gemma_expert.model.layers.7.self_attn.k_proj.weight (shape: torch.Size([256, 1024])) - (119652:train_csgo.py:825)
2025-12-31 00:59:11 - INFO -         [TRAINABLE] paligemma_with_expert.gemma_expert.model.layers.7.self_attn.v_proj.weight (shape: torch.Size([256, 1024])) - (119652:train_csgo.py:825)
2025-12-31 00:59:11 - INFO -         [TRAINABLE] paligemma_with_expert.gemma_expert.model.layers.7.self_attn.o_proj.weight (shape: torch.Size([1024, 2048])) - (119652:train_csgo.py:825)
2025-12-31 00:59:11 - INFO -         [TRAINABLE] paligemma_with_expert.gemma_expert.model.layers.7.mlp.gate_proj.weight (shape: torch.Size([4096, 1024])) - (119652:train_csgo.py:825)
2025-12-31 00:59:11 - INFO -         [TRAINABLE] paligemma_with_expert.gemma_expert.model.layers.7.mlp.up_proj.weight (shape: torch.Size([4096, 1024])) - (119652:train_csgo.py:825)
2025-12-31 00:59:11 - INFO -         [TRAINABLE] paligemma_with_expert.gemma_expert.model.layers.7.mlp.down_proj.weight (shape: torch.Size([1024, 4096])) - (119652:train_csgo.py:825)
2025-12-31 00:59:11 - INFO -         [TRAINABLE] paligemma_with_expert.gemma_expert.model.layers.7.input_layernorm.dense.weight (shape: torch.Size([3072, 1024])) - (119652:train_csgo.py:825)
2025-12-31 00:59:11 - INFO -         [TRAINABLE] paligemma_with_expert.gemma_expert.model.layers.7.input_layernorm.dense.bias (shape: torch.Size([3072])) - (119652:train_csgo.py:825)
2025-12-31 00:59:11 - INFO -         [TRAINABLE] paligemma_with_expert.gemma_expert.model.layers.7.post_attention_layernorm.dense.weight (shape: torch.Size([3072, 1024])) - (119652:train_csgo.py:825)
2025-12-31 00:59:11 - INFO -         [TRAINABLE] paligemma_with_expert.gemma_expert.model.layers.7.post_attention_layernorm.dense.bias (shape: torch.Size([3072])) - (119652:train_csgo.py:825)
2025-12-31 00:59:11 - INFO -         [TRAINABLE] paligemma_with_expert.gemma_expert.model.layers.8.self_attn.q_proj.weight (shape: torch.Size([2048, 1024])) - (119652:train_csgo.py:825)
2025-12-31 00:59:11 - INFO -         [TRAINABLE] paligemma_with_expert.gemma_expert.model.layers.8.self_attn.k_proj.weight (shape: torch.Size([256, 1024])) - (119652:train_csgo.py:825)
2025-12-31 00:59:11 - INFO -         [TRAINABLE] paligemma_with_expert.gemma_expert.model.layers.8.self_attn.v_proj.weight (shape: torch.Size([256, 1024])) - (119652:train_csgo.py:825)
2025-12-31 00:59:11 - INFO -         [TRAINABLE] paligemma_with_expert.gemma_expert.model.layers.8.self_attn.o_proj.weight (shape: torch.Size([1024, 2048])) - (119652:train_csgo.py:825)
2025-12-31 00:59:11 - INFO -         [TRAINABLE] paligemma_with_expert.gemma_expert.model.layers.8.mlp.gate_proj.weight (shape: torch.Size([4096, 1024])) - (119652:train_csgo.py:825)
2025-12-31 00:59:11 - INFO -         [TRAINABLE] paligemma_with_expert.gemma_expert.model.layers.8.mlp.up_proj.weight (shape: torch.Size([4096, 1024])) - (119652:train_csgo.py:825)
2025-12-31 00:59:11 - INFO -         [TRAINABLE] paligemma_with_expert.gemma_expert.model.layers.8.mlp.down_proj.weight (shape: torch.Size([1024, 4096])) - (119652:train_csgo.py:825)
2025-12-31 00:59:11 - INFO -         [TRAINABLE] paligemma_with_expert.gemma_expert.model.layers.8.input_layernorm.dense.weight (shape: torch.Size([3072, 1024])) - (119652:train_csgo.py:825)
2025-12-31 00:59:11 - INFO -         [TRAINABLE] paligemma_with_expert.gemma_expert.model.layers.8.input_layernorm.dense.bias (shape: torch.Size([3072])) - (119652:train_csgo.py:825)
2025-12-31 00:59:11 - INFO -         [TRAINABLE] paligemma_with_expert.gemma_expert.model.layers.8.post_attention_layernorm.dense.weight (shape: torch.Size([3072, 1024])) - (119652:train_csgo.py:825)
2025-12-31 00:59:11 - INFO -         [TRAINABLE] paligemma_with_expert.gemma_expert.model.layers.8.post_attention_layernorm.dense.bias (shape: torch.Size([3072])) - (119652:train_csgo.py:825)
2025-12-31 00:59:11 - INFO -         [TRAINABLE] paligemma_with_expert.gemma_expert.model.layers.9.self_attn.q_proj.weight (shape: torch.Size([2048, 1024])) - (119652:train_csgo.py:825)
2025-12-31 00:59:11 - INFO -         [TRAINABLE] paligemma_with_expert.gemma_expert.model.layers.9.self_attn.k_proj.weight (shape: torch.Size([256, 1024])) - (119652:train_csgo.py:825)
2025-12-31 00:59:11 - INFO -         [TRAINABLE] paligemma_with_expert.gemma_expert.model.layers.9.self_attn.v_proj.weight (shape: torch.Size([256, 1024])) - (119652:train_csgo.py:825)
2025-12-31 00:59:11 - INFO -         [TRAINABLE] paligemma_with_expert.gemma_expert.model.layers.9.self_attn.o_proj.weight (shape: torch.Size([1024, 2048])) - (119652:train_csgo.py:825)
2025-12-31 00:59:11 - INFO -         [TRAINABLE] paligemma_with_expert.gemma_expert.model.layers.9.mlp.gate_proj.weight (shape: torch.Size([4096, 1024])) - (119652:train_csgo.py:825)
2025-12-31 00:59:11 - INFO -         [TRAINABLE] paligemma_with_expert.gemma_expert.model.layers.9.mlp.up_proj.weight (shape: torch.Size([4096, 1024])) - (119652:train_csgo.py:825)
2025-12-31 00:59:11 - INFO -         [TRAINABLE] paligemma_with_expert.gemma_expert.model.layers.9.mlp.down_proj.weight (shape: torch.Size([1024, 4096])) - (119652:train_csgo.py:825)
2025-12-31 00:59:11 - INFO -         [TRAINABLE] paligemma_with_expert.gemma_expert.model.layers.9.input_layernorm.dense.weight (shape: torch.Size([3072, 1024])) - (119652:train_csgo.py:825)
2025-12-31 00:59:11 - INFO -         [TRAINABLE] paligemma_with_expert.gemma_expert.model.layers.9.input_layernorm.dense.bias (shape: torch.Size([3072])) - (119652:train_csgo.py:825)
2025-12-31 00:59:11 - INFO -         [TRAINABLE] paligemma_with_expert.gemma_expert.model.layers.9.post_attention_layernorm.dense.weight (shape: torch.Size([3072, 1024])) - (119652:train_csgo.py:825)
2025-12-31 00:59:11 - INFO -         [TRAINABLE] paligemma_with_expert.gemma_expert.model.layers.9.post_attention_layernorm.dense.bias (shape: torch.Size([3072])) - (119652:train_csgo.py:825)
2025-12-31 00:59:11 - INFO -         [TRAINABLE] paligemma_with_expert.gemma_expert.model.layers.10.self_attn.q_proj.weight (shape: torch.Size([2048, 1024])) - (119652:train_csgo.py:825)
2025-12-31 00:59:11 - INFO -         [TRAINABLE] paligemma_with_expert.gemma_expert.model.layers.10.self_attn.k_proj.weight (shape: torch.Size([256, 1024])) - (119652:train_csgo.py:825)
2025-12-31 00:59:11 - INFO -         [TRAINABLE] paligemma_with_expert.gemma_expert.model.layers.10.self_attn.v_proj.weight (shape: torch.Size([256, 1024])) - (119652:train_csgo.py:825)
2025-12-31 00:59:11 - INFO -         [TRAINABLE] paligemma_with_expert.gemma_expert.model.layers.10.self_attn.o_proj.weight (shape: torch.Size([1024, 2048])) - (119652:train_csgo.py:825)
2025-12-31 00:59:11 - INFO -         [TRAINABLE] paligemma_with_expert.gemma_expert.model.layers.10.mlp.gate_proj.weight (shape: torch.Size([4096, 1024])) - (119652:train_csgo.py:825)
2025-12-31 00:59:11 - INFO -         [TRAINABLE] paligemma_with_expert.gemma_expert.model.layers.10.mlp.up_proj.weight (shape: torch.Size([4096, 1024])) - (119652:train_csgo.py:825)
2025-12-31 00:59:11 - INFO -         [TRAINABLE] paligemma_with_expert.gemma_expert.model.layers.10.mlp.down_proj.weight (shape: torch.Size([1024, 4096])) - (119652:train_csgo.py:825)
2025-12-31 00:59:11 - INFO -         [TRAINABLE] paligemma_with_expert.gemma_expert.model.layers.10.input_layernorm.dense.weight (shape: torch.Size([3072, 1024])) - (119652:train_csgo.py:825)
2025-12-31 00:59:11 - INFO -         [TRAINABLE] paligemma_with_expert.gemma_expert.model.layers.10.input_layernorm.dense.bias (shape: torch.Size([3072])) - (119652:train_csgo.py:825)
2025-12-31 00:59:11 - INFO -         [TRAINABLE] paligemma_with_expert.gemma_expert.model.layers.10.post_attention_layernorm.dense.weight (shape: torch.Size([3072, 1024])) - (119652:train_csgo.py:825)
2025-12-31 00:59:11 - INFO -         [TRAINABLE] paligemma_with_expert.gemma_expert.model.layers.10.post_attention_layernorm.dense.bias (shape: torch.Size([3072])) - (119652:train_csgo.py:825)
2025-12-31 00:59:11 - INFO -         [TRAINABLE] paligemma_with_expert.gemma_expert.model.layers.11.self_attn.q_proj.weight (shape: torch.Size([2048, 1024])) - (119652:train_csgo.py:825)
2025-12-31 00:59:11 - INFO -         [TRAINABLE] paligemma_with_expert.gemma_expert.model.layers.11.self_attn.k_proj.weight (shape: torch.Size([256, 1024])) - (119652:train_csgo.py:825)
2025-12-31 00:59:11 - INFO -         [TRAINABLE] paligemma_with_expert.gemma_expert.model.layers.11.self_attn.v_proj.weight (shape: torch.Size([256, 1024])) - (119652:train_csgo.py:825)
2025-12-31 00:59:11 - INFO -         [TRAINABLE] paligemma_with_expert.gemma_expert.model.layers.11.self_attn.o_proj.weight (shape: torch.Size([1024, 2048])) - (119652:train_csgo.py:825)
2025-12-31 00:59:11 - INFO -         [TRAINABLE] paligemma_with_expert.gemma_expert.model.layers.11.mlp.gate_proj.weight (shape: torch.Size([4096, 1024])) - (119652:train_csgo.py:825)
2025-12-31 00:59:11 - INFO -         [TRAINABLE] paligemma_with_expert.gemma_expert.model.layers.11.mlp.up_proj.weight (shape: torch.Size([4096, 1024])) - (119652:train_csgo.py:825)
2025-12-31 00:59:11 - INFO -         [TRAINABLE] paligemma_with_expert.gemma_expert.model.layers.11.mlp.down_proj.weight (shape: torch.Size([1024, 4096])) - (119652:train_csgo.py:825)
2025-12-31 00:59:11 - INFO -         [TRAINABLE] paligemma_with_expert.gemma_expert.model.layers.11.input_layernorm.dense.weight (shape: torch.Size([3072, 1024])) - (119652:train_csgo.py:825)
2025-12-31 00:59:11 - INFO -         [TRAINABLE] paligemma_with_expert.gemma_expert.model.layers.11.input_layernorm.dense.bias (shape: torch.Size([3072])) - (119652:train_csgo.py:825)
2025-12-31 00:59:11 - INFO -         [TRAINABLE] paligemma_with_expert.gemma_expert.model.layers.11.post_attention_layernorm.dense.weight (shape: torch.Size([3072, 1024])) - (119652:train_csgo.py:825)
2025-12-31 00:59:11 - INFO -         [TRAINABLE] paligemma_with_expert.gemma_expert.model.layers.11.post_attention_layernorm.dense.bias (shape: torch.Size([3072])) - (119652:train_csgo.py:825)
2025-12-31 00:59:11 - INFO -         [TRAINABLE] paligemma_with_expert.gemma_expert.model.layers.12.self_attn.q_proj.weight (shape: torch.Size([2048, 1024])) - (119652:train_csgo.py:825)
2025-12-31 00:59:11 - INFO -         [TRAINABLE] paligemma_with_expert.gemma_expert.model.layers.12.self_attn.k_proj.weight (shape: torch.Size([256, 1024])) - (119652:train_csgo.py:825)
2025-12-31 00:59:11 - INFO -         [TRAINABLE] paligemma_with_expert.gemma_expert.model.layers.12.self_attn.v_proj.weight (shape: torch.Size([256, 1024])) - (119652:train_csgo.py:825)
2025-12-31 00:59:11 - INFO -         [TRAINABLE] paligemma_with_expert.gemma_expert.model.layers.12.self_attn.o_proj.weight (shape: torch.Size([1024, 2048])) - (119652:train_csgo.py:825)
2025-12-31 00:59:11 - INFO -         [TRAINABLE] paligemma_with_expert.gemma_expert.model.layers.12.mlp.gate_proj.weight (shape: torch.Size([4096, 1024])) - (119652:train_csgo.py:825)
2025-12-31 00:59:11 - INFO -         [TRAINABLE] paligemma_with_expert.gemma_expert.model.layers.12.mlp.up_proj.weight (shape: torch.Size([4096, 1024])) - (119652:train_csgo.py:825)
2025-12-31 00:59:11 - INFO -         [TRAINABLE] paligemma_with_expert.gemma_expert.model.layers.12.mlp.down_proj.weight (shape: torch.Size([1024, 4096])) - (119652:train_csgo.py:825)
2025-12-31 00:59:11 - INFO -         [TRAINABLE] paligemma_with_expert.gemma_expert.model.layers.12.input_layernorm.dense.weight (shape: torch.Size([3072, 1024])) - (119652:train_csgo.py:825)
2025-12-31 00:59:11 - INFO -         [TRAINABLE] paligemma_with_expert.gemma_expert.model.layers.12.input_layernorm.dense.bias (shape: torch.Size([3072])) - (119652:train_csgo.py:825)
2025-12-31 00:59:11 - INFO -         [TRAINABLE] paligemma_with_expert.gemma_expert.model.layers.12.post_attention_layernorm.dense.weight (shape: torch.Size([3072, 1024])) - (119652:train_csgo.py:825)
2025-12-31 00:59:11 - INFO -         [TRAINABLE] paligemma_with_expert.gemma_expert.model.layers.12.post_attention_layernorm.dense.bias (shape: torch.Size([3072])) - (119652:train_csgo.py:825)
2025-12-31 00:59:11 - INFO -         [TRAINABLE] paligemma_with_expert.gemma_expert.model.layers.13.self_attn.q_proj.weight (shape: torch.Size([2048, 1024])) - (119652:train_csgo.py:825)
2025-12-31 00:59:11 - INFO -         [TRAINABLE] paligemma_with_expert.gemma_expert.model.layers.13.self_attn.k_proj.weight (shape: torch.Size([256, 1024])) - (119652:train_csgo.py:825)
2025-12-31 00:59:11 - INFO -         [TRAINABLE] paligemma_with_expert.gemma_expert.model.layers.13.self_attn.v_proj.weight (shape: torch.Size([256, 1024])) - (119652:train_csgo.py:825)
2025-12-31 00:59:11 - INFO -         [TRAINABLE] paligemma_with_expert.gemma_expert.model.layers.13.self_attn.o_proj.weight (shape: torch.Size([1024, 2048])) - (119652:train_csgo.py:825)
2025-12-31 00:59:11 - INFO -         [TRAINABLE] paligemma_with_expert.gemma_expert.model.layers.13.mlp.gate_proj.weight (shape: torch.Size([4096, 1024])) - (119652:train_csgo.py:825)
2025-12-31 00:59:11 - INFO -         [TRAINABLE] paligemma_with_expert.gemma_expert.model.layers.13.mlp.up_proj.weight (shape: torch.Size([4096, 1024])) - (119652:train_csgo.py:825)
2025-12-31 00:59:11 - INFO -         [TRAINABLE] paligemma_with_expert.gemma_expert.model.layers.13.mlp.down_proj.weight (shape: torch.Size([1024, 4096])) - (119652:train_csgo.py:825)
2025-12-31 00:59:11 - INFO -         [TRAINABLE] paligemma_with_expert.gemma_expert.model.layers.13.input_layernorm.dense.weight (shape: torch.Size([3072, 1024])) - (119652:train_csgo.py:825)
2025-12-31 00:59:11 - INFO -         [TRAINABLE] paligemma_with_expert.gemma_expert.model.layers.13.input_layernorm.dense.bias (shape: torch.Size([3072])) - (119652:train_csgo.py:825)
2025-12-31 00:59:11 - INFO -         [TRAINABLE] paligemma_with_expert.gemma_expert.model.layers.13.post_attention_layernorm.dense.weight (shape: torch.Size([3072, 1024])) - (119652:train_csgo.py:825)
2025-12-31 00:59:11 - INFO -         [TRAINABLE] paligemma_with_expert.gemma_expert.model.layers.13.post_attention_layernorm.dense.bias (shape: torch.Size([3072])) - (119652:train_csgo.py:825)
2025-12-31 00:59:11 - INFO -         [TRAINABLE] paligemma_with_expert.gemma_expert.model.layers.14.self_attn.q_proj.weight (shape: torch.Size([2048, 1024])) - (119652:train_csgo.py:825)
2025-12-31 00:59:11 - INFO -         [TRAINABLE] paligemma_with_expert.gemma_expert.model.layers.14.self_attn.k_proj.weight (shape: torch.Size([256, 1024])) - (119652:train_csgo.py:825)
2025-12-31 00:59:11 - INFO -         [TRAINABLE] paligemma_with_expert.gemma_expert.model.layers.14.self_attn.v_proj.weight (shape: torch.Size([256, 1024])) - (119652:train_csgo.py:825)
2025-12-31 00:59:11 - INFO -         [TRAINABLE] paligemma_with_expert.gemma_expert.model.layers.14.self_attn.o_proj.weight (shape: torch.Size([1024, 2048])) - (119652:train_csgo.py:825)
2025-12-31 00:59:11 - INFO -         [TRAINABLE] paligemma_with_expert.gemma_expert.model.layers.14.mlp.gate_proj.weight (shape: torch.Size([4096, 1024])) - (119652:train_csgo.py:825)
2025-12-31 00:59:11 - INFO -         [TRAINABLE] paligemma_with_expert.gemma_expert.model.layers.14.mlp.up_proj.weight (shape: torch.Size([4096, 1024])) - (119652:train_csgo.py:825)
2025-12-31 00:59:11 - INFO -         [TRAINABLE] paligemma_with_expert.gemma_expert.model.layers.14.mlp.down_proj.weight (shape: torch.Size([1024, 4096])) - (119652:train_csgo.py:825)
2025-12-31 00:59:11 - INFO -         [TRAINABLE] paligemma_with_expert.gemma_expert.model.layers.14.input_layernorm.dense.weight (shape: torch.Size([3072, 1024])) - (119652:train_csgo.py:825)
2025-12-31 00:59:11 - INFO -         [TRAINABLE] paligemma_with_expert.gemma_expert.model.layers.14.input_layernorm.dense.bias (shape: torch.Size([3072])) - (119652:train_csgo.py:825)
2025-12-31 00:59:11 - INFO -         [TRAINABLE] paligemma_with_expert.gemma_expert.model.layers.14.post_attention_layernorm.dense.weight (shape: torch.Size([3072, 1024])) - (119652:train_csgo.py:825)
2025-12-31 00:59:11 - INFO -         [TRAINABLE] paligemma_with_expert.gemma_expert.model.layers.14.post_attention_layernorm.dense.bias (shape: torch.Size([3072])) - (119652:train_csgo.py:825)
2025-12-31 00:59:11 - INFO -         [TRAINABLE] paligemma_with_expert.gemma_expert.model.layers.15.self_attn.q_proj.weight (shape: torch.Size([2048, 1024])) - (119652:train_csgo.py:825)
2025-12-31 00:59:11 - INFO -         [TRAINABLE] paligemma_with_expert.gemma_expert.model.layers.15.self_attn.k_proj.weight (shape: torch.Size([256, 1024])) - (119652:train_csgo.py:825)
2025-12-31 00:59:11 - INFO -         [TRAINABLE] paligemma_with_expert.gemma_expert.model.layers.15.self_attn.v_proj.weight (shape: torch.Size([256, 1024])) - (119652:train_csgo.py:825)
2025-12-31 00:59:11 - INFO -         [TRAINABLE] paligemma_with_expert.gemma_expert.model.layers.15.self_attn.o_proj.weight (shape: torch.Size([1024, 2048])) - (119652:train_csgo.py:825)
2025-12-31 00:59:11 - INFO -         [TRAINABLE] paligemma_with_expert.gemma_expert.model.layers.15.mlp.gate_proj.weight (shape: torch.Size([4096, 1024])) - (119652:train_csgo.py:825)
2025-12-31 00:59:11 - INFO -         [TRAINABLE] paligemma_with_expert.gemma_expert.model.layers.15.mlp.up_proj.weight (shape: torch.Size([4096, 1024])) - (119652:train_csgo.py:825)
2025-12-31 00:59:11 - INFO -         [TRAINABLE] paligemma_with_expert.gemma_expert.model.layers.15.mlp.down_proj.weight (shape: torch.Size([1024, 4096])) - (119652:train_csgo.py:825)
2025-12-31 00:59:11 - INFO -         [TRAINABLE] paligemma_with_expert.gemma_expert.model.layers.15.input_layernorm.dense.weight (shape: torch.Size([3072, 1024])) - (119652:train_csgo.py:825)
2025-12-31 00:59:11 - INFO -         [TRAINABLE] paligemma_with_expert.gemma_expert.model.layers.15.input_layernorm.dense.bias (shape: torch.Size([3072])) - (119652:train_csgo.py:825)
2025-12-31 00:59:11 - INFO -         [TRAINABLE] paligemma_with_expert.gemma_expert.model.layers.15.post_attention_layernorm.dense.weight (shape: torch.Size([3072, 1024])) - (119652:train_csgo.py:825)
2025-12-31 00:59:11 - INFO -         [TRAINABLE] paligemma_with_expert.gemma_expert.model.layers.15.post_attention_layernorm.dense.bias (shape: torch.Size([3072])) - (119652:train_csgo.py:825)
2025-12-31 00:59:11 - INFO -         [TRAINABLE] paligemma_with_expert.gemma_expert.model.layers.16.self_attn.q_proj.weight (shape: torch.Size([2048, 1024])) - (119652:train_csgo.py:825)
2025-12-31 00:59:11 - INFO -         [TRAINABLE] paligemma_with_expert.gemma_expert.model.layers.16.self_attn.k_proj.weight (shape: torch.Size([256, 1024])) - (119652:train_csgo.py:825)
2025-12-31 00:59:11 - INFO -         [TRAINABLE] paligemma_with_expert.gemma_expert.model.layers.16.self_attn.v_proj.weight (shape: torch.Size([256, 1024])) - (119652:train_csgo.py:825)
2025-12-31 00:59:11 - INFO -         [TRAINABLE] paligemma_with_expert.gemma_expert.model.layers.16.self_attn.o_proj.weight (shape: torch.Size([1024, 2048])) - (119652:train_csgo.py:825)
2025-12-31 00:59:11 - INFO -         [TRAINABLE] paligemma_with_expert.gemma_expert.model.layers.16.mlp.gate_proj.weight (shape: torch.Size([4096, 1024])) - (119652:train_csgo.py:825)
2025-12-31 00:59:11 - INFO -         [TRAINABLE] paligemma_with_expert.gemma_expert.model.layers.16.mlp.up_proj.weight (shape: torch.Size([4096, 1024])) - (119652:train_csgo.py:825)
2025-12-31 00:59:11 - INFO -         [TRAINABLE] paligemma_with_expert.gemma_expert.model.layers.16.mlp.down_proj.weight (shape: torch.Size([1024, 4096])) - (119652:train_csgo.py:825)
2025-12-31 00:59:11 - INFO -         [TRAINABLE] paligemma_with_expert.gemma_expert.model.layers.16.input_layernorm.dense.weight (shape: torch.Size([3072, 1024])) - (119652:train_csgo.py:825)
2025-12-31 00:59:11 - INFO -         [TRAINABLE] paligemma_with_expert.gemma_expert.model.layers.16.input_layernorm.dense.bias (shape: torch.Size([3072])) - (119652:train_csgo.py:825)
2025-12-31 00:59:11 - INFO -         [TRAINABLE] paligemma_with_expert.gemma_expert.model.layers.16.post_attention_layernorm.dense.weight (shape: torch.Size([3072, 1024])) - (119652:train_csgo.py:825)
2025-12-31 00:59:11 - INFO -         [TRAINABLE] paligemma_with_expert.gemma_expert.model.layers.16.post_attention_layernorm.dense.bias (shape: torch.Size([3072])) - (119652:train_csgo.py:825)
2025-12-31 00:59:11 - INFO -         [TRAINABLE] paligemma_with_expert.gemma_expert.model.layers.17.self_attn.q_proj.weight (shape: torch.Size([2048, 1024])) - (119652:train_csgo.py:825)
2025-12-31 00:59:11 - INFO -         [TRAINABLE] paligemma_with_expert.gemma_expert.model.layers.17.self_attn.k_proj.weight (shape: torch.Size([256, 1024])) - (119652:train_csgo.py:825)
2025-12-31 00:59:11 - INFO -         [TRAINABLE] paligemma_with_expert.gemma_expert.model.layers.17.self_attn.v_proj.weight (shape: torch.Size([256, 1024])) - (119652:train_csgo.py:825)
2025-12-31 00:59:11 - INFO -         [TRAINABLE] paligemma_with_expert.gemma_expert.model.layers.17.self_attn.o_proj.weight (shape: torch.Size([1024, 2048])) - (119652:train_csgo.py:825)
2025-12-31 00:59:11 - INFO -         [TRAINABLE] paligemma_with_expert.gemma_expert.model.layers.17.mlp.gate_proj.weight (shape: torch.Size([4096, 1024])) - (119652:train_csgo.py:825)
2025-12-31 00:59:11 - INFO -         [TRAINABLE] paligemma_with_expert.gemma_expert.model.layers.17.mlp.up_proj.weight (shape: torch.Size([4096, 1024])) - (119652:train_csgo.py:825)
2025-12-31 00:59:11 - INFO -         [TRAINABLE] paligemma_with_expert.gemma_expert.model.layers.17.mlp.down_proj.weight (shape: torch.Size([1024, 4096])) - (119652:train_csgo.py:825)
2025-12-31 00:59:11 - INFO -         [TRAINABLE] paligemma_with_expert.gemma_expert.model.layers.17.input_layernorm.dense.weight (shape: torch.Size([3072, 1024])) - (119652:train_csgo.py:825)
2025-12-31 00:59:11 - INFO -         [TRAINABLE] paligemma_with_expert.gemma_expert.model.layers.17.input_layernorm.dense.bias (shape: torch.Size([3072])) - (119652:train_csgo.py:825)
2025-12-31 00:59:11 - INFO -         [TRAINABLE] paligemma_with_expert.gemma_expert.model.layers.17.post_attention_layernorm.dense.weight (shape: torch.Size([3072, 1024])) - (119652:train_csgo.py:825)
2025-12-31 00:59:11 - INFO -         [TRAINABLE] paligemma_with_expert.gemma_expert.model.layers.17.post_attention_layernorm.dense.bias (shape: torch.Size([3072])) - (119652:train_csgo.py:825)
2025-12-31 00:59:11 - INFO -         [TRAINABLE] paligemma_with_expert.gemma_expert.model.norm.dense.weight (shape: torch.Size([3072, 1024])) - (119652:train_csgo.py:825)
2025-12-31 00:59:11 - INFO -         [TRAINABLE] paligemma_with_expert.gemma_expert.model.norm.dense.bias (shape: torch.Size([3072])) - (119652:train_csgo.py:825)
2025-12-31 00:59:11 - INFO -         [TRAINABLE] paligemma_with_expert.gemma_expert.lm_head.weight (shape: torch.Size([257152, 1024])) - (119652:train_csgo.py:825)
2025-12-31 00:59:11 - INFO -         [TRAINABLE] action_in_proj.weight (shape: torch.Size([1024, 32])) - (119652:train_csgo.py:825)
2025-12-31 00:59:11 - INFO -         [TRAINABLE] action_in_proj.bias (shape: torch.Size([1024])) - (119652:train_csgo.py:825)
2025-12-31 00:59:11 - INFO -         [TRAINABLE] action_out_proj.weight (shape: torch.Size([32, 1024])) - (119652:train_csgo.py:825)
2025-12-31 00:59:11 - INFO -         [TRAINABLE] action_out_proj.bias (shape: torch.Size([32])) - (119652:train_csgo.py:825)
2025-12-31 00:59:11 - INFO -         [TRAINABLE] time_mlp_in.weight (shape: torch.Size([1024, 1024])) - (119652:train_csgo.py:825)
2025-12-31 00:59:11 - INFO -         [TRAINABLE] time_mlp_in.bias (shape: torch.Size([1024])) - (119652:train_csgo.py:825)
2025-12-31 00:59:11 - INFO -         [TRAINABLE] time_mlp_out.weight (shape: torch.Size([1024, 1024])) - (119652:train_csgo.py:825)
2025-12-31 00:59:11 - INFO -         [TRAINABLE] time_mlp_out.bias (shape: torch.Size([1024])) - (119652:train_csgo.py:825)
2025-12-31 00:59:11 - INFO - model.training_params: 3616757520, model.total_params: 3616757520 - (119652:train_csgo.py:826)
2025-12-31 00:59:40 - INFO - step=15000 loss=0.0015 lr=5.00e-05 grad_norm=0.06 time=29.4s - (119652:train_csgo.py:961)
2025-12-31 01:37:41 - INFO - step=15100 loss=0.0028 lr=5.00e-05 grad_norm=0.11 time=2281.0s - (119652:train_csgo.py:961)
2025-12-31 02:16:03 - INFO - step=15200 loss=0.0029 lr=5.00e-05 grad_norm=0.11 time=2302.1s - (119652:train_csgo.py:961)
2025-12-31 02:54:32 - INFO - step=15300 loss=0.0027 lr=5.00e-05 grad_norm=0.10 time=2308.8s - (119652:train_csgo.py:961)
2025-12-31 03:33:12 - INFO - step=15400 loss=0.0025 lr=5.00e-05 grad_norm=0.10 time=2319.4s - (119652:train_csgo.py:961)
2025-12-31 04:11:43 - INFO - step=15500 loss=0.0024 lr=5.00e-05 grad_norm=0.10 time=2311.4s - (119652:train_csgo.py:961)
2025-12-31 04:50:14 - INFO - step=15600 loss=0.0024 lr=5.00e-05 grad_norm=0.08 time=2311.1s - (119652:train_csgo.py:961)
2025-12-31 05:28:47 - INFO - step=15700 loss=0.0029 lr=5.00e-05 grad_norm=0.11 time=2312.6s - (119652:train_csgo.py:961)
2025-12-31 06:07:17 - INFO - step=15800 loss=0.0027 lr=5.00e-05 grad_norm=0.11 time=2310.4s - (119652:train_csgo.py:961)
2025-12-31 06:45:42 - INFO - step=15900 loss=0.0028 lr=5.00e-05 grad_norm=0.11 time=2304.6s - (119652:train_csgo.py:961)
2025-12-31 07:24:17 - INFO - step=16000 loss=0.0026 lr=5.00e-05 grad_norm=0.10 time=2314.9s - (119652:train_csgo.py:961)
2025-12-31 08:02:40 - INFO - step=16100 loss=0.0031 lr=5.00e-05 grad_norm=0.12 time=2303.5s - (119652:train_csgo.py:961)
2025-12-31 08:41:07 - INFO - step=16200 loss=0.0026 lr=5.00e-05 grad_norm=0.10 time=2306.5s - (119652:train_csgo.py:961)
2025-12-31 09:19:34 - INFO - step=16300 loss=0.0023 lr=5.00e-05 grad_norm=0.09 time=2307.3s - (119652:train_csgo.py:961)
2025-12-31 09:58:01 - INFO - step=16400 loss=0.0023 lr=5.00e-05 grad_norm=0.09 time=2306.9s - (119652:train_csgo.py:961)
2025-12-31 10:36:35 - INFO - step=16500 loss=0.0022 lr=5.00e-05 grad_norm=0.09 time=2314.0s - (119652:train_csgo.py:961)
2025-12-31 11:14:57 - INFO - step=16600 loss=0.0025 lr=5.00e-05 grad_norm=0.10 time=2301.9s - (119652:train_csgo.py:961)
2025-12-31 11:53:20 - INFO - step=16700 loss=0.0026 lr=5.00e-05 grad_norm=0.10 time=2303.5s - (119652:train_csgo.py:961)
2025-12-31 12:31:48 - INFO - step=16800 loss=0.0024 lr=5.00e-05 grad_norm=0.09 time=2307.6s - (119652:train_csgo.py:961)
2025-12-31 13:10:18 - INFO - step=16900 loss=0.0025 lr=5.00e-05 grad_norm=0.10 time=2310.0s - (119652:train_csgo.py:961)
2025-12-31 13:48:40 - INFO - step=17000 loss=0.0022 lr=5.00e-05 grad_norm=0.09 time=2302.2s - (119652:train_csgo.py:961)
2025-12-31 14:27:09 - INFO - step=17100 loss=0.0021 lr=5.00e-05 grad_norm=0.08 time=2309.2s - (119652:train_csgo.py:961)
2025-12-31 15:05:28 - INFO - step=17200 loss=0.0025 lr=5.00e-05 grad_norm=0.10 time=2299.0s - (119652:train_csgo.py:961)
2025-12-31 15:44:12 - INFO - step=17300 loss=0.0024 lr=5.00e-05 grad_norm=0.09 time=2324.0s - (119652:train_csgo.py:961)
2025-12-31 16:22:46 - INFO - step=17400 loss=0.0024 lr=5.00e-05 grad_norm=0.09 time=2313.1s - (119652:train_csgo.py:961)
2025-12-31 17:01:19 - INFO - step=17500 loss=0.0023 lr=5.00e-05 grad_norm=0.10 time=2313.2s - (119652:train_csgo.py:961)
2025-12-31 17:39:57 - INFO - step=17600 loss=0.0024 lr=5.00e-05 grad_norm=0.10 time=2318.1s - (119652:train_csgo.py:961)
2025-12-31 18:18:40 - INFO - step=17700 loss=0.0022 lr=5.00e-05 grad_norm=0.09 time=2323.6s - (119652:train_csgo.py:961)
2025-12-31 18:57:27 - INFO - step=17800 loss=0.0022 lr=5.00e-05 grad_norm=0.10 time=2326.7s - (119652:train_csgo.py:961)
2025-12-31 19:36:24 - INFO - step=17900 loss=0.0021 lr=5.00e-05 grad_norm=0.08 time=2337.0s - (119652:train_csgo.py:961)
2025-12-31 20:15:33 - INFO - Saved checkpoint at step 18000 -> /data/jiahao/openpi/checkpoints/pi05_csgo_3maps_exp8/pi05_csgo_3maps_exp8/18000 - (119652:train_csgo.py:240)
2025-12-31 20:15:48 - INFO - step=18000 loss=0.0021 lr=5.00e-05 grad_norm=0.09 time=2363.7s - (119652:train_csgo.py:961)
2025-12-31 20:54:20 - INFO - step=18100 loss=0.0022 lr=5.00e-05 grad_norm=0.09 time=2312.3s - (119652:train_csgo.py:961)
2025-12-31 21:33:00 - INFO - step=18200 loss=0.0023 lr=5.00e-05 grad_norm=0.10 time=2319.9s - (119652:train_csgo.py:961)
2025-12-31 22:11:40 - INFO - step=18300 loss=0.0019 lr=5.00e-05 grad_norm=0.08 time=2319.4s - (119652:train_csgo.py:961)
2025-12-31 22:50:18 - INFO - step=18400 loss=0.0025 lr=5.00e-05 grad_norm=0.08 time=2318.7s - (119652:train_csgo.py:961)
2025-12-31 23:28:55 - INFO - step=18500 loss=0.0022 lr=5.00e-05 grad_norm=0.09 time=2317.1s - (119652:train_csgo.py:961)
2026-01-01 00:07:28 - INFO - step=18600 loss=0.0020 lr=5.00e-05 grad_norm=0.08 time=2312.1s - (119652:train_csgo.py:961)
2026-01-01 00:46:07 - INFO - step=18700 loss=0.0020 lr=5.00e-05 grad_norm=0.08 time=2319.0s - (119652:train_csgo.py:961)
2026-01-01 01:24:47 - INFO - step=18800 loss=0.0023 lr=5.00e-05 grad_norm=0.09 time=2320.6s - (119652:train_csgo.py:961)
2026-01-01 02:03:40 - INFO - step=18900 loss=0.0021 lr=5.00e-05 grad_norm=0.08 time=2333.1s - (119652:train_csgo.py:961)
2026-01-01 02:42:22 - INFO - step=19000 loss=0.0020 lr=5.00e-05 grad_norm=0.08 time=2321.3s - (119652:train_csgo.py:961)
2026-01-01 03:20:54 - INFO - step=19100 loss=0.0024 lr=5.00e-05 grad_norm=0.10 time=2312.2s - (119652:train_csgo.py:961)
2026-01-01 03:59:31 - INFO - step=19200 loss=0.0019 lr=5.00e-05 grad_norm=0.08 time=2316.9s - (119652:train_csgo.py:961)
2026-01-01 04:38:21 - INFO - step=19300 loss=0.0023 lr=5.00e-05 grad_norm=0.10 time=2330.3s - (119652:train_csgo.py:961)
2026-01-01 05:17:09 - INFO - step=19400 loss=0.0019 lr=5.00e-05 grad_norm=0.08 time=2327.7s - (119652:train_csgo.py:961)
2026-01-01 05:55:55 - INFO - step=19500 loss=0.0020 lr=5.00e-05 grad_norm=0.08 time=2325.9s - (119652:train_csgo.py:961)
2026-01-01 06:34:31 - INFO - step=19600 loss=0.0022 lr=5.00e-05 grad_norm=0.09 time=2316.4s - (119652:train_csgo.py:961)
2026-01-01 07:13:13 - INFO - step=19700 loss=0.0021 lr=5.00e-05 grad_norm=0.09 time=2321.2s - (119652:train_csgo.py:961)
2026-01-01 07:51:45 - INFO - step=19800 loss=0.0022 lr=5.00e-05 grad_norm=0.10 time=2312.1s - (119652:train_csgo.py:961)
2026-01-01 08:30:21 - INFO - step=19900 loss=0.0023 lr=5.00e-05 grad_norm=0.10 time=2315.9s - (119652:train_csgo.py:961)
2026-01-01 09:08:57 - INFO - step=20000 loss=0.0021 lr=5.00e-05 grad_norm=0.09 time=2316.8s - (119652:train_csgo.py:961)
2026-01-01 09:47:40 - INFO - step=20100 loss=0.0020 lr=5.00e-05 grad_norm=0.08 time=2322.2s - (119652:train_csgo.py:961)
2026-01-01 10:26:25 - INFO - step=20200 loss=0.0021 lr=5.00e-05 grad_norm=0.08 time=2325.1s - (119652:train_csgo.py:961)
2026-01-01 11:05:03 - INFO - step=20300 loss=0.0024 lr=5.00e-05 grad_norm=0.10 time=2318.4s - (119652:train_csgo.py:961)
2026-01-01 11:43:44 - INFO - step=20400 loss=0.0021 lr=5.00e-05 grad_norm=0.08 time=2321.1s - (119652:train_csgo.py:961)
2026-01-01 12:22:21 - INFO - step=20500 loss=0.0019 lr=5.00e-05 grad_norm=0.08 time=2316.6s - (119652:train_csgo.py:961)
2026-01-01 13:01:01 - INFO - step=20600 loss=0.0024 lr=5.00e-05 grad_norm=0.10 time=2319.7s - (119652:train_csgo.py:961)
2026-01-01 13:39:42 - INFO - step=20700 loss=0.0019 lr=5.00e-05 grad_norm=0.08 time=2321.9s - (119652:train_csgo.py:961)
2026-01-01 14:18:38 - INFO - step=20800 loss=0.0019 lr=5.00e-05 grad_norm=0.09 time=2335.4s - (119652:train_csgo.py:961)
2026-01-01 14:57:25 - INFO - step=20900 loss=0.0019 lr=5.00e-05 grad_norm=0.07 time=2327.4s - (119652:train_csgo.py:961)
2026-01-01 15:36:46 - INFO - Saved checkpoint at step 21000 -> /data/jiahao/openpi/checkpoints/pi05_csgo_3maps_exp8/pi05_csgo_3maps_exp8/21000 - (119652:train_csgo.py:240)
2026-01-01 15:37:01 - INFO - step=21000 loss=0.0020 lr=5.00e-05 grad_norm=0.08 time=2375.4s - (119652:train_csgo.py:961)
2026-01-01 16:15:38 - INFO - step=21100 loss=0.0019 lr=5.00e-05 grad_norm=0.08 time=2316.9s - (119652:train_csgo.py:961)
2026-01-01 16:54:16 - INFO - step=21200 loss=0.0022 lr=5.00e-05 grad_norm=0.09 time=2318.7s - (119652:train_csgo.py:961)
2026-01-01 17:32:49 - INFO - step=21300 loss=0.0017 lr=5.00e-05 grad_norm=0.07 time=2313.0s - (119652:train_csgo.py:961)
2026-01-01 18:11:40 - INFO - step=21400 loss=0.0017 lr=5.00e-05 grad_norm=0.08 time=2331.0s - (119652:train_csgo.py:961)
2026-01-01 18:50:24 - INFO - step=21500 loss=0.0020 lr=5.00e-05 grad_norm=0.09 time=2323.6s - (119652:train_csgo.py:961)
2026-01-01 19:29:04 - INFO - step=21600 loss=0.0019 lr=5.00e-05 grad_norm=0.08 time=2320.4s - (119652:train_csgo.py:961)
2026-01-01 20:07:39 - INFO - step=21700 loss=0.0021 lr=5.00e-05 grad_norm=0.09 time=2314.9s - (119652:train_csgo.py:961)
2026-01-01 20:46:06 - INFO - step=21800 loss=0.0022 lr=5.00e-05 grad_norm=0.09 time=2306.7s - (119652:train_csgo.py:961)
2026-01-01 21:24:29 - INFO - step=21900 loss=0.0019 lr=5.00e-05 grad_norm=0.08 time=2302.6s - (119652:train_csgo.py:961)
2026-01-01 22:03:31 - INFO - step=22000 loss=0.0018 lr=5.00e-05 grad_norm=0.08 time=2342.3s - (119652:train_csgo.py:961)
2026-01-01 22:42:06 - INFO - step=22100 loss=0.0018 lr=5.00e-05 grad_norm=0.08 time=2315.4s - (119652:train_csgo.py:961)
2026-01-01 23:20:44 - INFO - step=22200 loss=0.0019 lr=5.00e-05 grad_norm=0.08 time=2317.8s - (119652:train_csgo.py:961)
2026-01-01 23:59:38 - INFO - step=22300 loss=0.0019 lr=5.00e-05 grad_norm=0.08 time=2333.5s - (119652:train_csgo.py:961)
2026-01-02 00:38:47 - INFO - step=22400 loss=0.0021 lr=5.00e-05 grad_norm=0.09 time=2349.7s - (119652:train_csgo.py:961)
2026-01-02 01:17:49 - INFO - step=22500 loss=0.0019 lr=5.00e-05 grad_norm=0.08 time=2341.6s - (119652:train_csgo.py:961)
2026-01-02 01:56:12 - INFO - step=22600 loss=0.0020 lr=5.00e-05 grad_norm=0.08 time=2303.0s - (119652:train_csgo.py:961)
2026-01-02 02:34:54 - INFO - step=22700 loss=0.0018 lr=5.00e-05 grad_norm=0.08 time=2321.8s - (119652:train_csgo.py:961)
2026-01-02 03:14:29 - INFO - step=22800 loss=0.0019 lr=5.00e-05 grad_norm=0.09 time=2374.8s - (119652:train_csgo.py:961)
2026-01-02 03:53:41 - INFO - step=22900 loss=0.0017 lr=5.00e-05 grad_norm=0.08 time=2352.7s - (119652:train_csgo.py:961)
2026-01-02 04:32:51 - INFO - step=23000 loss=0.0016 lr=5.00e-05 grad_norm=0.07 time=2349.5s - (119652:train_csgo.py:961)
2026-01-02 05:12:03 - INFO - step=23100 loss=0.0019 lr=5.00e-05 grad_norm=0.09 time=2351.7s - (119652:train_csgo.py:961)
2026-01-02 05:51:17 - INFO - step=23200 loss=0.0018 lr=5.00e-05 grad_norm=0.08 time=2354.3s - (119652:train_csgo.py:961)
2026-01-02 06:30:32 - INFO - step=23300 loss=0.0021 lr=5.00e-05 grad_norm=0.09 time=2355.0s - (119652:train_csgo.py:961)
2026-01-02 07:09:53 - INFO - step=23400 loss=0.0018 lr=5.00e-05 grad_norm=0.08 time=2360.6s - (119652:train_csgo.py:961)
2026-01-02 07:49:24 - INFO - step=23500 loss=0.0019 lr=5.00e-05 grad_norm=0.08 time=2371.4s - (119652:train_csgo.py:961)
2026-01-02 08:28:38 - INFO - step=23600 loss=0.0017 lr=5.00e-05 grad_norm=0.07 time=2354.0s - (119652:train_csgo.py:961)
2026-01-02 09:08:04 - INFO - step=23700 loss=0.0019 lr=5.00e-05 grad_norm=0.08 time=2365.5s - (119652:train_csgo.py:961)
2026-01-02 09:47:34 - INFO - step=23800 loss=0.0018 lr=5.00e-05 grad_norm=0.09 time=2370.1s - (119652:train_csgo.py:961)
2026-01-02 10:27:05 - INFO - step=23900 loss=0.0016 lr=5.00e-05 grad_norm=0.08 time=2371.3s - (119652:train_csgo.py:961)
2026-01-02 11:07:04 - INFO - Saved checkpoint at step 24000 -> /data/jiahao/openpi/checkpoints/pi05_csgo_3maps_exp8/pi05_csgo_3maps_exp8/24000 - (119652:train_csgo.py:240)
2026-01-02 11:07:18 - INFO - step=24000 loss=0.0017 lr=5.00e-05 grad_norm=0.07 time=2413.1s - (119652:train_csgo.py:961)
2026-01-02 11:46:32 - INFO - step=24100 loss=0.0020 lr=5.00e-05 grad_norm=0.09 time=2353.4s - (119652:train_csgo.py:961)
2026-01-02 12:26:10 - INFO - step=24200 loss=0.0019 lr=5.00e-05 grad_norm=0.08 time=2377.9s - (119652:train_csgo.py:961)
2026-01-02 13:05:38 - INFO - step=24300 loss=0.0020 lr=5.00e-05 grad_norm=0.09 time=2368.0s - (119652:train_csgo.py:961)
2026-01-02 13:45:13 - INFO - step=24400 loss=0.0019 lr=5.00e-05 grad_norm=0.08 time=2375.2s - (119652:train_csgo.py:961)
2026-01-02 14:24:43 - INFO - step=24500 loss=0.0017 lr=5.00e-05 grad_norm=0.08 time=2369.6s - (119652:train_csgo.py:961)
2026-01-02 15:04:14 - INFO - step=24600 loss=0.0017 lr=5.00e-05 grad_norm=0.09 time=2371.3s - (119652:train_csgo.py:961)
2026-01-02 15:48:18 - INFO - step=24700 loss=0.0022 lr=5.00e-05 grad_norm=0.10 time=2644.0s - (119652:train_csgo.py:961)
2026-01-02 16:46:00 - INFO - step=24800 loss=0.0018 lr=5.00e-05 grad_norm=0.08 time=3461.6s - (119652:train_csgo.py:961)
2026-01-02 17:30:16 - INFO - step=24900 loss=0.0018 lr=5.00e-05 grad_norm=0.08 time=2655.9s - (119652:train_csgo.py:961)
2026-01-02 18:09:20 - INFO - step=25000 loss=0.0017 lr=5.00e-05 grad_norm=0.08 time=2344.3s - (119652:train_csgo.py:961)
2026-01-02 18:48:35 - INFO - step=25100 loss=0.0020 lr=5.00e-05 grad_norm=0.09 time=2355.0s - (119652:train_csgo.py:961)
2026-01-02 19:27:33 - INFO - step=25200 loss=0.0017 lr=5.00e-05 grad_norm=0.08 time=2338.0s - (119652:train_csgo.py:961)
2026-01-02 20:06:31 - INFO - step=25300 loss=0.0020 lr=5.00e-05 grad_norm=0.10 time=2338.3s - (119652:train_csgo.py:961)
2026-01-02 20:45:38 - INFO - step=25400 loss=0.0017 lr=5.00e-05 grad_norm=0.08 time=2347.1s - (119652:train_csgo.py:961)
2026-01-02 21:24:30 - INFO - step=25500 loss=0.0017 lr=5.00e-05 grad_norm=0.07 time=2331.7s - (119652:train_csgo.py:961)
2026-01-02 22:03:16 - INFO - step=25600 loss=0.0020 lr=5.00e-05 grad_norm=0.09 time=2326.0s - (119652:train_csgo.py:961)
2026-01-02 22:42:27 - INFO - step=25700 loss=0.0019 lr=5.00e-05 grad_norm=0.08 time=2351.0s - (119652:train_csgo.py:961)
2026-01-02 23:21:45 - INFO - step=25800 loss=0.0016 lr=5.00e-05 grad_norm=0.07 time=2357.8s - (119652:train_csgo.py:961)
2026-01-03 00:00:37 - INFO - step=25900 loss=0.0017 lr=5.00e-05 grad_norm=0.08 time=2332.5s - (119652:train_csgo.py:961)
2026-01-03 00:39:43 - INFO - step=26000 loss=0.0018 lr=5.00e-05 grad_norm=0.08 time=2345.9s - (119652:train_csgo.py:961)
2026-01-03 01:18:49 - INFO - step=26100 loss=0.0017 lr=5.00e-05 grad_norm=0.08 time=2345.3s - (119652:train_csgo.py:961)
2026-01-03 01:57:50 - INFO - step=26200 loss=0.0016 lr=5.00e-05 grad_norm=0.07 time=2341.5s - (119652:train_csgo.py:961)
2026-01-03 02:36:35 - INFO - step=26300 loss=0.0017 lr=5.00e-05 grad_norm=0.08 time=2324.7s - (119652:train_csgo.py:961)
2026-01-03 03:15:24 - INFO - step=26400 loss=0.0015 lr=5.00e-05 grad_norm=0.07 time=2329.4s - (119652:train_csgo.py:961)
2026-01-03 03:54:43 - INFO - step=26500 loss=0.0017 lr=5.00e-05 grad_norm=0.08 time=2358.3s - (119652:train_csgo.py:961)
2026-01-03 04:33:52 - INFO - step=26600 loss=0.0017 lr=5.00e-05 grad_norm=0.08 time=2348.9s - (119652:train_csgo.py:961)
2026-01-03 05:13:03 - INFO - step=26700 loss=0.0014 lr=5.00e-05 grad_norm=0.07 time=2351.6s - (119652:train_csgo.py:961)
2026-01-03 05:52:25 - INFO - step=26800 loss=0.0018 lr=5.00e-05 grad_norm=0.08 time=2361.8s - (119652:train_csgo.py:961)
2026-01-03 06:32:03 - INFO - step=26900 loss=0.0018 lr=5.00e-05 grad_norm=0.08 time=2378.3s - (119652:train_csgo.py:961)
2026-01-03 07:14:04 - INFO - Saved checkpoint at step 27000 -> /data/jiahao/openpi/checkpoints/pi05_csgo_3maps_exp8/pi05_csgo_3maps_exp8/27000 - (119652:train_csgo.py:240)
2026-01-03 07:14:19 - INFO - step=27000 loss=0.0018 lr=5.00e-05 grad_norm=0.08 time=2535.0s - (119652:train_csgo.py:961)
2026-01-03 07:53:14 - INFO - step=27100 loss=0.0016 lr=5.00e-05 grad_norm=0.08 time=2335.3s - (119652:train_csgo.py:961)
2026-01-03 08:33:41 - INFO - step=27200 loss=0.0017 lr=5.00e-05 grad_norm=0.08 time=2427.0s - (119652:train_csgo.py:961)
2026-01-03 09:14:15 - INFO - step=27300 loss=0.0017 lr=5.00e-05 grad_norm=0.09 time=2433.5s - (119652:train_csgo.py:961)
2026-01-03 09:54:10 - INFO - step=27400 loss=0.0020 lr=5.00e-05 grad_norm=0.09 time=2395.6s - (119652:train_csgo.py:961)
2026-01-03 10:33:49 - INFO - step=27500 loss=0.0018 lr=5.00e-05 grad_norm=0.08 time=2378.8s - (119652:train_csgo.py:961)
2026-01-03 11:13:33 - INFO - step=27600 loss=0.0019 lr=5.00e-05 grad_norm=0.08 time=2384.5s - (119652:train_csgo.py:961)
2026-01-03 11:53:42 - INFO - step=27700 loss=0.0016 lr=5.00e-05 grad_norm=0.08 time=2408.1s - (119652:train_csgo.py:961)
2026-01-03 12:31:59 - INFO - step=27800 loss=0.0016 lr=5.00e-05 grad_norm=0.08 time=2297.5s - (119652:train_csgo.py:961)
2026-01-03 13:09:59 - INFO - step=27900 loss=0.0015 lr=5.00e-05 grad_norm=0.07 time=2280.3s - (119652:train_csgo.py:961)
2026-01-03 13:47:54 - INFO - step=28000 loss=0.0016 lr=5.00e-05 grad_norm=0.08 time=2274.8s - (119652:train_csgo.py:961)
2026-01-03 14:25:55 - INFO - step=28100 loss=0.0019 lr=5.00e-05 grad_norm=0.10 time=2280.6s - (119652:train_csgo.py:961)
2026-01-03 15:03:59 - INFO - step=28200 loss=0.0019 lr=5.00e-05 grad_norm=0.09 time=2284.3s - (119652:train_csgo.py:961)
2026-01-03 15:41:48 - INFO - step=28300 loss=0.0014 lr=5.00e-05 grad_norm=0.07 time=2268.7s - (119652:train_csgo.py:961)
2026-01-03 16:19:45 - INFO - step=28400 loss=0.0018 lr=5.00e-05 grad_norm=0.08 time=2276.9s - (119652:train_csgo.py:961)
2026-01-03 16:57:50 - INFO - step=28500 loss=0.0018 lr=5.00e-05 grad_norm=0.08 time=2285.3s - (119652:train_csgo.py:961)
2026-01-03 17:35:57 - INFO - step=28600 loss=0.0018 lr=5.00e-05 grad_norm=0.09 time=2286.8s - (119652:train_csgo.py:961)
2026-01-03 18:14:16 - INFO - step=28700 loss=0.0017 lr=5.00e-05 grad_norm=0.08 time=2299.4s - (119652:train_csgo.py:961)
2026-01-03 18:52:26 - INFO - step=28800 loss=0.0017 lr=5.00e-05 grad_norm=0.07 time=2289.7s - (119652:train_csgo.py:961)
2026-01-03 19:30:31 - INFO - step=28900 loss=0.0016 lr=5.00e-05 grad_norm=0.07 time=2284.6s - (119652:train_csgo.py:961)
2026-01-03 20:08:24 - INFO - step=29000 loss=0.0020 lr=5.00e-05 grad_norm=0.09 time=2273.0s - (119652:train_csgo.py:961)
2026-01-03 20:46:22 - INFO - step=29100 loss=0.0015 lr=5.00e-05 grad_norm=0.07 time=2278.8s - (119652:train_csgo.py:961)
2026-01-03 21:24:17 - INFO - step=29200 loss=0.0017 lr=5.00e-05 grad_norm=0.09 time=2274.5s - (119652:train_csgo.py:961)
2026-01-03 22:02:50 - INFO - step=29300 loss=0.0017 lr=5.00e-05 grad_norm=0.08 time=2313.6s - (119652:train_csgo.py:961)
2026-01-03 23:01:12 - INFO - step=29400 loss=0.0019 lr=5.00e-05 grad_norm=0.09 time=3502.0s - (119652:train_csgo.py:961)
2026-01-03 23:59:54 - INFO - step=29500 loss=0.0018 lr=5.00e-05 grad_norm=0.08 time=3522.0s - (119652:train_csgo.py:961)
2026-01-04 00:58:56 - INFO - step=29600 loss=0.0016 lr=5.00e-05 grad_norm=0.08 time=3541.9s - (119652:train_csgo.py:961)
2026-01-04 01:54:22 - INFO - step=29700 loss=0.0016 lr=5.00e-05 grad_norm=0.07 time=3326.0s - (119652:train_csgo.py:961)
2026-01-04 02:32:10 - INFO - step=29800 loss=0.0015 lr=5.00e-05 grad_norm=0.07 time=2267.7s - (119652:train_csgo.py:961)
2026-01-04 03:10:08 - INFO - step=29900 loss=0.0017 lr=5.00e-05 grad_norm=0.08 time=2278.3s - (119652:train_csgo.py:961)
2026-01-04 03:47:51 - INFO - Saved checkpoint at step 29999 -> /data/jiahao/openpi/checkpoints/pi05_csgo_3maps_exp8/pi05_csgo_3maps_exp8/29999 - (119652:train_csgo.py:240)
2026-01-04 03:48:36 - INFO - Saved checkpoint at step 30000 -> /data/jiahao/openpi/checkpoints/pi05_csgo_3maps_exp8/pi05_csgo_3maps_exp8/30000 - (119652:train_csgo.py:240)
